<?xml version="1.0" encoding="utf-8"?>
<annotations>
  <version>1.1</version>
  <meta>
    <task>
      <id>108</id>
      <name>D01_Dry-2</name>
      <size>376</size>
      <mode>interpolation</mode>
      <overlap>5</overlap>
      <bugtracker></bugtracker>
      <created>2021-11-20 03:46:15.830664+00:00</created>
      <updated>2021-11-20 04:41:30.702259+00:00</updated>
      <subset>default</subset>
      <start_frame>0</start_frame>
      <stop_frame>375</stop_frame>
      <frame_filter></frame_filter>
      <segments>
        <segment>
          <id>107</id>
          <start>0</start>
          <stop>375</stop>
          <url>http://localhost:8080/?id=107</url>
        </segment>
      </segments>
      <owner>
        <username>hubertachan</username>
        <email>hubertachan@gmail.com</email>
      </owner>
      <assignee></assignee>
      <labels>
        <label>
          <name>HB</name>
          <color>#3b0c73</color>
          <attributes>
          </attributes>
        </label>
      </labels>
      <original_size>
        <width>1068</width>
        <height>800</height>
      </original_size>
    </task>
    <dumped>2021-11-20 04:41:37.178886+00:00</dumped>
    <source>D01_Dry-2.avi</source>
  </meta>
  <track id="0" label="HB" source="manual">
    <points frame="100" outside="0" occluded="0" keyframe="1" points="705.21,582.44" z_order="0">
    </points>
    <points frame="101" outside="0" occluded="0" keyframe="0" points="705.48,582.35" z_order="0">
    </points>
    <points frame="102" outside="0" occluded="0" keyframe="0" points="705.74,582.27" z_order="0">
    </points>
    <points frame="103" outside="0" occluded="0" keyframe="0" points="706.00,582.18" z_order="0">
    </points>
    <points frame="104" outside="0" occluded="0" keyframe="0" points="706.27,582.09" z_order="0">
    </points>
    <points frame="105" outside="0" occluded="0" keyframe="0" points="706.53,582.00" z_order="0">
    </points>
    <points frame="106" outside="0" occluded="0" keyframe="0" points="706.79,581.91" z_order="0">
    </points>
    <points frame="107" outside="0" occluded="0" keyframe="0" points="707.05,581.83" z_order="0">
    </points>
    <points frame="108" outside="0" occluded="0" keyframe="0" points="707.32,581.74" z_order="0">
    </points>
    <points frame="109" outside="0" occluded="0" keyframe="0" points="707.58,581.65" z_order="0">
    </points>
    <points frame="110" outside="0" occluded="0" keyframe="0" points="707.84,581.56" z_order="0">
    </points>
    <points frame="111" outside="0" occluded="0" keyframe="0" points="708.11,581.47" z_order="0">
    </points>
    <points frame="112" outside="0" occluded="0" keyframe="0" points="708.37,581.39" z_order="0">
    </points>
    <points frame="113" outside="0" occluded="0" keyframe="0" points="708.63,581.30" z_order="0">
    </points>
    <points frame="114" outside="0" occluded="0" keyframe="0" points="708.89,581.21" z_order="0">
    </points>
    <points frame="115" outside="0" occluded="0" keyframe="0" points="709.16,581.12" z_order="0">
    </points>
    <points frame="116" outside="0" occluded="0" keyframe="0" points="709.42,581.03" z_order="0">
    </points>
    <points frame="117" outside="0" occluded="0" keyframe="0" points="709.68,580.95" z_order="0">
    </points>
    <points frame="118" outside="0" occluded="0" keyframe="0" points="709.95,580.86" z_order="0">
    </points>
    <points frame="119" outside="0" occluded="0" keyframe="0" points="710.21,580.77" z_order="0">
    </points>
    <points frame="120" outside="0" occluded="0" keyframe="0" points="710.47,580.68" z_order="0">
    </points>
    <points frame="121" outside="0" occluded="0" keyframe="0" points="710.73,580.59" z_order="0">
    </points>
    <points frame="122" outside="0" occluded="0" keyframe="0" points="711.00,580.50" z_order="0">
    </points>
    <points frame="123" outside="0" occluded="0" keyframe="0" points="711.26,580.42" z_order="0">
    </points>
    <points frame="124" outside="0" occluded="0" keyframe="0" points="711.52,580.33" z_order="0">
    </points>
    <points frame="125" outside="0" occluded="0" keyframe="0" points="711.79,580.24" z_order="0">
    </points>
    <points frame="126" outside="0" occluded="0" keyframe="0" points="712.05,580.15" z_order="0">
    </points>
    <points frame="127" outside="0" occluded="0" keyframe="0" points="712.31,580.06" z_order="0">
    </points>
    <points frame="128" outside="0" occluded="0" keyframe="0" points="712.57,579.98" z_order="0">
    </points>
    <points frame="129" outside="0" occluded="0" keyframe="0" points="712.84,579.89" z_order="0">
    </points>
    <points frame="130" outside="0" occluded="0" keyframe="1" points="713.10,579.80" z_order="0">
    </points>
    <points frame="131" outside="0" occluded="0" keyframe="0" points="712.18,579.40" z_order="0">
    </points>
    <points frame="132" outside="0" occluded="0" keyframe="0" points="711.26,579.00" z_order="0">
    </points>
    <points frame="133" outside="0" occluded="0" keyframe="0" points="710.34,578.60" z_order="0">
    </points>
    <points frame="134" outside="0" occluded="0" keyframe="0" points="709.42,578.20" z_order="0">
    </points>
    <points frame="135" outside="0" occluded="0" keyframe="0" points="708.50,577.80" z_order="0">
    </points>
    <points frame="136" outside="0" occluded="0" keyframe="0" points="707.58,577.40" z_order="0">
    </points>
    <points frame="137" outside="0" occluded="0" keyframe="0" points="706.66,577.00" z_order="0">
    </points>
    <points frame="138" outside="0" occluded="0" keyframe="0" points="705.74,576.60" z_order="0">
    </points>
    <points frame="139" outside="0" occluded="0" keyframe="0" points="704.82,576.20" z_order="0">
    </points>
    <points frame="140" outside="0" occluded="0" keyframe="1" points="703.90,575.80" z_order="0">
    </points>
    <points frame="141" outside="0" occluded="0" keyframe="0" points="703.77,575.80" z_order="0">
    </points>
    <points frame="142" outside="0" occluded="0" keyframe="0" points="703.64,575.80" z_order="0">
    </points>
    <points frame="143" outside="0" occluded="0" keyframe="0" points="703.51,575.80" z_order="0">
    </points>
    <points frame="144" outside="0" occluded="0" keyframe="0" points="703.38,575.80" z_order="0">
    </points>
    <points frame="145" outside="0" occluded="0" keyframe="0" points="703.25,575.80" z_order="0">
    </points>
    <points frame="146" outside="0" occluded="0" keyframe="0" points="703.12,575.80" z_order="0">
    </points>
    <points frame="147" outside="0" occluded="0" keyframe="0" points="702.99,575.80" z_order="0">
    </points>
    <points frame="148" outside="0" occluded="0" keyframe="0" points="702.86,575.80" z_order="0">
    </points>
    <points frame="149" outside="0" occluded="0" keyframe="0" points="702.73,575.80" z_order="0">
    </points>
    <points frame="150" outside="0" occluded="0" keyframe="1" points="702.60,575.80" z_order="0">
    </points>
    <points frame="151" outside="0" occluded="0" keyframe="0" points="700.36,575.01" z_order="0">
    </points>
    <points frame="152" outside="0" occluded="0" keyframe="0" points="698.12,574.22" z_order="0">
    </points>
    <points frame="153" outside="0" occluded="0" keyframe="0" points="695.88,573.43" z_order="0">
    </points>
    <points frame="154" outside="0" occluded="0" keyframe="0" points="693.64,572.64" z_order="0">
    </points>
    <points frame="155" outside="0" occluded="0" keyframe="0" points="691.40,571.85" z_order="0">
    </points>
    <points frame="156" outside="0" occluded="0" keyframe="0" points="689.16,571.06" z_order="0">
    </points>
    <points frame="157" outside="0" occluded="0" keyframe="0" points="686.92,570.27" z_order="0">
    </points>
    <points frame="158" outside="0" occluded="0" keyframe="0" points="684.68,569.48" z_order="0">
    </points>
    <points frame="159" outside="0" occluded="0" keyframe="0" points="682.44,568.69" z_order="0">
    </points>
    <points frame="160" outside="0" occluded="0" keyframe="1" points="680.20,567.90" z_order="0">
    </points>
    <points frame="161" outside="0" occluded="0" keyframe="0" points="680.33,568.03" z_order="0">
    </points>
    <points frame="162" outside="0" occluded="0" keyframe="0" points="680.46,568.16" z_order="0">
    </points>
    <points frame="163" outside="0" occluded="0" keyframe="0" points="680.59,568.29" z_order="0">
    </points>
    <points frame="164" outside="0" occluded="0" keyframe="0" points="680.72,568.42" z_order="0">
    </points>
    <points frame="165" outside="0" occluded="0" keyframe="0" points="680.85,568.55" z_order="0">
    </points>
    <points frame="166" outside="0" occluded="0" keyframe="0" points="680.98,568.68" z_order="0">
    </points>
    <points frame="167" outside="0" occluded="0" keyframe="0" points="681.11,568.81" z_order="0">
    </points>
    <points frame="168" outside="0" occluded="0" keyframe="0" points="681.24,568.94" z_order="0">
    </points>
    <points frame="169" outside="0" occluded="0" keyframe="0" points="681.37,569.07" z_order="0">
    </points>
    <points frame="170" outside="0" occluded="0" keyframe="1" points="681.50,569.20" z_order="0">
    </points>
    <points frame="171" outside="0" occluded="0" keyframe="0" points="681.63,569.20" z_order="0">
    </points>
    <points frame="172" outside="0" occluded="0" keyframe="0" points="681.76,569.20" z_order="0">
    </points>
    <points frame="173" outside="0" occluded="0" keyframe="0" points="681.89,569.20" z_order="0">
    </points>
    <points frame="174" outside="0" occluded="0" keyframe="0" points="682.02,569.20" z_order="0">
    </points>
    <points frame="175" outside="0" occluded="0" keyframe="0" points="682.15,569.20" z_order="0">
    </points>
    <points frame="176" outside="0" occluded="0" keyframe="0" points="682.28,569.20" z_order="0">
    </points>
    <points frame="177" outside="0" occluded="0" keyframe="0" points="682.41,569.20" z_order="0">
    </points>
    <points frame="178" outside="0" occluded="0" keyframe="0" points="682.54,569.20" z_order="0">
    </points>
    <points frame="179" outside="0" occluded="0" keyframe="0" points="682.67,569.20" z_order="0">
    </points>
    <points frame="180" outside="0" occluded="0" keyframe="1" points="682.80,569.20" z_order="0">
    </points>
    <points frame="181" outside="0" occluded="0" keyframe="0" points="682.27,569.07" z_order="0">
    </points>
    <points frame="182" outside="0" occluded="0" keyframe="0" points="681.74,568.94" z_order="0">
    </points>
    <points frame="183" outside="0" occluded="0" keyframe="0" points="681.21,568.81" z_order="0">
    </points>
    <points frame="184" outside="0" occluded="0" keyframe="0" points="680.68,568.68" z_order="0">
    </points>
    <points frame="185" outside="0" occluded="0" keyframe="0" points="680.15,568.55" z_order="0">
    </points>
    <points frame="186" outside="0" occluded="0" keyframe="0" points="679.62,568.42" z_order="0">
    </points>
    <points frame="187" outside="0" occluded="0" keyframe="0" points="679.09,568.29" z_order="0">
    </points>
    <points frame="188" outside="0" occluded="0" keyframe="0" points="678.56,568.16" z_order="0">
    </points>
    <points frame="189" outside="0" occluded="0" keyframe="0" points="678.03,568.03" z_order="0">
    </points>
    <points frame="190" outside="0" occluded="0" keyframe="1" points="677.50,567.90" z_order="0">
    </points>
    <points frame="191" outside="0" occluded="0" keyframe="0" points="678.82,567.90" z_order="0">
    </points>
    <points frame="192" outside="0" occluded="0" keyframe="0" points="680.14,567.90" z_order="0">
    </points>
    <points frame="193" outside="0" occluded="0" keyframe="0" points="681.46,567.90" z_order="0">
    </points>
    <points frame="194" outside="0" occluded="0" keyframe="0" points="682.78,567.90" z_order="0">
    </points>
    <points frame="195" outside="0" occluded="0" keyframe="0" points="684.10,567.90" z_order="0">
    </points>
    <points frame="196" outside="0" occluded="0" keyframe="0" points="685.42,567.90" z_order="0">
    </points>
    <points frame="197" outside="0" occluded="0" keyframe="0" points="686.74,567.90" z_order="0">
    </points>
    <points frame="198" outside="0" occluded="0" keyframe="0" points="688.06,567.90" z_order="0">
    </points>
    <points frame="199" outside="0" occluded="0" keyframe="0" points="689.38,567.90" z_order="0">
    </points>
    <points frame="200" outside="0" occluded="0" keyframe="1" points="690.70,567.90" z_order="0">
    </points>
    <points frame="201" outside="0" occluded="0" keyframe="0" points="692.28,567.90" z_order="0">
    </points>
    <points frame="202" outside="0" occluded="0" keyframe="0" points="693.86,567.90" z_order="0">
    </points>
    <points frame="203" outside="0" occluded="0" keyframe="0" points="695.44,567.90" z_order="0">
    </points>
    <points frame="204" outside="0" occluded="0" keyframe="0" points="697.02,567.90" z_order="0">
    </points>
    <points frame="205" outside="0" occluded="0" keyframe="0" points="698.60,567.90" z_order="0">
    </points>
    <points frame="206" outside="0" occluded="0" keyframe="0" points="700.18,567.90" z_order="0">
    </points>
    <points frame="207" outside="0" occluded="0" keyframe="0" points="701.76,567.90" z_order="0">
    </points>
    <points frame="208" outside="0" occluded="0" keyframe="0" points="703.34,567.90" z_order="0">
    </points>
    <points frame="209" outside="0" occluded="0" keyframe="0" points="704.92,567.90" z_order="0">
    </points>
    <points frame="210" outside="0" occluded="0" keyframe="1" points="706.50,567.90" z_order="0">
    </points>
    <points frame="211" outside="0" occluded="0" keyframe="0" points="704.30,566.27" z_order="0">
    </points>
    <points frame="212" outside="0" occluded="0" keyframe="0" points="702.10,564.63" z_order="0">
    </points>
    <points frame="213" outside="0" occluded="0" keyframe="0" points="699.90,563.00" z_order="0">
    </points>
    <points frame="214" outside="0" occluded="0" keyframe="0" points="697.70,561.37" z_order="0">
    </points>
    <points frame="215" outside="0" occluded="0" keyframe="0" points="695.50,559.73" z_order="0">
    </points>
    <points frame="216" outside="0" occluded="0" keyframe="1" points="693.30,558.10" z_order="0">
    </points>
    <points frame="217" outside="0" occluded="0" keyframe="0" points="691.65,559.23" z_order="0">
    </points>
    <points frame="218" outside="0" occluded="0" keyframe="0" points="690.00,560.35" z_order="0">
    </points>
    <points frame="219" outside="0" occluded="0" keyframe="0" points="688.35,561.48" z_order="0">
    </points>
    <points frame="220" outside="0" occluded="0" keyframe="1" points="686.70,562.60" z_order="0">
    </points>
    <points frame="221" outside="0" occluded="0" keyframe="0" points="687.10,562.60" z_order="0">
    </points>
    <points frame="222" outside="0" occluded="0" keyframe="0" points="687.50,562.60" z_order="0">
    </points>
    <points frame="223" outside="0" occluded="0" keyframe="0" points="687.90,562.60" z_order="0">
    </points>
    <points frame="224" outside="0" occluded="0" keyframe="0" points="688.30,562.60" z_order="0">
    </points>
    <points frame="225" outside="0" occluded="0" keyframe="0" points="688.70,562.60" z_order="0">
    </points>
    <points frame="226" outside="0" occluded="0" keyframe="0" points="689.10,562.60" z_order="0">
    </points>
    <points frame="227" outside="0" occluded="0" keyframe="0" points="689.50,562.60" z_order="0">
    </points>
    <points frame="228" outside="0" occluded="0" keyframe="0" points="689.90,562.60" z_order="0">
    </points>
    <points frame="229" outside="0" occluded="0" keyframe="0" points="690.30,562.60" z_order="0">
    </points>
    <points frame="230" outside="0" occluded="0" keyframe="1" points="690.70,562.60" z_order="0">
    </points>
    <points frame="231" outside="0" occluded="0" keyframe="0" points="689.91,562.47" z_order="0">
    </points>
    <points frame="232" outside="0" occluded="0" keyframe="0" points="689.12,562.34" z_order="0">
    </points>
    <points frame="233" outside="0" occluded="0" keyframe="0" points="688.33,562.21" z_order="0">
    </points>
    <points frame="234" outside="0" occluded="0" keyframe="0" points="687.54,562.08" z_order="0">
    </points>
    <points frame="235" outside="0" occluded="0" keyframe="0" points="686.75,561.95" z_order="0">
    </points>
    <points frame="236" outside="0" occluded="0" keyframe="0" points="685.96,561.82" z_order="0">
    </points>
    <points frame="237" outside="0" occluded="0" keyframe="0" points="685.17,561.69" z_order="0">
    </points>
    <points frame="238" outside="0" occluded="0" keyframe="0" points="684.38,561.56" z_order="0">
    </points>
    <points frame="239" outside="0" occluded="0" keyframe="0" points="683.59,561.43" z_order="0">
    </points>
    <points frame="240" outside="0" occluded="0" keyframe="1" points="682.80,561.30" z_order="0">
    </points>
    <points frame="241" outside="0" occluded="0" keyframe="0" points="686.23,561.83" z_order="0">
    </points>
    <points frame="242" outside="0" occluded="0" keyframe="0" points="689.66,562.36" z_order="0">
    </points>
    <points frame="243" outside="0" occluded="0" keyframe="0" points="693.09,562.89" z_order="0">
    </points>
    <points frame="244" outside="0" occluded="0" keyframe="0" points="696.52,563.42" z_order="0">
    </points>
    <points frame="245" outside="0" occluded="0" keyframe="0" points="699.95,563.95" z_order="0">
    </points>
    <points frame="246" outside="0" occluded="0" keyframe="0" points="703.38,564.48" z_order="0">
    </points>
    <points frame="247" outside="0" occluded="0" keyframe="0" points="706.81,565.01" z_order="0">
    </points>
    <points frame="248" outside="0" occluded="0" keyframe="0" points="710.24,565.54" z_order="0">
    </points>
    <points frame="249" outside="0" occluded="0" keyframe="0" points="713.67,566.07" z_order="0">
    </points>
    <points frame="250" outside="0" occluded="0" keyframe="1" points="717.10,566.60" z_order="0">
    </points>
    <points frame="251" outside="0" occluded="0" keyframe="0" points="718.02,566.60" z_order="0">
    </points>
    <points frame="252" outside="0" occluded="0" keyframe="0" points="718.94,566.60" z_order="0">
    </points>
    <points frame="253" outside="0" occluded="0" keyframe="0" points="719.86,566.60" z_order="0">
    </points>
    <points frame="254" outside="0" occluded="0" keyframe="0" points="720.78,566.60" z_order="0">
    </points>
    <points frame="255" outside="0" occluded="0" keyframe="0" points="721.70,566.60" z_order="0">
    </points>
    <points frame="256" outside="0" occluded="0" keyframe="0" points="722.62,566.60" z_order="0">
    </points>
    <points frame="257" outside="0" occluded="0" keyframe="0" points="723.54,566.60" z_order="0">
    </points>
    <points frame="258" outside="0" occluded="0" keyframe="0" points="724.46,566.60" z_order="0">
    </points>
    <points frame="259" outside="0" occluded="0" keyframe="0" points="725.38,566.60" z_order="0">
    </points>
    <points frame="260" outside="0" occluded="0" keyframe="1" points="726.30,566.60" z_order="0">
    </points>
    <points frame="261" outside="0" occluded="0" keyframe="0" points="725.64,566.34" z_order="0">
    </points>
    <points frame="262" outside="0" occluded="0" keyframe="0" points="724.98,566.08" z_order="0">
    </points>
    <points frame="263" outside="0" occluded="0" keyframe="0" points="724.32,565.82" z_order="0">
    </points>
    <points frame="264" outside="0" occluded="0" keyframe="0" points="723.66,565.56" z_order="0">
    </points>
    <points frame="265" outside="0" occluded="0" keyframe="0" points="723.00,565.30" z_order="0">
    </points>
    <points frame="266" outside="0" occluded="0" keyframe="0" points="722.34,565.04" z_order="0">
    </points>
    <points frame="267" outside="0" occluded="0" keyframe="0" points="721.68,564.78" z_order="0">
    </points>
    <points frame="268" outside="0" occluded="0" keyframe="0" points="721.02,564.52" z_order="0">
    </points>
    <points frame="269" outside="0" occluded="0" keyframe="0" points="720.36,564.26" z_order="0">
    </points>
    <points frame="270" outside="0" occluded="0" keyframe="1" points="719.70,564.00" z_order="0">
    </points>
    <points frame="271" outside="0" occluded="0" keyframe="0" points="719.83,564.00" z_order="0">
    </points>
    <points frame="272" outside="0" occluded="0" keyframe="0" points="719.96,564.00" z_order="0">
    </points>
    <points frame="273" outside="0" occluded="0" keyframe="0" points="720.09,564.00" z_order="0">
    </points>
    <points frame="274" outside="0" occluded="0" keyframe="0" points="720.22,564.00" z_order="0">
    </points>
    <points frame="275" outside="0" occluded="0" keyframe="0" points="720.35,564.00" z_order="0">
    </points>
    <points frame="276" outside="0" occluded="0" keyframe="0" points="720.48,564.00" z_order="0">
    </points>
    <points frame="277" outside="0" occluded="0" keyframe="0" points="720.61,564.00" z_order="0">
    </points>
    <points frame="278" outside="0" occluded="0" keyframe="0" points="720.74,564.00" z_order="0">
    </points>
    <points frame="279" outside="0" occluded="0" keyframe="0" points="720.87,564.00" z_order="0">
    </points>
    <points frame="280" outside="0" occluded="0" keyframe="1" points="721.00,564.00" z_order="0">
    </points>
    <points frame="281" outside="0" occluded="0" keyframe="0" points="726.28,564.92" z_order="0">
    </points>
    <points frame="282" outside="0" occluded="0" keyframe="0" points="731.56,565.84" z_order="0">
    </points>
    <points frame="283" outside="0" occluded="0" keyframe="0" points="736.84,566.76" z_order="0">
    </points>
    <points frame="284" outside="0" occluded="0" keyframe="0" points="742.12,567.68" z_order="0">
    </points>
    <points frame="285" outside="0" occluded="0" keyframe="0" points="747.40,568.60" z_order="0">
    </points>
    <points frame="286" outside="0" occluded="0" keyframe="0" points="752.68,569.52" z_order="0">
    </points>
    <points frame="287" outside="0" occluded="0" keyframe="0" points="757.96,570.44" z_order="0">
    </points>
    <points frame="288" outside="0" occluded="0" keyframe="0" points="763.24,571.36" z_order="0">
    </points>
    <points frame="289" outside="0" occluded="0" keyframe="0" points="768.52,572.28" z_order="0">
    </points>
    <points frame="290" outside="0" occluded="0" keyframe="1" points="773.80,573.20" z_order="0">
    </points>
    <points frame="291" outside="0" occluded="0" keyframe="0" points="771.96,574.52" z_order="0">
    </points>
    <points frame="292" outside="0" occluded="0" keyframe="0" points="770.12,575.84" z_order="0">
    </points>
    <points frame="293" outside="0" occluded="0" keyframe="0" points="768.28,577.16" z_order="0">
    </points>
    <points frame="294" outside="0" occluded="0" keyframe="0" points="766.44,578.48" z_order="0">
    </points>
    <points frame="295" outside="0" occluded="0" keyframe="0" points="764.60,579.80" z_order="0">
    </points>
    <points frame="296" outside="0" occluded="0" keyframe="0" points="762.76,581.12" z_order="0">
    </points>
    <points frame="297" outside="0" occluded="0" keyframe="0" points="760.92,582.44" z_order="0">
    </points>
    <points frame="298" outside="0" occluded="0" keyframe="0" points="759.08,583.76" z_order="0">
    </points>
    <points frame="299" outside="0" occluded="0" keyframe="0" points="757.24,585.08" z_order="0">
    </points>
    <points frame="300" outside="0" occluded="0" keyframe="1" points="755.40,586.40" z_order="0">
    </points>
    <points frame="301" outside="0" occluded="0" keyframe="0" points="750.78,585.08" z_order="0">
    </points>
    <points frame="302" outside="0" occluded="0" keyframe="0" points="746.16,583.76" z_order="0">
    </points>
    <points frame="303" outside="0" occluded="0" keyframe="0" points="741.54,582.44" z_order="0">
    </points>
    <points frame="304" outside="0" occluded="0" keyframe="0" points="736.92,581.12" z_order="0">
    </points>
    <points frame="305" outside="0" occluded="0" keyframe="0" points="732.30,579.80" z_order="0">
    </points>
    <points frame="306" outside="0" occluded="0" keyframe="0" points="727.68,578.48" z_order="0">
    </points>
    <points frame="307" outside="0" occluded="0" keyframe="0" points="723.06,577.16" z_order="0">
    </points>
    <points frame="308" outside="0" occluded="0" keyframe="0" points="718.44,575.84" z_order="0">
    </points>
    <points frame="309" outside="0" occluded="0" keyframe="0" points="713.82,574.52" z_order="0">
    </points>
    <points frame="310" outside="0" occluded="0" keyframe="1" points="709.20,573.20" z_order="0">
    </points>
    <points frame="311" outside="0" occluded="0" keyframe="0" points="707.75,572.94" z_order="0">
    </points>
    <points frame="312" outside="0" occluded="0" keyframe="0" points="706.30,572.68" z_order="0">
    </points>
    <points frame="313" outside="0" occluded="0" keyframe="0" points="704.85,572.42" z_order="0">
    </points>
    <points frame="314" outside="0" occluded="0" keyframe="0" points="703.40,572.16" z_order="0">
    </points>
    <points frame="315" outside="0" occluded="0" keyframe="0" points="701.95,571.90" z_order="0">
    </points>
    <points frame="316" outside="0" occluded="0" keyframe="0" points="700.50,571.64" z_order="0">
    </points>
    <points frame="317" outside="0" occluded="0" keyframe="0" points="699.05,571.38" z_order="0">
    </points>
    <points frame="318" outside="0" occluded="0" keyframe="0" points="697.60,571.12" z_order="0">
    </points>
    <points frame="319" outside="0" occluded="0" keyframe="0" points="696.15,570.86" z_order="0">
    </points>
    <points frame="320" outside="0" occluded="0" keyframe="1" points="694.70,570.60" z_order="0">
    </points>
    <points frame="321" outside="0" occluded="0" keyframe="0" points="694.17,570.60" z_order="0">
    </points>
    <points frame="322" outside="0" occluded="0" keyframe="0" points="693.64,570.60" z_order="0">
    </points>
    <points frame="323" outside="0" occluded="0" keyframe="0" points="693.11,570.60" z_order="0">
    </points>
    <points frame="324" outside="0" occluded="0" keyframe="0" points="692.58,570.60" z_order="0">
    </points>
    <points frame="325" outside="0" occluded="0" keyframe="0" points="692.05,570.60" z_order="0">
    </points>
    <points frame="326" outside="0" occluded="0" keyframe="0" points="691.52,570.60" z_order="0">
    </points>
    <points frame="327" outside="0" occluded="0" keyframe="0" points="690.99,570.60" z_order="0">
    </points>
    <points frame="328" outside="0" occluded="0" keyframe="0" points="690.46,570.60" z_order="0">
    </points>
    <points frame="329" outside="0" occluded="0" keyframe="0" points="689.93,570.60" z_order="0">
    </points>
    <points frame="330" outside="0" occluded="0" keyframe="1" points="689.40,570.60" z_order="0">
    </points>
    <points frame="331" outside="0" occluded="0" keyframe="0" points="690.06,570.60" z_order="0">
    </points>
    <points frame="332" outside="0" occluded="0" keyframe="0" points="690.72,570.60" z_order="0">
    </points>
    <points frame="333" outside="0" occluded="0" keyframe="0" points="691.38,570.60" z_order="0">
    </points>
    <points frame="334" outside="0" occluded="0" keyframe="0" points="692.04,570.60" z_order="0">
    </points>
    <points frame="335" outside="0" occluded="0" keyframe="0" points="692.70,570.60" z_order="0">
    </points>
    <points frame="336" outside="0" occluded="0" keyframe="0" points="693.36,570.60" z_order="0">
    </points>
    <points frame="337" outside="0" occluded="0" keyframe="0" points="694.02,570.60" z_order="0">
    </points>
    <points frame="338" outside="0" occluded="0" keyframe="0" points="694.68,570.60" z_order="0">
    </points>
    <points frame="339" outside="0" occluded="0" keyframe="0" points="695.34,570.60" z_order="0">
    </points>
    <points frame="340" outside="0" occluded="0" keyframe="1" points="696.00,570.60" z_order="0">
    </points>
    <points frame="341" outside="0" occluded="0" keyframe="0" points="694.42,570.60" z_order="0">
    </points>
    <points frame="342" outside="0" occluded="0" keyframe="0" points="692.84,570.60" z_order="0">
    </points>
    <points frame="343" outside="0" occluded="0" keyframe="0" points="691.26,570.60" z_order="0">
    </points>
    <points frame="344" outside="0" occluded="0" keyframe="0" points="689.68,570.60" z_order="0">
    </points>
    <points frame="345" outside="0" occluded="0" keyframe="0" points="688.10,570.60" z_order="0">
    </points>
    <points frame="346" outside="0" occluded="0" keyframe="0" points="686.52,570.60" z_order="0">
    </points>
    <points frame="347" outside="0" occluded="0" keyframe="0" points="684.94,570.60" z_order="0">
    </points>
    <points frame="348" outside="0" occluded="0" keyframe="0" points="683.36,570.60" z_order="0">
    </points>
    <points frame="349" outside="0" occluded="0" keyframe="0" points="681.78,570.60" z_order="0">
    </points>
    <points frame="350" outside="0" occluded="0" keyframe="1" points="680.20,570.60" z_order="0">
    </points>
    <points frame="351" outside="0" occluded="0" keyframe="0" points="681.52,570.07" z_order="0">
    </points>
    <points frame="352" outside="0" occluded="0" keyframe="0" points="682.84,569.54" z_order="0">
    </points>
    <points frame="353" outside="0" occluded="0" keyframe="0" points="684.16,569.01" z_order="0">
    </points>
    <points frame="354" outside="0" occluded="0" keyframe="0" points="685.48,568.48" z_order="0">
    </points>
    <points frame="355" outside="0" occluded="0" keyframe="0" points="686.80,567.95" z_order="0">
    </points>
    <points frame="356" outside="0" occluded="0" keyframe="0" points="688.12,567.42" z_order="0">
    </points>
    <points frame="357" outside="0" occluded="0" keyframe="0" points="689.44,566.89" z_order="0">
    </points>
    <points frame="358" outside="0" occluded="0" keyframe="0" points="690.76,566.36" z_order="0">
    </points>
    <points frame="359" outside="0" occluded="0" keyframe="0" points="692.08,565.83" z_order="0">
    </points>
    <points frame="360" outside="0" occluded="0" keyframe="1" points="693.40,565.30" z_order="0">
    </points>
    <points frame="361" outside="0" occluded="0" keyframe="0" points="694.46,565.30" z_order="0">
    </points>
    <points frame="362" outside="0" occluded="0" keyframe="0" points="695.52,565.30" z_order="0">
    </points>
    <points frame="363" outside="0" occluded="0" keyframe="0" points="696.58,565.30" z_order="0">
    </points>
    <points frame="364" outside="0" occluded="0" keyframe="0" points="697.64,565.30" z_order="0">
    </points>
    <points frame="365" outside="0" occluded="0" keyframe="0" points="698.70,565.30" z_order="0">
    </points>
    <points frame="366" outside="0" occluded="0" keyframe="0" points="699.76,565.30" z_order="0">
    </points>
    <points frame="367" outside="0" occluded="0" keyframe="0" points="700.82,565.30" z_order="0">
    </points>
    <points frame="368" outside="0" occluded="0" keyframe="0" points="701.88,565.30" z_order="0">
    </points>
    <points frame="369" outside="0" occluded="0" keyframe="0" points="702.94,565.30" z_order="0">
    </points>
    <points frame="370" outside="0" occluded="0" keyframe="1" points="704.00,565.30" z_order="0">
    </points>
    <points frame="371" outside="0" occluded="0" keyframe="0" points="704.80,565.30" z_order="0">
    </points>
    <points frame="372" outside="0" occluded="0" keyframe="0" points="705.60,565.30" z_order="0">
    </points>
    <points frame="373" outside="0" occluded="0" keyframe="0" points="706.40,565.30" z_order="0">
    </points>
    <points frame="374" outside="0" occluded="0" keyframe="0" points="707.20,565.30" z_order="0">
    </points>
    <points frame="375" outside="0" occluded="0" keyframe="1" points="708.00,565.30" z_order="0">
    </points>
  </track>
</annotations>
