<?xml version="1.0" encoding="utf-8"?>
<annotations>
  <version>1.1</version>
  <meta>
    <task>
      <id>111</id>
      <name>D01_Dry-5</name>
      <size>401</size>
      <mode>interpolation</mode>
      <overlap>5</overlap>
      <bugtracker></bugtracker>
      <created>2021-11-20 03:46:50.836471+00:00</created>
      <updated>2021-11-20 04:47:08.586917+00:00</updated>
      <subset>default</subset>
      <start_frame>0</start_frame>
      <stop_frame>400</stop_frame>
      <frame_filter></frame_filter>
      <segments>
        <segment>
          <id>110</id>
          <start>0</start>
          <stop>400</stop>
          <url>http://localhost:8080/?id=110</url>
        </segment>
      </segments>
      <owner>
        <username>hubertachan</username>
        <email>hubertachan@gmail.com</email>
      </owner>
      <assignee></assignee>
      <labels>
        <label>
          <name>HB</name>
          <color>#3b0c73</color>
          <attributes>
          </attributes>
        </label>
      </labels>
      <original_size>
        <width>1068</width>
        <height>800</height>
      </original_size>
    </task>
    <dumped>2021-11-20 04:47:12.514033+00:00</dumped>
    <source>D01_Dry-5.avi</source>
  </meta>
  <track id="0" label="HB" source="manual">
    <points frame="230" outside="0" occluded="0" keyframe="1" points="720.17,569.01" z_order="0">
    </points>
    <points frame="231" outside="0" occluded="0" keyframe="0" points="718.05,568.61" z_order="0">
    </points>
    <points frame="232" outside="0" occluded="0" keyframe="0" points="715.94,568.21" z_order="0">
    </points>
    <points frame="233" outside="0" occluded="0" keyframe="0" points="713.83,567.80" z_order="0">
    </points>
    <points frame="234" outside="0" occluded="0" keyframe="0" points="711.71,567.40" z_order="0">
    </points>
    <points frame="235" outside="0" occluded="0" keyframe="1" points="709.60,567.00" z_order="0">
    </points>
    <points frame="236" outside="0" occluded="0" keyframe="0" points="709.08,566.60" z_order="0">
    </points>
    <points frame="237" outside="0" occluded="0" keyframe="0" points="708.56,566.20" z_order="0">
    </points>
    <points frame="238" outside="0" occluded="0" keyframe="0" points="708.04,565.80" z_order="0">
    </points>
    <points frame="239" outside="0" occluded="0" keyframe="0" points="707.52,565.40" z_order="0">
    </points>
    <points frame="240" outside="0" occluded="0" keyframe="1" points="707.00,565.00" z_order="0">
    </points>
    <points frame="241" outside="0" occluded="0" keyframe="0" points="705.55,564.60" z_order="0">
    </points>
    <points frame="242" outside="0" occluded="0" keyframe="0" points="704.10,564.20" z_order="0">
    </points>
    <points frame="243" outside="0" occluded="0" keyframe="0" points="702.65,563.80" z_order="0">
    </points>
    <points frame="244" outside="0" occluded="0" keyframe="0" points="701.20,563.40" z_order="0">
    </points>
    <points frame="245" outside="0" occluded="0" keyframe="0" points="699.75,563.00" z_order="0">
    </points>
    <points frame="246" outside="0" occluded="0" keyframe="0" points="698.30,562.60" z_order="0">
    </points>
    <points frame="247" outside="0" occluded="0" keyframe="0" points="696.85,562.20" z_order="0">
    </points>
    <points frame="248" outside="0" occluded="0" keyframe="0" points="695.40,561.80" z_order="0">
    </points>
    <points frame="249" outside="0" occluded="0" keyframe="0" points="693.95,561.40" z_order="0">
    </points>
    <points frame="250" outside="0" occluded="0" keyframe="1" points="692.50,561.00" z_order="0">
    </points>
    <points frame="251" outside="0" occluded="0" keyframe="0" points="690.92,560.47" z_order="0">
    </points>
    <points frame="252" outside="0" occluded="0" keyframe="0" points="689.34,559.94" z_order="0">
    </points>
    <points frame="253" outside="0" occluded="0" keyframe="0" points="687.76,559.41" z_order="0">
    </points>
    <points frame="254" outside="0" occluded="0" keyframe="0" points="686.18,558.88" z_order="0">
    </points>
    <points frame="255" outside="0" occluded="0" keyframe="0" points="684.60,558.35" z_order="0">
    </points>
    <points frame="256" outside="0" occluded="0" keyframe="0" points="683.02,557.82" z_order="0">
    </points>
    <points frame="257" outside="0" occluded="0" keyframe="0" points="681.44,557.29" z_order="0">
    </points>
    <points frame="258" outside="0" occluded="0" keyframe="0" points="679.86,556.76" z_order="0">
    </points>
    <points frame="259" outside="0" occluded="0" keyframe="0" points="678.28,556.23" z_order="0">
    </points>
    <points frame="260" outside="0" occluded="0" keyframe="1" points="676.70,555.70" z_order="0">
    </points>
    <points frame="261" outside="0" occluded="0" keyframe="0" points="676.70,555.57" z_order="0">
    </points>
    <points frame="262" outside="0" occluded="0" keyframe="0" points="676.70,555.44" z_order="0">
    </points>
    <points frame="263" outside="0" occluded="0" keyframe="0" points="676.70,555.31" z_order="0">
    </points>
    <points frame="264" outside="0" occluded="0" keyframe="0" points="676.70,555.18" z_order="0">
    </points>
    <points frame="265" outside="0" occluded="0" keyframe="0" points="676.70,555.05" z_order="0">
    </points>
    <points frame="266" outside="0" occluded="0" keyframe="0" points="676.70,554.92" z_order="0">
    </points>
    <points frame="267" outside="0" occluded="0" keyframe="0" points="676.70,554.79" z_order="0">
    </points>
    <points frame="268" outside="0" occluded="0" keyframe="0" points="676.70,554.66" z_order="0">
    </points>
    <points frame="269" outside="0" occluded="0" keyframe="0" points="676.70,554.53" z_order="0">
    </points>
    <points frame="270" outside="0" occluded="0" keyframe="1" points="676.70,554.40" z_order="0">
    </points>
    <points frame="271" outside="0" occluded="0" keyframe="0" points="679.60,554.00" z_order="0">
    </points>
    <points frame="272" outside="0" occluded="0" keyframe="0" points="682.50,553.60" z_order="0">
    </points>
    <points frame="273" outside="0" occluded="0" keyframe="0" points="685.40,553.20" z_order="0">
    </points>
    <points frame="274" outside="0" occluded="0" keyframe="0" points="688.30,552.80" z_order="0">
    </points>
    <points frame="275" outside="0" occluded="0" keyframe="0" points="691.20,552.40" z_order="0">
    </points>
    <points frame="276" outside="0" occluded="0" keyframe="0" points="694.10,552.00" z_order="0">
    </points>
    <points frame="277" outside="0" occluded="0" keyframe="0" points="697.00,551.60" z_order="0">
    </points>
    <points frame="278" outside="0" occluded="0" keyframe="0" points="699.90,551.20" z_order="0">
    </points>
    <points frame="279" outside="0" occluded="0" keyframe="0" points="702.80,550.80" z_order="0">
    </points>
    <points frame="280" outside="0" occluded="0" keyframe="1" points="705.70,550.40" z_order="0">
    </points>
    <points frame="281" outside="0" occluded="0" keyframe="0" points="701.88,546.84" z_order="0">
    </points>
    <points frame="282" outside="0" occluded="0" keyframe="0" points="698.06,543.28" z_order="0">
    </points>
    <points frame="283" outside="0" occluded="0" keyframe="0" points="694.24,539.72" z_order="0">
    </points>
    <points frame="284" outside="0" occluded="0" keyframe="0" points="690.42,536.16" z_order="0">
    </points>
    <points frame="285" outside="0" occluded="0" keyframe="1" points="686.60,532.60" z_order="0">
    </points>
    <points frame="286" outside="0" occluded="0" keyframe="0" points="676.96,536.42" z_order="0">
    </points>
    <points frame="287" outside="0" occluded="0" keyframe="0" points="667.32,540.24" z_order="0">
    </points>
    <points frame="288" outside="0" occluded="0" keyframe="0" points="657.68,544.06" z_order="0">
    </points>
    <points frame="289" outside="0" occluded="0" keyframe="0" points="648.04,547.88" z_order="0">
    </points>
    <points frame="290" outside="0" occluded="0" keyframe="1" points="638.40,551.70" z_order="0">
    </points>
    <points frame="291" outside="0" occluded="0" keyframe="0" points="645.73,552.60" z_order="0">
    </points>
    <points frame="292" outside="0" occluded="0" keyframe="0" points="653.06,553.50" z_order="0">
    </points>
    <points frame="293" outside="0" occluded="0" keyframe="0" points="660.39,554.40" z_order="0">
    </points>
    <points frame="294" outside="0" occluded="0" keyframe="0" points="667.71,555.30" z_order="0">
    </points>
    <points frame="295" outside="0" occluded="0" keyframe="0" points="675.04,556.20" z_order="0">
    </points>
    <points frame="296" outside="0" occluded="0" keyframe="0" points="682.37,557.10" z_order="0">
    </points>
    <points frame="297" outside="0" occluded="0" keyframe="1" points="689.70,558.00" z_order="0">
    </points>
    <points frame="298" outside="0" occluded="0" keyframe="0" points="688.87,557.67" z_order="0">
    </points>
    <points frame="299" outside="0" occluded="0" keyframe="0" points="688.03,557.33" z_order="0">
    </points>
    <points frame="300" outside="0" occluded="0" keyframe="1" points="687.20,557.00" z_order="0">
    </points>
    <points frame="301" outside="0" occluded="0" keyframe="0" points="688.92,557.13" z_order="0">
    </points>
    <points frame="302" outside="0" occluded="0" keyframe="0" points="690.64,557.26" z_order="0">
    </points>
    <points frame="303" outside="0" occluded="0" keyframe="0" points="692.36,557.39" z_order="0">
    </points>
    <points frame="304" outside="0" occluded="0" keyframe="0" points="694.08,557.52" z_order="0">
    </points>
    <points frame="305" outside="0" occluded="0" keyframe="0" points="695.80,557.65" z_order="0">
    </points>
    <points frame="306" outside="0" occluded="0" keyframe="0" points="697.52,557.78" z_order="0">
    </points>
    <points frame="307" outside="0" occluded="0" keyframe="0" points="699.24,557.91" z_order="0">
    </points>
    <points frame="308" outside="0" occluded="0" keyframe="0" points="700.96,558.04" z_order="0">
    </points>
    <points frame="309" outside="0" occluded="0" keyframe="0" points="702.68,558.17" z_order="0">
    </points>
    <points frame="310" outside="0" occluded="0" keyframe="1" points="704.40,558.30" z_order="0">
    </points>
    <points frame="311" outside="0" occluded="0" keyframe="0" points="703.22,557.90" z_order="0">
    </points>
    <points frame="312" outside="0" occluded="0" keyframe="0" points="702.04,557.50" z_order="0">
    </points>
    <points frame="313" outside="0" occluded="0" keyframe="0" points="700.86,557.10" z_order="0">
    </points>
    <points frame="314" outside="0" occluded="0" keyframe="0" points="699.68,556.70" z_order="0">
    </points>
    <points frame="315" outside="0" occluded="0" keyframe="0" points="698.50,556.30" z_order="0">
    </points>
    <points frame="316" outside="0" occluded="0" keyframe="0" points="697.32,555.90" z_order="0">
    </points>
    <points frame="317" outside="0" occluded="0" keyframe="0" points="696.14,555.50" z_order="0">
    </points>
    <points frame="318" outside="0" occluded="0" keyframe="0" points="694.96,555.10" z_order="0">
    </points>
    <points frame="319" outside="0" occluded="0" keyframe="0" points="693.78,554.70" z_order="0">
    </points>
    <points frame="320" outside="0" occluded="0" keyframe="1" points="692.60,554.30" z_order="0">
    </points>
    <points frame="321" outside="0" occluded="0" keyframe="0" points="693.52,554.30" z_order="0">
    </points>
    <points frame="322" outside="0" occluded="0" keyframe="0" points="694.44,554.30" z_order="0">
    </points>
    <points frame="323" outside="0" occluded="0" keyframe="0" points="695.36,554.30" z_order="0">
    </points>
    <points frame="324" outside="0" occluded="0" keyframe="0" points="696.28,554.30" z_order="0">
    </points>
    <points frame="325" outside="0" occluded="0" keyframe="0" points="697.20,554.30" z_order="0">
    </points>
    <points frame="326" outside="0" occluded="0" keyframe="0" points="698.12,554.30" z_order="0">
    </points>
    <points frame="327" outside="0" occluded="0" keyframe="0" points="699.04,554.30" z_order="0">
    </points>
    <points frame="328" outside="0" occluded="0" keyframe="0" points="699.96,554.30" z_order="0">
    </points>
    <points frame="329" outside="0" occluded="0" keyframe="0" points="700.88,554.30" z_order="0">
    </points>
    <points frame="330" outside="0" occluded="0" keyframe="1" points="701.80,554.30" z_order="0">
    </points>
    <points frame="331" outside="0" occluded="0" keyframe="0" points="701.80,554.30" z_order="0">
    </points>
    <points frame="332" outside="0" occluded="0" keyframe="0" points="701.80,554.30" z_order="0">
    </points>
    <points frame="333" outside="0" occluded="0" keyframe="0" points="701.80,554.30" z_order="0">
    </points>
    <points frame="334" outside="0" occluded="0" keyframe="0" points="701.80,554.30" z_order="0">
    </points>
    <points frame="335" outside="0" occluded="0" keyframe="0" points="701.80,554.30" z_order="0">
    </points>
    <points frame="336" outside="0" occluded="0" keyframe="0" points="701.80,554.30" z_order="0">
    </points>
    <points frame="337" outside="0" occluded="0" keyframe="0" points="701.80,554.30" z_order="0">
    </points>
    <points frame="338" outside="0" occluded="0" keyframe="0" points="701.80,554.30" z_order="0">
    </points>
    <points frame="339" outside="0" occluded="0" keyframe="0" points="701.80,554.30" z_order="0">
    </points>
    <points frame="340" outside="0" occluded="0" keyframe="0" points="701.80,554.30" z_order="0">
    </points>
    <points frame="341" outside="0" occluded="0" keyframe="0" points="701.80,554.30" z_order="0">
    </points>
    <points frame="342" outside="0" occluded="0" keyframe="0" points="701.80,554.30" z_order="0">
    </points>
    <points frame="343" outside="0" occluded="0" keyframe="0" points="701.80,554.30" z_order="0">
    </points>
    <points frame="344" outside="0" occluded="0" keyframe="0" points="701.80,554.30" z_order="0">
    </points>
    <points frame="345" outside="0" occluded="0" keyframe="0" points="701.80,554.30" z_order="0">
    </points>
    <points frame="346" outside="0" occluded="0" keyframe="0" points="701.80,554.30" z_order="0">
    </points>
    <points frame="347" outside="0" occluded="0" keyframe="0" points="701.80,554.30" z_order="0">
    </points>
    <points frame="348" outside="0" occluded="0" keyframe="0" points="701.80,554.30" z_order="0">
    </points>
    <points frame="349" outside="0" occluded="0" keyframe="0" points="701.80,554.30" z_order="0">
    </points>
    <points frame="350" outside="0" occluded="0" keyframe="0" points="701.80,554.30" z_order="0">
    </points>
    <points frame="351" outside="0" occluded="0" keyframe="0" points="701.80,554.30" z_order="0">
    </points>
    <points frame="352" outside="0" occluded="0" keyframe="0" points="701.80,554.30" z_order="0">
    </points>
    <points frame="353" outside="0" occluded="0" keyframe="0" points="701.80,554.30" z_order="0">
    </points>
    <points frame="354" outside="0" occluded="0" keyframe="0" points="701.80,554.30" z_order="0">
    </points>
    <points frame="355" outside="0" occluded="0" keyframe="0" points="701.80,554.30" z_order="0">
    </points>
    <points frame="356" outside="0" occluded="0" keyframe="0" points="701.80,554.30" z_order="0">
    </points>
    <points frame="357" outside="0" occluded="0" keyframe="0" points="701.80,554.30" z_order="0">
    </points>
    <points frame="358" outside="0" occluded="0" keyframe="0" points="701.80,554.30" z_order="0">
    </points>
    <points frame="359" outside="0" occluded="0" keyframe="0" points="701.80,554.30" z_order="0">
    </points>
    <points frame="360" outside="0" occluded="0" keyframe="0" points="701.80,554.30" z_order="0">
    </points>
    <points frame="361" outside="0" occluded="0" keyframe="0" points="701.80,554.30" z_order="0">
    </points>
    <points frame="362" outside="0" occluded="0" keyframe="0" points="701.80,554.30" z_order="0">
    </points>
    <points frame="363" outside="0" occluded="0" keyframe="0" points="701.80,554.30" z_order="0">
    </points>
    <points frame="364" outside="0" occluded="0" keyframe="0" points="701.80,554.30" z_order="0">
    </points>
    <points frame="365" outside="0" occluded="0" keyframe="0" points="701.80,554.30" z_order="0">
    </points>
    <points frame="366" outside="0" occluded="0" keyframe="0" points="701.80,554.30" z_order="0">
    </points>
    <points frame="367" outside="0" occluded="0" keyframe="0" points="701.80,554.30" z_order="0">
    </points>
    <points frame="368" outside="0" occluded="0" keyframe="0" points="701.80,554.30" z_order="0">
    </points>
    <points frame="369" outside="0" occluded="0" keyframe="0" points="701.80,554.30" z_order="0">
    </points>
    <points frame="370" outside="0" occluded="0" keyframe="0" points="701.80,554.30" z_order="0">
    </points>
    <points frame="371" outside="0" occluded="0" keyframe="0" points="701.80,554.30" z_order="0">
    </points>
    <points frame="372" outside="0" occluded="0" keyframe="0" points="701.80,554.30" z_order="0">
    </points>
    <points frame="373" outside="0" occluded="0" keyframe="0" points="701.80,554.30" z_order="0">
    </points>
    <points frame="374" outside="0" occluded="0" keyframe="0" points="701.80,554.30" z_order="0">
    </points>
    <points frame="375" outside="0" occluded="0" keyframe="0" points="701.80,554.30" z_order="0">
    </points>
    <points frame="376" outside="0" occluded="0" keyframe="0" points="701.80,554.30" z_order="0">
    </points>
    <points frame="377" outside="0" occluded="0" keyframe="0" points="701.80,554.30" z_order="0">
    </points>
    <points frame="378" outside="0" occluded="0" keyframe="0" points="701.80,554.30" z_order="0">
    </points>
    <points frame="379" outside="0" occluded="0" keyframe="0" points="701.80,554.30" z_order="0">
    </points>
    <points frame="380" outside="0" occluded="0" keyframe="0" points="701.80,554.30" z_order="0">
    </points>
    <points frame="381" outside="0" occluded="0" keyframe="0" points="701.80,554.30" z_order="0">
    </points>
    <points frame="382" outside="0" occluded="0" keyframe="0" points="701.80,554.30" z_order="0">
    </points>
    <points frame="383" outside="0" occluded="0" keyframe="0" points="701.80,554.30" z_order="0">
    </points>
    <points frame="384" outside="0" occluded="0" keyframe="0" points="701.80,554.30" z_order="0">
    </points>
    <points frame="385" outside="0" occluded="0" keyframe="0" points="701.80,554.30" z_order="0">
    </points>
    <points frame="386" outside="0" occluded="0" keyframe="0" points="701.80,554.30" z_order="0">
    </points>
    <points frame="387" outside="0" occluded="0" keyframe="0" points="701.80,554.30" z_order="0">
    </points>
    <points frame="388" outside="0" occluded="0" keyframe="0" points="701.80,554.30" z_order="0">
    </points>
    <points frame="389" outside="0" occluded="0" keyframe="0" points="701.80,554.30" z_order="0">
    </points>
    <points frame="390" outside="0" occluded="0" keyframe="0" points="701.80,554.30" z_order="0">
    </points>
    <points frame="391" outside="0" occluded="0" keyframe="0" points="701.80,554.30" z_order="0">
    </points>
    <points frame="392" outside="0" occluded="0" keyframe="0" points="701.80,554.30" z_order="0">
    </points>
    <points frame="393" outside="0" occluded="0" keyframe="0" points="701.80,554.30" z_order="0">
    </points>
    <points frame="394" outside="0" occluded="0" keyframe="0" points="701.80,554.30" z_order="0">
    </points>
    <points frame="395" outside="0" occluded="0" keyframe="0" points="701.80,554.30" z_order="0">
    </points>
    <points frame="396" outside="0" occluded="0" keyframe="0" points="701.80,554.30" z_order="0">
    </points>
    <points frame="397" outside="0" occluded="0" keyframe="0" points="701.80,554.30" z_order="0">
    </points>
    <points frame="398" outside="0" occluded="0" keyframe="0" points="701.80,554.30" z_order="0">
    </points>
    <points frame="399" outside="0" occluded="0" keyframe="0" points="701.80,554.30" z_order="0">
    </points>
    <points frame="400" outside="0" occluded="0" keyframe="0" points="701.80,554.30" z_order="0">
    </points>
  </track>
</annotations>
