<?xml version="1.0" encoding="utf-8"?>
<annotations>
  <version>1.1</version>
  <meta>
    <task>
      <id>88</id>
      <name>D07_Dry-9</name>
      <size>190</size>
      <mode>interpolation</mode>
      <overlap>5</overlap>
      <bugtracker></bugtracker>
      <created>2021-11-20 02:29:26.984473+00:00</created>
      <updated>2021-11-20 13:53:42.564323+00:00</updated>
      <subset>default</subset>
      <start_frame>0</start_frame>
      <stop_frame>189</stop_frame>
      <frame_filter></frame_filter>
      <segments>
        <segment>
          <id>87</id>
          <start>0</start>
          <stop>189</stop>
          <url>http://localhost:8080/?id=87</url>
        </segment>
      </segments>
      <owner>
        <username>hubertachan</username>
        <email>hubertachan@gmail.com</email>
      </owner>
      <assignee></assignee>
      <labels>
        <label>
          <name>HB</name>
          <color>#3b0c73</color>
          <attributes>
          </attributes>
        </label>
        <label>
          <name>M</name>
          <color>#ff355e</color>
          <attributes>
          </attributes>
        </label>
      </labels>
      <original_size>
        <width>1068</width>
        <height>800</height>
      </original_size>
    </task>
    <dumped>2021-11-20 13:53:45.687688+00:00</dumped>
    <source>D07_Dry-9.avi</source>
  </meta>
  <track id="0" label="HB" source="manual">
    <points frame="30" outside="0" occluded="0" keyframe="1" points="712.28,578.15" z_order="0">
    </points>
    <points frame="31" outside="0" occluded="0" keyframe="0" points="713.60,578.29" z_order="0">
    </points>
    <points frame="32" outside="0" occluded="0" keyframe="0" points="714.92,578.42" z_order="0">
    </points>
    <points frame="33" outside="0" occluded="0" keyframe="0" points="716.24,578.56" z_order="0">
    </points>
    <points frame="34" outside="0" occluded="0" keyframe="0" points="717.57,578.69" z_order="0">
    </points>
    <points frame="35" outside="0" occluded="0" keyframe="0" points="718.89,578.83" z_order="0">
    </points>
    <points frame="36" outside="0" occluded="0" keyframe="0" points="720.21,578.96" z_order="0">
    </points>
    <points frame="37" outside="0" occluded="0" keyframe="0" points="721.53,579.10" z_order="0">
    </points>
    <points frame="38" outside="0" occluded="0" keyframe="0" points="722.86,579.23" z_order="0">
    </points>
    <points frame="39" outside="0" occluded="0" keyframe="0" points="724.18,579.37" z_order="0">
    </points>
    <points frame="40" outside="0" occluded="0" keyframe="1" points="725.50,579.50" z_order="0">
    </points>
    <points frame="41" outside="0" occluded="0" keyframe="0" points="722.60,578.71" z_order="0">
    </points>
    <points frame="42" outside="0" occluded="0" keyframe="0" points="719.70,577.92" z_order="0">
    </points>
    <points frame="43" outside="0" occluded="0" keyframe="0" points="716.80,577.13" z_order="0">
    </points>
    <points frame="44" outside="0" occluded="0" keyframe="0" points="713.90,576.34" z_order="0">
    </points>
    <points frame="45" outside="0" occluded="0" keyframe="0" points="711.00,575.55" z_order="0">
    </points>
    <points frame="46" outside="0" occluded="0" keyframe="0" points="708.10,574.76" z_order="0">
    </points>
    <points frame="47" outside="0" occluded="0" keyframe="0" points="705.20,573.97" z_order="0">
    </points>
    <points frame="48" outside="0" occluded="0" keyframe="0" points="702.30,573.18" z_order="0">
    </points>
    <points frame="49" outside="0" occluded="0" keyframe="0" points="699.40,572.39" z_order="0">
    </points>
    <points frame="50" outside="0" occluded="0" keyframe="1" points="696.50,571.60" z_order="0">
    </points>
    <points frame="51" outside="0" occluded="0" keyframe="0" points="698.35,571.86" z_order="0">
    </points>
    <points frame="52" outside="0" occluded="0" keyframe="0" points="700.20,572.12" z_order="0">
    </points>
    <points frame="53" outside="0" occluded="0" keyframe="0" points="702.05,572.38" z_order="0">
    </points>
    <points frame="54" outside="0" occluded="0" keyframe="0" points="703.90,572.64" z_order="0">
    </points>
    <points frame="55" outside="0" occluded="0" keyframe="0" points="705.75,572.90" z_order="0">
    </points>
    <points frame="56" outside="0" occluded="0" keyframe="0" points="707.60,573.16" z_order="0">
    </points>
    <points frame="57" outside="0" occluded="0" keyframe="0" points="709.45,573.42" z_order="0">
    </points>
    <points frame="58" outside="0" occluded="0" keyframe="0" points="711.30,573.68" z_order="0">
    </points>
    <points frame="59" outside="0" occluded="0" keyframe="0" points="713.15,573.94" z_order="0">
    </points>
    <points frame="60" outside="0" occluded="0" keyframe="1" points="715.00,574.20" z_order="0">
    </points>
    <points frame="61" outside="0" occluded="0" keyframe="0" points="711.44,572.09" z_order="0">
    </points>
    <points frame="62" outside="0" occluded="0" keyframe="0" points="707.88,569.98" z_order="0">
    </points>
    <points frame="63" outside="0" occluded="0" keyframe="0" points="704.32,567.87" z_order="0">
    </points>
    <points frame="64" outside="0" occluded="0" keyframe="0" points="700.76,565.76" z_order="0">
    </points>
    <points frame="65" outside="0" occluded="0" keyframe="0" points="697.20,563.65" z_order="0">
    </points>
    <points frame="66" outside="0" occluded="0" keyframe="0" points="693.64,561.54" z_order="0">
    </points>
    <points frame="67" outside="0" occluded="0" keyframe="0" points="690.08,559.43" z_order="0">
    </points>
    <points frame="68" outside="0" occluded="0" keyframe="0" points="686.52,557.32" z_order="0">
    </points>
    <points frame="69" outside="0" occluded="0" keyframe="0" points="682.96,555.21" z_order="0">
    </points>
    <points frame="70" outside="0" occluded="0" keyframe="1" points="679.40,553.10" z_order="0">
    </points>
    <points frame="71" outside="0" occluded="0" keyframe="0" points="681.25,554.42" z_order="0">
    </points>
    <points frame="72" outside="0" occluded="0" keyframe="0" points="683.10,555.74" z_order="0">
    </points>
    <points frame="73" outside="0" occluded="0" keyframe="0" points="684.95,557.06" z_order="0">
    </points>
    <points frame="74" outside="0" occluded="0" keyframe="0" points="686.80,558.38" z_order="0">
    </points>
    <points frame="75" outside="0" occluded="0" keyframe="0" points="688.65,559.70" z_order="0">
    </points>
    <points frame="76" outside="0" occluded="0" keyframe="0" points="690.50,561.02" z_order="0">
    </points>
    <points frame="77" outside="0" occluded="0" keyframe="0" points="692.35,562.34" z_order="0">
    </points>
    <points frame="78" outside="0" occluded="0" keyframe="0" points="694.20,563.66" z_order="0">
    </points>
    <points frame="79" outside="0" occluded="0" keyframe="0" points="696.05,564.98" z_order="0">
    </points>
    <points frame="80" outside="0" occluded="0" keyframe="1" points="697.90,566.30" z_order="0">
    </points>
    <points frame="81" outside="0" occluded="0" keyframe="0" points="699.35,567.09" z_order="0">
    </points>
    <points frame="82" outside="0" occluded="0" keyframe="0" points="700.80,567.88" z_order="0">
    </points>
    <points frame="83" outside="0" occluded="0" keyframe="0" points="702.25,568.67" z_order="0">
    </points>
    <points frame="84" outside="0" occluded="0" keyframe="0" points="703.70,569.46" z_order="0">
    </points>
    <points frame="85" outside="0" occluded="0" keyframe="0" points="705.15,570.25" z_order="0">
    </points>
    <points frame="86" outside="0" occluded="0" keyframe="0" points="706.60,571.04" z_order="0">
    </points>
    <points frame="87" outside="0" occluded="0" keyframe="0" points="708.05,571.83" z_order="0">
    </points>
    <points frame="88" outside="0" occluded="0" keyframe="0" points="709.50,572.62" z_order="0">
    </points>
    <points frame="89" outside="0" occluded="0" keyframe="0" points="710.95,573.41" z_order="0">
    </points>
    <points frame="90" outside="0" occluded="0" keyframe="1" points="712.40,574.20" z_order="0">
    </points>
    <points frame="91" outside="0" occluded="0" keyframe="0" points="712.27,573.67" z_order="0">
    </points>
    <points frame="92" outside="0" occluded="0" keyframe="0" points="712.14,573.14" z_order="0">
    </points>
    <points frame="93" outside="0" occluded="0" keyframe="0" points="712.01,572.61" z_order="0">
    </points>
    <points frame="94" outside="0" occluded="0" keyframe="0" points="711.88,572.08" z_order="0">
    </points>
    <points frame="95" outside="0" occluded="0" keyframe="0" points="711.75,571.55" z_order="0">
    </points>
    <points frame="96" outside="0" occluded="0" keyframe="0" points="711.62,571.02" z_order="0">
    </points>
    <points frame="97" outside="0" occluded="0" keyframe="0" points="711.49,570.49" z_order="0">
    </points>
    <points frame="98" outside="0" occluded="0" keyframe="0" points="711.36,569.96" z_order="0">
    </points>
    <points frame="99" outside="0" occluded="0" keyframe="0" points="711.23,569.43" z_order="0">
    </points>
    <points frame="100" outside="0" occluded="0" keyframe="1" points="711.10,568.90" z_order="0">
    </points>
    <points frame="101" outside="0" occluded="0" keyframe="0" points="709.12,568.77" z_order="0">
    </points>
    <points frame="102" outside="0" occluded="0" keyframe="0" points="707.14,568.64" z_order="0">
    </points>
    <points frame="103" outside="0" occluded="0" keyframe="0" points="705.16,568.51" z_order="0">
    </points>
    <points frame="104" outside="0" occluded="0" keyframe="0" points="703.18,568.38" z_order="0">
    </points>
    <points frame="105" outside="0" occluded="0" keyframe="0" points="701.20,568.25" z_order="0">
    </points>
    <points frame="106" outside="0" occluded="0" keyframe="0" points="699.22,568.12" z_order="0">
    </points>
    <points frame="107" outside="0" occluded="0" keyframe="0" points="697.24,567.99" z_order="0">
    </points>
    <points frame="108" outside="0" occluded="0" keyframe="0" points="695.26,567.86" z_order="0">
    </points>
    <points frame="109" outside="0" occluded="0" keyframe="0" points="693.28,567.73" z_order="0">
    </points>
    <points frame="110" outside="0" occluded="0" keyframe="1" points="691.30,567.60" z_order="0">
    </points>
    <points frame="111" outside="0" occluded="0" keyframe="0" points="692.09,568.00" z_order="0">
    </points>
    <points frame="112" outside="0" occluded="0" keyframe="0" points="692.88,568.40" z_order="0">
    </points>
    <points frame="113" outside="0" occluded="0" keyframe="0" points="693.67,568.80" z_order="0">
    </points>
    <points frame="114" outside="0" occluded="0" keyframe="0" points="694.46,569.20" z_order="0">
    </points>
    <points frame="115" outside="0" occluded="0" keyframe="0" points="695.25,569.60" z_order="0">
    </points>
    <points frame="116" outside="0" occluded="0" keyframe="0" points="696.04,570.00" z_order="0">
    </points>
    <points frame="117" outside="0" occluded="0" keyframe="0" points="696.83,570.40" z_order="0">
    </points>
    <points frame="118" outside="0" occluded="0" keyframe="0" points="697.62,570.80" z_order="0">
    </points>
    <points frame="119" outside="0" occluded="0" keyframe="0" points="698.41,571.20" z_order="0">
    </points>
    <points frame="120" outside="0" occluded="0" keyframe="1" points="699.20,571.60" z_order="0">
    </points>
    <points frame="121" outside="0" occluded="0" keyframe="0" points="700.52,572.00" z_order="0">
    </points>
    <points frame="122" outside="0" occluded="0" keyframe="0" points="701.84,572.40" z_order="0">
    </points>
    <points frame="123" outside="0" occluded="0" keyframe="0" points="703.16,572.80" z_order="0">
    </points>
    <points frame="124" outside="0" occluded="0" keyframe="0" points="704.48,573.20" z_order="0">
    </points>
    <points frame="125" outside="0" occluded="0" keyframe="0" points="705.80,573.60" z_order="0">
    </points>
    <points frame="126" outside="0" occluded="0" keyframe="0" points="707.12,574.00" z_order="0">
    </points>
    <points frame="127" outside="0" occluded="0" keyframe="0" points="708.44,574.40" z_order="0">
    </points>
    <points frame="128" outside="0" occluded="0" keyframe="0" points="709.76,574.80" z_order="0">
    </points>
    <points frame="129" outside="0" occluded="0" keyframe="0" points="711.08,575.20" z_order="0">
    </points>
    <points frame="130" outside="0" occluded="0" keyframe="1" points="712.40,575.60" z_order="0">
    </points>
    <points frame="131" outside="0" occluded="0" keyframe="0" points="712.00,575.60" z_order="0">
    </points>
    <points frame="132" outside="0" occluded="0" keyframe="0" points="711.60,575.60" z_order="0">
    </points>
    <points frame="133" outside="0" occluded="0" keyframe="0" points="711.20,575.60" z_order="0">
    </points>
    <points frame="134" outside="0" occluded="0" keyframe="0" points="710.80,575.60" z_order="0">
    </points>
    <points frame="135" outside="0" occluded="0" keyframe="0" points="710.40,575.60" z_order="0">
    </points>
    <points frame="136" outside="0" occluded="0" keyframe="0" points="710.00,575.60" z_order="0">
    </points>
    <points frame="137" outside="0" occluded="0" keyframe="0" points="709.60,575.60" z_order="0">
    </points>
    <points frame="138" outside="0" occluded="0" keyframe="0" points="709.20,575.60" z_order="0">
    </points>
    <points frame="139" outside="0" occluded="0" keyframe="0" points="708.80,575.60" z_order="0">
    </points>
    <points frame="140" outside="0" occluded="0" keyframe="1" points="708.40,575.60" z_order="0">
    </points>
    <points frame="141" outside="0" occluded="0" keyframe="0" points="708.14,575.60" z_order="0">
    </points>
    <points frame="142" outside="0" occluded="0" keyframe="0" points="707.88,575.60" z_order="0">
    </points>
    <points frame="143" outside="0" occluded="0" keyframe="0" points="707.62,575.60" z_order="0">
    </points>
    <points frame="144" outside="0" occluded="0" keyframe="0" points="707.36,575.60" z_order="0">
    </points>
    <points frame="145" outside="0" occluded="0" keyframe="0" points="707.10,575.60" z_order="0">
    </points>
    <points frame="146" outside="0" occluded="0" keyframe="0" points="706.84,575.60" z_order="0">
    </points>
    <points frame="147" outside="0" occluded="0" keyframe="0" points="706.58,575.60" z_order="0">
    </points>
    <points frame="148" outside="0" occluded="0" keyframe="0" points="706.32,575.60" z_order="0">
    </points>
    <points frame="149" outside="0" occluded="0" keyframe="0" points="706.06,575.60" z_order="0">
    </points>
    <points frame="150" outside="0" occluded="0" keyframe="1" points="705.80,575.60" z_order="0">
    </points>
    <points frame="151" outside="0" occluded="0" keyframe="0" points="705.80,575.60" z_order="0">
    </points>
    <points frame="152" outside="0" occluded="0" keyframe="0" points="705.80,575.60" z_order="0">
    </points>
    <points frame="153" outside="0" occluded="0" keyframe="0" points="705.80,575.60" z_order="0">
    </points>
    <points frame="154" outside="0" occluded="0" keyframe="0" points="705.80,575.60" z_order="0">
    </points>
    <points frame="155" outside="0" occluded="0" keyframe="0" points="705.80,575.60" z_order="0">
    </points>
    <points frame="156" outside="0" occluded="0" keyframe="0" points="705.80,575.60" z_order="0">
    </points>
    <points frame="157" outside="0" occluded="0" keyframe="0" points="705.80,575.60" z_order="0">
    </points>
    <points frame="158" outside="0" occluded="0" keyframe="0" points="705.80,575.60" z_order="0">
    </points>
    <points frame="159" outside="0" occluded="0" keyframe="0" points="705.80,575.60" z_order="0">
    </points>
    <points frame="160" outside="0" occluded="0" keyframe="0" points="705.80,575.60" z_order="0">
    </points>
    <points frame="161" outside="0" occluded="0" keyframe="0" points="705.80,575.60" z_order="0">
    </points>
    <points frame="162" outside="0" occluded="0" keyframe="0" points="705.80,575.60" z_order="0">
    </points>
    <points frame="163" outside="0" occluded="0" keyframe="0" points="705.80,575.60" z_order="0">
    </points>
    <points frame="164" outside="0" occluded="0" keyframe="0" points="705.80,575.60" z_order="0">
    </points>
    <points frame="165" outside="0" occluded="0" keyframe="0" points="705.80,575.60" z_order="0">
    </points>
    <points frame="166" outside="0" occluded="0" keyframe="0" points="705.80,575.60" z_order="0">
    </points>
    <points frame="167" outside="0" occluded="0" keyframe="0" points="705.80,575.60" z_order="0">
    </points>
    <points frame="168" outside="0" occluded="0" keyframe="0" points="705.80,575.60" z_order="0">
    </points>
    <points frame="169" outside="0" occluded="0" keyframe="0" points="705.80,575.60" z_order="0">
    </points>
    <points frame="170" outside="0" occluded="0" keyframe="0" points="705.80,575.60" z_order="0">
    </points>
    <points frame="171" outside="0" occluded="0" keyframe="0" points="705.80,575.60" z_order="0">
    </points>
    <points frame="172" outside="0" occluded="0" keyframe="0" points="705.80,575.60" z_order="0">
    </points>
    <points frame="173" outside="0" occluded="0" keyframe="0" points="705.80,575.60" z_order="0">
    </points>
    <points frame="174" outside="0" occluded="0" keyframe="0" points="705.80,575.60" z_order="0">
    </points>
    <points frame="175" outside="0" occluded="0" keyframe="0" points="705.80,575.60" z_order="0">
    </points>
    <points frame="176" outside="0" occluded="0" keyframe="0" points="705.80,575.60" z_order="0">
    </points>
    <points frame="177" outside="0" occluded="0" keyframe="0" points="705.80,575.60" z_order="0">
    </points>
    <points frame="178" outside="0" occluded="0" keyframe="0" points="705.80,575.60" z_order="0">
    </points>
    <points frame="179" outside="0" occluded="0" keyframe="0" points="705.80,575.60" z_order="0">
    </points>
    <points frame="180" outside="0" occluded="0" keyframe="0" points="705.80,575.60" z_order="0">
    </points>
    <points frame="181" outside="0" occluded="0" keyframe="0" points="705.80,575.60" z_order="0">
    </points>
    <points frame="182" outside="0" occluded="0" keyframe="0" points="705.80,575.60" z_order="0">
    </points>
    <points frame="183" outside="0" occluded="0" keyframe="0" points="705.80,575.60" z_order="0">
    </points>
    <points frame="184" outside="0" occluded="0" keyframe="0" points="705.80,575.60" z_order="0">
    </points>
    <points frame="185" outside="0" occluded="0" keyframe="0" points="705.80,575.60" z_order="0">
    </points>
    <points frame="186" outside="0" occluded="0" keyframe="0" points="705.80,575.60" z_order="0">
    </points>
    <points frame="187" outside="0" occluded="0" keyframe="0" points="705.80,575.60" z_order="0">
    </points>
    <points frame="188" outside="0" occluded="0" keyframe="0" points="705.80,575.60" z_order="0">
    </points>
    <points frame="189" outside="0" occluded="0" keyframe="0" points="705.80,575.60" z_order="0">
    </points>
  </track>
  <track id="1" label="M" source="manual">
    <points frame="29" outside="0" occluded="0" keyframe="1" points="456.17,628.32" z_order="0">
    </points>
    <points frame="30" outside="0" occluded="0" keyframe="0" points="455.38,628.97" z_order="0">
    </points>
    <points frame="31" outside="0" occluded="0" keyframe="0" points="454.60,629.63" z_order="0">
    </points>
    <points frame="32" outside="0" occluded="0" keyframe="0" points="453.81,630.29" z_order="0">
    </points>
    <points frame="33" outside="0" occluded="0" keyframe="0" points="453.02,630.95" z_order="0">
    </points>
    <points frame="34" outside="0" occluded="0" keyframe="0" points="452.24,631.61" z_order="0">
    </points>
    <points frame="35" outside="0" occluded="0" keyframe="0" points="451.45,632.27" z_order="0">
    </points>
    <points frame="36" outside="0" occluded="0" keyframe="0" points="450.66,632.92" z_order="0">
    </points>
    <points frame="37" outside="0" occluded="0" keyframe="0" points="449.87,633.58" z_order="0">
    </points>
    <points frame="38" outside="0" occluded="0" keyframe="0" points="449.09,634.24" z_order="0">
    </points>
    <points frame="39" outside="0" occluded="0" keyframe="1" points="448.30,634.90" z_order="0">
    </points>
    <points frame="40" outside="0" occluded="0" keyframe="0" points="448.43,635.52" z_order="0">
    </points>
    <points frame="41" outside="0" occluded="0" keyframe="0" points="448.57,636.13" z_order="0">
    </points>
    <points frame="42" outside="0" occluded="0" keyframe="0" points="448.70,636.75" z_order="0">
    </points>
    <points frame="43" outside="0" occluded="0" keyframe="0" points="448.83,637.37" z_order="0">
    </points>
    <points frame="44" outside="0" occluded="0" keyframe="0" points="448.97,637.98" z_order="0">
    </points>
    <points frame="45" outside="0" occluded="0" keyframe="0" points="449.10,638.60" z_order="0">
    </points>
    <points frame="46" outside="0" occluded="0" keyframe="0" points="449.23,639.22" z_order="0">
    </points>
    <points frame="47" outside="0" occluded="0" keyframe="0" points="449.37,639.83" z_order="0">
    </points>
    <points frame="48" outside="0" occluded="0" keyframe="0" points="449.50,640.45" z_order="0">
    </points>
    <points frame="49" outside="0" occluded="0" keyframe="0" points="449.63,641.07" z_order="0">
    </points>
    <points frame="50" outside="0" occluded="0" keyframe="0" points="449.77,641.68" z_order="0">
    </points>
    <points frame="51" outside="0" occluded="0" keyframe="0" points="449.90,642.30" z_order="0">
    </points>
    <points frame="52" outside="0" occluded="0" keyframe="0" points="450.03,642.92" z_order="0">
    </points>
    <points frame="53" outside="0" occluded="0" keyframe="0" points="450.17,643.53" z_order="0">
    </points>
    <points frame="54" outside="0" occluded="0" keyframe="0" points="450.30,644.15" z_order="0">
    </points>
    <points frame="55" outside="0" occluded="0" keyframe="0" points="450.43,644.77" z_order="0">
    </points>
    <points frame="56" outside="0" occluded="0" keyframe="0" points="450.57,645.38" z_order="0">
    </points>
    <points frame="57" outside="0" occluded="0" keyframe="0" points="450.70,646.00" z_order="0">
    </points>
    <points frame="58" outside="0" occluded="0" keyframe="0" points="450.83,646.62" z_order="0">
    </points>
    <points frame="59" outside="0" occluded="0" keyframe="0" points="450.97,647.23" z_order="0">
    </points>
    <points frame="60" outside="0" occluded="0" keyframe="0" points="451.10,647.85" z_order="0">
    </points>
    <points frame="61" outside="0" occluded="0" keyframe="0" points="451.23,648.47" z_order="0">
    </points>
    <points frame="62" outside="0" occluded="0" keyframe="0" points="451.37,649.08" z_order="0">
    </points>
    <points frame="63" outside="0" occluded="0" keyframe="0" points="451.50,649.70" z_order="0">
    </points>
    <points frame="64" outside="0" occluded="0" keyframe="0" points="451.63,650.32" z_order="0">
    </points>
    <points frame="65" outside="0" occluded="0" keyframe="0" points="451.77,650.93" z_order="0">
    </points>
    <points frame="66" outside="0" occluded="0" keyframe="0" points="451.90,651.55" z_order="0">
    </points>
    <points frame="67" outside="0" occluded="0" keyframe="0" points="452.03,652.17" z_order="0">
    </points>
    <points frame="68" outside="0" occluded="0" keyframe="0" points="452.17,652.78" z_order="0">
    </points>
    <points frame="69" outside="0" occluded="0" keyframe="1" points="452.30,653.40" z_order="0">
    </points>
    <points frame="70" outside="0" occluded="0" keyframe="0" points="452.83,653.53" z_order="0">
    </points>
    <points frame="71" outside="0" occluded="0" keyframe="0" points="453.36,653.66" z_order="0">
    </points>
    <points frame="72" outside="0" occluded="0" keyframe="0" points="453.89,653.79" z_order="0">
    </points>
    <points frame="73" outside="0" occluded="0" keyframe="0" points="454.42,653.92" z_order="0">
    </points>
    <points frame="74" outside="0" occluded="0" keyframe="0" points="454.95,654.05" z_order="0">
    </points>
    <points frame="75" outside="0" occluded="0" keyframe="0" points="455.48,654.18" z_order="0">
    </points>
    <points frame="76" outside="0" occluded="0" keyframe="0" points="456.01,654.31" z_order="0">
    </points>
    <points frame="77" outside="0" occluded="0" keyframe="0" points="456.54,654.44" z_order="0">
    </points>
    <points frame="78" outside="0" occluded="0" keyframe="0" points="457.07,654.57" z_order="0">
    </points>
    <points frame="79" outside="0" occluded="0" keyframe="1" points="457.60,654.70" z_order="0">
    </points>
    <points frame="80" outside="0" occluded="0" keyframe="0" points="456.81,655.10" z_order="0">
    </points>
    <points frame="81" outside="0" occluded="0" keyframe="0" points="456.02,655.50" z_order="0">
    </points>
    <points frame="82" outside="0" occluded="0" keyframe="0" points="455.23,655.90" z_order="0">
    </points>
    <points frame="83" outside="0" occluded="0" keyframe="0" points="454.44,656.30" z_order="0">
    </points>
    <points frame="84" outside="0" occluded="0" keyframe="0" points="453.65,656.70" z_order="0">
    </points>
    <points frame="85" outside="0" occluded="0" keyframe="0" points="452.86,657.10" z_order="0">
    </points>
    <points frame="86" outside="0" occluded="0" keyframe="0" points="452.07,657.50" z_order="0">
    </points>
    <points frame="87" outside="0" occluded="0" keyframe="0" points="451.28,657.90" z_order="0">
    </points>
    <points frame="88" outside="0" occluded="0" keyframe="0" points="450.49,658.30" z_order="0">
    </points>
    <points frame="89" outside="0" occluded="0" keyframe="1" points="449.70,658.70" z_order="0">
    </points>
    <points frame="90" outside="0" occluded="0" keyframe="0" points="449.52,658.38" z_order="0">
    </points>
    <points frame="91" outside="0" occluded="0" keyframe="0" points="449.34,658.07" z_order="0">
    </points>
    <points frame="92" outside="0" occluded="0" keyframe="0" points="449.16,657.75" z_order="0">
    </points>
    <points frame="93" outside="0" occluded="0" keyframe="0" points="448.98,657.44" z_order="0">
    </points>
    <points frame="94" outside="0" occluded="0" keyframe="0" points="448.80,657.12" z_order="0">
    </points>
    <points frame="95" outside="0" occluded="0" keyframe="0" points="448.62,656.80" z_order="0">
    </points>
    <points frame="96" outside="0" occluded="0" keyframe="0" points="448.44,656.49" z_order="0">
    </points>
    <points frame="97" outside="0" occluded="0" keyframe="0" points="448.26,656.17" z_order="0">
    </points>
    <points frame="98" outside="0" occluded="0" keyframe="0" points="448.08,655.86" z_order="0">
    </points>
    <points frame="99" outside="0" occluded="0" keyframe="0" points="447.90,655.54" z_order="0">
    </points>
    <points frame="100" outside="0" occluded="0" keyframe="0" points="447.72,655.22" z_order="0">
    </points>
    <points frame="101" outside="0" occluded="0" keyframe="0" points="447.54,654.91" z_order="0">
    </points>
    <points frame="102" outside="0" occluded="0" keyframe="0" points="447.36,654.59" z_order="0">
    </points>
    <points frame="103" outside="0" occluded="0" keyframe="0" points="447.18,654.28" z_order="0">
    </points>
    <points frame="104" outside="0" occluded="0" keyframe="0" points="447.00,653.96" z_order="0">
    </points>
    <points frame="105" outside="0" occluded="0" keyframe="0" points="446.82,653.64" z_order="0">
    </points>
    <points frame="106" outside="0" occluded="0" keyframe="0" points="446.64,653.33" z_order="0">
    </points>
    <points frame="107" outside="0" occluded="0" keyframe="0" points="446.46,653.01" z_order="0">
    </points>
    <points frame="108" outside="0" occluded="0" keyframe="0" points="446.28,652.70" z_order="0">
    </points>
    <points frame="109" outside="0" occluded="0" keyframe="0" points="446.10,652.38" z_order="0">
    </points>
    <points frame="110" outside="0" occluded="0" keyframe="0" points="445.92,652.06" z_order="0">
    </points>
    <points frame="111" outside="0" occluded="0" keyframe="0" points="445.74,651.75" z_order="0">
    </points>
    <points frame="112" outside="0" occluded="0" keyframe="0" points="445.56,651.43" z_order="0">
    </points>
    <points frame="113" outside="0" occluded="0" keyframe="0" points="445.38,651.12" z_order="0">
    </points>
    <points frame="114" outside="0" occluded="0" keyframe="0" points="445.20,650.80" z_order="0">
    </points>
    <points frame="115" outside="0" occluded="0" keyframe="0" points="445.02,650.48" z_order="0">
    </points>
    <points frame="116" outside="0" occluded="0" keyframe="0" points="444.84,650.17" z_order="0">
    </points>
    <points frame="117" outside="0" occluded="0" keyframe="0" points="444.66,649.85" z_order="0">
    </points>
    <points frame="118" outside="0" occluded="0" keyframe="0" points="444.48,649.54" z_order="0">
    </points>
    <points frame="119" outside="0" occluded="0" keyframe="0" points="444.30,649.22" z_order="0">
    </points>
    <points frame="120" outside="0" occluded="0" keyframe="0" points="444.12,648.90" z_order="0">
    </points>
    <points frame="121" outside="0" occluded="0" keyframe="0" points="443.94,648.59" z_order="0">
    </points>
    <points frame="122" outside="0" occluded="0" keyframe="0" points="443.76,648.27" z_order="0">
    </points>
    <points frame="123" outside="0" occluded="0" keyframe="0" points="443.58,647.96" z_order="0">
    </points>
    <points frame="124" outside="0" occluded="0" keyframe="0" points="443.40,647.64" z_order="0">
    </points>
    <points frame="125" outside="0" occluded="0" keyframe="0" points="443.22,647.32" z_order="0">
    </points>
    <points frame="126" outside="0" occluded="0" keyframe="0" points="443.04,647.01" z_order="0">
    </points>
    <points frame="127" outside="0" occluded="0" keyframe="0" points="442.86,646.69" z_order="0">
    </points>
    <points frame="128" outside="0" occluded="0" keyframe="0" points="442.68,646.38" z_order="0">
    </points>
    <points frame="129" outside="0" occluded="0" keyframe="0" points="442.50,646.06" z_order="0">
    </points>
    <points frame="130" outside="0" occluded="0" keyframe="0" points="442.32,645.74" z_order="0">
    </points>
    <points frame="131" outside="0" occluded="0" keyframe="0" points="442.14,645.43" z_order="0">
    </points>
    <points frame="132" outside="0" occluded="0" keyframe="0" points="441.96,645.11" z_order="0">
    </points>
    <points frame="133" outside="0" occluded="0" keyframe="0" points="441.78,644.80" z_order="0">
    </points>
    <points frame="134" outside="0" occluded="0" keyframe="0" points="441.60,644.48" z_order="0">
    </points>
    <points frame="135" outside="0" occluded="0" keyframe="0" points="441.42,644.16" z_order="0">
    </points>
    <points frame="136" outside="0" occluded="0" keyframe="0" points="441.24,643.85" z_order="0">
    </points>
    <points frame="137" outside="0" occluded="0" keyframe="0" points="441.06,643.53" z_order="0">
    </points>
    <points frame="138" outside="0" occluded="0" keyframe="0" points="440.88,643.22" z_order="0">
    </points>
    <points frame="139" outside="0" occluded="0" keyframe="1" points="440.70,642.90" z_order="0">
    </points>
    <points frame="140" outside="0" occluded="0" keyframe="0" points="441.47,642.90" z_order="0">
    </points>
    <points frame="141" outside="0" occluded="0" keyframe="0" points="442.24,642.90" z_order="0">
    </points>
    <points frame="142" outside="0" occluded="0" keyframe="0" points="443.01,642.90" z_order="0">
    </points>
    <points frame="143" outside="0" occluded="0" keyframe="0" points="443.78,642.90" z_order="0">
    </points>
    <points frame="144" outside="0" occluded="0" keyframe="0" points="444.55,642.90" z_order="0">
    </points>
    <points frame="145" outside="0" occluded="0" keyframe="0" points="445.32,642.90" z_order="0">
    </points>
    <points frame="146" outside="0" occluded="0" keyframe="0" points="446.09,642.90" z_order="0">
    </points>
    <points frame="147" outside="0" occluded="0" keyframe="0" points="446.86,642.90" z_order="0">
    </points>
    <points frame="148" outside="0" occluded="0" keyframe="0" points="447.63,642.90" z_order="0">
    </points>
    <points frame="149" outside="0" occluded="0" keyframe="1" points="448.40,642.90" z_order="0">
    </points>
    <points frame="150" outside="0" occluded="0" keyframe="0" points="448.40,642.77" z_order="0">
    </points>
    <points frame="151" outside="0" occluded="0" keyframe="0" points="448.40,642.64" z_order="0">
    </points>
    <points frame="152" outside="0" occluded="0" keyframe="0" points="448.40,642.51" z_order="0">
    </points>
    <points frame="153" outside="0" occluded="0" keyframe="0" points="448.40,642.38" z_order="0">
    </points>
    <points frame="154" outside="0" occluded="0" keyframe="0" points="448.40,642.25" z_order="0">
    </points>
    <points frame="155" outside="0" occluded="0" keyframe="0" points="448.40,642.12" z_order="0">
    </points>
    <points frame="156" outside="0" occluded="0" keyframe="0" points="448.40,641.99" z_order="0">
    </points>
    <points frame="157" outside="0" occluded="0" keyframe="0" points="448.40,641.86" z_order="0">
    </points>
    <points frame="158" outside="0" occluded="0" keyframe="0" points="448.40,641.73" z_order="0">
    </points>
    <points frame="159" outside="0" occluded="0" keyframe="1" points="448.40,641.60" z_order="0">
    </points>
    <points frame="160" outside="0" occluded="0" keyframe="0" points="448.40,641.60" z_order="0">
    </points>
    <points frame="161" outside="0" occluded="0" keyframe="0" points="448.40,641.60" z_order="0">
    </points>
    <points frame="162" outside="0" occluded="0" keyframe="0" points="448.40,641.60" z_order="0">
    </points>
    <points frame="163" outside="0" occluded="0" keyframe="0" points="448.40,641.60" z_order="0">
    </points>
    <points frame="164" outside="0" occluded="0" keyframe="0" points="448.40,641.60" z_order="0">
    </points>
    <points frame="165" outside="0" occluded="0" keyframe="0" points="448.40,641.60" z_order="0">
    </points>
    <points frame="166" outside="0" occluded="0" keyframe="0" points="448.40,641.60" z_order="0">
    </points>
    <points frame="167" outside="0" occluded="0" keyframe="0" points="448.40,641.60" z_order="0">
    </points>
    <points frame="168" outside="0" occluded="0" keyframe="0" points="448.40,641.60" z_order="0">
    </points>
    <points frame="169" outside="0" occluded="0" keyframe="0" points="448.40,641.60" z_order="0">
    </points>
    <points frame="170" outside="0" occluded="0" keyframe="0" points="448.40,641.60" z_order="0">
    </points>
    <points frame="171" outside="0" occluded="0" keyframe="0" points="448.40,641.60" z_order="0">
    </points>
    <points frame="172" outside="0" occluded="0" keyframe="0" points="448.40,641.60" z_order="0">
    </points>
    <points frame="173" outside="0" occluded="0" keyframe="0" points="448.40,641.60" z_order="0">
    </points>
    <points frame="174" outside="0" occluded="0" keyframe="0" points="448.40,641.60" z_order="0">
    </points>
    <points frame="175" outside="0" occluded="0" keyframe="0" points="448.40,641.60" z_order="0">
    </points>
    <points frame="176" outside="0" occluded="0" keyframe="0" points="448.40,641.60" z_order="0">
    </points>
    <points frame="177" outside="0" occluded="0" keyframe="0" points="448.40,641.60" z_order="0">
    </points>
    <points frame="178" outside="0" occluded="0" keyframe="0" points="448.40,641.60" z_order="0">
    </points>
    <points frame="179" outside="0" occluded="0" keyframe="0" points="448.40,641.60" z_order="0">
    </points>
    <points frame="180" outside="0" occluded="0" keyframe="0" points="448.40,641.60" z_order="0">
    </points>
    <points frame="181" outside="0" occluded="0" keyframe="0" points="448.40,641.60" z_order="0">
    </points>
    <points frame="182" outside="0" occluded="0" keyframe="0" points="448.40,641.60" z_order="0">
    </points>
    <points frame="183" outside="0" occluded="0" keyframe="0" points="448.40,641.60" z_order="0">
    </points>
    <points frame="184" outside="0" occluded="0" keyframe="0" points="448.40,641.60" z_order="0">
    </points>
    <points frame="185" outside="0" occluded="0" keyframe="0" points="448.40,641.60" z_order="0">
    </points>
    <points frame="186" outside="0" occluded="0" keyframe="0" points="448.40,641.60" z_order="0">
    </points>
    <points frame="187" outside="0" occluded="0" keyframe="0" points="448.40,641.60" z_order="0">
    </points>
    <points frame="188" outside="0" occluded="0" keyframe="0" points="448.40,641.60" z_order="0">
    </points>
    <points frame="189" outside="0" occluded="0" keyframe="0" points="448.40,641.60" z_order="0">
    </points>
  </track>
</annotations>
