<?xml version="1.0" encoding="utf-8"?>
<annotations>
  <version>1.1</version>
  <meta>
    <task>
      <id>89</id>
      <name>D07_Dry-10</name>
      <size>203</size>
      <mode>interpolation</mode>
      <overlap>5</overlap>
      <bugtracker></bugtracker>
      <created>2021-11-20 02:29:40.876539+00:00</created>
      <updated>2021-11-20 15:39:16.666083+00:00</updated>
      <subset>default</subset>
      <start_frame>0</start_frame>
      <stop_frame>202</stop_frame>
      <frame_filter></frame_filter>
      <segments>
        <segment>
          <id>88</id>
          <start>0</start>
          <stop>202</stop>
          <url>http://localhost:8080/?id=88</url>
        </segment>
      </segments>
      <owner>
        <username>hubertachan</username>
        <email>hubertachan@gmail.com</email>
      </owner>
      <assignee></assignee>
      <labels>
        <label>
          <name>HB</name>
          <color>#3b0c73</color>
          <attributes>
          </attributes>
        </label>
        <label>
          <name>M</name>
          <color>#ff355e</color>
          <attributes>
          </attributes>
        </label>
      </labels>
      <original_size>
        <width>1068</width>
        <height>800</height>
      </original_size>
    </task>
    <dumped>2021-11-20 15:39:21.279939+00:00</dumped>
    <source>D07_Dry-10.avi</source>
  </meta>
  <track id="0" label="HB" source="manual">
    <points frame="80" outside="0" occluded="0" keyframe="1" points="717.33,568.88" z_order="0">
    </points>
    <points frame="81" outside="0" occluded="0" keyframe="0" points="718.05,568.97" z_order="0">
    </points>
    <points frame="82" outside="0" occluded="0" keyframe="0" points="718.77,569.06" z_order="0">
    </points>
    <points frame="83" outside="0" occluded="0" keyframe="0" points="719.48,569.16" z_order="0">
    </points>
    <points frame="84" outside="0" occluded="0" keyframe="0" points="720.20,569.25" z_order="0">
    </points>
    <points frame="85" outside="0" occluded="0" keyframe="0" points="720.92,569.34" z_order="0">
    </points>
    <points frame="86" outside="0" occluded="0" keyframe="0" points="721.63,569.43" z_order="0">
    </points>
    <points frame="87" outside="0" occluded="0" keyframe="0" points="722.35,569.52" z_order="0">
    </points>
    <points frame="88" outside="0" occluded="0" keyframe="0" points="723.07,569.62" z_order="0">
    </points>
    <points frame="89" outside="0" occluded="0" keyframe="0" points="723.78,569.71" z_order="0">
    </points>
    <points frame="90" outside="0" occluded="0" keyframe="1" points="724.50,569.80" z_order="0">
    </points>
    <points frame="91" outside="0" occluded="0" keyframe="0" points="721.56,567.84" z_order="0">
    </points>
    <points frame="92" outside="0" occluded="0" keyframe="0" points="718.62,565.88" z_order="0">
    </points>
    <points frame="93" outside="0" occluded="0" keyframe="0" points="715.68,563.92" z_order="0">
    </points>
    <points frame="94" outside="0" occluded="0" keyframe="0" points="712.74,561.96" z_order="0">
    </points>
    <points frame="95" outside="0" occluded="0" keyframe="0" points="709.80,560.00" z_order="0">
    </points>
    <points frame="96" outside="0" occluded="0" keyframe="0" points="706.86,558.04" z_order="0">
    </points>
    <points frame="97" outside="0" occluded="0" keyframe="0" points="703.92,556.08" z_order="0">
    </points>
    <points frame="98" outside="0" occluded="0" keyframe="0" points="700.98,554.12" z_order="0">
    </points>
    <points frame="99" outside="0" occluded="0" keyframe="0" points="698.04,552.16" z_order="0">
    </points>
    <points frame="100" outside="0" occluded="0" keyframe="1" points="695.10,550.20" z_order="0">
    </points>
    <points frame="101" outside="0" occluded="0" keyframe="0" points="696.62,550.73" z_order="0">
    </points>
    <points frame="102" outside="0" occluded="0" keyframe="0" points="698.14,551.26" z_order="0">
    </points>
    <points frame="103" outside="0" occluded="0" keyframe="0" points="699.66,551.79" z_order="0">
    </points>
    <points frame="104" outside="0" occluded="0" keyframe="0" points="701.18,552.32" z_order="0">
    </points>
    <points frame="105" outside="0" occluded="0" keyframe="0" points="702.70,552.85" z_order="0">
    </points>
    <points frame="106" outside="0" occluded="0" keyframe="0" points="704.22,553.38" z_order="0">
    </points>
    <points frame="107" outside="0" occluded="0" keyframe="0" points="705.74,553.91" z_order="0">
    </points>
    <points frame="108" outside="0" occluded="0" keyframe="0" points="707.26,554.44" z_order="0">
    </points>
    <points frame="109" outside="0" occluded="0" keyframe="0" points="708.78,554.97" z_order="0">
    </points>
    <points frame="110" outside="0" occluded="0" keyframe="1" points="710.30,555.50" z_order="0">
    </points>
    <points frame="111" outside="0" occluded="0" keyframe="0" points="707.63,555.05" z_order="0">
    </points>
    <points frame="112" outside="0" occluded="0" keyframe="0" points="704.96,554.60" z_order="0">
    </points>
    <points frame="113" outside="0" occluded="0" keyframe="0" points="702.29,554.15" z_order="0">
    </points>
    <points frame="114" outside="0" occluded="0" keyframe="0" points="699.62,553.70" z_order="0">
    </points>
    <points frame="115" outside="0" occluded="0" keyframe="0" points="696.95,553.25" z_order="0">
    </points>
    <points frame="116" outside="0" occluded="0" keyframe="0" points="694.28,552.80" z_order="0">
    </points>
    <points frame="117" outside="0" occluded="0" keyframe="0" points="691.61,552.35" z_order="0">
    </points>
    <points frame="118" outside="0" occluded="0" keyframe="0" points="688.94,551.90" z_order="0">
    </points>
    <points frame="119" outside="0" occluded="0" keyframe="0" points="686.27,551.45" z_order="0">
    </points>
    <points frame="120" outside="0" occluded="0" keyframe="1" points="683.60,551.00" z_order="0">
    </points>
    <points frame="121" outside="0" occluded="0" keyframe="0" points="686.90,552.87" z_order="0">
    </points>
    <points frame="122" outside="0" occluded="0" keyframe="0" points="690.20,554.74" z_order="0">
    </points>
    <points frame="123" outside="0" occluded="0" keyframe="0" points="693.50,556.61" z_order="0">
    </points>
    <points frame="124" outside="0" occluded="0" keyframe="0" points="696.80,558.48" z_order="0">
    </points>
    <points frame="125" outside="0" occluded="0" keyframe="0" points="700.10,560.35" z_order="0">
    </points>
    <points frame="126" outside="0" occluded="0" keyframe="0" points="703.40,562.22" z_order="0">
    </points>
    <points frame="127" outside="0" occluded="0" keyframe="0" points="706.70,564.09" z_order="0">
    </points>
    <points frame="128" outside="0" occluded="0" keyframe="0" points="710.00,565.96" z_order="0">
    </points>
    <points frame="129" outside="0" occluded="0" keyframe="0" points="713.30,567.83" z_order="0">
    </points>
    <points frame="130" outside="0" occluded="0" keyframe="1" points="716.60,569.70" z_order="0">
    </points>
    <points frame="131" outside="0" occluded="0" keyframe="0" points="716.78,569.88" z_order="0">
    </points>
    <points frame="132" outside="0" occluded="0" keyframe="0" points="716.96,570.06" z_order="0">
    </points>
    <points frame="133" outside="0" occluded="0" keyframe="0" points="717.14,570.24" z_order="0">
    </points>
    <points frame="134" outside="0" occluded="0" keyframe="0" points="717.32,570.42" z_order="0">
    </points>
    <points frame="135" outside="0" occluded="0" keyframe="0" points="717.50,570.60" z_order="0">
    </points>
    <points frame="136" outside="0" occluded="0" keyframe="0" points="717.68,570.78" z_order="0">
    </points>
    <points frame="137" outside="0" occluded="0" keyframe="0" points="717.86,570.96" z_order="0">
    </points>
    <points frame="138" outside="0" occluded="0" keyframe="0" points="718.04,571.14" z_order="0">
    </points>
    <points frame="139" outside="0" occluded="0" keyframe="0" points="718.22,571.32" z_order="0">
    </points>
    <points frame="140" outside="0" occluded="0" keyframe="1" points="718.40,571.50" z_order="0">
    </points>
    <points frame="141" outside="0" occluded="0" keyframe="0" points="719.11,571.50" z_order="0">
    </points>
    <points frame="142" outside="0" occluded="0" keyframe="0" points="719.82,571.50" z_order="0">
    </points>
    <points frame="143" outside="0" occluded="0" keyframe="0" points="720.53,571.50" z_order="0">
    </points>
    <points frame="144" outside="0" occluded="0" keyframe="0" points="721.24,571.50" z_order="0">
    </points>
    <points frame="145" outside="0" occluded="0" keyframe="0" points="721.95,571.50" z_order="0">
    </points>
    <points frame="146" outside="0" occluded="0" keyframe="0" points="722.66,571.50" z_order="0">
    </points>
    <points frame="147" outside="0" occluded="0" keyframe="0" points="723.37,571.50" z_order="0">
    </points>
    <points frame="148" outside="0" occluded="0" keyframe="0" points="724.08,571.50" z_order="0">
    </points>
    <points frame="149" outside="0" occluded="0" keyframe="0" points="724.79,571.50" z_order="0">
    </points>
    <points frame="150" outside="0" occluded="0" keyframe="1" points="725.50,571.50" z_order="0">
    </points>
    <points frame="151" outside="0" occluded="0" keyframe="0" points="725.50,571.50" z_order="0">
    </points>
    <points frame="152" outside="0" occluded="0" keyframe="0" points="725.50,571.50" z_order="0">
    </points>
    <points frame="153" outside="0" occluded="0" keyframe="0" points="725.50,571.50" z_order="0">
    </points>
    <points frame="154" outside="0" occluded="0" keyframe="0" points="725.50,571.50" z_order="0">
    </points>
    <points frame="155" outside="0" occluded="0" keyframe="0" points="725.50,571.50" z_order="0">
    </points>
    <points frame="156" outside="0" occluded="0" keyframe="0" points="725.50,571.50" z_order="0">
    </points>
    <points frame="157" outside="0" occluded="0" keyframe="0" points="725.50,571.50" z_order="0">
    </points>
    <points frame="158" outside="0" occluded="0" keyframe="0" points="725.50,571.50" z_order="0">
    </points>
    <points frame="159" outside="0" occluded="0" keyframe="0" points="725.50,571.50" z_order="0">
    </points>
    <points frame="160" outside="0" occluded="0" keyframe="1" points="725.50,571.50" z_order="0">
    </points>
    <points frame="161" outside="0" occluded="0" keyframe="0" points="725.50,571.50" z_order="0">
    </points>
    <points frame="162" outside="0" occluded="0" keyframe="0" points="725.50,571.50" z_order="0">
    </points>
    <points frame="163" outside="0" occluded="0" keyframe="0" points="725.50,571.50" z_order="0">
    </points>
    <points frame="164" outside="0" occluded="0" keyframe="0" points="725.50,571.50" z_order="0">
    </points>
    <points frame="165" outside="0" occluded="0" keyframe="0" points="725.50,571.50" z_order="0">
    </points>
    <points frame="166" outside="0" occluded="0" keyframe="0" points="725.50,571.50" z_order="0">
    </points>
    <points frame="167" outside="0" occluded="0" keyframe="0" points="725.50,571.50" z_order="0">
    </points>
    <points frame="168" outside="0" occluded="0" keyframe="0" points="725.50,571.50" z_order="0">
    </points>
    <points frame="169" outside="0" occluded="0" keyframe="0" points="725.50,571.50" z_order="0">
    </points>
    <points frame="170" outside="0" occluded="0" keyframe="0" points="725.50,571.50" z_order="0">
    </points>
    <points frame="171" outside="0" occluded="0" keyframe="0" points="725.50,571.50" z_order="0">
    </points>
    <points frame="172" outside="0" occluded="0" keyframe="0" points="725.50,571.50" z_order="0">
    </points>
    <points frame="173" outside="0" occluded="0" keyframe="0" points="725.50,571.50" z_order="0">
    </points>
    <points frame="174" outside="0" occluded="0" keyframe="0" points="725.50,571.50" z_order="0">
    </points>
    <points frame="175" outside="0" occluded="0" keyframe="0" points="725.50,571.50" z_order="0">
    </points>
    <points frame="176" outside="0" occluded="0" keyframe="0" points="725.50,571.50" z_order="0">
    </points>
    <points frame="177" outside="0" occluded="0" keyframe="0" points="725.50,571.50" z_order="0">
    </points>
    <points frame="178" outside="0" occluded="0" keyframe="0" points="725.50,571.50" z_order="0">
    </points>
    <points frame="179" outside="0" occluded="0" keyframe="0" points="725.50,571.50" z_order="0">
    </points>
    <points frame="180" outside="0" occluded="0" keyframe="0" points="725.50,571.50" z_order="0">
    </points>
    <points frame="181" outside="0" occluded="0" keyframe="0" points="725.50,571.50" z_order="0">
    </points>
    <points frame="182" outside="0" occluded="0" keyframe="0" points="725.50,571.50" z_order="0">
    </points>
    <points frame="183" outside="0" occluded="0" keyframe="0" points="725.50,571.50" z_order="0">
    </points>
    <points frame="184" outside="0" occluded="0" keyframe="0" points="725.50,571.50" z_order="0">
    </points>
    <points frame="185" outside="0" occluded="0" keyframe="0" points="725.50,571.50" z_order="0">
    </points>
    <points frame="186" outside="0" occluded="0" keyframe="0" points="725.50,571.50" z_order="0">
    </points>
    <points frame="187" outside="0" occluded="0" keyframe="0" points="725.50,571.50" z_order="0">
    </points>
    <points frame="188" outside="0" occluded="0" keyframe="0" points="725.50,571.50" z_order="0">
    </points>
    <points frame="189" outside="0" occluded="0" keyframe="0" points="725.50,571.50" z_order="0">
    </points>
    <points frame="190" outside="0" occluded="0" keyframe="0" points="725.50,571.50" z_order="0">
    </points>
    <points frame="191" outside="0" occluded="0" keyframe="0" points="725.50,571.50" z_order="0">
    </points>
    <points frame="192" outside="0" occluded="0" keyframe="0" points="725.50,571.50" z_order="0">
    </points>
    <points frame="193" outside="0" occluded="0" keyframe="0" points="725.50,571.50" z_order="0">
    </points>
    <points frame="194" outside="0" occluded="0" keyframe="0" points="725.50,571.50" z_order="0">
    </points>
    <points frame="195" outside="0" occluded="0" keyframe="0" points="725.50,571.50" z_order="0">
    </points>
    <points frame="196" outside="0" occluded="0" keyframe="0" points="725.50,571.50" z_order="0">
    </points>
    <points frame="197" outside="0" occluded="0" keyframe="0" points="725.50,571.50" z_order="0">
    </points>
    <points frame="198" outside="0" occluded="0" keyframe="0" points="725.50,571.50" z_order="0">
    </points>
    <points frame="199" outside="0" occluded="0" keyframe="0" points="725.50,571.50" z_order="0">
    </points>
    <points frame="200" outside="0" occluded="0" keyframe="0" points="725.50,571.50" z_order="0">
    </points>
    <points frame="201" outside="0" occluded="0" keyframe="0" points="725.50,571.50" z_order="0">
    </points>
    <points frame="202" outside="0" occluded="0" keyframe="0" points="725.50,571.50" z_order="0">
    </points>
  </track>
  <track id="1" label="M" source="manual">
    <points frame="79" outside="0" occluded="0" keyframe="1" points="443.91,635.46" z_order="0">
    </points>
    <points frame="80" outside="0" occluded="0" keyframe="0" points="444.23,635.71" z_order="0">
    </points>
    <points frame="81" outside="0" occluded="0" keyframe="0" points="444.54,635.97" z_order="0">
    </points>
    <points frame="82" outside="0" occluded="0" keyframe="0" points="444.86,636.22" z_order="0">
    </points>
    <points frame="83" outside="0" occluded="0" keyframe="0" points="445.17,636.47" z_order="0">
    </points>
    <points frame="84" outside="0" occluded="0" keyframe="0" points="445.48,636.72" z_order="0">
    </points>
    <points frame="85" outside="0" occluded="0" keyframe="0" points="445.80,636.97" z_order="0">
    </points>
    <points frame="86" outside="0" occluded="0" keyframe="0" points="446.11,637.23" z_order="0">
    </points>
    <points frame="87" outside="0" occluded="0" keyframe="0" points="446.43,637.48" z_order="0">
    </points>
    <points frame="88" outside="0" occluded="0" keyframe="0" points="446.74,637.73" z_order="0">
    </points>
    <points frame="89" outside="0" occluded="0" keyframe="0" points="447.06,637.98" z_order="0">
    </points>
    <points frame="90" outside="0" occluded="0" keyframe="0" points="447.37,638.23" z_order="0">
    </points>
    <points frame="91" outside="0" occluded="0" keyframe="0" points="447.68,638.48" z_order="0">
    </points>
    <points frame="92" outside="0" occluded="0" keyframe="0" points="448.00,638.74" z_order="0">
    </points>
    <points frame="93" outside="0" occluded="0" keyframe="0" points="448.31,638.99" z_order="0">
    </points>
    <points frame="94" outside="0" occluded="0" keyframe="0" points="448.63,639.24" z_order="0">
    </points>
    <points frame="95" outside="0" occluded="0" keyframe="0" points="448.94,639.49" z_order="0">
    </points>
    <points frame="96" outside="0" occluded="0" keyframe="0" points="449.26,639.74" z_order="0">
    </points>
    <points frame="97" outside="0" occluded="0" keyframe="0" points="449.57,640.00" z_order="0">
    </points>
    <points frame="98" outside="0" occluded="0" keyframe="0" points="449.89,640.25" z_order="0">
    </points>
    <points frame="99" outside="0" occluded="0" keyframe="1" points="450.20,640.50" z_order="0">
    </points>
    <points frame="100" outside="0" occluded="0" keyframe="0" points="450.70,640.63" z_order="0">
    </points>
    <points frame="101" outside="0" occluded="0" keyframe="0" points="451.20,640.76" z_order="0">
    </points>
    <points frame="102" outside="0" occluded="0" keyframe="0" points="451.70,640.89" z_order="0">
    </points>
    <points frame="103" outside="0" occluded="0" keyframe="0" points="452.20,641.02" z_order="0">
    </points>
    <points frame="104" outside="0" occluded="0" keyframe="0" points="452.70,641.15" z_order="0">
    </points>
    <points frame="105" outside="0" occluded="0" keyframe="0" points="453.20,641.28" z_order="0">
    </points>
    <points frame="106" outside="0" occluded="0" keyframe="0" points="453.70,641.41" z_order="0">
    </points>
    <points frame="107" outside="0" occluded="0" keyframe="0" points="454.20,641.54" z_order="0">
    </points>
    <points frame="108" outside="0" occluded="0" keyframe="0" points="454.70,641.67" z_order="0">
    </points>
    <points frame="109" outside="0" occluded="0" keyframe="1" points="455.20,641.80" z_order="0">
    </points>
    <points frame="110" outside="0" occluded="0" keyframe="0" points="454.45,641.67" z_order="0">
    </points>
    <points frame="111" outside="0" occluded="0" keyframe="0" points="453.70,641.54" z_order="0">
    </points>
    <points frame="112" outside="0" occluded="0" keyframe="0" points="452.95,641.41" z_order="0">
    </points>
    <points frame="113" outside="0" occluded="0" keyframe="0" points="452.20,641.28" z_order="0">
    </points>
    <points frame="114" outside="0" occluded="0" keyframe="0" points="451.45,641.15" z_order="0">
    </points>
    <points frame="115" outside="0" occluded="0" keyframe="0" points="450.70,641.02" z_order="0">
    </points>
    <points frame="116" outside="0" occluded="0" keyframe="0" points="449.95,640.89" z_order="0">
    </points>
    <points frame="117" outside="0" occluded="0" keyframe="0" points="449.20,640.76" z_order="0">
    </points>
    <points frame="118" outside="0" occluded="0" keyframe="0" points="448.45,640.63" z_order="0">
    </points>
    <points frame="119" outside="0" occluded="0" keyframe="1" points="447.70,640.50" z_order="0">
    </points>
    <points frame="120" outside="0" occluded="0" keyframe="0" points="447.66,640.33" z_order="0">
    </points>
    <points frame="121" outside="0" occluded="0" keyframe="0" points="447.61,640.17" z_order="0">
    </points>
    <points frame="122" outside="0" occluded="0" keyframe="0" points="447.57,640.00" z_order="0">
    </points>
    <points frame="123" outside="0" occluded="0" keyframe="0" points="447.53,639.83" z_order="0">
    </points>
    <points frame="124" outside="0" occluded="0" keyframe="0" points="447.48,639.67" z_order="0">
    </points>
    <points frame="125" outside="0" occluded="0" keyframe="0" points="447.44,639.50" z_order="0">
    </points>
    <points frame="126" outside="0" occluded="0" keyframe="0" points="447.40,639.33" z_order="0">
    </points>
    <points frame="127" outside="0" occluded="0" keyframe="0" points="447.35,639.17" z_order="0">
    </points>
    <points frame="128" outside="0" occluded="0" keyframe="0" points="447.31,639.00" z_order="0">
    </points>
    <points frame="129" outside="0" occluded="0" keyframe="0" points="447.27,638.83" z_order="0">
    </points>
    <points frame="130" outside="0" occluded="0" keyframe="0" points="447.22,638.67" z_order="0">
    </points>
    <points frame="131" outside="0" occluded="0" keyframe="0" points="447.18,638.50" z_order="0">
    </points>
    <points frame="132" outside="0" occluded="0" keyframe="0" points="447.14,638.33" z_order="0">
    </points>
    <points frame="133" outside="0" occluded="0" keyframe="0" points="447.09,638.17" z_order="0">
    </points>
    <points frame="134" outside="0" occluded="0" keyframe="0" points="447.05,638.00" z_order="0">
    </points>
    <points frame="135" outside="0" occluded="0" keyframe="0" points="447.01,637.83" z_order="0">
    </points>
    <points frame="136" outside="0" occluded="0" keyframe="0" points="446.96,637.67" z_order="0">
    </points>
    <points frame="137" outside="0" occluded="0" keyframe="0" points="446.92,637.50" z_order="0">
    </points>
    <points frame="138" outside="0" occluded="0" keyframe="0" points="446.88,637.33" z_order="0">
    </points>
    <points frame="139" outside="0" occluded="0" keyframe="0" points="446.83,637.17" z_order="0">
    </points>
    <points frame="140" outside="0" occluded="0" keyframe="0" points="446.79,637.00" z_order="0">
    </points>
    <points frame="141" outside="0" occluded="0" keyframe="0" points="446.75,636.83" z_order="0">
    </points>
    <points frame="142" outside="0" occluded="0" keyframe="0" points="446.70,636.67" z_order="0">
    </points>
    <points frame="143" outside="0" occluded="0" keyframe="0" points="446.66,636.50" z_order="0">
    </points>
    <points frame="144" outside="0" occluded="0" keyframe="0" points="446.62,636.33" z_order="0">
    </points>
    <points frame="145" outside="0" occluded="0" keyframe="0" points="446.57,636.17" z_order="0">
    </points>
    <points frame="146" outside="0" occluded="0" keyframe="0" points="446.53,636.00" z_order="0">
    </points>
    <points frame="147" outside="0" occluded="0" keyframe="0" points="446.49,635.83" z_order="0">
    </points>
    <points frame="148" outside="0" occluded="0" keyframe="0" points="446.44,635.67" z_order="0">
    </points>
    <points frame="149" outside="0" occluded="0" keyframe="1" points="446.40,635.50" z_order="0">
    </points>
    <points frame="150" outside="0" occluded="0" keyframe="0" points="446.78,636.00" z_order="0">
    </points>
    <points frame="151" outside="0" occluded="0" keyframe="0" points="447.15,636.50" z_order="0">
    </points>
    <points frame="152" outside="0" occluded="0" keyframe="0" points="447.53,637.00" z_order="0">
    </points>
    <points frame="153" outside="0" occluded="0" keyframe="0" points="447.90,637.50" z_order="0">
    </points>
    <points frame="154" outside="0" occluded="0" keyframe="0" points="448.28,638.00" z_order="0">
    </points>
    <points frame="155" outside="0" occluded="0" keyframe="0" points="448.65,638.50" z_order="0">
    </points>
    <points frame="156" outside="0" occluded="0" keyframe="0" points="449.03,639.00" z_order="0">
    </points>
    <points frame="157" outside="0" occluded="0" keyframe="0" points="449.40,639.50" z_order="0">
    </points>
    <points frame="158" outside="0" occluded="0" keyframe="0" points="449.78,640.00" z_order="0">
    </points>
    <points frame="159" outside="0" occluded="0" keyframe="0" points="450.15,640.50" z_order="0">
    </points>
    <points frame="160" outside="0" occluded="0" keyframe="0" points="450.53,641.00" z_order="0">
    </points>
    <points frame="161" outside="0" occluded="0" keyframe="0" points="450.90,641.50" z_order="0">
    </points>
    <points frame="162" outside="0" occluded="0" keyframe="0" points="451.28,642.00" z_order="0">
    </points>
    <points frame="163" outside="0" occluded="0" keyframe="0" points="451.65,642.50" z_order="0">
    </points>
    <points frame="164" outside="0" occluded="0" keyframe="0" points="452.03,643.00" z_order="0">
    </points>
    <points frame="165" outside="0" occluded="0" keyframe="0" points="452.40,643.50" z_order="0">
    </points>
    <points frame="166" outside="0" occluded="0" keyframe="0" points="452.78,644.00" z_order="0">
    </points>
    <points frame="167" outside="0" occluded="0" keyframe="0" points="453.15,644.50" z_order="0">
    </points>
    <points frame="168" outside="0" occluded="0" keyframe="0" points="453.53,645.00" z_order="0">
    </points>
    <points frame="169" outside="0" occluded="0" keyframe="1" points="453.90,645.50" z_order="0">
    </points>
    <points frame="170" outside="0" occluded="0" keyframe="0" points="454.65,645.37" z_order="0">
    </points>
    <points frame="171" outside="0" occluded="0" keyframe="0" points="455.40,645.24" z_order="0">
    </points>
    <points frame="172" outside="0" occluded="0" keyframe="0" points="456.15,645.11" z_order="0">
    </points>
    <points frame="173" outside="0" occluded="0" keyframe="0" points="456.90,644.98" z_order="0">
    </points>
    <points frame="174" outside="0" occluded="0" keyframe="0" points="457.65,644.85" z_order="0">
    </points>
    <points frame="175" outside="0" occluded="0" keyframe="0" points="458.40,644.72" z_order="0">
    </points>
    <points frame="176" outside="0" occluded="0" keyframe="0" points="459.15,644.59" z_order="0">
    </points>
    <points frame="177" outside="0" occluded="0" keyframe="0" points="459.90,644.46" z_order="0">
    </points>
    <points frame="178" outside="0" occluded="0" keyframe="0" points="460.65,644.33" z_order="0">
    </points>
    <points frame="179" outside="0" occluded="0" keyframe="1" points="461.40,644.20" z_order="0">
    </points>
    <points frame="180" outside="0" occluded="0" keyframe="0" points="460.90,644.08" z_order="0">
    </points>
    <points frame="181" outside="0" occluded="0" keyframe="0" points="460.40,643.95" z_order="0">
    </points>
    <points frame="182" outside="0" occluded="0" keyframe="0" points="459.90,643.83" z_order="0">
    </points>
    <points frame="183" outside="0" occluded="0" keyframe="0" points="459.40,643.70" z_order="0">
    </points>
    <points frame="184" outside="0" occluded="0" keyframe="0" points="458.90,643.58" z_order="0">
    </points>
    <points frame="185" outside="0" occluded="0" keyframe="0" points="458.40,643.45" z_order="0">
    </points>
    <points frame="186" outside="0" occluded="0" keyframe="0" points="457.90,643.33" z_order="0">
    </points>
    <points frame="187" outside="0" occluded="0" keyframe="0" points="457.40,643.20" z_order="0">
    </points>
    <points frame="188" outside="0" occluded="0" keyframe="0" points="456.90,643.08" z_order="0">
    </points>
    <points frame="189" outside="0" occluded="0" keyframe="0" points="456.40,642.95" z_order="0">
    </points>
    <points frame="190" outside="0" occluded="0" keyframe="0" points="455.90,642.83" z_order="0">
    </points>
    <points frame="191" outside="0" occluded="0" keyframe="0" points="455.40,642.70" z_order="0">
    </points>
    <points frame="192" outside="0" occluded="0" keyframe="0" points="454.90,642.58" z_order="0">
    </points>
    <points frame="193" outside="0" occluded="0" keyframe="0" points="454.40,642.45" z_order="0">
    </points>
    <points frame="194" outside="0" occluded="0" keyframe="0" points="453.90,642.33" z_order="0">
    </points>
    <points frame="195" outside="0" occluded="0" keyframe="0" points="453.40,642.20" z_order="0">
    </points>
    <points frame="196" outside="0" occluded="0" keyframe="0" points="452.90,642.08" z_order="0">
    </points>
    <points frame="197" outside="0" occluded="0" keyframe="0" points="452.40,641.95" z_order="0">
    </points>
    <points frame="198" outside="0" occluded="0" keyframe="0" points="451.90,641.83" z_order="0">
    </points>
    <points frame="199" outside="0" occluded="0" keyframe="1" points="451.40,641.70" z_order="0">
    </points>
    <points frame="200" outside="0" occluded="0" keyframe="0" points="450.97,636.70" z_order="0">
    </points>
    <points frame="201" outside="0" occluded="0" keyframe="0" points="450.53,631.70" z_order="0">
    </points>
    <points frame="202" outside="0" occluded="0" keyframe="1" points="450.10,626.70" z_order="0">
    </points>
  </track>
</annotations>
