<?xml version="1.0" encoding="utf-8"?>
<annotations>
  <version>1.1</version>
  <meta>
    <task>
      <id>94</id>
      <name>D07_5ML-L0-8</name>
      <size>598</size>
      <mode>interpolation</mode>
      <overlap>5</overlap>
      <bugtracker></bugtracker>
      <created>2021-11-20 02:50:13.604545+00:00</created>
      <updated>2021-11-20 15:46:26.409901+00:00</updated>
      <subset>default</subset>
      <start_frame>0</start_frame>
      <stop_frame>597</stop_frame>
      <frame_filter></frame_filter>
      <segments>
        <segment>
          <id>93</id>
          <start>0</start>
          <stop>597</stop>
          <url>http://localhost:8080/?id=93</url>
        </segment>
      </segments>
      <owner>
        <username>hubertachan</username>
        <email>hubertachan@gmail.com</email>
      </owner>
      <assignee></assignee>
      <labels>
        <label>
          <name>HB</name>
          <color>#3b0c73</color>
          <attributes>
          </attributes>
        </label>
        <label>
          <name>M</name>
          <color>#ff355e</color>
          <attributes>
          </attributes>
        </label>
      </labels>
      <original_size>
        <width>1068</width>
        <height>800</height>
      </original_size>
    </task>
    <dumped>2021-11-20 15:46:29.525173+00:00</dumped>
    <source>D07_5ML-L0-8.avi</source>
  </meta>
  <track id="0" label="HB" source="manual">
    <points frame="392" outside="0" occluded="0" keyframe="1" points="666.27,579.14" z_order="0">
    </points>
    <points frame="393" outside="0" occluded="0" keyframe="0" points="667.46,578.68" z_order="0">
    </points>
    <points frame="394" outside="0" occluded="0" keyframe="0" points="668.64,578.22" z_order="0">
    </points>
    <points frame="395" outside="0" occluded="0" keyframe="0" points="669.83,577.76" z_order="0">
    </points>
    <points frame="396" outside="0" occluded="0" keyframe="0" points="671.02,577.29" z_order="0">
    </points>
    <points frame="397" outside="0" occluded="0" keyframe="0" points="672.20,576.83" z_order="0">
    </points>
    <points frame="398" outside="0" occluded="0" keyframe="0" points="673.39,576.37" z_order="0">
    </points>
    <points frame="399" outside="0" occluded="0" keyframe="0" points="674.58,575.91" z_order="0">
    </points>
    <points frame="400" outside="0" occluded="0" keyframe="0" points="675.76,575.44" z_order="0">
    </points>
    <points frame="401" outside="0" occluded="0" keyframe="0" points="676.95,574.98" z_order="0">
    </points>
    <points frame="402" outside="0" occluded="0" keyframe="0" points="678.14,574.52" z_order="0">
    </points>
    <points frame="403" outside="0" occluded="0" keyframe="0" points="679.32,574.06" z_order="0">
    </points>
    <points frame="404" outside="0" occluded="0" keyframe="0" points="680.51,573.60" z_order="0">
    </points>
    <points frame="405" outside="0" occluded="0" keyframe="0" points="681.69,573.13" z_order="0">
    </points>
    <points frame="406" outside="0" occluded="0" keyframe="0" points="682.88,572.67" z_order="0">
    </points>
    <points frame="407" outside="0" occluded="0" keyframe="0" points="684.07,572.21" z_order="0">
    </points>
    <points frame="408" outside="0" occluded="0" keyframe="0" points="685.25,571.75" z_order="0">
    </points>
    <points frame="409" outside="0" occluded="0" keyframe="0" points="686.44,571.29" z_order="0">
    </points>
    <points frame="410" outside="0" occluded="0" keyframe="0" points="687.63,570.82" z_order="0">
    </points>
    <points frame="411" outside="0" occluded="0" keyframe="0" points="688.81,570.36" z_order="0">
    </points>
    <points frame="412" outside="0" occluded="0" keyframe="1" points="690.00,569.90" z_order="0">
    </points>
    <points frame="413" outside="0" occluded="0" keyframe="0" points="687.76,569.37" z_order="0">
    </points>
    <points frame="414" outside="0" occluded="0" keyframe="0" points="685.52,568.84" z_order="0">
    </points>
    <points frame="415" outside="0" occluded="0" keyframe="0" points="683.28,568.31" z_order="0">
    </points>
    <points frame="416" outside="0" occluded="0" keyframe="0" points="681.04,567.78" z_order="0">
    </points>
    <points frame="417" outside="0" occluded="0" keyframe="0" points="678.80,567.25" z_order="0">
    </points>
    <points frame="418" outside="0" occluded="0" keyframe="0" points="676.56,566.72" z_order="0">
    </points>
    <points frame="419" outside="0" occluded="0" keyframe="0" points="674.32,566.19" z_order="0">
    </points>
    <points frame="420" outside="0" occluded="0" keyframe="0" points="672.08,565.66" z_order="0">
    </points>
    <points frame="421" outside="0" occluded="0" keyframe="0" points="669.84,565.13" z_order="0">
    </points>
    <points frame="422" outside="0" occluded="0" keyframe="1" points="667.60,564.60" z_order="0">
    </points>
    <points frame="423" outside="0" occluded="0" keyframe="0" points="670.50,564.73" z_order="0">
    </points>
    <points frame="424" outside="0" occluded="0" keyframe="0" points="673.40,564.86" z_order="0">
    </points>
    <points frame="425" outside="0" occluded="0" keyframe="0" points="676.30,564.99" z_order="0">
    </points>
    <points frame="426" outside="0" occluded="0" keyframe="0" points="679.20,565.12" z_order="0">
    </points>
    <points frame="427" outside="0" occluded="0" keyframe="0" points="682.10,565.25" z_order="0">
    </points>
    <points frame="428" outside="0" occluded="0" keyframe="0" points="685.00,565.38" z_order="0">
    </points>
    <points frame="429" outside="0" occluded="0" keyframe="0" points="687.90,565.51" z_order="0">
    </points>
    <points frame="430" outside="0" occluded="0" keyframe="0" points="690.80,565.64" z_order="0">
    </points>
    <points frame="431" outside="0" occluded="0" keyframe="0" points="693.70,565.77" z_order="0">
    </points>
    <points frame="432" outside="0" occluded="0" keyframe="1" points="696.60,565.90" z_order="0">
    </points>
    <points frame="433" outside="0" occluded="0" keyframe="0" points="696.34,565.90" z_order="0">
    </points>
    <points frame="434" outside="0" occluded="0" keyframe="0" points="696.08,565.90" z_order="0">
    </points>
    <points frame="435" outside="0" occluded="0" keyframe="0" points="695.82,565.90" z_order="0">
    </points>
    <points frame="436" outside="0" occluded="0" keyframe="0" points="695.56,565.90" z_order="0">
    </points>
    <points frame="437" outside="0" occluded="0" keyframe="0" points="695.30,565.90" z_order="0">
    </points>
    <points frame="438" outside="0" occluded="0" keyframe="0" points="695.04,565.90" z_order="0">
    </points>
    <points frame="439" outside="0" occluded="0" keyframe="0" points="694.78,565.90" z_order="0">
    </points>
    <points frame="440" outside="0" occluded="0" keyframe="0" points="694.52,565.90" z_order="0">
    </points>
    <points frame="441" outside="0" occluded="0" keyframe="0" points="694.26,565.90" z_order="0">
    </points>
    <points frame="442" outside="0" occluded="0" keyframe="1" points="694.00,565.90" z_order="0">
    </points>
    <points frame="443" outside="0" occluded="0" keyframe="0" points="695.72,565.90" z_order="0">
    </points>
    <points frame="444" outside="0" occluded="0" keyframe="0" points="697.44,565.90" z_order="0">
    </points>
    <points frame="445" outside="0" occluded="0" keyframe="0" points="699.16,565.90" z_order="0">
    </points>
    <points frame="446" outside="0" occluded="0" keyframe="0" points="700.88,565.90" z_order="0">
    </points>
    <points frame="447" outside="0" occluded="0" keyframe="0" points="702.60,565.90" z_order="0">
    </points>
    <points frame="448" outside="0" occluded="0" keyframe="0" points="704.32,565.90" z_order="0">
    </points>
    <points frame="449" outside="0" occluded="0" keyframe="0" points="706.04,565.90" z_order="0">
    </points>
    <points frame="450" outside="0" occluded="0" keyframe="0" points="707.76,565.90" z_order="0">
    </points>
    <points frame="451" outside="0" occluded="0" keyframe="0" points="709.48,565.90" z_order="0">
    </points>
    <points frame="452" outside="0" occluded="0" keyframe="1" points="711.20,565.90" z_order="0">
    </points>
    <points frame="453" outside="0" occluded="0" keyframe="0" points="711.86,565.90" z_order="0">
    </points>
    <points frame="454" outside="0" occluded="0" keyframe="0" points="712.52,565.90" z_order="0">
    </points>
    <points frame="455" outside="0" occluded="0" keyframe="0" points="713.18,565.90" z_order="0">
    </points>
    <points frame="456" outside="0" occluded="0" keyframe="0" points="713.84,565.90" z_order="0">
    </points>
    <points frame="457" outside="0" occluded="0" keyframe="0" points="714.50,565.90" z_order="0">
    </points>
    <points frame="458" outside="0" occluded="0" keyframe="0" points="715.16,565.90" z_order="0">
    </points>
    <points frame="459" outside="0" occluded="0" keyframe="0" points="715.82,565.90" z_order="0">
    </points>
    <points frame="460" outside="0" occluded="0" keyframe="0" points="716.48,565.90" z_order="0">
    </points>
    <points frame="461" outside="0" occluded="0" keyframe="0" points="717.14,565.90" z_order="0">
    </points>
    <points frame="462" outside="0" occluded="0" keyframe="1" points="717.80,565.90" z_order="0">
    </points>
    <points frame="463" outside="0" occluded="0" keyframe="0" points="716.48,565.90" z_order="0">
    </points>
    <points frame="464" outside="0" occluded="0" keyframe="0" points="715.16,565.90" z_order="0">
    </points>
    <points frame="465" outside="0" occluded="0" keyframe="0" points="713.84,565.90" z_order="0">
    </points>
    <points frame="466" outside="0" occluded="0" keyframe="0" points="712.52,565.90" z_order="0">
    </points>
    <points frame="467" outside="0" occluded="0" keyframe="0" points="711.20,565.90" z_order="0">
    </points>
    <points frame="468" outside="0" occluded="0" keyframe="0" points="709.88,565.90" z_order="0">
    </points>
    <points frame="469" outside="0" occluded="0" keyframe="0" points="708.56,565.90" z_order="0">
    </points>
    <points frame="470" outside="0" occluded="0" keyframe="0" points="707.24,565.90" z_order="0">
    </points>
    <points frame="471" outside="0" occluded="0" keyframe="0" points="705.92,565.90" z_order="0">
    </points>
    <points frame="472" outside="0" occluded="0" keyframe="1" points="704.60,565.90" z_order="0">
    </points>
    <points frame="473" outside="0" occluded="0" keyframe="0" points="703.15,565.77" z_order="0">
    </points>
    <points frame="474" outside="0" occluded="0" keyframe="0" points="701.70,565.64" z_order="0">
    </points>
    <points frame="475" outside="0" occluded="0" keyframe="0" points="700.25,565.51" z_order="0">
    </points>
    <points frame="476" outside="0" occluded="0" keyframe="0" points="698.80,565.38" z_order="0">
    </points>
    <points frame="477" outside="0" occluded="0" keyframe="0" points="697.35,565.25" z_order="0">
    </points>
    <points frame="478" outside="0" occluded="0" keyframe="0" points="695.90,565.12" z_order="0">
    </points>
    <points frame="479" outside="0" occluded="0" keyframe="0" points="694.45,564.99" z_order="0">
    </points>
    <points frame="480" outside="0" occluded="0" keyframe="0" points="693.00,564.86" z_order="0">
    </points>
    <points frame="481" outside="0" occluded="0" keyframe="0" points="691.55,564.73" z_order="0">
    </points>
    <points frame="482" outside="0" occluded="0" keyframe="1" points="690.10,564.60" z_order="0">
    </points>
    <points frame="483" outside="0" occluded="0" keyframe="0" points="687.63,562.63" z_order="0">
    </points>
    <points frame="484" outside="0" occluded="0" keyframe="0" points="685.17,560.67" z_order="0">
    </points>
    <points frame="485" outside="0" occluded="0" keyframe="1" points="682.70,558.70" z_order="0">
    </points>
    <points frame="486" outside="0" occluded="0" keyframe="1" points="692.30,558.00" z_order="0">
    </points>
    <points frame="487" outside="0" occluded="0" keyframe="1" points="688.90,555.80" z_order="0">
    </points>
    <points frame="488" outside="0" occluded="0" keyframe="0" points="680.70,553.60" z_order="0">
    </points>
    <points frame="489" outside="0" occluded="0" keyframe="0" points="672.50,551.40" z_order="0">
    </points>
    <points frame="490" outside="0" occluded="0" keyframe="0" points="664.30,549.20" z_order="0">
    </points>
    <points frame="491" outside="0" occluded="0" keyframe="0" points="656.10,547.00" z_order="0">
    </points>
    <points frame="492" outside="0" occluded="0" keyframe="1" points="647.90,544.80" z_order="0">
    </points>
    <points frame="493" outside="0" occluded="0" keyframe="0" points="653.58,546.38" z_order="0">
    </points>
    <points frame="494" outside="0" occluded="0" keyframe="0" points="659.26,547.96" z_order="0">
    </points>
    <points frame="495" outside="0" occluded="0" keyframe="0" points="664.94,549.54" z_order="0">
    </points>
    <points frame="496" outside="0" occluded="0" keyframe="0" points="670.62,551.12" z_order="0">
    </points>
    <points frame="497" outside="0" occluded="0" keyframe="0" points="676.30,552.70" z_order="0">
    </points>
    <points frame="498" outside="0" occluded="0" keyframe="0" points="681.98,554.28" z_order="0">
    </points>
    <points frame="499" outside="0" occluded="0" keyframe="0" points="687.66,555.86" z_order="0">
    </points>
    <points frame="500" outside="0" occluded="0" keyframe="0" points="693.34,557.44" z_order="0">
    </points>
    <points frame="501" outside="0" occluded="0" keyframe="0" points="699.02,559.02" z_order="0">
    </points>
    <points frame="502" outside="0" occluded="0" keyframe="1" points="704.70,560.60" z_order="0">
    </points>
    <points frame="503" outside="0" occluded="0" keyframe="0" points="704.30,560.60" z_order="0">
    </points>
    <points frame="504" outside="0" occluded="0" keyframe="0" points="703.90,560.60" z_order="0">
    </points>
    <points frame="505" outside="0" occluded="0" keyframe="0" points="703.50,560.60" z_order="0">
    </points>
    <points frame="506" outside="0" occluded="0" keyframe="0" points="703.10,560.60" z_order="0">
    </points>
    <points frame="507" outside="0" occluded="0" keyframe="0" points="702.70,560.60" z_order="0">
    </points>
    <points frame="508" outside="0" occluded="0" keyframe="0" points="702.30,560.60" z_order="0">
    </points>
    <points frame="509" outside="0" occluded="0" keyframe="0" points="701.90,560.60" z_order="0">
    </points>
    <points frame="510" outside="0" occluded="0" keyframe="0" points="701.50,560.60" z_order="0">
    </points>
    <points frame="511" outside="0" occluded="0" keyframe="0" points="701.10,560.60" z_order="0">
    </points>
    <points frame="512" outside="0" occluded="0" keyframe="1" points="700.70,560.60" z_order="0">
    </points>
    <points frame="513" outside="0" occluded="0" keyframe="0" points="702.95,559.15" z_order="0">
    </points>
    <points frame="514" outside="0" occluded="0" keyframe="0" points="705.20,557.70" z_order="0">
    </points>
    <points frame="515" outside="0" occluded="0" keyframe="0" points="707.45,556.25" z_order="0">
    </points>
    <points frame="516" outside="0" occluded="0" keyframe="1" points="709.70,554.80" z_order="0">
    </points>
    <points frame="517" outside="0" occluded="0" keyframe="0" points="710.17,553.37" z_order="0">
    </points>
    <points frame="518" outside="0" occluded="0" keyframe="0" points="710.63,551.93" z_order="0">
    </points>
    <points frame="519" outside="0" occluded="0" keyframe="1" points="711.10,550.50" z_order="0">
    </points>
    <points frame="520" outside="0" occluded="0" keyframe="0" points="701.90,549.03" z_order="0">
    </points>
    <points frame="521" outside="0" occluded="0" keyframe="0" points="692.70,547.57" z_order="0">
    </points>
    <points frame="522" outside="0" occluded="0" keyframe="1" points="683.50,546.10" z_order="0">
    </points>
    <points frame="523" outside="0" occluded="0" keyframe="1" points="674.00,546.80" z_order="0">
    </points>
    <points frame="524" outside="0" occluded="0" keyframe="1" points="667.00,546.10" z_order="0">
    </points>
    <points frame="525" outside="0" occluded="0" keyframe="0" points="670.39,546.93" z_order="0">
    </points>
    <points frame="526" outside="0" occluded="0" keyframe="0" points="673.78,547.75" z_order="0">
    </points>
    <points frame="527" outside="0" occluded="0" keyframe="0" points="677.16,548.58" z_order="0">
    </points>
    <points frame="528" outside="0" occluded="0" keyframe="0" points="680.55,549.40" z_order="0">
    </points>
    <points frame="529" outside="0" occluded="0" keyframe="0" points="683.94,550.23" z_order="0">
    </points>
    <points frame="530" outside="0" occluded="0" keyframe="0" points="687.33,551.05" z_order="0">
    </points>
    <points frame="531" outside="0" occluded="0" keyframe="0" points="690.71,551.88" z_order="0">
    </points>
    <points frame="532" outside="0" occluded="0" keyframe="1" points="694.10,552.70" z_order="0">
    </points>
    <points frame="533" outside="0" occluded="0" keyframe="0" points="695.42,553.10" z_order="0">
    </points>
    <points frame="534" outside="0" occluded="0" keyframe="0" points="696.74,553.50" z_order="0">
    </points>
    <points frame="535" outside="0" occluded="0" keyframe="0" points="698.06,553.90" z_order="0">
    </points>
    <points frame="536" outside="0" occluded="0" keyframe="0" points="699.38,554.30" z_order="0">
    </points>
    <points frame="537" outside="0" occluded="0" keyframe="0" points="700.70,554.70" z_order="0">
    </points>
    <points frame="538" outside="0" occluded="0" keyframe="0" points="702.02,555.10" z_order="0">
    </points>
    <points frame="539" outside="0" occluded="0" keyframe="0" points="703.34,555.50" z_order="0">
    </points>
    <points frame="540" outside="0" occluded="0" keyframe="0" points="704.66,555.90" z_order="0">
    </points>
    <points frame="541" outside="0" occluded="0" keyframe="0" points="705.98,556.30" z_order="0">
    </points>
    <points frame="542" outside="0" occluded="0" keyframe="1" points="707.30,556.70" z_order="0">
    </points>
    <points frame="543" outside="0" occluded="0" keyframe="0" points="706.77,556.70" z_order="0">
    </points>
    <points frame="544" outside="0" occluded="0" keyframe="0" points="706.24,556.70" z_order="0">
    </points>
    <points frame="545" outside="0" occluded="0" keyframe="0" points="705.71,556.70" z_order="0">
    </points>
    <points frame="546" outside="0" occluded="0" keyframe="0" points="705.18,556.70" z_order="0">
    </points>
    <points frame="547" outside="0" occluded="0" keyframe="0" points="704.65,556.70" z_order="0">
    </points>
    <points frame="548" outside="0" occluded="0" keyframe="0" points="704.12,556.70" z_order="0">
    </points>
    <points frame="549" outside="0" occluded="0" keyframe="0" points="703.59,556.70" z_order="0">
    </points>
    <points frame="550" outside="0" occluded="0" keyframe="0" points="703.06,556.70" z_order="0">
    </points>
    <points frame="551" outside="0" occluded="0" keyframe="0" points="702.53,556.70" z_order="0">
    </points>
    <points frame="552" outside="0" occluded="0" keyframe="1" points="702.00,556.70" z_order="0">
    </points>
    <points frame="553" outside="0" occluded="0" keyframe="0" points="703.45,557.49" z_order="0">
    </points>
    <points frame="554" outside="0" occluded="0" keyframe="0" points="704.90,558.28" z_order="0">
    </points>
    <points frame="555" outside="0" occluded="0" keyframe="0" points="706.35,559.07" z_order="0">
    </points>
    <points frame="556" outside="0" occluded="0" keyframe="0" points="707.80,559.86" z_order="0">
    </points>
    <points frame="557" outside="0" occluded="0" keyframe="0" points="709.25,560.65" z_order="0">
    </points>
    <points frame="558" outside="0" occluded="0" keyframe="0" points="710.70,561.44" z_order="0">
    </points>
    <points frame="559" outside="0" occluded="0" keyframe="0" points="712.15,562.23" z_order="0">
    </points>
    <points frame="560" outside="0" occluded="0" keyframe="0" points="713.60,563.02" z_order="0">
    </points>
    <points frame="561" outside="0" occluded="0" keyframe="0" points="715.05,563.81" z_order="0">
    </points>
    <points frame="562" outside="0" occluded="0" keyframe="1" points="716.50,564.60" z_order="0">
    </points>
    <points frame="563" outside="0" occluded="0" keyframe="0" points="715.05,564.47" z_order="0">
    </points>
    <points frame="564" outside="0" occluded="0" keyframe="0" points="713.60,564.34" z_order="0">
    </points>
    <points frame="565" outside="0" occluded="0" keyframe="0" points="712.15,564.21" z_order="0">
    </points>
    <points frame="566" outside="0" occluded="0" keyframe="0" points="710.70,564.08" z_order="0">
    </points>
    <points frame="567" outside="0" occluded="0" keyframe="0" points="709.25,563.95" z_order="0">
    </points>
    <points frame="568" outside="0" occluded="0" keyframe="0" points="707.80,563.82" z_order="0">
    </points>
    <points frame="569" outside="0" occluded="0" keyframe="0" points="706.35,563.69" z_order="0">
    </points>
    <points frame="570" outside="0" occluded="0" keyframe="0" points="704.90,563.56" z_order="0">
    </points>
    <points frame="571" outside="0" occluded="0" keyframe="0" points="703.45,563.43" z_order="0">
    </points>
    <points frame="572" outside="0" occluded="0" keyframe="1" points="702.00,563.30" z_order="0">
    </points>
    <points frame="573" outside="0" occluded="0" keyframe="0" points="701.34,563.30" z_order="0">
    </points>
    <points frame="574" outside="0" occluded="0" keyframe="0" points="700.68,563.30" z_order="0">
    </points>
    <points frame="575" outside="0" occluded="0" keyframe="0" points="700.02,563.30" z_order="0">
    </points>
    <points frame="576" outside="0" occluded="0" keyframe="0" points="699.36,563.30" z_order="0">
    </points>
    <points frame="577" outside="0" occluded="0" keyframe="0" points="698.70,563.30" z_order="0">
    </points>
    <points frame="578" outside="0" occluded="0" keyframe="0" points="698.04,563.30" z_order="0">
    </points>
    <points frame="579" outside="0" occluded="0" keyframe="0" points="697.38,563.30" z_order="0">
    </points>
    <points frame="580" outside="0" occluded="0" keyframe="0" points="696.72,563.30" z_order="0">
    </points>
    <points frame="581" outside="0" occluded="0" keyframe="0" points="696.06,563.30" z_order="0">
    </points>
    <points frame="582" outside="0" occluded="0" keyframe="1" points="695.40,563.30" z_order="0">
    </points>
    <points frame="583" outside="0" occluded="0" keyframe="0" points="695.53,563.30" z_order="0">
    </points>
    <points frame="584" outside="0" occluded="0" keyframe="0" points="695.66,563.30" z_order="0">
    </points>
    <points frame="585" outside="0" occluded="0" keyframe="0" points="695.79,563.30" z_order="0">
    </points>
    <points frame="586" outside="0" occluded="0" keyframe="0" points="695.92,563.30" z_order="0">
    </points>
    <points frame="587" outside="0" occluded="0" keyframe="0" points="696.05,563.30" z_order="0">
    </points>
    <points frame="588" outside="0" occluded="0" keyframe="0" points="696.18,563.30" z_order="0">
    </points>
    <points frame="589" outside="0" occluded="0" keyframe="0" points="696.31,563.30" z_order="0">
    </points>
    <points frame="590" outside="0" occluded="0" keyframe="0" points="696.44,563.30" z_order="0">
    </points>
    <points frame="591" outside="0" occluded="0" keyframe="0" points="696.57,563.30" z_order="0">
    </points>
    <points frame="592" outside="0" occluded="0" keyframe="1" points="696.70,563.30" z_order="0">
    </points>
    <points frame="593" outside="0" occluded="0" keyframe="0" points="696.96,563.30" z_order="0">
    </points>
    <points frame="594" outside="0" occluded="0" keyframe="0" points="697.22,563.30" z_order="0">
    </points>
    <points frame="595" outside="0" occluded="0" keyframe="0" points="697.48,563.30" z_order="0">
    </points>
    <points frame="596" outside="0" occluded="0" keyframe="0" points="697.74,563.30" z_order="0">
    </points>
    <points frame="597" outside="0" occluded="0" keyframe="1" points="698.00,563.30" z_order="0">
    </points>
  </track>
  <track id="1" label="M" source="manual">
    <points frame="33" outside="0" occluded="0" keyframe="1" points="456.17,617.23" z_order="0">
    </points>
    <points frame="34" outside="0" occluded="0" keyframe="0" points="456.17,618.81" z_order="0">
    </points>
    <points frame="35" outside="0" occluded="0" keyframe="0" points="456.18,620.40" z_order="0">
    </points>
    <points frame="36" outside="0" occluded="0" keyframe="0" points="456.18,621.99" z_order="0">
    </points>
    <points frame="37" outside="0" occluded="0" keyframe="0" points="456.18,623.58" z_order="0">
    </points>
    <points frame="38" outside="0" occluded="0" keyframe="0" points="456.19,625.16" z_order="0">
    </points>
    <points frame="39" outside="0" occluded="0" keyframe="0" points="456.19,626.75" z_order="0">
    </points>
    <points frame="40" outside="0" occluded="0" keyframe="0" points="456.19,628.34" z_order="0">
    </points>
    <points frame="41" outside="0" occluded="0" keyframe="0" points="456.19,629.93" z_order="0">
    </points>
    <points frame="42" outside="0" occluded="0" keyframe="0" points="456.20,631.51" z_order="0">
    </points>
    <points frame="43" outside="0" occluded="0" keyframe="1" points="456.20,633.10" z_order="0">
    </points>
    <points frame="44" outside="0" occluded="0" keyframe="0" points="456.60,632.84" z_order="0">
    </points>
    <points frame="45" outside="0" occluded="0" keyframe="0" points="457.00,632.58" z_order="0">
    </points>
    <points frame="46" outside="0" occluded="0" keyframe="0" points="457.40,632.32" z_order="0">
    </points>
    <points frame="47" outside="0" occluded="0" keyframe="0" points="457.80,632.06" z_order="0">
    </points>
    <points frame="48" outside="0" occluded="0" keyframe="0" points="458.20,631.80" z_order="0">
    </points>
    <points frame="49" outside="0" occluded="0" keyframe="0" points="458.60,631.54" z_order="0">
    </points>
    <points frame="50" outside="0" occluded="0" keyframe="0" points="459.00,631.28" z_order="0">
    </points>
    <points frame="51" outside="0" occluded="0" keyframe="0" points="459.40,631.02" z_order="0">
    </points>
    <points frame="52" outside="0" occluded="0" keyframe="0" points="459.80,630.76" z_order="0">
    </points>
    <points frame="53" outside="0" occluded="0" keyframe="1" points="460.20,630.50" z_order="0">
    </points>
    <points frame="54" outside="0" occluded="0" keyframe="0" points="459.14,630.50" z_order="0">
    </points>
    <points frame="55" outside="0" occluded="0" keyframe="0" points="458.08,630.50" z_order="0">
    </points>
    <points frame="56" outside="0" occluded="0" keyframe="0" points="457.02,630.50" z_order="0">
    </points>
    <points frame="57" outside="0" occluded="0" keyframe="0" points="455.96,630.50" z_order="0">
    </points>
    <points frame="58" outside="0" occluded="0" keyframe="0" points="454.90,630.50" z_order="0">
    </points>
    <points frame="59" outside="0" occluded="0" keyframe="0" points="453.84,630.50" z_order="0">
    </points>
    <points frame="60" outside="0" occluded="0" keyframe="0" points="452.78,630.50" z_order="0">
    </points>
    <points frame="61" outside="0" occluded="0" keyframe="0" points="451.72,630.50" z_order="0">
    </points>
    <points frame="62" outside="0" occluded="0" keyframe="0" points="450.66,630.50" z_order="0">
    </points>
    <points frame="63" outside="0" occluded="0" keyframe="1" points="449.60,630.50" z_order="0">
    </points>
    <points frame="64" outside="0" occluded="0" keyframe="0" points="449.34,630.37" z_order="0">
    </points>
    <points frame="65" outside="0" occluded="0" keyframe="0" points="449.08,630.24" z_order="0">
    </points>
    <points frame="66" outside="0" occluded="0" keyframe="0" points="448.82,630.11" z_order="0">
    </points>
    <points frame="67" outside="0" occluded="0" keyframe="0" points="448.56,629.98" z_order="0">
    </points>
    <points frame="68" outside="0" occluded="0" keyframe="0" points="448.30,629.85" z_order="0">
    </points>
    <points frame="69" outside="0" occluded="0" keyframe="0" points="448.04,629.72" z_order="0">
    </points>
    <points frame="70" outside="0" occluded="0" keyframe="0" points="447.78,629.59" z_order="0">
    </points>
    <points frame="71" outside="0" occluded="0" keyframe="0" points="447.52,629.46" z_order="0">
    </points>
    <points frame="72" outside="0" occluded="0" keyframe="0" points="447.26,629.33" z_order="0">
    </points>
    <points frame="73" outside="0" occluded="0" keyframe="1" points="447.00,629.20" z_order="0">
    </points>
    <points frame="74" outside="0" occluded="0" keyframe="0" points="447.00,630.39" z_order="0">
    </points>
    <points frame="75" outside="0" occluded="0" keyframe="0" points="447.00,631.58" z_order="0">
    </points>
    <points frame="76" outside="0" occluded="0" keyframe="0" points="447.00,632.77" z_order="0">
    </points>
    <points frame="77" outside="0" occluded="0" keyframe="0" points="447.00,633.96" z_order="0">
    </points>
    <points frame="78" outside="0" occluded="0" keyframe="0" points="447.00,635.15" z_order="0">
    </points>
    <points frame="79" outside="0" occluded="0" keyframe="0" points="447.00,636.34" z_order="0">
    </points>
    <points frame="80" outside="0" occluded="0" keyframe="0" points="447.00,637.53" z_order="0">
    </points>
    <points frame="81" outside="0" occluded="0" keyframe="0" points="447.00,638.72" z_order="0">
    </points>
    <points frame="82" outside="0" occluded="0" keyframe="0" points="447.00,639.91" z_order="0">
    </points>
    <points frame="83" outside="0" occluded="0" keyframe="1" points="447.00,641.10" z_order="0">
    </points>
    <points frame="84" outside="0" occluded="0" keyframe="0" points="448.72,640.31" z_order="0">
    </points>
    <points frame="85" outside="0" occluded="0" keyframe="0" points="450.44,639.52" z_order="0">
    </points>
    <points frame="86" outside="0" occluded="0" keyframe="0" points="452.16,638.73" z_order="0">
    </points>
    <points frame="87" outside="0" occluded="0" keyframe="0" points="453.88,637.94" z_order="0">
    </points>
    <points frame="88" outside="0" occluded="0" keyframe="0" points="455.60,637.15" z_order="0">
    </points>
    <points frame="89" outside="0" occluded="0" keyframe="0" points="457.32,636.36" z_order="0">
    </points>
    <points frame="90" outside="0" occluded="0" keyframe="0" points="459.04,635.57" z_order="0">
    </points>
    <points frame="91" outside="0" occluded="0" keyframe="0" points="460.76,634.78" z_order="0">
    </points>
    <points frame="92" outside="0" occluded="0" keyframe="0" points="462.48,633.99" z_order="0">
    </points>
    <points frame="93" outside="0" occluded="0" keyframe="1" points="464.20,633.20" z_order="0">
    </points>
    <points frame="94" outside="0" occluded="0" keyframe="0" points="463.80,633.73" z_order="0">
    </points>
    <points frame="95" outside="0" occluded="0" keyframe="0" points="463.40,634.26" z_order="0">
    </points>
    <points frame="96" outside="0" occluded="0" keyframe="0" points="463.00,634.79" z_order="0">
    </points>
    <points frame="97" outside="0" occluded="0" keyframe="0" points="462.60,635.32" z_order="0">
    </points>
    <points frame="98" outside="0" occluded="0" keyframe="0" points="462.20,635.85" z_order="0">
    </points>
    <points frame="99" outside="0" occluded="0" keyframe="0" points="461.80,636.38" z_order="0">
    </points>
    <points frame="100" outside="0" occluded="0" keyframe="0" points="461.40,636.91" z_order="0">
    </points>
    <points frame="101" outside="0" occluded="0" keyframe="0" points="461.00,637.44" z_order="0">
    </points>
    <points frame="102" outside="0" occluded="0" keyframe="0" points="460.60,637.97" z_order="0">
    </points>
    <points frame="103" outside="0" occluded="0" keyframe="1" points="460.20,638.50" z_order="0">
    </points>
    <points frame="104" outside="0" occluded="0" keyframe="0" points="460.20,638.24" z_order="0">
    </points>
    <points frame="105" outside="0" occluded="0" keyframe="0" points="460.20,637.98" z_order="0">
    </points>
    <points frame="106" outside="0" occluded="0" keyframe="0" points="460.20,637.72" z_order="0">
    </points>
    <points frame="107" outside="0" occluded="0" keyframe="0" points="460.20,637.46" z_order="0">
    </points>
    <points frame="108" outside="0" occluded="0" keyframe="0" points="460.20,637.20" z_order="0">
    </points>
    <points frame="109" outside="0" occluded="0" keyframe="0" points="460.20,636.94" z_order="0">
    </points>
    <points frame="110" outside="0" occluded="0" keyframe="0" points="460.20,636.68" z_order="0">
    </points>
    <points frame="111" outside="0" occluded="0" keyframe="0" points="460.20,636.42" z_order="0">
    </points>
    <points frame="112" outside="0" occluded="0" keyframe="0" points="460.20,636.16" z_order="0">
    </points>
    <points frame="113" outside="0" occluded="0" keyframe="1" points="460.20,635.90" z_order="0">
    </points>
    <points frame="114" outside="0" occluded="0" keyframe="0" points="459.67,636.43" z_order="0">
    </points>
    <points frame="115" outside="0" occluded="0" keyframe="0" points="459.14,636.96" z_order="0">
    </points>
    <points frame="116" outside="0" occluded="0" keyframe="0" points="458.61,637.49" z_order="0">
    </points>
    <points frame="117" outside="0" occluded="0" keyframe="0" points="458.08,638.02" z_order="0">
    </points>
    <points frame="118" outside="0" occluded="0" keyframe="0" points="457.55,638.55" z_order="0">
    </points>
    <points frame="119" outside="0" occluded="0" keyframe="0" points="457.02,639.08" z_order="0">
    </points>
    <points frame="120" outside="0" occluded="0" keyframe="0" points="456.49,639.61" z_order="0">
    </points>
    <points frame="121" outside="0" occluded="0" keyframe="0" points="455.96,640.14" z_order="0">
    </points>
    <points frame="122" outside="0" occluded="0" keyframe="0" points="455.43,640.67" z_order="0">
    </points>
    <points frame="123" outside="0" occluded="0" keyframe="1" points="454.90,641.20" z_order="0">
    </points>
    <points frame="124" outside="0" occluded="0" keyframe="0" points="455.30,640.80" z_order="0">
    </points>
    <points frame="125" outside="0" occluded="0" keyframe="0" points="455.70,640.40" z_order="0">
    </points>
    <points frame="126" outside="0" occluded="0" keyframe="0" points="456.10,640.00" z_order="0">
    </points>
    <points frame="127" outside="0" occluded="0" keyframe="0" points="456.50,639.60" z_order="0">
    </points>
    <points frame="128" outside="0" occluded="0" keyframe="0" points="456.90,639.20" z_order="0">
    </points>
    <points frame="129" outside="0" occluded="0" keyframe="0" points="457.30,638.80" z_order="0">
    </points>
    <points frame="130" outside="0" occluded="0" keyframe="0" points="457.70,638.40" z_order="0">
    </points>
    <points frame="131" outside="0" occluded="0" keyframe="0" points="458.10,638.00" z_order="0">
    </points>
    <points frame="132" outside="0" occluded="0" keyframe="0" points="458.50,637.60" z_order="0">
    </points>
    <points frame="133" outside="0" occluded="0" keyframe="1" points="458.90,637.20" z_order="0">
    </points>
    <points frame="134" outside="0" occluded="0" keyframe="0" points="458.64,637.20" z_order="0">
    </points>
    <points frame="135" outside="0" occluded="0" keyframe="0" points="458.38,637.20" z_order="0">
    </points>
    <points frame="136" outside="0" occluded="0" keyframe="0" points="458.12,637.20" z_order="0">
    </points>
    <points frame="137" outside="0" occluded="0" keyframe="0" points="457.86,637.20" z_order="0">
    </points>
    <points frame="138" outside="0" occluded="0" keyframe="0" points="457.60,637.20" z_order="0">
    </points>
    <points frame="139" outside="0" occluded="0" keyframe="0" points="457.34,637.20" z_order="0">
    </points>
    <points frame="140" outside="0" occluded="0" keyframe="0" points="457.08,637.20" z_order="0">
    </points>
    <points frame="141" outside="0" occluded="0" keyframe="0" points="456.82,637.20" z_order="0">
    </points>
    <points frame="142" outside="0" occluded="0" keyframe="0" points="456.56,637.20" z_order="0">
    </points>
    <points frame="143" outside="0" occluded="0" keyframe="1" points="456.30,637.20" z_order="0">
    </points>
    <points frame="144" outside="0" occluded="0" keyframe="0" points="456.56,636.67" z_order="0">
    </points>
    <points frame="145" outside="0" occluded="0" keyframe="0" points="456.82,636.14" z_order="0">
    </points>
    <points frame="146" outside="0" occluded="0" keyframe="0" points="457.08,635.61" z_order="0">
    </points>
    <points frame="147" outside="0" occluded="0" keyframe="0" points="457.34,635.08" z_order="0">
    </points>
    <points frame="148" outside="0" occluded="0" keyframe="0" points="457.60,634.55" z_order="0">
    </points>
    <points frame="149" outside="0" occluded="0" keyframe="0" points="457.86,634.02" z_order="0">
    </points>
    <points frame="150" outside="0" occluded="0" keyframe="0" points="458.12,633.49" z_order="0">
    </points>
    <points frame="151" outside="0" occluded="0" keyframe="0" points="458.38,632.96" z_order="0">
    </points>
    <points frame="152" outside="0" occluded="0" keyframe="0" points="458.64,632.43" z_order="0">
    </points>
    <points frame="153" outside="0" occluded="0" keyframe="1" points="458.90,631.90" z_order="0">
    </points>
    <points frame="154" outside="0" occluded="0" keyframe="0" points="458.79,631.86" z_order="0">
    </points>
    <points frame="155" outside="0" occluded="0" keyframe="0" points="458.68,631.81" z_order="0">
    </points>
    <points frame="156" outside="0" occluded="0" keyframe="0" points="458.57,631.77" z_order="0">
    </points>
    <points frame="157" outside="0" occluded="0" keyframe="0" points="458.46,631.73" z_order="0">
    </points>
    <points frame="158" outside="0" occluded="0" keyframe="0" points="458.35,631.68" z_order="0">
    </points>
    <points frame="159" outside="0" occluded="0" keyframe="0" points="458.24,631.64" z_order="0">
    </points>
    <points frame="160" outside="0" occluded="0" keyframe="0" points="458.13,631.60" z_order="0">
    </points>
    <points frame="161" outside="0" occluded="0" keyframe="0" points="458.02,631.55" z_order="0">
    </points>
    <points frame="162" outside="0" occluded="0" keyframe="0" points="457.91,631.51" z_order="0">
    </points>
    <points frame="163" outside="0" occluded="0" keyframe="0" points="457.80,631.47" z_order="0">
    </points>
    <points frame="164" outside="0" occluded="0" keyframe="0" points="457.69,631.42" z_order="0">
    </points>
    <points frame="165" outside="0" occluded="0" keyframe="0" points="457.58,631.38" z_order="0">
    </points>
    <points frame="166" outside="0" occluded="0" keyframe="0" points="457.47,631.34" z_order="0">
    </points>
    <points frame="167" outside="0" occluded="0" keyframe="0" points="457.36,631.29" z_order="0">
    </points>
    <points frame="168" outside="0" occluded="0" keyframe="0" points="457.25,631.25" z_order="0">
    </points>
    <points frame="169" outside="0" occluded="0" keyframe="0" points="457.14,631.21" z_order="0">
    </points>
    <points frame="170" outside="0" occluded="0" keyframe="0" points="457.03,631.16" z_order="0">
    </points>
    <points frame="171" outside="0" occluded="0" keyframe="0" points="456.92,631.12" z_order="0">
    </points>
    <points frame="172" outside="0" occluded="0" keyframe="0" points="456.81,631.08" z_order="0">
    </points>
    <points frame="173" outside="0" occluded="0" keyframe="0" points="456.70,631.03" z_order="0">
    </points>
    <points frame="174" outside="0" occluded="0" keyframe="0" points="456.59,630.99" z_order="0">
    </points>
    <points frame="175" outside="0" occluded="0" keyframe="0" points="456.48,630.95" z_order="0">
    </points>
    <points frame="176" outside="0" occluded="0" keyframe="0" points="456.37,630.90" z_order="0">
    </points>
    <points frame="177" outside="0" occluded="0" keyframe="0" points="456.26,630.86" z_order="0">
    </points>
    <points frame="178" outside="0" occluded="0" keyframe="0" points="456.15,630.82" z_order="0">
    </points>
    <points frame="179" outside="0" occluded="0" keyframe="0" points="456.04,630.77" z_order="0">
    </points>
    <points frame="180" outside="0" occluded="0" keyframe="0" points="455.93,630.73" z_order="0">
    </points>
    <points frame="181" outside="0" occluded="0" keyframe="0" points="455.82,630.69" z_order="0">
    </points>
    <points frame="182" outside="0" occluded="0" keyframe="0" points="455.71,630.64" z_order="0">
    </points>
    <points frame="183" outside="0" occluded="0" keyframe="0" points="455.60,630.60" z_order="0">
    </points>
    <points frame="184" outside="0" occluded="0" keyframe="0" points="455.49,630.56" z_order="0">
    </points>
    <points frame="185" outside="0" occluded="0" keyframe="0" points="455.38,630.51" z_order="0">
    </points>
    <points frame="186" outside="0" occluded="0" keyframe="0" points="455.27,630.47" z_order="0">
    </points>
    <points frame="187" outside="0" occluded="0" keyframe="0" points="455.16,630.43" z_order="0">
    </points>
    <points frame="188" outside="0" occluded="0" keyframe="0" points="455.05,630.38" z_order="0">
    </points>
    <points frame="189" outside="0" occluded="0" keyframe="0" points="454.94,630.34" z_order="0">
    </points>
    <points frame="190" outside="0" occluded="0" keyframe="0" points="454.83,630.30" z_order="0">
    </points>
    <points frame="191" outside="0" occluded="0" keyframe="0" points="454.72,630.25" z_order="0">
    </points>
    <points frame="192" outside="0" occluded="0" keyframe="0" points="454.61,630.21" z_order="0">
    </points>
    <points frame="193" outside="0" occluded="0" keyframe="0" points="454.50,630.17" z_order="0">
    </points>
    <points frame="194" outside="0" occluded="0" keyframe="0" points="454.39,630.12" z_order="0">
    </points>
    <points frame="195" outside="0" occluded="0" keyframe="0" points="454.28,630.08" z_order="0">
    </points>
    <points frame="196" outside="0" occluded="0" keyframe="0" points="454.17,630.04" z_order="0">
    </points>
    <points frame="197" outside="0" occluded="0" keyframe="0" points="454.06,629.99" z_order="0">
    </points>
    <points frame="198" outside="0" occluded="0" keyframe="0" points="453.95,629.95" z_order="0">
    </points>
    <points frame="199" outside="0" occluded="0" keyframe="0" points="453.84,629.91" z_order="0">
    </points>
    <points frame="200" outside="0" occluded="0" keyframe="0" points="453.73,629.86" z_order="0">
    </points>
    <points frame="201" outside="0" occluded="0" keyframe="0" points="453.62,629.82" z_order="0">
    </points>
    <points frame="202" outside="0" occluded="0" keyframe="0" points="453.51,629.78" z_order="0">
    </points>
    <points frame="203" outside="0" occluded="0" keyframe="0" points="453.40,629.73" z_order="0">
    </points>
    <points frame="204" outside="0" occluded="0" keyframe="0" points="453.29,629.69" z_order="0">
    </points>
    <points frame="205" outside="0" occluded="0" keyframe="0" points="453.18,629.65" z_order="0">
    </points>
    <points frame="206" outside="0" occluded="0" keyframe="0" points="453.07,629.60" z_order="0">
    </points>
    <points frame="207" outside="0" occluded="0" keyframe="0" points="452.96,629.56" z_order="0">
    </points>
    <points frame="208" outside="0" occluded="0" keyframe="0" points="452.85,629.52" z_order="0">
    </points>
    <points frame="209" outside="0" occluded="0" keyframe="0" points="452.74,629.47" z_order="0">
    </points>
    <points frame="210" outside="0" occluded="0" keyframe="0" points="452.63,629.43" z_order="0">
    </points>
    <points frame="211" outside="0" occluded="0" keyframe="0" points="452.52,629.39" z_order="0">
    </points>
    <points frame="212" outside="0" occluded="0" keyframe="0" points="452.41,629.34" z_order="0">
    </points>
    <points frame="213" outside="0" occluded="0" keyframe="1" points="452.30,629.30" z_order="0">
    </points>
    <points frame="214" outside="0" occluded="0" keyframe="0" points="451.51,630.22" z_order="0">
    </points>
    <points frame="215" outside="0" occluded="0" keyframe="0" points="450.72,631.14" z_order="0">
    </points>
    <points frame="216" outside="0" occluded="0" keyframe="0" points="449.93,632.06" z_order="0">
    </points>
    <points frame="217" outside="0" occluded="0" keyframe="0" points="449.14,632.98" z_order="0">
    </points>
    <points frame="218" outside="0" occluded="0" keyframe="0" points="448.35,633.90" z_order="0">
    </points>
    <points frame="219" outside="0" occluded="0" keyframe="0" points="447.56,634.82" z_order="0">
    </points>
    <points frame="220" outside="0" occluded="0" keyframe="0" points="446.77,635.74" z_order="0">
    </points>
    <points frame="221" outside="0" occluded="0" keyframe="0" points="445.98,636.66" z_order="0">
    </points>
    <points frame="222" outside="0" occluded="0" keyframe="0" points="445.19,637.58" z_order="0">
    </points>
    <points frame="223" outside="0" occluded="0" keyframe="1" points="444.40,638.50" z_order="0">
    </points>
    <points frame="224" outside="0" occluded="0" keyframe="0" points="443.87,638.90" z_order="0">
    </points>
    <points frame="225" outside="0" occluded="0" keyframe="0" points="443.34,639.30" z_order="0">
    </points>
    <points frame="226" outside="0" occluded="0" keyframe="0" points="442.81,639.70" z_order="0">
    </points>
    <points frame="227" outside="0" occluded="0" keyframe="0" points="442.28,640.10" z_order="0">
    </points>
    <points frame="228" outside="0" occluded="0" keyframe="0" points="441.75,640.50" z_order="0">
    </points>
    <points frame="229" outside="0" occluded="0" keyframe="0" points="441.22,640.90" z_order="0">
    </points>
    <points frame="230" outside="0" occluded="0" keyframe="0" points="440.69,641.30" z_order="0">
    </points>
    <points frame="231" outside="0" occluded="0" keyframe="0" points="440.16,641.70" z_order="0">
    </points>
    <points frame="232" outside="0" occluded="0" keyframe="0" points="439.63,642.10" z_order="0">
    </points>
    <points frame="233" outside="0" occluded="0" keyframe="1" points="439.10,642.50" z_order="0">
    </points>
    <points frame="234" outside="0" occluded="0" keyframe="0" points="438.84,642.63" z_order="0">
    </points>
    <points frame="235" outside="0" occluded="0" keyframe="0" points="438.58,642.76" z_order="0">
    </points>
    <points frame="236" outside="0" occluded="0" keyframe="0" points="438.32,642.89" z_order="0">
    </points>
    <points frame="237" outside="0" occluded="0" keyframe="0" points="438.06,643.02" z_order="0">
    </points>
    <points frame="238" outside="0" occluded="0" keyframe="0" points="437.80,643.15" z_order="0">
    </points>
    <points frame="239" outside="0" occluded="0" keyframe="0" points="437.54,643.28" z_order="0">
    </points>
    <points frame="240" outside="0" occluded="0" keyframe="0" points="437.28,643.41" z_order="0">
    </points>
    <points frame="241" outside="0" occluded="0" keyframe="0" points="437.02,643.54" z_order="0">
    </points>
    <points frame="242" outside="0" occluded="0" keyframe="0" points="436.76,643.67" z_order="0">
    </points>
    <points frame="243" outside="0" occluded="0" keyframe="1" points="436.50,643.80" z_order="0">
    </points>
    <points frame="244" outside="0" occluded="0" keyframe="0" points="436.52,643.79" z_order="0">
    </points>
    <points frame="245" outside="0" occluded="0" keyframe="0" points="436.54,643.79" z_order="0">
    </points>
    <points frame="246" outside="0" occluded="0" keyframe="0" points="436.56,643.78" z_order="0">
    </points>
    <points frame="247" outside="0" occluded="0" keyframe="0" points="436.58,643.78" z_order="0">
    </points>
    <points frame="248" outside="0" occluded="0" keyframe="0" points="436.60,643.77" z_order="0">
    </points>
    <points frame="249" outside="0" occluded="0" keyframe="0" points="436.61,643.76" z_order="0">
    </points>
    <points frame="250" outside="0" occluded="0" keyframe="0" points="436.63,643.76" z_order="0">
    </points>
    <points frame="251" outside="0" occluded="0" keyframe="0" points="436.65,643.75" z_order="0">
    </points>
    <points frame="252" outside="0" occluded="0" keyframe="0" points="436.67,643.74" z_order="0">
    </points>
    <points frame="253" outside="0" occluded="0" keyframe="0" points="436.69,643.74" z_order="0">
    </points>
    <points frame="254" outside="0" occluded="0" keyframe="0" points="436.71,643.73" z_order="0">
    </points>
    <points frame="255" outside="0" occluded="0" keyframe="0" points="436.73,643.73" z_order="0">
    </points>
    <points frame="256" outside="0" occluded="0" keyframe="0" points="436.75,643.72" z_order="0">
    </points>
    <points frame="257" outside="0" occluded="0" keyframe="0" points="436.77,643.71" z_order="0">
    </points>
    <points frame="258" outside="0" occluded="0" keyframe="0" points="436.79,643.71" z_order="0">
    </points>
    <points frame="259" outside="0" occluded="0" keyframe="0" points="436.80,643.70" z_order="0">
    </points>
    <points frame="260" outside="0" occluded="0" keyframe="0" points="436.82,643.69" z_order="0">
    </points>
    <points frame="261" outside="0" occluded="0" keyframe="0" points="436.84,643.69" z_order="0">
    </points>
    <points frame="262" outside="0" occluded="0" keyframe="0" points="436.86,643.68" z_order="0">
    </points>
    <points frame="263" outside="0" occluded="0" keyframe="0" points="436.88,643.68" z_order="0">
    </points>
    <points frame="264" outside="0" occluded="0" keyframe="0" points="436.90,643.67" z_order="0">
    </points>
    <points frame="265" outside="0" occluded="0" keyframe="0" points="436.92,643.66" z_order="0">
    </points>
    <points frame="266" outside="0" occluded="0" keyframe="0" points="436.94,643.66" z_order="0">
    </points>
    <points frame="267" outside="0" occluded="0" keyframe="0" points="436.96,643.65" z_order="0">
    </points>
    <points frame="268" outside="0" occluded="0" keyframe="0" points="436.98,643.65" z_order="0">
    </points>
    <points frame="269" outside="0" occluded="0" keyframe="0" points="437.00,643.64" z_order="0">
    </points>
    <points frame="270" outside="0" occluded="0" keyframe="0" points="437.01,643.63" z_order="0">
    </points>
    <points frame="271" outside="0" occluded="0" keyframe="0" points="437.03,643.63" z_order="0">
    </points>
    <points frame="272" outside="0" occluded="0" keyframe="0" points="437.05,643.62" z_order="0">
    </points>
    <points frame="273" outside="0" occluded="0" keyframe="0" points="437.07,643.61" z_order="0">
    </points>
    <points frame="274" outside="0" occluded="0" keyframe="0" points="437.09,643.61" z_order="0">
    </points>
    <points frame="275" outside="0" occluded="0" keyframe="0" points="437.11,643.60" z_order="0">
    </points>
    <points frame="276" outside="0" occluded="0" keyframe="0" points="437.13,643.60" z_order="0">
    </points>
    <points frame="277" outside="0" occluded="0" keyframe="0" points="437.15,643.59" z_order="0">
    </points>
    <points frame="278" outside="0" occluded="0" keyframe="0" points="437.17,643.58" z_order="0">
    </points>
    <points frame="279" outside="0" occluded="0" keyframe="0" points="437.19,643.58" z_order="0">
    </points>
    <points frame="280" outside="0" occluded="0" keyframe="0" points="437.20,643.57" z_order="0">
    </points>
    <points frame="281" outside="0" occluded="0" keyframe="0" points="437.22,643.56" z_order="0">
    </points>
    <points frame="282" outside="0" occluded="0" keyframe="0" points="437.24,643.56" z_order="0">
    </points>
    <points frame="283" outside="0" occluded="0" keyframe="0" points="437.26,643.55" z_order="0">
    </points>
    <points frame="284" outside="0" occluded="0" keyframe="0" points="437.28,643.55" z_order="0">
    </points>
    <points frame="285" outside="0" occluded="0" keyframe="0" points="437.30,643.54" z_order="0">
    </points>
    <points frame="286" outside="0" occluded="0" keyframe="0" points="437.32,643.53" z_order="0">
    </points>
    <points frame="287" outside="0" occluded="0" keyframe="0" points="437.34,643.53" z_order="0">
    </points>
    <points frame="288" outside="0" occluded="0" keyframe="0" points="437.36,643.52" z_order="0">
    </points>
    <points frame="289" outside="0" occluded="0" keyframe="0" points="437.38,643.52" z_order="0">
    </points>
    <points frame="290" outside="0" occluded="0" keyframe="0" points="437.40,643.51" z_order="0">
    </points>
    <points frame="291" outside="0" occluded="0" keyframe="0" points="437.41,643.50" z_order="0">
    </points>
    <points frame="292" outside="0" occluded="0" keyframe="0" points="437.43,643.50" z_order="0">
    </points>
    <points frame="293" outside="0" occluded="0" keyframe="0" points="437.45,643.49" z_order="0">
    </points>
    <points frame="294" outside="0" occluded="0" keyframe="0" points="437.47,643.48" z_order="0">
    </points>
    <points frame="295" outside="0" occluded="0" keyframe="0" points="437.49,643.48" z_order="0">
    </points>
    <points frame="296" outside="0" occluded="0" keyframe="0" points="437.51,643.47" z_order="0">
    </points>
    <points frame="297" outside="0" occluded="0" keyframe="0" points="437.53,643.47" z_order="0">
    </points>
    <points frame="298" outside="0" occluded="0" keyframe="0" points="437.55,643.46" z_order="0">
    </points>
    <points frame="299" outside="0" occluded="0" keyframe="0" points="437.57,643.45" z_order="0">
    </points>
    <points frame="300" outside="0" occluded="0" keyframe="0" points="437.59,643.45" z_order="0">
    </points>
    <points frame="301" outside="0" occluded="0" keyframe="0" points="437.60,643.44" z_order="0">
    </points>
    <points frame="302" outside="0" occluded="0" keyframe="0" points="437.62,643.43" z_order="0">
    </points>
    <points frame="303" outside="0" occluded="0" keyframe="0" points="437.64,643.43" z_order="0">
    </points>
    <points frame="304" outside="0" occluded="0" keyframe="0" points="437.66,643.42" z_order="0">
    </points>
    <points frame="305" outside="0" occluded="0" keyframe="0" points="437.68,643.42" z_order="0">
    </points>
    <points frame="306" outside="0" occluded="0" keyframe="0" points="437.70,643.41" z_order="0">
    </points>
    <points frame="307" outside="0" occluded="0" keyframe="0" points="437.72,643.40" z_order="0">
    </points>
    <points frame="308" outside="0" occluded="0" keyframe="0" points="437.74,643.40" z_order="0">
    </points>
    <points frame="309" outside="0" occluded="0" keyframe="0" points="437.76,643.39" z_order="0">
    </points>
    <points frame="310" outside="0" occluded="0" keyframe="0" points="437.78,643.39" z_order="0">
    </points>
    <points frame="311" outside="0" occluded="0" keyframe="0" points="437.80,643.38" z_order="0">
    </points>
    <points frame="312" outside="0" occluded="0" keyframe="0" points="437.81,643.37" z_order="0">
    </points>
    <points frame="313" outside="0" occluded="0" keyframe="0" points="437.83,643.37" z_order="0">
    </points>
    <points frame="314" outside="0" occluded="0" keyframe="0" points="437.85,643.36" z_order="0">
    </points>
    <points frame="315" outside="0" occluded="0" keyframe="0" points="437.87,643.35" z_order="0">
    </points>
    <points frame="316" outside="0" occluded="0" keyframe="0" points="437.89,643.35" z_order="0">
    </points>
    <points frame="317" outside="0" occluded="0" keyframe="0" points="437.91,643.34" z_order="0">
    </points>
    <points frame="318" outside="0" occluded="0" keyframe="0" points="437.93,643.34" z_order="0">
    </points>
    <points frame="319" outside="0" occluded="0" keyframe="0" points="437.95,643.33" z_order="0">
    </points>
    <points frame="320" outside="0" occluded="0" keyframe="0" points="437.97,643.32" z_order="0">
    </points>
    <points frame="321" outside="0" occluded="0" keyframe="0" points="437.99,643.32" z_order="0">
    </points>
    <points frame="322" outside="0" occluded="0" keyframe="0" points="438.00,643.31" z_order="0">
    </points>
    <points frame="323" outside="0" occluded="0" keyframe="0" points="438.02,643.30" z_order="0">
    </points>
    <points frame="324" outside="0" occluded="0" keyframe="0" points="438.04,643.30" z_order="0">
    </points>
    <points frame="325" outside="0" occluded="0" keyframe="0" points="438.06,643.29" z_order="0">
    </points>
    <points frame="326" outside="0" occluded="0" keyframe="0" points="438.08,643.29" z_order="0">
    </points>
    <points frame="327" outside="0" occluded="0" keyframe="0" points="438.10,643.28" z_order="0">
    </points>
    <points frame="328" outside="0" occluded="0" keyframe="0" points="438.12,643.27" z_order="0">
    </points>
    <points frame="329" outside="0" occluded="0" keyframe="0" points="438.14,643.27" z_order="0">
    </points>
    <points frame="330" outside="0" occluded="0" keyframe="0" points="438.16,643.26" z_order="0">
    </points>
    <points frame="331" outside="0" occluded="0" keyframe="0" points="438.18,643.26" z_order="0">
    </points>
    <points frame="332" outside="0" occluded="0" keyframe="0" points="438.20,643.25" z_order="0">
    </points>
    <points frame="333" outside="0" occluded="0" keyframe="0" points="438.21,643.24" z_order="0">
    </points>
    <points frame="334" outside="0" occluded="0" keyframe="0" points="438.23,643.24" z_order="0">
    </points>
    <points frame="335" outside="0" occluded="0" keyframe="0" points="438.25,643.23" z_order="0">
    </points>
    <points frame="336" outside="0" occluded="0" keyframe="0" points="438.27,643.22" z_order="0">
    </points>
    <points frame="337" outside="0" occluded="0" keyframe="0" points="438.29,643.22" z_order="0">
    </points>
    <points frame="338" outside="0" occluded="0" keyframe="0" points="438.31,643.21" z_order="0">
    </points>
    <points frame="339" outside="0" occluded="0" keyframe="0" points="438.33,643.21" z_order="0">
    </points>
    <points frame="340" outside="0" occluded="0" keyframe="0" points="438.35,643.20" z_order="0">
    </points>
    <points frame="341" outside="0" occluded="0" keyframe="0" points="438.37,643.19" z_order="0">
    </points>
    <points frame="342" outside="0" occluded="0" keyframe="0" points="438.39,643.19" z_order="0">
    </points>
    <points frame="343" outside="0" occluded="0" keyframe="0" points="438.40,643.18" z_order="0">
    </points>
    <points frame="344" outside="0" occluded="0" keyframe="0" points="438.42,643.17" z_order="0">
    </points>
    <points frame="345" outside="0" occluded="0" keyframe="0" points="438.44,643.17" z_order="0">
    </points>
    <points frame="346" outside="0" occluded="0" keyframe="0" points="438.46,643.16" z_order="0">
    </points>
    <points frame="347" outside="0" occluded="0" keyframe="0" points="438.48,643.16" z_order="0">
    </points>
    <points frame="348" outside="0" occluded="0" keyframe="0" points="438.50,643.15" z_order="0">
    </points>
    <points frame="349" outside="0" occluded="0" keyframe="0" points="438.52,643.14" z_order="0">
    </points>
    <points frame="350" outside="0" occluded="0" keyframe="0" points="438.54,643.14" z_order="0">
    </points>
    <points frame="351" outside="0" occluded="0" keyframe="0" points="438.56,643.13" z_order="0">
    </points>
    <points frame="352" outside="0" occluded="0" keyframe="0" points="438.58,643.13" z_order="0">
    </points>
    <points frame="353" outside="0" occluded="0" keyframe="0" points="438.60,643.12" z_order="0">
    </points>
    <points frame="354" outside="0" occluded="0" keyframe="0" points="438.61,643.11" z_order="0">
    </points>
    <points frame="355" outside="0" occluded="0" keyframe="0" points="438.63,643.11" z_order="0">
    </points>
    <points frame="356" outside="0" occluded="0" keyframe="0" points="438.65,643.10" z_order="0">
    </points>
    <points frame="357" outside="0" occluded="0" keyframe="0" points="438.67,643.09" z_order="0">
    </points>
    <points frame="358" outside="0" occluded="0" keyframe="0" points="438.69,643.09" z_order="0">
    </points>
    <points frame="359" outside="0" occluded="0" keyframe="0" points="438.71,643.08" z_order="0">
    </points>
    <points frame="360" outside="0" occluded="0" keyframe="0" points="438.73,643.08" z_order="0">
    </points>
    <points frame="361" outside="0" occluded="0" keyframe="0" points="438.75,643.07" z_order="0">
    </points>
    <points frame="362" outside="0" occluded="0" keyframe="0" points="438.77,643.06" z_order="0">
    </points>
    <points frame="363" outside="0" occluded="0" keyframe="0" points="438.79,643.06" z_order="0">
    </points>
    <points frame="364" outside="0" occluded="0" keyframe="0" points="438.80,643.05" z_order="0">
    </points>
    <points frame="365" outside="0" occluded="0" keyframe="0" points="438.82,643.04" z_order="0">
    </points>
    <points frame="366" outside="0" occluded="0" keyframe="0" points="438.84,643.04" z_order="0">
    </points>
    <points frame="367" outside="0" occluded="0" keyframe="0" points="438.86,643.03" z_order="0">
    </points>
    <points frame="368" outside="0" occluded="0" keyframe="0" points="438.88,643.03" z_order="0">
    </points>
    <points frame="369" outside="0" occluded="0" keyframe="0" points="438.90,643.02" z_order="0">
    </points>
    <points frame="370" outside="0" occluded="0" keyframe="0" points="438.92,643.01" z_order="0">
    </points>
    <points frame="371" outside="0" occluded="0" keyframe="0" points="438.94,643.01" z_order="0">
    </points>
    <points frame="372" outside="0" occluded="0" keyframe="0" points="438.96,643.00" z_order="0">
    </points>
    <points frame="373" outside="0" occluded="0" keyframe="0" points="438.98,643.00" z_order="0">
    </points>
    <points frame="374" outside="0" occluded="0" keyframe="0" points="439.00,642.99" z_order="0">
    </points>
    <points frame="375" outside="0" occluded="0" keyframe="0" points="439.01,642.98" z_order="0">
    </points>
    <points frame="376" outside="0" occluded="0" keyframe="0" points="439.03,642.98" z_order="0">
    </points>
    <points frame="377" outside="0" occluded="0" keyframe="0" points="439.05,642.97" z_order="0">
    </points>
    <points frame="378" outside="0" occluded="0" keyframe="0" points="439.07,642.96" z_order="0">
    </points>
    <points frame="379" outside="0" occluded="0" keyframe="0" points="439.09,642.96" z_order="0">
    </points>
    <points frame="380" outside="0" occluded="0" keyframe="0" points="439.11,642.95" z_order="0">
    </points>
    <points frame="381" outside="0" occluded="0" keyframe="0" points="439.13,642.95" z_order="0">
    </points>
    <points frame="382" outside="0" occluded="0" keyframe="0" points="439.15,642.94" z_order="0">
    </points>
    <points frame="383" outside="0" occluded="0" keyframe="0" points="439.17,642.93" z_order="0">
    </points>
    <points frame="384" outside="0" occluded="0" keyframe="0" points="439.19,642.93" z_order="0">
    </points>
    <points frame="385" outside="0" occluded="0" keyframe="0" points="439.20,642.92" z_order="0">
    </points>
    <points frame="386" outside="0" occluded="0" keyframe="0" points="439.22,642.91" z_order="0">
    </points>
    <points frame="387" outside="0" occluded="0" keyframe="0" points="439.24,642.91" z_order="0">
    </points>
    <points frame="388" outside="0" occluded="0" keyframe="0" points="439.26,642.90" z_order="0">
    </points>
    <points frame="389" outside="0" occluded="0" keyframe="0" points="439.28,642.90" z_order="0">
    </points>
    <points frame="390" outside="0" occluded="0" keyframe="0" points="439.30,642.89" z_order="0">
    </points>
    <points frame="391" outside="0" occluded="0" keyframe="0" points="439.32,642.88" z_order="0">
    </points>
    <points frame="392" outside="0" occluded="0" keyframe="0" points="439.34,642.88" z_order="0">
    </points>
    <points frame="393" outside="0" occluded="0" keyframe="0" points="439.36,642.87" z_order="0">
    </points>
    <points frame="394" outside="0" occluded="0" keyframe="0" points="439.38,642.87" z_order="0">
    </points>
    <points frame="395" outside="0" occluded="0" keyframe="0" points="439.40,642.86" z_order="0">
    </points>
    <points frame="396" outside="0" occluded="0" keyframe="0" points="439.41,642.85" z_order="0">
    </points>
    <points frame="397" outside="0" occluded="0" keyframe="0" points="439.43,642.85" z_order="0">
    </points>
    <points frame="398" outside="0" occluded="0" keyframe="0" points="439.45,642.84" z_order="0">
    </points>
    <points frame="399" outside="0" occluded="0" keyframe="0" points="439.47,642.83" z_order="0">
    </points>
    <points frame="400" outside="0" occluded="0" keyframe="0" points="439.49,642.83" z_order="0">
    </points>
    <points frame="401" outside="0" occluded="0" keyframe="0" points="439.51,642.82" z_order="0">
    </points>
    <points frame="402" outside="0" occluded="0" keyframe="0" points="439.53,642.82" z_order="0">
    </points>
    <points frame="403" outside="0" occluded="0" keyframe="0" points="439.55,642.81" z_order="0">
    </points>
    <points frame="404" outside="0" occluded="0" keyframe="0" points="439.57,642.80" z_order="0">
    </points>
    <points frame="405" outside="0" occluded="0" keyframe="0" points="439.59,642.80" z_order="0">
    </points>
    <points frame="406" outside="0" occluded="0" keyframe="0" points="439.60,642.79" z_order="0">
    </points>
    <points frame="407" outside="0" occluded="0" keyframe="0" points="439.62,642.78" z_order="0">
    </points>
    <points frame="408" outside="0" occluded="0" keyframe="0" points="439.64,642.78" z_order="0">
    </points>
    <points frame="409" outside="0" occluded="0" keyframe="0" points="439.66,642.77" z_order="0">
    </points>
    <points frame="410" outside="0" occluded="0" keyframe="0" points="439.68,642.77" z_order="0">
    </points>
    <points frame="411" outside="0" occluded="0" keyframe="0" points="439.70,642.76" z_order="0">
    </points>
    <points frame="412" outside="0" occluded="0" keyframe="0" points="439.72,642.75" z_order="0">
    </points>
    <points frame="413" outside="0" occluded="0" keyframe="0" points="439.74,642.75" z_order="0">
    </points>
    <points frame="414" outside="0" occluded="0" keyframe="0" points="439.76,642.74" z_order="0">
    </points>
    <points frame="415" outside="0" occluded="0" keyframe="0" points="439.78,642.74" z_order="0">
    </points>
    <points frame="416" outside="0" occluded="0" keyframe="0" points="439.80,642.73" z_order="0">
    </points>
    <points frame="417" outside="0" occluded="0" keyframe="0" points="439.81,642.72" z_order="0">
    </points>
    <points frame="418" outside="0" occluded="0" keyframe="0" points="439.83,642.72" z_order="0">
    </points>
    <points frame="419" outside="0" occluded="0" keyframe="0" points="439.85,642.71" z_order="0">
    </points>
    <points frame="420" outside="0" occluded="0" keyframe="0" points="439.87,642.70" z_order="0">
    </points>
    <points frame="421" outside="0" occluded="0" keyframe="0" points="439.89,642.70" z_order="0">
    </points>
    <points frame="422" outside="0" occluded="0" keyframe="0" points="439.91,642.69" z_order="0">
    </points>
    <points frame="423" outside="0" occluded="0" keyframe="0" points="439.93,642.69" z_order="0">
    </points>
    <points frame="424" outside="0" occluded="0" keyframe="0" points="439.95,642.68" z_order="0">
    </points>
    <points frame="425" outside="0" occluded="0" keyframe="0" points="439.97,642.67" z_order="0">
    </points>
    <points frame="426" outside="0" occluded="0" keyframe="0" points="439.99,642.67" z_order="0">
    </points>
    <points frame="427" outside="0" occluded="0" keyframe="0" points="440.00,642.66" z_order="0">
    </points>
    <points frame="428" outside="0" occluded="0" keyframe="0" points="440.02,642.65" z_order="0">
    </points>
    <points frame="429" outside="0" occluded="0" keyframe="0" points="440.04,642.65" z_order="0">
    </points>
    <points frame="430" outside="0" occluded="0" keyframe="0" points="440.06,642.64" z_order="0">
    </points>
    <points frame="431" outside="0" occluded="0" keyframe="0" points="440.08,642.64" z_order="0">
    </points>
    <points frame="432" outside="0" occluded="0" keyframe="0" points="440.10,642.63" z_order="0">
    </points>
    <points frame="433" outside="0" occluded="0" keyframe="0" points="440.12,642.62" z_order="0">
    </points>
    <points frame="434" outside="0" occluded="0" keyframe="0" points="440.14,642.62" z_order="0">
    </points>
    <points frame="435" outside="0" occluded="0" keyframe="0" points="440.16,642.61" z_order="0">
    </points>
    <points frame="436" outside="0" occluded="0" keyframe="0" points="440.18,642.61" z_order="0">
    </points>
    <points frame="437" outside="0" occluded="0" keyframe="0" points="440.20,642.60" z_order="0">
    </points>
    <points frame="438" outside="0" occluded="0" keyframe="0" points="440.21,642.59" z_order="0">
    </points>
    <points frame="439" outside="0" occluded="0" keyframe="0" points="440.23,642.59" z_order="0">
    </points>
    <points frame="440" outside="0" occluded="0" keyframe="0" points="440.25,642.58" z_order="0">
    </points>
    <points frame="441" outside="0" occluded="0" keyframe="0" points="440.27,642.57" z_order="0">
    </points>
    <points frame="442" outside="0" occluded="0" keyframe="0" points="440.29,642.57" z_order="0">
    </points>
    <points frame="443" outside="0" occluded="0" keyframe="0" points="440.31,642.56" z_order="0">
    </points>
    <points frame="444" outside="0" occluded="0" keyframe="0" points="440.33,642.56" z_order="0">
    </points>
    <points frame="445" outside="0" occluded="0" keyframe="0" points="440.35,642.55" z_order="0">
    </points>
    <points frame="446" outside="0" occluded="0" keyframe="0" points="440.37,642.54" z_order="0">
    </points>
    <points frame="447" outside="0" occluded="0" keyframe="0" points="440.39,642.54" z_order="0">
    </points>
    <points frame="448" outside="0" occluded="0" keyframe="0" points="440.40,642.53" z_order="0">
    </points>
    <points frame="449" outside="0" occluded="0" keyframe="0" points="440.42,642.52" z_order="0">
    </points>
    <points frame="450" outside="0" occluded="0" keyframe="0" points="440.44,642.52" z_order="0">
    </points>
    <points frame="451" outside="0" occluded="0" keyframe="0" points="440.46,642.51" z_order="0">
    </points>
    <points frame="452" outside="0" occluded="0" keyframe="0" points="440.48,642.51" z_order="0">
    </points>
    <points frame="453" outside="0" occluded="0" keyframe="1" points="440.50,642.50" z_order="0">
    </points>
    <points frame="454" outside="0" occluded="0" keyframe="0" points="440.30,642.37" z_order="0">
    </points>
    <points frame="455" outside="0" occluded="0" keyframe="0" points="440.10,642.24" z_order="0">
    </points>
    <points frame="456" outside="0" occluded="0" keyframe="0" points="439.90,642.11" z_order="0">
    </points>
    <points frame="457" outside="0" occluded="0" keyframe="0" points="439.70,641.98" z_order="0">
    </points>
    <points frame="458" outside="0" occluded="0" keyframe="0" points="439.50,641.85" z_order="0">
    </points>
    <points frame="459" outside="0" occluded="0" keyframe="0" points="439.30,641.72" z_order="0">
    </points>
    <points frame="460" outside="0" occluded="0" keyframe="0" points="439.10,641.59" z_order="0">
    </points>
    <points frame="461" outside="0" occluded="0" keyframe="0" points="438.90,641.46" z_order="0">
    </points>
    <points frame="462" outside="0" occluded="0" keyframe="0" points="438.70,641.33" z_order="0">
    </points>
    <points frame="463" outside="0" occluded="0" keyframe="0" points="438.50,641.20" z_order="0">
    </points>
    <points frame="464" outside="0" occluded="0" keyframe="0" points="438.30,641.07" z_order="0">
    </points>
    <points frame="465" outside="0" occluded="0" keyframe="0" points="438.10,640.94" z_order="0">
    </points>
    <points frame="466" outside="0" occluded="0" keyframe="0" points="437.90,640.81" z_order="0">
    </points>
    <points frame="467" outside="0" occluded="0" keyframe="0" points="437.70,640.68" z_order="0">
    </points>
    <points frame="468" outside="0" occluded="0" keyframe="0" points="437.50,640.55" z_order="0">
    </points>
    <points frame="469" outside="0" occluded="0" keyframe="0" points="437.30,640.42" z_order="0">
    </points>
    <points frame="470" outside="0" occluded="0" keyframe="0" points="437.10,640.29" z_order="0">
    </points>
    <points frame="471" outside="0" occluded="0" keyframe="0" points="436.90,640.16" z_order="0">
    </points>
    <points frame="472" outside="0" occluded="0" keyframe="0" points="436.70,640.03" z_order="0">
    </points>
    <points frame="473" outside="0" occluded="0" keyframe="1" points="436.50,639.90" z_order="0">
    </points>
    <points frame="474" outside="0" occluded="0" keyframe="0" points="436.96,639.57" z_order="0">
    </points>
    <points frame="475" outside="0" occluded="0" keyframe="0" points="437.42,639.24" z_order="0">
    </points>
    <points frame="476" outside="0" occluded="0" keyframe="0" points="437.88,638.91" z_order="0">
    </points>
    <points frame="477" outside="0" occluded="0" keyframe="0" points="438.34,638.58" z_order="0">
    </points>
    <points frame="478" outside="0" occluded="0" keyframe="0" points="438.80,638.25" z_order="0">
    </points>
    <points frame="479" outside="0" occluded="0" keyframe="0" points="439.26,637.92" z_order="0">
    </points>
    <points frame="480" outside="0" occluded="0" keyframe="0" points="439.72,637.59" z_order="0">
    </points>
    <points frame="481" outside="0" occluded="0" keyframe="0" points="440.18,637.26" z_order="0">
    </points>
    <points frame="482" outside="0" occluded="0" keyframe="0" points="440.64,636.93" z_order="0">
    </points>
    <points frame="483" outside="0" occluded="0" keyframe="0" points="441.10,636.60" z_order="0">
    </points>
    <points frame="484" outside="0" occluded="0" keyframe="0" points="441.56,636.27" z_order="0">
    </points>
    <points frame="485" outside="0" occluded="0" keyframe="0" points="442.02,635.94" z_order="0">
    </points>
    <points frame="486" outside="0" occluded="0" keyframe="0" points="442.48,635.61" z_order="0">
    </points>
    <points frame="487" outside="0" occluded="0" keyframe="0" points="442.94,635.28" z_order="0">
    </points>
    <points frame="488" outside="0" occluded="0" keyframe="0" points="443.40,634.95" z_order="0">
    </points>
    <points frame="489" outside="0" occluded="0" keyframe="0" points="443.86,634.62" z_order="0">
    </points>
    <points frame="490" outside="0" occluded="0" keyframe="0" points="444.32,634.29" z_order="0">
    </points>
    <points frame="491" outside="0" occluded="0" keyframe="0" points="444.78,633.96" z_order="0">
    </points>
    <points frame="492" outside="0" occluded="0" keyframe="0" points="445.24,633.63" z_order="0">
    </points>
    <points frame="493" outside="0" occluded="0" keyframe="1" points="445.70,633.30" z_order="0">
    </points>
    <points frame="494" outside="0" occluded="0" keyframe="0" points="444.91,633.56" z_order="0">
    </points>
    <points frame="495" outside="0" occluded="0" keyframe="0" points="444.12,633.82" z_order="0">
    </points>
    <points frame="496" outside="0" occluded="0" keyframe="0" points="443.33,634.08" z_order="0">
    </points>
    <points frame="497" outside="0" occluded="0" keyframe="0" points="442.54,634.34" z_order="0">
    </points>
    <points frame="498" outside="0" occluded="0" keyframe="0" points="441.75,634.60" z_order="0">
    </points>
    <points frame="499" outside="0" occluded="0" keyframe="0" points="440.96,634.86" z_order="0">
    </points>
    <points frame="500" outside="0" occluded="0" keyframe="0" points="440.17,635.12" z_order="0">
    </points>
    <points frame="501" outside="0" occluded="0" keyframe="0" points="439.38,635.38" z_order="0">
    </points>
    <points frame="502" outside="0" occluded="0" keyframe="0" points="438.59,635.64" z_order="0">
    </points>
    <points frame="503" outside="0" occluded="0" keyframe="1" points="437.80,635.90" z_order="0">
    </points>
    <points frame="504" outside="0" occluded="0" keyframe="0" points="438.00,635.86" z_order="0">
    </points>
    <points frame="505" outside="0" occluded="0" keyframe="0" points="438.20,635.81" z_order="0">
    </points>
    <points frame="506" outside="0" occluded="0" keyframe="0" points="438.40,635.77" z_order="0">
    </points>
    <points frame="507" outside="0" occluded="0" keyframe="0" points="438.59,635.73" z_order="0">
    </points>
    <points frame="508" outside="0" occluded="0" keyframe="0" points="438.79,635.68" z_order="0">
    </points>
    <points frame="509" outside="0" occluded="0" keyframe="0" points="438.99,635.64" z_order="0">
    </points>
    <points frame="510" outside="0" occluded="0" keyframe="0" points="439.19,635.60" z_order="0">
    </points>
    <points frame="511" outside="0" occluded="0" keyframe="0" points="439.39,635.55" z_order="0">
    </points>
    <points frame="512" outside="0" occluded="0" keyframe="0" points="439.59,635.51" z_order="0">
    </points>
    <points frame="513" outside="0" occluded="0" keyframe="0" points="439.78,635.47" z_order="0">
    </points>
    <points frame="514" outside="0" occluded="0" keyframe="0" points="439.98,635.42" z_order="0">
    </points>
    <points frame="515" outside="0" occluded="0" keyframe="0" points="440.18,635.38" z_order="0">
    </points>
    <points frame="516" outside="0" occluded="0" keyframe="0" points="440.38,635.34" z_order="0">
    </points>
    <points frame="517" outside="0" occluded="0" keyframe="0" points="440.58,635.29" z_order="0">
    </points>
    <points frame="518" outside="0" occluded="0" keyframe="0" points="440.78,635.25" z_order="0">
    </points>
    <points frame="519" outside="0" occluded="0" keyframe="0" points="440.97,635.21" z_order="0">
    </points>
    <points frame="520" outside="0" occluded="0" keyframe="0" points="441.17,635.16" z_order="0">
    </points>
    <points frame="521" outside="0" occluded="0" keyframe="0" points="441.37,635.12" z_order="0">
    </points>
    <points frame="522" outside="0" occluded="0" keyframe="0" points="441.57,635.08" z_order="0">
    </points>
    <points frame="523" outside="0" occluded="0" keyframe="0" points="441.77,635.03" z_order="0">
    </points>
    <points frame="524" outside="0" occluded="0" keyframe="0" points="441.97,634.99" z_order="0">
    </points>
    <points frame="525" outside="0" occluded="0" keyframe="0" points="442.16,634.95" z_order="0">
    </points>
    <points frame="526" outside="0" occluded="0" keyframe="0" points="442.36,634.90" z_order="0">
    </points>
    <points frame="527" outside="0" occluded="0" keyframe="0" points="442.56,634.86" z_order="0">
    </points>
    <points frame="528" outside="0" occluded="0" keyframe="0" points="442.76,634.82" z_order="0">
    </points>
    <points frame="529" outside="0" occluded="0" keyframe="0" points="442.96,634.77" z_order="0">
    </points>
    <points frame="530" outside="0" occluded="0" keyframe="0" points="443.16,634.73" z_order="0">
    </points>
    <points frame="531" outside="0" occluded="0" keyframe="0" points="443.35,634.69" z_order="0">
    </points>
    <points frame="532" outside="0" occluded="0" keyframe="0" points="443.55,634.64" z_order="0">
    </points>
    <points frame="533" outside="0" occluded="0" keyframe="0" points="443.75,634.60" z_order="0">
    </points>
    <points frame="534" outside="0" occluded="0" keyframe="0" points="443.95,634.56" z_order="0">
    </points>
    <points frame="535" outside="0" occluded="0" keyframe="0" points="444.15,634.51" z_order="0">
    </points>
    <points frame="536" outside="0" occluded="0" keyframe="0" points="444.35,634.47" z_order="0">
    </points>
    <points frame="537" outside="0" occluded="0" keyframe="0" points="444.54,634.43" z_order="0">
    </points>
    <points frame="538" outside="0" occluded="0" keyframe="0" points="444.74,634.38" z_order="0">
    </points>
    <points frame="539" outside="0" occluded="0" keyframe="0" points="444.94,634.34" z_order="0">
    </points>
    <points frame="540" outside="0" occluded="0" keyframe="0" points="445.14,634.30" z_order="0">
    </points>
    <points frame="541" outside="0" occluded="0" keyframe="0" points="445.34,634.25" z_order="0">
    </points>
    <points frame="542" outside="0" occluded="0" keyframe="0" points="445.54,634.21" z_order="0">
    </points>
    <points frame="543" outside="0" occluded="0" keyframe="0" points="445.73,634.17" z_order="0">
    </points>
    <points frame="544" outside="0" occluded="0" keyframe="0" points="445.93,634.12" z_order="0">
    </points>
    <points frame="545" outside="0" occluded="0" keyframe="0" points="446.13,634.08" z_order="0">
    </points>
    <points frame="546" outside="0" occluded="0" keyframe="0" points="446.33,634.04" z_order="0">
    </points>
    <points frame="547" outside="0" occluded="0" keyframe="0" points="446.53,633.99" z_order="0">
    </points>
    <points frame="548" outside="0" occluded="0" keyframe="0" points="446.73,633.95" z_order="0">
    </points>
    <points frame="549" outside="0" occluded="0" keyframe="0" points="446.92,633.91" z_order="0">
    </points>
    <points frame="550" outside="0" occluded="0" keyframe="0" points="447.12,633.86" z_order="0">
    </points>
    <points frame="551" outside="0" occluded="0" keyframe="0" points="447.32,633.82" z_order="0">
    </points>
    <points frame="552" outside="0" occluded="0" keyframe="0" points="447.52,633.78" z_order="0">
    </points>
    <points frame="553" outside="0" occluded="0" keyframe="0" points="447.72,633.73" z_order="0">
    </points>
    <points frame="554" outside="0" occluded="0" keyframe="0" points="447.92,633.69" z_order="0">
    </points>
    <points frame="555" outside="0" occluded="0" keyframe="0" points="448.11,633.65" z_order="0">
    </points>
    <points frame="556" outside="0" occluded="0" keyframe="0" points="448.31,633.60" z_order="0">
    </points>
    <points frame="557" outside="0" occluded="0" keyframe="0" points="448.51,633.56" z_order="0">
    </points>
    <points frame="558" outside="0" occluded="0" keyframe="0" points="448.71,633.52" z_order="0">
    </points>
    <points frame="559" outside="0" occluded="0" keyframe="0" points="448.91,633.47" z_order="0">
    </points>
    <points frame="560" outside="0" occluded="0" keyframe="0" points="449.11,633.43" z_order="0">
    </points>
    <points frame="561" outside="0" occluded="0" keyframe="0" points="449.30,633.39" z_order="0">
    </points>
    <points frame="562" outside="0" occluded="0" keyframe="0" points="449.50,633.34" z_order="0">
    </points>
    <points frame="563" outside="0" occluded="0" keyframe="1" points="449.70,633.30" z_order="0">
    </points>
    <points frame="564" outside="0" occluded="0" keyframe="0" points="449.70,633.30" z_order="0">
    </points>
    <points frame="565" outside="0" occluded="0" keyframe="0" points="449.70,633.30" z_order="0">
    </points>
    <points frame="566" outside="0" occluded="0" keyframe="0" points="449.70,633.30" z_order="0">
    </points>
    <points frame="567" outside="0" occluded="0" keyframe="0" points="449.70,633.30" z_order="0">
    </points>
    <points frame="568" outside="0" occluded="0" keyframe="0" points="449.70,633.30" z_order="0">
    </points>
    <points frame="569" outside="0" occluded="0" keyframe="0" points="449.70,633.30" z_order="0">
    </points>
    <points frame="570" outside="0" occluded="0" keyframe="0" points="449.70,633.30" z_order="0">
    </points>
    <points frame="571" outside="0" occluded="0" keyframe="0" points="449.70,633.30" z_order="0">
    </points>
    <points frame="572" outside="0" occluded="0" keyframe="0" points="449.70,633.30" z_order="0">
    </points>
    <points frame="573" outside="0" occluded="0" keyframe="0" points="449.70,633.30" z_order="0">
    </points>
    <points frame="574" outside="0" occluded="0" keyframe="0" points="449.70,633.30" z_order="0">
    </points>
    <points frame="575" outside="0" occluded="0" keyframe="0" points="449.70,633.30" z_order="0">
    </points>
    <points frame="576" outside="0" occluded="0" keyframe="0" points="449.70,633.30" z_order="0">
    </points>
    <points frame="577" outside="0" occluded="0" keyframe="0" points="449.70,633.30" z_order="0">
    </points>
    <points frame="578" outside="0" occluded="0" keyframe="0" points="449.70,633.30" z_order="0">
    </points>
    <points frame="579" outside="0" occluded="0" keyframe="0" points="449.70,633.30" z_order="0">
    </points>
    <points frame="580" outside="0" occluded="0" keyframe="0" points="449.70,633.30" z_order="0">
    </points>
    <points frame="581" outside="0" occluded="0" keyframe="0" points="449.70,633.30" z_order="0">
    </points>
    <points frame="582" outside="0" occluded="0" keyframe="0" points="449.70,633.30" z_order="0">
    </points>
    <points frame="583" outside="0" occluded="0" keyframe="0" points="449.70,633.30" z_order="0">
    </points>
    <points frame="584" outside="0" occluded="0" keyframe="0" points="449.70,633.30" z_order="0">
    </points>
    <points frame="585" outside="0" occluded="0" keyframe="0" points="449.70,633.30" z_order="0">
    </points>
    <points frame="586" outside="0" occluded="0" keyframe="0" points="449.70,633.30" z_order="0">
    </points>
    <points frame="587" outside="0" occluded="0" keyframe="0" points="449.70,633.30" z_order="0">
    </points>
    <points frame="588" outside="0" occluded="0" keyframe="0" points="449.70,633.30" z_order="0">
    </points>
    <points frame="589" outside="0" occluded="0" keyframe="0" points="449.70,633.30" z_order="0">
    </points>
    <points frame="590" outside="0" occluded="0" keyframe="0" points="449.70,633.30" z_order="0">
    </points>
    <points frame="591" outside="0" occluded="0" keyframe="0" points="449.70,633.30" z_order="0">
    </points>
    <points frame="592" outside="0" occluded="0" keyframe="0" points="449.70,633.30" z_order="0">
    </points>
    <points frame="593" outside="0" occluded="0" keyframe="0" points="449.70,633.30" z_order="0">
    </points>
    <points frame="594" outside="0" occluded="0" keyframe="0" points="449.70,633.30" z_order="0">
    </points>
    <points frame="595" outside="0" occluded="0" keyframe="0" points="449.70,633.30" z_order="0">
    </points>
    <points frame="596" outside="0" occluded="0" keyframe="0" points="449.70,633.30" z_order="0">
    </points>
    <points frame="597" outside="0" occluded="0" keyframe="0" points="449.70,633.30" z_order="0">
    </points>
  </track>
</annotations>
