<?xml version="1.0" encoding="utf-8"?>
<annotations>
  <version>1.1</version>
  <meta>
    <task>
      <id>104</id>
      <name>D06_3ML-L1-3</name>
      <size>256</size>
      <mode>interpolation</mode>
      <overlap>5</overlap>
      <bugtracker></bugtracker>
      <created>2021-11-20 03:12:38.172216+00:00</created>
      <updated>2021-11-20 13:38:43.561903+00:00</updated>
      <subset>default</subset>
      <start_frame>0</start_frame>
      <stop_frame>255</stop_frame>
      <frame_filter></frame_filter>
      <segments>
        <segment>
          <id>103</id>
          <start>0</start>
          <stop>255</stop>
          <url>http://localhost:8080/?id=103</url>
        </segment>
      </segments>
      <owner>
        <username>hubertachan</username>
        <email>hubertachan@gmail.com</email>
      </owner>
      <assignee></assignee>
      <labels>
        <label>
          <name>HB</name>
          <color>#3b0c73</color>
          <attributes>
          </attributes>
        </label>
        <label>
          <name>M</name>
          <color>#ff355e</color>
          <attributes>
          </attributes>
        </label>
      </labels>
      <original_size>
        <width>1068</width>
        <height>800</height>
      </original_size>
    </task>
    <dumped>2021-11-20 13:38:47.029703+00:00</dumped>
    <source>D06_3ML-L1-3.avi</source>
  </meta>
  <track id="0" label="HB" source="manual">
    <points frame="100" outside="0" occluded="0" keyframe="1" points="619.83,554.11" z_order="0">
    </points>
    <points frame="101" outside="0" occluded="0" keyframe="0" points="618.18,554.11" z_order="0">
    </points>
    <points frame="102" outside="0" occluded="0" keyframe="0" points="616.54,554.11" z_order="0">
    </points>
    <points frame="103" outside="0" occluded="0" keyframe="0" points="614.90,554.11" z_order="0">
    </points>
    <points frame="104" outside="0" occluded="0" keyframe="0" points="613.26,554.10" z_order="0">
    </points>
    <points frame="105" outside="0" occluded="0" keyframe="0" points="611.61,554.10" z_order="0">
    </points>
    <points frame="106" outside="0" occluded="0" keyframe="0" points="609.97,554.10" z_order="0">
    </points>
    <points frame="107" outside="0" occluded="0" keyframe="0" points="608.33,554.10" z_order="0">
    </points>
    <points frame="108" outside="0" occluded="0" keyframe="0" points="606.69,554.10" z_order="0">
    </points>
    <points frame="109" outside="0" occluded="0" keyframe="0" points="605.04,554.10" z_order="0">
    </points>
    <points frame="110" outside="0" occluded="0" keyframe="1" points="603.40,554.10" z_order="0">
    </points>
    <points frame="111" outside="0" occluded="0" keyframe="0" points="602.89,554.10" z_order="0">
    </points>
    <points frame="112" outside="0" occluded="0" keyframe="0" points="602.38,554.10" z_order="0">
    </points>
    <points frame="113" outside="0" occluded="0" keyframe="0" points="601.87,554.10" z_order="0">
    </points>
    <points frame="114" outside="0" occluded="0" keyframe="0" points="601.36,554.10" z_order="0">
    </points>
    <points frame="115" outside="0" occluded="0" keyframe="0" points="600.85,554.10" z_order="0">
    </points>
    <points frame="116" outside="0" occluded="0" keyframe="0" points="600.34,554.10" z_order="0">
    </points>
    <points frame="117" outside="0" occluded="0" keyframe="0" points="599.83,554.10" z_order="0">
    </points>
    <points frame="118" outside="0" occluded="0" keyframe="0" points="599.32,554.10" z_order="0">
    </points>
    <points frame="119" outside="0" occluded="0" keyframe="0" points="598.81,554.10" z_order="0">
    </points>
    <points frame="120" outside="0" occluded="0" keyframe="1" points="598.30,554.10" z_order="0">
    </points>
    <points frame="121" outside="0" occluded="0" keyframe="0" points="602.22,552.33" z_order="0">
    </points>
    <points frame="122" outside="0" occluded="0" keyframe="0" points="606.14,550.56" z_order="0">
    </points>
    <points frame="123" outside="0" occluded="0" keyframe="0" points="610.06,548.79" z_order="0">
    </points>
    <points frame="124" outside="0" occluded="0" keyframe="0" points="613.98,547.02" z_order="0">
    </points>
    <points frame="125" outside="0" occluded="0" keyframe="0" points="617.90,545.25" z_order="0">
    </points>
    <points frame="126" outside="0" occluded="0" keyframe="0" points="621.82,543.48" z_order="0">
    </points>
    <points frame="127" outside="0" occluded="0" keyframe="0" points="625.74,541.71" z_order="0">
    </points>
    <points frame="128" outside="0" occluded="0" keyframe="0" points="629.66,539.94" z_order="0">
    </points>
    <points frame="129" outside="0" occluded="0" keyframe="0" points="633.58,538.17" z_order="0">
    </points>
    <points frame="130" outside="0" occluded="0" keyframe="1" points="637.50,536.40" z_order="0">
    </points>
    <points frame="131" outside="0" occluded="0" keyframe="0" points="636.49,536.40" z_order="0">
    </points>
    <points frame="132" outside="0" occluded="0" keyframe="0" points="635.48,536.40" z_order="0">
    </points>
    <points frame="133" outside="0" occluded="0" keyframe="0" points="634.47,536.40" z_order="0">
    </points>
    <points frame="134" outside="0" occluded="0" keyframe="0" points="633.46,536.40" z_order="0">
    </points>
    <points frame="135" outside="0" occluded="0" keyframe="0" points="632.45,536.40" z_order="0">
    </points>
    <points frame="136" outside="0" occluded="0" keyframe="0" points="631.44,536.40" z_order="0">
    </points>
    <points frame="137" outside="0" occluded="0" keyframe="0" points="630.43,536.40" z_order="0">
    </points>
    <points frame="138" outside="0" occluded="0" keyframe="0" points="629.42,536.40" z_order="0">
    </points>
    <points frame="139" outside="0" occluded="0" keyframe="0" points="628.41,536.40" z_order="0">
    </points>
    <points frame="140" outside="0" occluded="0" keyframe="1" points="627.40,536.40" z_order="0">
    </points>
    <points frame="141" outside="0" occluded="0" keyframe="1" points="633.10,530.70" z_order="0">
    </points>
    <points frame="142" outside="0" occluded="0" keyframe="0" points="632.93,530.92" z_order="0">
    </points>
    <points frame="143" outside="0" occluded="0" keyframe="0" points="632.77,531.13" z_order="0">
    </points>
    <points frame="144" outside="0" occluded="0" keyframe="0" points="632.60,531.35" z_order="0">
    </points>
    <points frame="145" outside="0" occluded="0" keyframe="0" points="632.43,531.57" z_order="0">
    </points>
    <points frame="146" outside="0" occluded="0" keyframe="0" points="632.27,531.78" z_order="0">
    </points>
    <points frame="147" outside="0" occluded="0" keyframe="1" points="632.10,532.00" z_order="0">
    </points>
    <points frame="148" outside="0" occluded="0" keyframe="1" points="611.20,532.60" z_order="0">
    </points>
    <points frame="149" outside="0" occluded="0" keyframe="1" points="601.00,530.10" z_order="0">
    </points>
    <points frame="150" outside="0" occluded="0" keyframe="1" points="603.40,530.10" z_order="0">
    </points>
    <points frame="151" outside="0" occluded="0" keyframe="1" points="586.10,497.70" z_order="0">
    </points>
    <points frame="152" outside="0" occluded="0" keyframe="1" points="584.00,508.30" z_order="0">
    </points>
    <points frame="153" outside="0" occluded="0" keyframe="1" points="587.60,520.80" z_order="0">
    </points>
    <points frame="154" outside="0" occluded="0" keyframe="0" points="601.00,522.90" z_order="0">
    </points>
    <points frame="155" outside="0" occluded="0" keyframe="0" points="614.40,525.00" z_order="0">
    </points>
    <points frame="156" outside="0" occluded="0" keyframe="1" points="627.80,527.10" z_order="0">
    </points>
    <points frame="157" outside="0" occluded="0" keyframe="1" points="630.90,527.50" z_order="0">
    </points>
    <points frame="158" outside="0" occluded="0" keyframe="1" points="624.70,524.10" z_order="0">
    </points>
    <points frame="159" outside="0" occluded="0" keyframe="0" points="629.85,526.45" z_order="0">
    </points>
    <points frame="160" outside="0" occluded="0" keyframe="1" points="635.00,528.80" z_order="0">
    </points>
    <points frame="161" outside="0" occluded="0" keyframe="0" points="635.63,528.80" z_order="0">
    </points>
    <points frame="162" outside="0" occluded="0" keyframe="0" points="636.26,528.80" z_order="0">
    </points>
    <points frame="163" outside="0" occluded="0" keyframe="0" points="636.89,528.80" z_order="0">
    </points>
    <points frame="164" outside="0" occluded="0" keyframe="0" points="637.52,528.80" z_order="0">
    </points>
    <points frame="165" outside="0" occluded="0" keyframe="0" points="638.15,528.80" z_order="0">
    </points>
    <points frame="166" outside="0" occluded="0" keyframe="0" points="638.78,528.80" z_order="0">
    </points>
    <points frame="167" outside="0" occluded="0" keyframe="0" points="639.41,528.80" z_order="0">
    </points>
    <points frame="168" outside="0" occluded="0" keyframe="0" points="640.04,528.80" z_order="0">
    </points>
    <points frame="169" outside="0" occluded="0" keyframe="0" points="640.67,528.80" z_order="0">
    </points>
    <points frame="170" outside="0" occluded="0" keyframe="1" points="641.30,528.80" z_order="0">
    </points>
    <points frame="171" outside="0" occluded="0" keyframe="0" points="640.67,528.55" z_order="0">
    </points>
    <points frame="172" outside="0" occluded="0" keyframe="0" points="640.04,528.30" z_order="0">
    </points>
    <points frame="173" outside="0" occluded="0" keyframe="0" points="639.41,528.05" z_order="0">
    </points>
    <points frame="174" outside="0" occluded="0" keyframe="0" points="638.78,527.80" z_order="0">
    </points>
    <points frame="175" outside="0" occluded="0" keyframe="0" points="638.15,527.55" z_order="0">
    </points>
    <points frame="176" outside="0" occluded="0" keyframe="0" points="637.52,527.30" z_order="0">
    </points>
    <points frame="177" outside="0" occluded="0" keyframe="0" points="636.89,527.05" z_order="0">
    </points>
    <points frame="178" outside="0" occluded="0" keyframe="0" points="636.26,526.80" z_order="0">
    </points>
    <points frame="179" outside="0" occluded="0" keyframe="0" points="635.63,526.55" z_order="0">
    </points>
    <points frame="180" outside="0" occluded="0" keyframe="1" points="635.00,526.30" z_order="0">
    </points>
    <points frame="181" outside="0" occluded="0" keyframe="0" points="634.50,526.24" z_order="0">
    </points>
    <points frame="182" outside="0" occluded="0" keyframe="0" points="633.99,526.17" z_order="0">
    </points>
    <points frame="183" outside="0" occluded="0" keyframe="0" points="633.48,526.11" z_order="0">
    </points>
    <points frame="184" outside="0" occluded="0" keyframe="0" points="632.98,526.04" z_order="0">
    </points>
    <points frame="185" outside="0" occluded="0" keyframe="0" points="632.47,525.98" z_order="0">
    </points>
    <points frame="186" outside="0" occluded="0" keyframe="0" points="631.97,525.91" z_order="0">
    </points>
    <points frame="187" outside="0" occluded="0" keyframe="0" points="631.46,525.85" z_order="0">
    </points>
    <points frame="188" outside="0" occluded="0" keyframe="0" points="630.96,525.78" z_order="0">
    </points>
    <points frame="189" outside="0" occluded="0" keyframe="0" points="630.45,525.72" z_order="0">
    </points>
    <points frame="190" outside="0" occluded="0" keyframe="0" points="629.95,525.65" z_order="0">
    </points>
    <points frame="191" outside="0" occluded="0" keyframe="0" points="629.44,525.59" z_order="0">
    </points>
    <points frame="192" outside="0" occluded="0" keyframe="0" points="628.94,525.52" z_order="0">
    </points>
    <points frame="193" outside="0" occluded="0" keyframe="0" points="628.43,525.46" z_order="0">
    </points>
    <points frame="194" outside="0" occluded="0" keyframe="0" points="627.93,525.39" z_order="0">
    </points>
    <points frame="195" outside="0" occluded="0" keyframe="0" points="627.42,525.33" z_order="0">
    </points>
    <points frame="196" outside="0" occluded="0" keyframe="0" points="626.92,525.26" z_order="0">
    </points>
    <points frame="197" outside="0" occluded="0" keyframe="0" points="626.41,525.20" z_order="0">
    </points>
    <points frame="198" outside="0" occluded="0" keyframe="0" points="625.91,525.13" z_order="0">
    </points>
    <points frame="199" outside="0" occluded="0" keyframe="0" points="625.40,525.07" z_order="0">
    </points>
    <points frame="200" outside="0" occluded="0" keyframe="1" points="624.90,525.00" z_order="0">
    </points>
    <points frame="201" outside="0" occluded="0" keyframe="0" points="626.54,525.00" z_order="0">
    </points>
    <points frame="202" outside="0" occluded="0" keyframe="0" points="628.18,525.00" z_order="0">
    </points>
    <points frame="203" outside="0" occluded="0" keyframe="0" points="629.82,525.00" z_order="0">
    </points>
    <points frame="204" outside="0" occluded="0" keyframe="0" points="631.46,525.00" z_order="0">
    </points>
    <points frame="205" outside="0" occluded="0" keyframe="0" points="633.10,525.00" z_order="0">
    </points>
    <points frame="206" outside="0" occluded="0" keyframe="0" points="634.74,525.00" z_order="0">
    </points>
    <points frame="207" outside="0" occluded="0" keyframe="0" points="636.38,525.00" z_order="0">
    </points>
    <points frame="208" outside="0" occluded="0" keyframe="0" points="638.02,525.00" z_order="0">
    </points>
    <points frame="209" outside="0" occluded="0" keyframe="0" points="639.66,525.00" z_order="0">
    </points>
    <points frame="210" outside="0" occluded="0" keyframe="1" points="641.30,525.00" z_order="0">
    </points>
    <points frame="211" outside="0" occluded="0" keyframe="0" points="636.85,526.64" z_order="0">
    </points>
    <points frame="212" outside="0" occluded="0" keyframe="0" points="632.40,528.28" z_order="0">
    </points>
    <points frame="213" outside="0" occluded="0" keyframe="0" points="627.95,529.91" z_order="0">
    </points>
    <points frame="214" outside="0" occluded="0" keyframe="0" points="623.50,531.55" z_order="0">
    </points>
    <points frame="215" outside="0" occluded="0" keyframe="0" points="619.05,533.19" z_order="0">
    </points>
    <points frame="216" outside="0" occluded="0" keyframe="0" points="614.60,534.83" z_order="0">
    </points>
    <points frame="217" outside="0" occluded="0" keyframe="0" points="610.15,536.46" z_order="0">
    </points>
    <points frame="218" outside="0" occluded="0" keyframe="1" points="605.70,538.10" z_order="0">
    </points>
    <points frame="219" outside="0" occluded="0" keyframe="0" points="608.35,539.75" z_order="0">
    </points>
    <points frame="220" outside="0" occluded="0" keyframe="1" points="611.00,541.40" z_order="0">
    </points>
    <points frame="221" outside="0" occluded="0" keyframe="0" points="610.49,541.40" z_order="0">
    </points>
    <points frame="222" outside="0" occluded="0" keyframe="0" points="609.98,541.40" z_order="0">
    </points>
    <points frame="223" outside="0" occluded="0" keyframe="0" points="609.47,541.40" z_order="0">
    </points>
    <points frame="224" outside="0" occluded="0" keyframe="0" points="608.96,541.40" z_order="0">
    </points>
    <points frame="225" outside="0" occluded="0" keyframe="0" points="608.45,541.40" z_order="0">
    </points>
    <points frame="226" outside="0" occluded="0" keyframe="0" points="607.94,541.40" z_order="0">
    </points>
    <points frame="227" outside="0" occluded="0" keyframe="0" points="607.43,541.40" z_order="0">
    </points>
    <points frame="228" outside="0" occluded="0" keyframe="0" points="606.92,541.40" z_order="0">
    </points>
    <points frame="229" outside="0" occluded="0" keyframe="0" points="606.41,541.40" z_order="0">
    </points>
    <points frame="230" outside="0" occluded="0" keyframe="1" points="605.90,541.40" z_order="0">
    </points>
    <points frame="231" outside="0" occluded="0" keyframe="0" points="609.82,541.40" z_order="0">
    </points>
    <points frame="232" outside="0" occluded="0" keyframe="0" points="613.74,541.40" z_order="0">
    </points>
    <points frame="233" outside="0" occluded="0" keyframe="0" points="617.66,541.40" z_order="0">
    </points>
    <points frame="234" outside="0" occluded="0" keyframe="0" points="621.58,541.40" z_order="0">
    </points>
    <points frame="235" outside="0" occluded="0" keyframe="0" points="625.50,541.40" z_order="0">
    </points>
    <points frame="236" outside="0" occluded="0" keyframe="0" points="629.42,541.40" z_order="0">
    </points>
    <points frame="237" outside="0" occluded="0" keyframe="0" points="633.34,541.40" z_order="0">
    </points>
    <points frame="238" outside="0" occluded="0" keyframe="0" points="637.26,541.40" z_order="0">
    </points>
    <points frame="239" outside="0" occluded="0" keyframe="0" points="641.18,541.40" z_order="0">
    </points>
    <points frame="240" outside="0" occluded="0" keyframe="1" points="645.10,541.40" z_order="0">
    </points>
    <points frame="241" outside="0" occluded="0" keyframe="0" points="643.84,540.39" z_order="0">
    </points>
    <points frame="242" outside="0" occluded="0" keyframe="0" points="642.58,539.38" z_order="0">
    </points>
    <points frame="243" outside="0" occluded="0" keyframe="0" points="641.32,538.37" z_order="0">
    </points>
    <points frame="244" outside="0" occluded="0" keyframe="0" points="640.06,537.36" z_order="0">
    </points>
    <points frame="245" outside="0" occluded="0" keyframe="0" points="638.80,536.35" z_order="0">
    </points>
    <points frame="246" outside="0" occluded="0" keyframe="0" points="637.54,535.34" z_order="0">
    </points>
    <points frame="247" outside="0" occluded="0" keyframe="0" points="636.28,534.33" z_order="0">
    </points>
    <points frame="248" outside="0" occluded="0" keyframe="0" points="635.02,533.32" z_order="0">
    </points>
    <points frame="249" outside="0" occluded="0" keyframe="0" points="633.76,532.31" z_order="0">
    </points>
    <points frame="250" outside="0" occluded="0" keyframe="1" points="632.50,531.30" z_order="0">
    </points>
    <points frame="251" outside="0" occluded="0" keyframe="0" points="633.00,531.04" z_order="0">
    </points>
    <points frame="252" outside="0" occluded="0" keyframe="0" points="633.50,530.78" z_order="0">
    </points>
    <points frame="253" outside="0" occluded="0" keyframe="0" points="634.00,530.52" z_order="0">
    </points>
    <points frame="254" outside="0" occluded="0" keyframe="0" points="634.50,530.26" z_order="0">
    </points>
    <points frame="255" outside="0" occluded="0" keyframe="1" points="635.00,530.00" z_order="0">
    </points>
  </track>
  <track id="1" label="M" source="manual">
    <points frame="93" outside="0" occluded="0" keyframe="1" points="467.70,645.48" z_order="0">
    </points>
    <points frame="94" outside="0" occluded="0" keyframe="0" points="466.70,644.98" z_order="0">
    </points>
    <points frame="95" outside="0" occluded="0" keyframe="0" points="465.70,644.48" z_order="0">
    </points>
    <points frame="96" outside="0" occluded="0" keyframe="0" points="464.70,643.98" z_order="0">
    </points>
    <points frame="97" outside="0" occluded="0" keyframe="0" points="463.70,643.49" z_order="0">
    </points>
    <points frame="98" outside="0" occluded="0" keyframe="0" points="462.70,642.99" z_order="0">
    </points>
    <points frame="99" outside="0" occluded="0" keyframe="0" points="461.70,642.49" z_order="0">
    </points>
    <points frame="100" outside="0" occluded="0" keyframe="0" points="460.70,641.99" z_order="0">
    </points>
    <points frame="101" outside="0" occluded="0" keyframe="0" points="459.70,641.50" z_order="0">
    </points>
    <points frame="102" outside="0" occluded="0" keyframe="0" points="458.70,641.00" z_order="0">
    </points>
    <points frame="103" outside="0" occluded="0" keyframe="1" points="457.70,640.50" z_order="0">
    </points>
    <points frame="104" outside="0" occluded="0" keyframe="0" points="458.01,640.53" z_order="0">
    </points>
    <points frame="105" outside="0" occluded="0" keyframe="0" points="458.33,640.57" z_order="0">
    </points>
    <points frame="106" outside="0" occluded="0" keyframe="0" points="458.64,640.60" z_order="0">
    </points>
    <points frame="107" outside="0" occluded="0" keyframe="0" points="458.95,640.63" z_order="0">
    </points>
    <points frame="108" outside="0" occluded="0" keyframe="0" points="459.26,640.66" z_order="0">
    </points>
    <points frame="109" outside="0" occluded="0" keyframe="0" points="459.58,640.70" z_order="0">
    </points>
    <points frame="110" outside="0" occluded="0" keyframe="0" points="459.89,640.73" z_order="0">
    </points>
    <points frame="111" outside="0" occluded="0" keyframe="0" points="460.20,640.76" z_order="0">
    </points>
    <points frame="112" outside="0" occluded="0" keyframe="0" points="460.51,640.79" z_order="0">
    </points>
    <points frame="113" outside="0" occluded="0" keyframe="0" points="460.83,640.83" z_order="0">
    </points>
    <points frame="114" outside="0" occluded="0" keyframe="0" points="461.14,640.86" z_order="0">
    </points>
    <points frame="115" outside="0" occluded="0" keyframe="0" points="461.45,640.89" z_order="0">
    </points>
    <points frame="116" outside="0" occluded="0" keyframe="0" points="461.76,640.92" z_order="0">
    </points>
    <points frame="117" outside="0" occluded="0" keyframe="0" points="462.08,640.96" z_order="0">
    </points>
    <points frame="118" outside="0" occluded="0" keyframe="0" points="462.39,640.99" z_order="0">
    </points>
    <points frame="119" outside="0" occluded="0" keyframe="0" points="462.70,641.02" z_order="0">
    </points>
    <points frame="120" outside="0" occluded="0" keyframe="0" points="463.01,641.05" z_order="0">
    </points>
    <points frame="121" outside="0" occluded="0" keyframe="0" points="463.33,641.09" z_order="0">
    </points>
    <points frame="122" outside="0" occluded="0" keyframe="0" points="463.64,641.12" z_order="0">
    </points>
    <points frame="123" outside="0" occluded="0" keyframe="0" points="463.95,641.15" z_order="0">
    </points>
    <points frame="124" outside="0" occluded="0" keyframe="0" points="464.26,641.18" z_order="0">
    </points>
    <points frame="125" outside="0" occluded="0" keyframe="0" points="464.58,641.22" z_order="0">
    </points>
    <points frame="126" outside="0" occluded="0" keyframe="0" points="464.89,641.25" z_order="0">
    </points>
    <points frame="127" outside="0" occluded="0" keyframe="0" points="465.20,641.28" z_order="0">
    </points>
    <points frame="128" outside="0" occluded="0" keyframe="0" points="465.51,641.31" z_order="0">
    </points>
    <points frame="129" outside="0" occluded="0" keyframe="0" points="465.83,641.35" z_order="0">
    </points>
    <points frame="130" outside="0" occluded="0" keyframe="0" points="466.14,641.38" z_order="0">
    </points>
    <points frame="131" outside="0" occluded="0" keyframe="0" points="466.45,641.41" z_order="0">
    </points>
    <points frame="132" outside="0" occluded="0" keyframe="0" points="466.76,641.44" z_order="0">
    </points>
    <points frame="133" outside="0" occluded="0" keyframe="0" points="467.08,641.48" z_order="0">
    </points>
    <points frame="134" outside="0" occluded="0" keyframe="0" points="467.39,641.51" z_order="0">
    </points>
    <points frame="135" outside="0" occluded="0" keyframe="0" points="467.70,641.54" z_order="0">
    </points>
    <points frame="136" outside="0" occluded="0" keyframe="0" points="468.01,641.57" z_order="0">
    </points>
    <points frame="137" outside="0" occluded="0" keyframe="0" points="468.33,641.61" z_order="0">
    </points>
    <points frame="138" outside="0" occluded="0" keyframe="0" points="468.64,641.64" z_order="0">
    </points>
    <points frame="139" outside="0" occluded="0" keyframe="0" points="468.95,641.67" z_order="0">
    </points>
    <points frame="140" outside="0" occluded="0" keyframe="0" points="469.26,641.70" z_order="0">
    </points>
    <points frame="141" outside="0" occluded="0" keyframe="0" points="469.58,641.74" z_order="0">
    </points>
    <points frame="142" outside="0" occluded="0" keyframe="0" points="469.89,641.77" z_order="0">
    </points>
    <points frame="143" outside="0" occluded="0" keyframe="1" points="470.20,641.80" z_order="0">
    </points>
    <points frame="144" outside="0" occluded="0" keyframe="0" points="471.83,640.80" z_order="0">
    </points>
    <points frame="145" outside="0" occluded="0" keyframe="0" points="473.46,639.80" z_order="0">
    </points>
    <points frame="146" outside="0" occluded="0" keyframe="0" points="475.09,638.80" z_order="0">
    </points>
    <points frame="147" outside="0" occluded="0" keyframe="0" points="476.72,637.80" z_order="0">
    </points>
    <points frame="148" outside="0" occluded="0" keyframe="0" points="478.35,636.80" z_order="0">
    </points>
    <points frame="149" outside="0" occluded="0" keyframe="0" points="479.98,635.80" z_order="0">
    </points>
    <points frame="150" outside="0" occluded="0" keyframe="0" points="481.61,634.80" z_order="0">
    </points>
    <points frame="151" outside="0" occluded="0" keyframe="0" points="483.24,633.80" z_order="0">
    </points>
    <points frame="152" outside="0" occluded="0" keyframe="0" points="484.87,632.80" z_order="0">
    </points>
    <points frame="153" outside="0" occluded="0" keyframe="1" points="486.50,631.80" z_order="0">
    </points>
    <points frame="154" outside="0" occluded="0" keyframe="0" points="485.50,632.18" z_order="0">
    </points>
    <points frame="155" outside="0" occluded="0" keyframe="0" points="484.50,632.56" z_order="0">
    </points>
    <points frame="156" outside="0" occluded="0" keyframe="0" points="483.50,632.94" z_order="0">
    </points>
    <points frame="157" outside="0" occluded="0" keyframe="0" points="482.50,633.32" z_order="0">
    </points>
    <points frame="158" outside="0" occluded="0" keyframe="0" points="481.50,633.70" z_order="0">
    </points>
    <points frame="159" outside="0" occluded="0" keyframe="0" points="480.50,634.08" z_order="0">
    </points>
    <points frame="160" outside="0" occluded="0" keyframe="0" points="479.50,634.46" z_order="0">
    </points>
    <points frame="161" outside="0" occluded="0" keyframe="0" points="478.50,634.84" z_order="0">
    </points>
    <points frame="162" outside="0" occluded="0" keyframe="0" points="477.50,635.22" z_order="0">
    </points>
    <points frame="163" outside="0" occluded="0" keyframe="1" points="476.50,635.60" z_order="0">
    </points>
    <points frame="164" outside="0" occluded="0" keyframe="0" points="476.41,635.66" z_order="0">
    </points>
    <points frame="165" outside="0" occluded="0" keyframe="0" points="476.31,635.73" z_order="0">
    </points>
    <points frame="166" outside="0" occluded="0" keyframe="0" points="476.22,635.79" z_order="0">
    </points>
    <points frame="167" outside="0" occluded="0" keyframe="0" points="476.12,635.85" z_order="0">
    </points>
    <points frame="168" outside="0" occluded="0" keyframe="0" points="476.03,635.91" z_order="0">
    </points>
    <points frame="169" outside="0" occluded="0" keyframe="0" points="475.94,635.98" z_order="0">
    </points>
    <points frame="170" outside="0" occluded="0" keyframe="0" points="475.84,636.04" z_order="0">
    </points>
    <points frame="171" outside="0" occluded="0" keyframe="0" points="475.75,636.10" z_order="0">
    </points>
    <points frame="172" outside="0" occluded="0" keyframe="0" points="475.66,636.16" z_order="0">
    </points>
    <points frame="173" outside="0" occluded="0" keyframe="0" points="475.56,636.23" z_order="0">
    </points>
    <points frame="174" outside="0" occluded="0" keyframe="0" points="475.47,636.29" z_order="0">
    </points>
    <points frame="175" outside="0" occluded="0" keyframe="0" points="475.38,636.35" z_order="0">
    </points>
    <points frame="176" outside="0" occluded="0" keyframe="0" points="475.28,636.41" z_order="0">
    </points>
    <points frame="177" outside="0" occluded="0" keyframe="0" points="475.19,636.48" z_order="0">
    </points>
    <points frame="178" outside="0" occluded="0" keyframe="0" points="475.09,636.54" z_order="0">
    </points>
    <points frame="179" outside="0" occluded="0" keyframe="0" points="475.00,636.60" z_order="0">
    </points>
    <points frame="180" outside="0" occluded="0" keyframe="0" points="474.91,636.66" z_order="0">
    </points>
    <points frame="181" outside="0" occluded="0" keyframe="0" points="474.81,636.73" z_order="0">
    </points>
    <points frame="182" outside="0" occluded="0" keyframe="0" points="474.72,636.79" z_order="0">
    </points>
    <points frame="183" outside="0" occluded="0" keyframe="0" points="474.62,636.85" z_order="0">
    </points>
    <points frame="184" outside="0" occluded="0" keyframe="0" points="474.53,636.91" z_order="0">
    </points>
    <points frame="185" outside="0" occluded="0" keyframe="0" points="474.44,636.98" z_order="0">
    </points>
    <points frame="186" outside="0" occluded="0" keyframe="0" points="474.34,637.04" z_order="0">
    </points>
    <points frame="187" outside="0" occluded="0" keyframe="0" points="474.25,637.10" z_order="0">
    </points>
    <points frame="188" outside="0" occluded="0" keyframe="0" points="474.16,637.16" z_order="0">
    </points>
    <points frame="189" outside="0" occluded="0" keyframe="0" points="474.06,637.23" z_order="0">
    </points>
    <points frame="190" outside="0" occluded="0" keyframe="0" points="473.97,637.29" z_order="0">
    </points>
    <points frame="191" outside="0" occluded="0" keyframe="0" points="473.88,637.35" z_order="0">
    </points>
    <points frame="192" outside="0" occluded="0" keyframe="0" points="473.78,637.41" z_order="0">
    </points>
    <points frame="193" outside="0" occluded="0" keyframe="0" points="473.69,637.48" z_order="0">
    </points>
    <points frame="194" outside="0" occluded="0" keyframe="0" points="473.59,637.54" z_order="0">
    </points>
    <points frame="195" outside="0" occluded="0" keyframe="1" points="473.50,637.60" z_order="0">
    </points>
    <points frame="196" outside="0" occluded="0" keyframe="0" points="473.55,637.31" z_order="0">
    </points>
    <points frame="197" outside="0" occluded="0" keyframe="0" points="473.59,637.02" z_order="0">
    </points>
    <points frame="198" outside="0" occluded="0" keyframe="0" points="473.64,636.73" z_order="0">
    </points>
    <points frame="199" outside="0" occluded="0" keyframe="0" points="473.68,636.44" z_order="0">
    </points>
    <points frame="200" outside="0" occluded="0" keyframe="0" points="473.73,636.15" z_order="0">
    </points>
    <points frame="201" outside="0" occluded="0" keyframe="0" points="473.77,635.86" z_order="0">
    </points>
    <points frame="202" outside="0" occluded="0" keyframe="0" points="473.82,635.57" z_order="0">
    </points>
    <points frame="203" outside="0" occluded="0" keyframe="0" points="473.86,635.28" z_order="0">
    </points>
    <points frame="204" outside="0" occluded="0" keyframe="0" points="473.91,634.99" z_order="0">
    </points>
    <points frame="205" outside="0" occluded="0" keyframe="0" points="473.95,634.70" z_order="0">
    </points>
    <points frame="206" outside="0" occluded="0" keyframe="0" points="474.00,634.41" z_order="0">
    </points>
    <points frame="207" outside="0" occluded="0" keyframe="0" points="474.04,634.12" z_order="0">
    </points>
    <points frame="208" outside="0" occluded="0" keyframe="0" points="474.09,633.83" z_order="0">
    </points>
    <points frame="209" outside="0" occluded="0" keyframe="0" points="474.13,633.54" z_order="0">
    </points>
    <points frame="210" outside="0" occluded="0" keyframe="0" points="474.18,633.25" z_order="0">
    </points>
    <points frame="211" outside="0" occluded="0" keyframe="0" points="474.22,632.96" z_order="0">
    </points>
    <points frame="212" outside="0" occluded="0" keyframe="0" points="474.27,632.67" z_order="0">
    </points>
    <points frame="213" outside="0" occluded="0" keyframe="0" points="474.31,632.38" z_order="0">
    </points>
    <points frame="214" outside="0" occluded="0" keyframe="0" points="474.36,632.09" z_order="0">
    </points>
    <points frame="215" outside="0" occluded="0" keyframe="0" points="474.40,631.80" z_order="0">
    </points>
    <points frame="216" outside="0" occluded="0" keyframe="0" points="474.45,631.51" z_order="0">
    </points>
    <points frame="217" outside="0" occluded="0" keyframe="0" points="474.49,631.22" z_order="0">
    </points>
    <points frame="218" outside="0" occluded="0" keyframe="0" points="474.54,630.93" z_order="0">
    </points>
    <points frame="219" outside="0" occluded="0" keyframe="0" points="474.58,630.64" z_order="0">
    </points>
    <points frame="220" outside="0" occluded="0" keyframe="0" points="474.63,630.35" z_order="0">
    </points>
    <points frame="221" outside="0" occluded="0" keyframe="0" points="474.67,630.06" z_order="0">
    </points>
    <points frame="222" outside="0" occluded="0" keyframe="0" points="474.72,629.77" z_order="0">
    </points>
    <points frame="223" outside="0" occluded="0" keyframe="0" points="474.76,629.48" z_order="0">
    </points>
    <points frame="224" outside="0" occluded="0" keyframe="0" points="474.81,629.19" z_order="0">
    </points>
    <points frame="225" outside="0" occluded="0" keyframe="0" points="474.85,628.90" z_order="0">
    </points>
    <points frame="226" outside="0" occluded="0" keyframe="0" points="474.90,628.61" z_order="0">
    </points>
    <points frame="227" outside="0" occluded="0" keyframe="0" points="474.94,628.32" z_order="0">
    </points>
    <points frame="228" outside="0" occluded="0" keyframe="0" points="474.99,628.03" z_order="0">
    </points>
    <points frame="229" outside="0" occluded="0" keyframe="0" points="475.03,627.74" z_order="0">
    </points>
    <points frame="230" outside="0" occluded="0" keyframe="0" points="475.08,627.45" z_order="0">
    </points>
    <points frame="231" outside="0" occluded="0" keyframe="0" points="475.12,627.16" z_order="0">
    </points>
    <points frame="232" outside="0" occluded="0" keyframe="0" points="475.17,626.87" z_order="0">
    </points>
    <points frame="233" outside="0" occluded="0" keyframe="0" points="475.21,626.58" z_order="0">
    </points>
    <points frame="234" outside="0" occluded="0" keyframe="0" points="475.26,626.29" z_order="0">
    </points>
    <points frame="235" outside="0" occluded="0" keyframe="1" points="475.30,626.00" z_order="0">
    </points>
    <points frame="236" outside="0" occluded="0" keyframe="0" points="475.93,626.11" z_order="0">
    </points>
    <points frame="237" outside="0" occluded="0" keyframe="0" points="476.55,626.21" z_order="0">
    </points>
    <points frame="238" outside="0" occluded="0" keyframe="0" points="477.18,626.32" z_order="0">
    </points>
    <points frame="239" outside="0" occluded="0" keyframe="0" points="477.80,626.42" z_order="0">
    </points>
    <points frame="240" outside="0" occluded="0" keyframe="0" points="478.43,626.53" z_order="0">
    </points>
    <points frame="241" outside="0" occluded="0" keyframe="0" points="479.05,626.63" z_order="0">
    </points>
    <points frame="242" outside="0" occluded="0" keyframe="0" points="479.68,626.74" z_order="0">
    </points>
    <points frame="243" outside="0" occluded="0" keyframe="0" points="480.30,626.84" z_order="0">
    </points>
    <points frame="244" outside="0" occluded="0" keyframe="0" points="480.93,626.95" z_order="0">
    </points>
    <points frame="245" outside="0" occluded="0" keyframe="0" points="481.55,627.05" z_order="0">
    </points>
    <points frame="246" outside="0" occluded="0" keyframe="0" points="482.18,627.16" z_order="0">
    </points>
    <points frame="247" outside="0" occluded="0" keyframe="0" points="482.80,627.26" z_order="0">
    </points>
    <points frame="248" outside="0" occluded="0" keyframe="0" points="483.43,627.37" z_order="0">
    </points>
    <points frame="249" outside="0" occluded="0" keyframe="0" points="484.05,627.47" z_order="0">
    </points>
    <points frame="250" outside="0" occluded="0" keyframe="0" points="484.68,627.58" z_order="0">
    </points>
    <points frame="251" outside="0" occluded="0" keyframe="0" points="485.30,627.68" z_order="0">
    </points>
    <points frame="252" outside="0" occluded="0" keyframe="0" points="485.93,627.79" z_order="0">
    </points>
    <points frame="253" outside="0" occluded="0" keyframe="0" points="486.55,627.89" z_order="0">
    </points>
    <points frame="254" outside="0" occluded="0" keyframe="0" points="487.18,628.00" z_order="0">
    </points>
    <points frame="255" outside="0" occluded="0" keyframe="1" points="487.80,628.10" z_order="0">
    </points>
  </track>
</annotations>
