<?xml version="1.0" encoding="utf-8"?>
<annotations>
  <version>1.1</version>
  <meta>
    <task>
      <id>195</id>
      <name>D08_5ML-L1-9.avi</name>
      <size>357</size>
      <mode>interpolation</mode>
      <overlap>5</overlap>
      <bugtracker></bugtracker>
      <created>2021-11-20 16:29:12.812275+00:00</created>
      <updated>2021-11-20 16:53:24.491394+00:00</updated>
      <subset>default</subset>
      <start_frame>0</start_frame>
      <stop_frame>356</stop_frame>
      <frame_filter></frame_filter>
      <segments>
        <segment>
          <id>193</id>
          <start>0</start>
          <stop>356</stop>
          <url>http://localhost:8080/?id=193</url>
        </segment>
      </segments>
      <owner>
        <username>hubertachan</username>
        <email>hubertachan@gmail.com</email>
      </owner>
      <assignee></assignee>
      <labels>
        <label>
          <name>M</name>
          <color>#ff355e</color>
          <attributes>
          </attributes>
        </label>
        <label>
          <name>HB</name>
          <color>#3b0c73</color>
          <attributes>
          </attributes>
        </label>
      </labels>
      <original_size>
        <width>1068</width>
        <height>800</height>
      </original_size>
    </task>
    <dumped>2021-11-20 16:53:28.384940+00:00</dumped>
    <source>D08_5ML-L1-9.avi</source>
  </meta>
  <track id="0" label="M" source="manual">
    <points frame="0" outside="0" occluded="0" keyframe="1" points="448.52,637.57" z_order="0">
    </points>
    <points frame="1" outside="0" occluded="0" keyframe="0" points="449.03,637.12" z_order="0">
    </points>
    <points frame="2" outside="0" occluded="0" keyframe="0" points="449.53,636.67" z_order="0">
    </points>
    <points frame="3" outside="0" occluded="0" keyframe="0" points="450.03,636.22" z_order="0">
    </points>
    <points frame="4" outside="0" occluded="0" keyframe="0" points="450.54,635.77" z_order="0">
    </points>
    <points frame="5" outside="0" occluded="0" keyframe="0" points="451.04,635.33" z_order="0">
    </points>
    <points frame="6" outside="0" occluded="0" keyframe="0" points="451.54,634.88" z_order="0">
    </points>
    <points frame="7" outside="0" occluded="0" keyframe="0" points="452.05,634.43" z_order="0">
    </points>
    <points frame="8" outside="0" occluded="0" keyframe="0" points="452.55,633.98" z_order="0">
    </points>
    <points frame="9" outside="0" occluded="0" keyframe="0" points="453.05,633.53" z_order="0">
    </points>
    <points frame="10" outside="0" occluded="0" keyframe="0" points="453.56,633.08" z_order="0">
    </points>
    <points frame="11" outside="0" occluded="0" keyframe="0" points="454.06,632.63" z_order="0">
    </points>
    <points frame="12" outside="0" occluded="0" keyframe="0" points="454.57,632.19" z_order="0">
    </points>
    <points frame="13" outside="0" occluded="0" keyframe="0" points="455.07,631.74" z_order="0">
    </points>
    <points frame="14" outside="0" occluded="0" keyframe="0" points="455.57,631.29" z_order="0">
    </points>
    <points frame="15" outside="0" occluded="0" keyframe="0" points="456.08,630.84" z_order="0">
    </points>
    <points frame="16" outside="0" occluded="0" keyframe="0" points="456.58,630.39" z_order="0">
    </points>
    <points frame="17" outside="0" occluded="0" keyframe="0" points="457.08,629.94" z_order="0">
    </points>
    <points frame="18" outside="0" occluded="0" keyframe="0" points="457.59,629.49" z_order="0">
    </points>
    <points frame="19" outside="0" occluded="0" keyframe="0" points="458.09,629.05" z_order="0">
    </points>
    <points frame="20" outside="0" occluded="0" keyframe="0" points="458.59,628.60" z_order="0">
    </points>
    <points frame="21" outside="0" occluded="0" keyframe="0" points="459.10,628.15" z_order="0">
    </points>
    <points frame="22" outside="0" occluded="0" keyframe="1" points="459.60,627.70" z_order="0">
    </points>
    <points frame="23" outside="0" occluded="0" keyframe="0" points="460.46,627.33" z_order="0">
    </points>
    <points frame="24" outside="0" occluded="0" keyframe="0" points="461.32,626.96" z_order="0">
    </points>
    <points frame="25" outside="0" occluded="0" keyframe="0" points="462.18,626.59" z_order="0">
    </points>
    <points frame="26" outside="0" occluded="0" keyframe="0" points="463.04,626.22" z_order="0">
    </points>
    <points frame="27" outside="0" occluded="0" keyframe="0" points="463.90,625.85" z_order="0">
    </points>
    <points frame="28" outside="0" occluded="0" keyframe="0" points="464.76,625.48" z_order="0">
    </points>
    <points frame="29" outside="0" occluded="0" keyframe="0" points="465.62,625.11" z_order="0">
    </points>
    <points frame="30" outside="0" occluded="0" keyframe="0" points="466.48,624.74" z_order="0">
    </points>
    <points frame="31" outside="0" occluded="0" keyframe="0" points="467.34,624.37" z_order="0">
    </points>
    <points frame="32" outside="0" occluded="0" keyframe="1" points="468.20,624.00" z_order="0">
    </points>
    <points frame="33" outside="0" occluded="0" keyframe="0" points="472.20,621.30" z_order="0">
    </points>
    <points frame="34" outside="0" occluded="0" keyframe="0" points="476.20,618.60" z_order="0">
    </points>
    <points frame="35" outside="0" occluded="0" keyframe="0" points="480.20,615.90" z_order="0">
    </points>
    <points frame="36" outside="0" occluded="0" keyframe="1" points="484.20,613.20" z_order="0">
    </points>
    <points frame="37" outside="0" occluded="0" keyframe="0" points="481.53,614.58" z_order="0">
    </points>
    <points frame="38" outside="0" occluded="0" keyframe="0" points="478.87,615.97" z_order="0">
    </points>
    <points frame="39" outside="0" occluded="0" keyframe="0" points="476.20,617.35" z_order="0">
    </points>
    <points frame="40" outside="0" occluded="0" keyframe="0" points="473.53,618.73" z_order="0">
    </points>
    <points frame="41" outside="0" occluded="0" keyframe="0" points="470.87,620.12" z_order="0">
    </points>
    <points frame="42" outside="0" occluded="0" keyframe="1" points="468.20,621.50" z_order="0">
    </points>
    <points frame="43" outside="0" occluded="0" keyframe="0" points="468.32,621.50" z_order="0">
    </points>
    <points frame="44" outside="0" occluded="0" keyframe="0" points="468.44,621.50" z_order="0">
    </points>
    <points frame="45" outside="0" occluded="0" keyframe="0" points="468.56,621.50" z_order="0">
    </points>
    <points frame="46" outside="0" occluded="0" keyframe="0" points="468.68,621.50" z_order="0">
    </points>
    <points frame="47" outside="0" occluded="0" keyframe="0" points="468.80,621.50" z_order="0">
    </points>
    <points frame="48" outside="0" occluded="0" keyframe="0" points="468.92,621.50" z_order="0">
    </points>
    <points frame="49" outside="0" occluded="0" keyframe="0" points="469.04,621.50" z_order="0">
    </points>
    <points frame="50" outside="0" occluded="0" keyframe="0" points="469.16,621.50" z_order="0">
    </points>
    <points frame="51" outside="0" occluded="0" keyframe="0" points="469.28,621.50" z_order="0">
    </points>
    <points frame="52" outside="0" occluded="0" keyframe="1" points="469.40,621.50" z_order="0">
    </points>
    <points frame="53" outside="0" occluded="0" keyframe="0" points="469.40,621.50" z_order="0">
    </points>
    <points frame="54" outside="0" occluded="0" keyframe="0" points="469.40,621.50" z_order="0">
    </points>
    <points frame="55" outside="0" occluded="0" keyframe="0" points="469.40,621.50" z_order="0">
    </points>
    <points frame="56" outside="0" occluded="0" keyframe="0" points="469.40,621.50" z_order="0">
    </points>
    <points frame="57" outside="0" occluded="0" keyframe="0" points="469.40,621.50" z_order="0">
    </points>
    <points frame="58" outside="0" occluded="0" keyframe="0" points="469.40,621.50" z_order="0">
    </points>
    <points frame="59" outside="0" occluded="0" keyframe="0" points="469.40,621.50" z_order="0">
    </points>
    <points frame="60" outside="0" occluded="0" keyframe="0" points="469.40,621.50" z_order="0">
    </points>
    <points frame="61" outside="0" occluded="0" keyframe="0" points="469.40,621.50" z_order="0">
    </points>
    <points frame="62" outside="0" occluded="0" keyframe="1" points="469.40,621.50" z_order="0">
    </points>
    <points frame="63" outside="0" occluded="0" keyframe="0" points="469.09,621.93" z_order="0">
    </points>
    <points frame="64" outside="0" occluded="0" keyframe="0" points="468.78,622.36" z_order="0">
    </points>
    <points frame="65" outside="0" occluded="0" keyframe="0" points="468.47,622.79" z_order="0">
    </points>
    <points frame="66" outside="0" occluded="0" keyframe="0" points="468.16,623.22" z_order="0">
    </points>
    <points frame="67" outside="0" occluded="0" keyframe="0" points="467.85,623.65" z_order="0">
    </points>
    <points frame="68" outside="0" occluded="0" keyframe="0" points="467.54,624.08" z_order="0">
    </points>
    <points frame="69" outside="0" occluded="0" keyframe="0" points="467.23,624.51" z_order="0">
    </points>
    <points frame="70" outside="0" occluded="0" keyframe="0" points="466.92,624.94" z_order="0">
    </points>
    <points frame="71" outside="0" occluded="0" keyframe="0" points="466.61,625.37" z_order="0">
    </points>
    <points frame="72" outside="0" occluded="0" keyframe="0" points="466.30,625.80" z_order="0">
    </points>
    <points frame="73" outside="0" occluded="0" keyframe="0" points="465.99,626.23" z_order="0">
    </points>
    <points frame="74" outside="0" occluded="0" keyframe="0" points="465.68,626.66" z_order="0">
    </points>
    <points frame="75" outside="0" occluded="0" keyframe="0" points="465.37,627.09" z_order="0">
    </points>
    <points frame="76" outside="0" occluded="0" keyframe="0" points="465.06,627.52" z_order="0">
    </points>
    <points frame="77" outside="0" occluded="0" keyframe="0" points="464.75,627.95" z_order="0">
    </points>
    <points frame="78" outside="0" occluded="0" keyframe="0" points="464.44,628.38" z_order="0">
    </points>
    <points frame="79" outside="0" occluded="0" keyframe="0" points="464.13,628.81" z_order="0">
    </points>
    <points frame="80" outside="0" occluded="0" keyframe="0" points="463.82,629.24" z_order="0">
    </points>
    <points frame="81" outside="0" occluded="0" keyframe="0" points="463.51,629.67" z_order="0">
    </points>
    <points frame="82" outside="0" occluded="0" keyframe="1" points="463.20,630.10" z_order="0">
    </points>
    <points frame="83" outside="0" occluded="0" keyframe="0" points="463.20,629.85" z_order="0">
    </points>
    <points frame="84" outside="0" occluded="0" keyframe="0" points="463.20,629.60" z_order="0">
    </points>
    <points frame="85" outside="0" occluded="0" keyframe="0" points="463.20,629.35" z_order="0">
    </points>
    <points frame="86" outside="0" occluded="0" keyframe="0" points="463.20,629.10" z_order="0">
    </points>
    <points frame="87" outside="0" occluded="0" keyframe="0" points="463.20,628.85" z_order="0">
    </points>
    <points frame="88" outside="0" occluded="0" keyframe="0" points="463.20,628.60" z_order="0">
    </points>
    <points frame="89" outside="0" occluded="0" keyframe="0" points="463.20,628.35" z_order="0">
    </points>
    <points frame="90" outside="0" occluded="0" keyframe="0" points="463.20,628.10" z_order="0">
    </points>
    <points frame="91" outside="0" occluded="0" keyframe="0" points="463.20,627.85" z_order="0">
    </points>
    <points frame="92" outside="0" occluded="0" keyframe="1" points="463.20,627.60" z_order="0">
    </points>
    <points frame="93" outside="0" occluded="0" keyframe="0" points="463.20,627.60" z_order="0">
    </points>
    <points frame="94" outside="0" occluded="0" keyframe="0" points="463.20,627.60" z_order="0">
    </points>
    <points frame="95" outside="0" occluded="0" keyframe="0" points="463.20,627.60" z_order="0">
    </points>
    <points frame="96" outside="0" occluded="0" keyframe="0" points="463.20,627.60" z_order="0">
    </points>
    <points frame="97" outside="0" occluded="0" keyframe="0" points="463.20,627.60" z_order="0">
    </points>
    <points frame="98" outside="0" occluded="0" keyframe="0" points="463.20,627.60" z_order="0">
    </points>
    <points frame="99" outside="0" occluded="0" keyframe="0" points="463.20,627.60" z_order="0">
    </points>
    <points frame="100" outside="0" occluded="0" keyframe="0" points="463.20,627.60" z_order="0">
    </points>
    <points frame="101" outside="0" occluded="0" keyframe="0" points="463.20,627.60" z_order="0">
    </points>
    <points frame="102" outside="0" occluded="0" keyframe="1" points="463.20,627.60" z_order="0">
    </points>
    <points frame="103" outside="0" occluded="0" keyframe="0" points="462.95,627.62" z_order="0">
    </points>
    <points frame="104" outside="0" occluded="0" keyframe="0" points="462.71,627.64" z_order="0">
    </points>
    <points frame="105" outside="0" occluded="0" keyframe="0" points="462.46,627.66" z_order="0">
    </points>
    <points frame="106" outside="0" occluded="0" keyframe="0" points="462.21,627.68" z_order="0">
    </points>
    <points frame="107" outside="0" occluded="0" keyframe="0" points="461.97,627.70" z_order="0">
    </points>
    <points frame="108" outside="0" occluded="0" keyframe="0" points="461.72,627.72" z_order="0">
    </points>
    <points frame="109" outside="0" occluded="0" keyframe="0" points="461.47,627.74" z_order="0">
    </points>
    <points frame="110" outside="0" occluded="0" keyframe="0" points="461.23,627.76" z_order="0">
    </points>
    <points frame="111" outside="0" occluded="0" keyframe="0" points="460.98,627.78" z_order="0">
    </points>
    <points frame="112" outside="0" occluded="0" keyframe="0" points="460.73,627.80" z_order="0">
    </points>
    <points frame="113" outside="0" occluded="0" keyframe="0" points="460.49,627.82" z_order="0">
    </points>
    <points frame="114" outside="0" occluded="0" keyframe="0" points="460.24,627.84" z_order="0">
    </points>
    <points frame="115" outside="0" occluded="0" keyframe="0" points="459.99,627.86" z_order="0">
    </points>
    <points frame="116" outside="0" occluded="0" keyframe="0" points="459.75,627.88" z_order="0">
    </points>
    <points frame="117" outside="0" occluded="0" keyframe="0" points="459.50,627.90" z_order="0">
    </points>
    <points frame="118" outside="0" occluded="0" keyframe="0" points="459.25,627.92" z_order="0">
    </points>
    <points frame="119" outside="0" occluded="0" keyframe="0" points="459.01,627.94" z_order="0">
    </points>
    <points frame="120" outside="0" occluded="0" keyframe="0" points="458.76,627.96" z_order="0">
    </points>
    <points frame="121" outside="0" occluded="0" keyframe="0" points="458.51,627.98" z_order="0">
    </points>
    <points frame="122" outside="0" occluded="0" keyframe="0" points="458.27,628.00" z_order="0">
    </points>
    <points frame="123" outside="0" occluded="0" keyframe="0" points="458.02,628.02" z_order="0">
    </points>
    <points frame="124" outside="0" occluded="0" keyframe="0" points="457.77,628.04" z_order="0">
    </points>
    <points frame="125" outside="0" occluded="0" keyframe="0" points="457.53,628.06" z_order="0">
    </points>
    <points frame="126" outside="0" occluded="0" keyframe="0" points="457.28,628.08" z_order="0">
    </points>
    <points frame="127" outside="0" occluded="0" keyframe="0" points="457.03,628.10" z_order="0">
    </points>
    <points frame="128" outside="0" occluded="0" keyframe="0" points="456.79,628.12" z_order="0">
    </points>
    <points frame="129" outside="0" occluded="0" keyframe="0" points="456.54,628.14" z_order="0">
    </points>
    <points frame="130" outside="0" occluded="0" keyframe="0" points="456.29,628.16" z_order="0">
    </points>
    <points frame="131" outside="0" occluded="0" keyframe="0" points="456.05,628.18" z_order="0">
    </points>
    <points frame="132" outside="0" occluded="0" keyframe="0" points="455.80,628.20" z_order="0">
    </points>
    <points frame="133" outside="0" occluded="0" keyframe="0" points="455.55,628.22" z_order="0">
    </points>
    <points frame="134" outside="0" occluded="0" keyframe="0" points="455.31,628.24" z_order="0">
    </points>
    <points frame="135" outside="0" occluded="0" keyframe="0" points="455.06,628.26" z_order="0">
    </points>
    <points frame="136" outside="0" occluded="0" keyframe="0" points="454.81,628.28" z_order="0">
    </points>
    <points frame="137" outside="0" occluded="0" keyframe="0" points="454.57,628.30" z_order="0">
    </points>
    <points frame="138" outside="0" occluded="0" keyframe="0" points="454.32,628.32" z_order="0">
    </points>
    <points frame="139" outside="0" occluded="0" keyframe="0" points="454.07,628.34" z_order="0">
    </points>
    <points frame="140" outside="0" occluded="0" keyframe="0" points="453.83,628.36" z_order="0">
    </points>
    <points frame="141" outside="0" occluded="0" keyframe="0" points="453.58,628.38" z_order="0">
    </points>
    <points frame="142" outside="0" occluded="0" keyframe="0" points="453.33,628.40" z_order="0">
    </points>
    <points frame="143" outside="0" occluded="0" keyframe="0" points="453.09,628.42" z_order="0">
    </points>
    <points frame="144" outside="0" occluded="0" keyframe="0" points="452.84,628.44" z_order="0">
    </points>
    <points frame="145" outside="0" occluded="0" keyframe="0" points="452.59,628.46" z_order="0">
    </points>
    <points frame="146" outside="0" occluded="0" keyframe="0" points="452.35,628.48" z_order="0">
    </points>
    <points frame="147" outside="0" occluded="0" keyframe="0" points="452.10,628.50" z_order="0">
    </points>
    <points frame="148" outside="0" occluded="0" keyframe="0" points="451.85,628.52" z_order="0">
    </points>
    <points frame="149" outside="0" occluded="0" keyframe="0" points="451.61,628.54" z_order="0">
    </points>
    <points frame="150" outside="0" occluded="0" keyframe="0" points="451.36,628.56" z_order="0">
    </points>
    <points frame="151" outside="0" occluded="0" keyframe="0" points="451.11,628.58" z_order="0">
    </points>
    <points frame="152" outside="0" occluded="0" keyframe="0" points="450.87,628.60" z_order="0">
    </points>
    <points frame="153" outside="0" occluded="0" keyframe="0" points="450.62,628.62" z_order="0">
    </points>
    <points frame="154" outside="0" occluded="0" keyframe="0" points="450.37,628.64" z_order="0">
    </points>
    <points frame="155" outside="0" occluded="0" keyframe="0" points="450.13,628.66" z_order="0">
    </points>
    <points frame="156" outside="0" occluded="0" keyframe="0" points="449.88,628.68" z_order="0">
    </points>
    <points frame="157" outside="0" occluded="0" keyframe="0" points="449.63,628.70" z_order="0">
    </points>
    <points frame="158" outside="0" occluded="0" keyframe="0" points="449.39,628.72" z_order="0">
    </points>
    <points frame="159" outside="0" occluded="0" keyframe="0" points="449.14,628.74" z_order="0">
    </points>
    <points frame="160" outside="0" occluded="0" keyframe="0" points="448.89,628.76" z_order="0">
    </points>
    <points frame="161" outside="0" occluded="0" keyframe="0" points="448.65,628.78" z_order="0">
    </points>
    <points frame="162" outside="0" occluded="0" keyframe="1" points="448.40,628.80" z_order="0">
    </points>
    <points frame="163" outside="0" occluded="0" keyframe="0" points="447.91,628.93" z_order="0">
    </points>
    <points frame="164" outside="0" occluded="0" keyframe="0" points="447.42,629.05" z_order="0">
    </points>
    <points frame="165" outside="0" occluded="0" keyframe="0" points="446.93,629.18" z_order="0">
    </points>
    <points frame="166" outside="0" occluded="0" keyframe="0" points="446.44,629.30" z_order="0">
    </points>
    <points frame="167" outside="0" occluded="0" keyframe="0" points="445.95,629.43" z_order="0">
    </points>
    <points frame="168" outside="0" occluded="0" keyframe="0" points="445.46,629.55" z_order="0">
    </points>
    <points frame="169" outside="0" occluded="0" keyframe="0" points="444.97,629.68" z_order="0">
    </points>
    <points frame="170" outside="0" occluded="0" keyframe="0" points="444.48,629.80" z_order="0">
    </points>
    <points frame="171" outside="0" occluded="0" keyframe="0" points="443.99,629.93" z_order="0">
    </points>
    <points frame="172" outside="0" occluded="0" keyframe="0" points="443.50,630.05" z_order="0">
    </points>
    <points frame="173" outside="0" occluded="0" keyframe="0" points="443.01,630.18" z_order="0">
    </points>
    <points frame="174" outside="0" occluded="0" keyframe="0" points="442.52,630.30" z_order="0">
    </points>
    <points frame="175" outside="0" occluded="0" keyframe="0" points="442.03,630.43" z_order="0">
    </points>
    <points frame="176" outside="0" occluded="0" keyframe="0" points="441.54,630.55" z_order="0">
    </points>
    <points frame="177" outside="0" occluded="0" keyframe="0" points="441.05,630.68" z_order="0">
    </points>
    <points frame="178" outside="0" occluded="0" keyframe="0" points="440.56,630.80" z_order="0">
    </points>
    <points frame="179" outside="0" occluded="0" keyframe="0" points="440.07,630.93" z_order="0">
    </points>
    <points frame="180" outside="0" occluded="0" keyframe="0" points="439.58,631.05" z_order="0">
    </points>
    <points frame="181" outside="0" occluded="0" keyframe="0" points="439.09,631.18" z_order="0">
    </points>
    <points frame="182" outside="0" occluded="0" keyframe="1" points="438.60,631.30" z_order="0">
    </points>
    <points frame="183" outside="0" occluded="0" keyframe="0" points="438.58,631.59" z_order="0">
    </points>
    <points frame="184" outside="0" occluded="0" keyframe="0" points="438.55,631.88" z_order="0">
    </points>
    <points frame="185" outside="0" occluded="0" keyframe="0" points="438.53,632.17" z_order="0">
    </points>
    <points frame="186" outside="0" occluded="0" keyframe="0" points="438.50,632.46" z_order="0">
    </points>
    <points frame="187" outside="0" occluded="0" keyframe="0" points="438.48,632.75" z_order="0">
    </points>
    <points frame="188" outside="0" occluded="0" keyframe="0" points="438.45,633.04" z_order="0">
    </points>
    <points frame="189" outside="0" occluded="0" keyframe="0" points="438.43,633.33" z_order="0">
    </points>
    <points frame="190" outside="0" occluded="0" keyframe="0" points="438.40,633.62" z_order="0">
    </points>
    <points frame="191" outside="0" occluded="0" keyframe="0" points="438.38,633.91" z_order="0">
    </points>
    <points frame="192" outside="0" occluded="0" keyframe="0" points="438.35,634.20" z_order="0">
    </points>
    <points frame="193" outside="0" occluded="0" keyframe="0" points="438.33,634.49" z_order="0">
    </points>
    <points frame="194" outside="0" occluded="0" keyframe="0" points="438.30,634.78" z_order="0">
    </points>
    <points frame="195" outside="0" occluded="0" keyframe="0" points="438.28,635.07" z_order="0">
    </points>
    <points frame="196" outside="0" occluded="0" keyframe="0" points="438.25,635.36" z_order="0">
    </points>
    <points frame="197" outside="0" occluded="0" keyframe="0" points="438.23,635.65" z_order="0">
    </points>
    <points frame="198" outside="0" occluded="0" keyframe="0" points="438.20,635.94" z_order="0">
    </points>
    <points frame="199" outside="0" occluded="0" keyframe="0" points="438.18,636.23" z_order="0">
    </points>
    <points frame="200" outside="0" occluded="0" keyframe="0" points="438.15,636.52" z_order="0">
    </points>
    <points frame="201" outside="0" occluded="0" keyframe="0" points="438.13,636.81" z_order="0">
    </points>
    <points frame="202" outside="0" occluded="0" keyframe="0" points="438.10,637.10" z_order="0">
    </points>
    <points frame="203" outside="0" occluded="0" keyframe="0" points="438.08,637.39" z_order="0">
    </points>
    <points frame="204" outside="0" occluded="0" keyframe="0" points="438.05,637.68" z_order="0">
    </points>
    <points frame="205" outside="0" occluded="0" keyframe="0" points="438.03,637.97" z_order="0">
    </points>
    <points frame="206" outside="0" occluded="0" keyframe="0" points="438.00,638.26" z_order="0">
    </points>
    <points frame="207" outside="0" occluded="0" keyframe="0" points="437.98,638.55" z_order="0">
    </points>
    <points frame="208" outside="0" occluded="0" keyframe="0" points="437.95,638.84" z_order="0">
    </points>
    <points frame="209" outside="0" occluded="0" keyframe="0" points="437.93,639.13" z_order="0">
    </points>
    <points frame="210" outside="0" occluded="0" keyframe="0" points="437.90,639.42" z_order="0">
    </points>
    <points frame="211" outside="0" occluded="0" keyframe="0" points="437.88,639.71" z_order="0">
    </points>
    <points frame="212" outside="0" occluded="0" keyframe="0" points="437.85,640.00" z_order="0">
    </points>
    <points frame="213" outside="0" occluded="0" keyframe="0" points="437.83,640.29" z_order="0">
    </points>
    <points frame="214" outside="0" occluded="0" keyframe="0" points="437.80,640.58" z_order="0">
    </points>
    <points frame="215" outside="0" occluded="0" keyframe="0" points="437.78,640.87" z_order="0">
    </points>
    <points frame="216" outside="0" occluded="0" keyframe="0" points="437.75,641.16" z_order="0">
    </points>
    <points frame="217" outside="0" occluded="0" keyframe="0" points="437.73,641.45" z_order="0">
    </points>
    <points frame="218" outside="0" occluded="0" keyframe="0" points="437.70,641.74" z_order="0">
    </points>
    <points frame="219" outside="0" occluded="0" keyframe="0" points="437.68,642.03" z_order="0">
    </points>
    <points frame="220" outside="0" occluded="0" keyframe="0" points="437.65,642.32" z_order="0">
    </points>
    <points frame="221" outside="0" occluded="0" keyframe="0" points="437.63,642.61" z_order="0">
    </points>
    <points frame="222" outside="0" occluded="0" keyframe="1" points="437.60,642.90" z_order="0">
    </points>
    <points frame="223" outside="0" occluded="0" keyframe="0" points="439.21,642.00" z_order="0">
    </points>
    <points frame="224" outside="0" occluded="0" keyframe="0" points="440.83,641.10" z_order="0">
    </points>
    <points frame="225" outside="0" occluded="0" keyframe="0" points="442.44,640.20" z_order="0">
    </points>
    <points frame="226" outside="0" occluded="0" keyframe="0" points="444.05,639.30" z_order="0">
    </points>
    <points frame="227" outside="0" occluded="0" keyframe="0" points="445.66,638.40" z_order="0">
    </points>
    <points frame="228" outside="0" occluded="0" keyframe="0" points="447.28,637.50" z_order="0">
    </points>
    <points frame="229" outside="0" occluded="0" keyframe="0" points="448.89,636.60" z_order="0">
    </points>
    <points frame="230" outside="0" occluded="0" keyframe="1" points="450.50,635.70" z_order="0">
    </points>
    <points frame="231" outside="0" occluded="0" keyframe="0" points="448.73,637.07" z_order="0">
    </points>
    <points frame="232" outside="0" occluded="0" keyframe="0" points="446.97,638.43" z_order="0">
    </points>
    <points frame="233" outside="0" occluded="0" keyframe="1" points="445.20,639.80" z_order="0">
    </points>
    <points frame="234" outside="0" occluded="0" keyframe="0" points="448.05,638.04" z_order="0">
    </points>
    <points frame="235" outside="0" occluded="0" keyframe="0" points="450.90,636.28" z_order="0">
    </points>
    <points frame="236" outside="0" occluded="0" keyframe="0" points="453.75,634.51" z_order="0">
    </points>
    <points frame="237" outside="0" occluded="0" keyframe="0" points="456.60,632.75" z_order="0">
    </points>
    <points frame="238" outside="0" occluded="0" keyframe="0" points="459.45,630.99" z_order="0">
    </points>
    <points frame="239" outside="0" occluded="0" keyframe="0" points="462.30,629.23" z_order="0">
    </points>
    <points frame="240" outside="0" occluded="0" keyframe="0" points="465.15,627.46" z_order="0">
    </points>
    <points frame="241" outside="0" occluded="0" keyframe="1" points="468.00,625.70" z_order="0">
    </points>
    <points frame="242" outside="0" occluded="0" keyframe="1" points="468.10,623.90" z_order="0">
    </points>
    <points frame="243" outside="0" occluded="0" keyframe="0" points="468.35,623.99" z_order="0">
    </points>
    <points frame="244" outside="0" occluded="0" keyframe="0" points="468.59,624.08" z_order="0">
    </points>
    <points frame="245" outside="0" occluded="0" keyframe="0" points="468.84,624.18" z_order="0">
    </points>
    <points frame="246" outside="0" occluded="0" keyframe="0" points="469.08,624.27" z_order="0">
    </points>
    <points frame="247" outside="0" occluded="0" keyframe="0" points="469.33,624.36" z_order="0">
    </points>
    <points frame="248" outside="0" occluded="0" keyframe="0" points="469.57,624.45" z_order="0">
    </points>
    <points frame="249" outside="0" occluded="0" keyframe="0" points="469.82,624.55" z_order="0">
    </points>
    <points frame="250" outside="0" occluded="0" keyframe="0" points="470.06,624.64" z_order="0">
    </points>
    <points frame="251" outside="0" occluded="0" keyframe="0" points="470.31,624.73" z_order="0">
    </points>
    <points frame="252" outside="0" occluded="0" keyframe="0" points="470.55,624.82" z_order="0">
    </points>
    <points frame="253" outside="0" occluded="0" keyframe="0" points="470.80,624.92" z_order="0">
    </points>
    <points frame="254" outside="0" occluded="0" keyframe="0" points="471.04,625.01" z_order="0">
    </points>
    <points frame="255" outside="0" occluded="0" keyframe="0" points="471.29,625.10" z_order="0">
    </points>
    <points frame="256" outside="0" occluded="0" keyframe="0" points="471.53,625.19" z_order="0">
    </points>
    <points frame="257" outside="0" occluded="0" keyframe="0" points="471.78,625.29" z_order="0">
    </points>
    <points frame="258" outside="0" occluded="0" keyframe="0" points="472.02,625.38" z_order="0">
    </points>
    <points frame="259" outside="0" occluded="0" keyframe="0" points="472.27,625.47" z_order="0">
    </points>
    <points frame="260" outside="0" occluded="0" keyframe="0" points="472.51,625.56" z_order="0">
    </points>
    <points frame="261" outside="0" occluded="0" keyframe="0" points="472.75,625.66" z_order="0">
    </points>
    <points frame="262" outside="0" occluded="0" keyframe="0" points="473.00,625.75" z_order="0">
    </points>
    <points frame="263" outside="0" occluded="0" keyframe="0" points="473.25,625.84" z_order="0">
    </points>
    <points frame="264" outside="0" occluded="0" keyframe="0" points="473.49,625.94" z_order="0">
    </points>
    <points frame="265" outside="0" occluded="0" keyframe="0" points="473.73,626.03" z_order="0">
    </points>
    <points frame="266" outside="0" occluded="0" keyframe="0" points="473.98,626.12" z_order="0">
    </points>
    <points frame="267" outside="0" occluded="0" keyframe="0" points="474.22,626.21" z_order="0">
    </points>
    <points frame="268" outside="0" occluded="0" keyframe="0" points="474.47,626.31" z_order="0">
    </points>
    <points frame="269" outside="0" occluded="0" keyframe="0" points="474.71,626.40" z_order="0">
    </points>
    <points frame="270" outside="0" occluded="0" keyframe="0" points="474.96,626.49" z_order="0">
    </points>
    <points frame="271" outside="0" occluded="0" keyframe="0" points="475.20,626.58" z_order="0">
    </points>
    <points frame="272" outside="0" occluded="0" keyframe="0" points="475.45,626.68" z_order="0">
    </points>
    <points frame="273" outside="0" occluded="0" keyframe="0" points="475.69,626.77" z_order="0">
    </points>
    <points frame="274" outside="0" occluded="0" keyframe="0" points="475.94,626.86" z_order="0">
    </points>
    <points frame="275" outside="0" occluded="0" keyframe="0" points="476.18,626.95" z_order="0">
    </points>
    <points frame="276" outside="0" occluded="0" keyframe="0" points="476.43,627.05" z_order="0">
    </points>
    <points frame="277" outside="0" occluded="0" keyframe="0" points="476.67,627.14" z_order="0">
    </points>
    <points frame="278" outside="0" occluded="0" keyframe="0" points="476.92,627.23" z_order="0">
    </points>
    <points frame="279" outside="0" occluded="0" keyframe="0" points="477.16,627.32" z_order="0">
    </points>
    <points frame="280" outside="0" occluded="0" keyframe="0" points="477.41,627.42" z_order="0">
    </points>
    <points frame="281" outside="0" occluded="0" keyframe="0" points="477.65,627.51" z_order="0">
    </points>
    <points frame="282" outside="0" occluded="0" keyframe="1" points="477.90,627.60" z_order="0">
    </points>
    <points frame="283" outside="0" occluded="0" keyframe="0" points="481.96,623.96" z_order="0">
    </points>
    <points frame="284" outside="0" occluded="0" keyframe="0" points="486.02,620.32" z_order="0">
    </points>
    <points frame="285" outside="0" occluded="0" keyframe="0" points="490.08,616.68" z_order="0">
    </points>
    <points frame="286" outside="0" occluded="0" keyframe="0" points="494.14,613.04" z_order="0">
    </points>
    <points frame="287" outside="0" occluded="0" keyframe="1" points="498.20,609.40" z_order="0">
    </points>
    <points frame="288" outside="0" occluded="0" keyframe="0" points="500.65,606.20" z_order="0">
    </points>
    <points frame="289" outside="0" occluded="0" keyframe="1" points="503.10,603.00" z_order="0">
    </points>
    <points frame="290" outside="0" occluded="0" keyframe="0" points="499.43,606.58" z_order="0">
    </points>
    <points frame="291" outside="0" occluded="0" keyframe="0" points="495.77,610.17" z_order="0">
    </points>
    <points frame="292" outside="0" occluded="0" keyframe="0" points="492.10,613.75" z_order="0">
    </points>
    <points frame="293" outside="0" occluded="0" keyframe="0" points="488.43,617.33" z_order="0">
    </points>
    <points frame="294" outside="0" occluded="0" keyframe="0" points="484.77,620.92" z_order="0">
    </points>
    <points frame="295" outside="0" occluded="0" keyframe="1" points="481.10,624.50" z_order="0">
    </points>
    <points frame="296" outside="0" occluded="0" keyframe="0" points="482.33,623.68" z_order="0">
    </points>
    <points frame="297" outside="0" occluded="0" keyframe="0" points="483.57,622.86" z_order="0">
    </points>
    <points frame="298" outside="0" occluded="0" keyframe="0" points="484.80,622.04" z_order="0">
    </points>
    <points frame="299" outside="0" occluded="0" keyframe="0" points="486.03,621.22" z_order="0">
    </points>
    <points frame="300" outside="0" occluded="0" keyframe="0" points="487.27,620.40" z_order="0">
    </points>
    <points frame="301" outside="0" occluded="0" keyframe="0" points="488.50,619.58" z_order="0">
    </points>
    <points frame="302" outside="0" occluded="0" keyframe="0" points="489.73,618.76" z_order="0">
    </points>
    <points frame="303" outside="0" occluded="0" keyframe="0" points="490.97,617.94" z_order="0">
    </points>
    <points frame="304" outside="0" occluded="0" keyframe="0" points="492.20,617.12" z_order="0">
    </points>
    <points frame="305" outside="0" occluded="0" keyframe="0" points="493.43,616.30" z_order="0">
    </points>
    <points frame="306" outside="0" occluded="0" keyframe="0" points="494.67,615.48" z_order="0">
    </points>
    <points frame="307" outside="0" occluded="0" keyframe="0" points="495.90,614.66" z_order="0">
    </points>
    <points frame="308" outside="0" occluded="0" keyframe="0" points="497.13,613.84" z_order="0">
    </points>
    <points frame="309" outside="0" occluded="0" keyframe="0" points="498.37,613.02" z_order="0">
    </points>
    <points frame="310" outside="0" occluded="0" keyframe="1" points="499.60,612.20" z_order="0">
    </points>
    <points frame="311" outside="0" occluded="0" keyframe="0" points="496.54,613.29" z_order="0">
    </points>
    <points frame="312" outside="0" occluded="0" keyframe="0" points="493.49,614.38" z_order="0">
    </points>
    <points frame="313" outside="0" occluded="0" keyframe="0" points="490.43,615.46" z_order="0">
    </points>
    <points frame="314" outside="0" occluded="0" keyframe="0" points="487.38,616.55" z_order="0">
    </points>
    <points frame="315" outside="0" occluded="0" keyframe="0" points="484.32,617.64" z_order="0">
    </points>
    <points frame="316" outside="0" occluded="0" keyframe="0" points="481.26,618.73" z_order="0">
    </points>
    <points frame="317" outside="0" occluded="0" keyframe="0" points="478.21,619.81" z_order="0">
    </points>
    <points frame="318" outside="0" occluded="0" keyframe="0" points="475.15,620.90" z_order="0">
    </points>
    <points frame="319" outside="0" occluded="0" keyframe="0" points="472.09,621.99" z_order="0">
    </points>
    <points frame="320" outside="0" occluded="0" keyframe="0" points="469.04,623.08" z_order="0">
    </points>
    <points frame="321" outside="0" occluded="0" keyframe="0" points="465.98,624.16" z_order="0">
    </points>
    <points frame="322" outside="0" occluded="0" keyframe="0" points="462.93,625.25" z_order="0">
    </points>
    <points frame="323" outside="0" occluded="0" keyframe="0" points="459.87,626.34" z_order="0">
    </points>
    <points frame="324" outside="0" occluded="0" keyframe="0" points="456.81,627.43" z_order="0">
    </points>
    <points frame="325" outside="0" occluded="0" keyframe="0" points="453.76,628.51" z_order="0">
    </points>
    <points frame="326" outside="0" occluded="0" keyframe="1" points="450.70,629.60" z_order="0">
    </points>
    <points frame="327" outside="0" occluded="0" keyframe="0" points="450.99,629.49" z_order="0">
    </points>
    <points frame="328" outside="0" occluded="0" keyframe="0" points="451.28,629.38" z_order="0">
    </points>
    <points frame="329" outside="0" occluded="0" keyframe="0" points="451.57,629.27" z_order="0">
    </points>
    <points frame="330" outside="0" occluded="0" keyframe="0" points="451.86,629.16" z_order="0">
    </points>
    <points frame="331" outside="0" occluded="0" keyframe="0" points="452.15,629.05" z_order="0">
    </points>
    <points frame="332" outside="0" occluded="0" keyframe="0" points="452.44,628.94" z_order="0">
    </points>
    <points frame="333" outside="0" occluded="0" keyframe="0" points="452.73,628.83" z_order="0">
    </points>
    <points frame="334" outside="0" occluded="0" keyframe="0" points="453.02,628.72" z_order="0">
    </points>
    <points frame="335" outside="0" occluded="0" keyframe="0" points="453.31,628.61" z_order="0">
    </points>
    <points frame="336" outside="0" occluded="0" keyframe="1" points="453.60,628.50" z_order="0">
    </points>
    <points frame="337" outside="0" occluded="0" keyframe="0" points="453.40,628.52" z_order="0">
    </points>
    <points frame="338" outside="0" occluded="0" keyframe="0" points="453.20,628.53" z_order="0">
    </points>
    <points frame="339" outside="0" occluded="0" keyframe="0" points="453.00,628.55" z_order="0">
    </points>
    <points frame="340" outside="0" occluded="0" keyframe="0" points="452.80,628.56" z_order="0">
    </points>
    <points frame="341" outside="0" occluded="0" keyframe="0" points="452.60,628.58" z_order="0">
    </points>
    <points frame="342" outside="0" occluded="0" keyframe="0" points="452.40,628.59" z_order="0">
    </points>
    <points frame="343" outside="0" occluded="0" keyframe="0" points="452.20,628.61" z_order="0">
    </points>
    <points frame="344" outside="0" occluded="0" keyframe="0" points="452.00,628.62" z_order="0">
    </points>
    <points frame="345" outside="0" occluded="0" keyframe="0" points="451.80,628.64" z_order="0">
    </points>
    <points frame="346" outside="0" occluded="0" keyframe="0" points="451.60,628.65" z_order="0">
    </points>
    <points frame="347" outside="0" occluded="0" keyframe="0" points="451.40,628.67" z_order="0">
    </points>
    <points frame="348" outside="0" occluded="0" keyframe="0" points="451.20,628.68" z_order="0">
    </points>
    <points frame="349" outside="0" occluded="0" keyframe="0" points="451.00,628.70" z_order="0">
    </points>
    <points frame="350" outside="0" occluded="0" keyframe="0" points="450.80,628.71" z_order="0">
    </points>
    <points frame="351" outside="0" occluded="0" keyframe="0" points="450.60,628.73" z_order="0">
    </points>
    <points frame="352" outside="0" occluded="0" keyframe="0" points="450.40,628.74" z_order="0">
    </points>
    <points frame="353" outside="0" occluded="0" keyframe="0" points="450.20,628.76" z_order="0">
    </points>
    <points frame="354" outside="0" occluded="0" keyframe="0" points="450.00,628.77" z_order="0">
    </points>
    <points frame="355" outside="0" occluded="0" keyframe="0" points="449.80,628.79" z_order="0">
    </points>
    <points frame="356" outside="0" occluded="0" keyframe="1" points="449.60,628.80" z_order="0">
    </points>
  </track>
  <track id="1" label="HB" source="manual">
    <points frame="1" outside="0" occluded="0" keyframe="1" points="646.55,519.42" z_order="0">
    </points>
    <points frame="2" outside="0" occluded="0" keyframe="0" points="647.78,518.87" z_order="0">
    </points>
    <points frame="3" outside="0" occluded="0" keyframe="0" points="649.01,518.32" z_order="0">
    </points>
    <points frame="4" outside="0" occluded="0" keyframe="0" points="650.24,517.78" z_order="0">
    </points>
    <points frame="5" outside="0" occluded="0" keyframe="0" points="651.46,517.23" z_order="0">
    </points>
    <points frame="6" outside="0" occluded="0" keyframe="0" points="652.69,516.68" z_order="0">
    </points>
    <points frame="7" outside="0" occluded="0" keyframe="0" points="653.92,516.14" z_order="0">
    </points>
    <points frame="8" outside="0" occluded="0" keyframe="0" points="655.15,515.59" z_order="0">
    </points>
    <points frame="9" outside="0" occluded="0" keyframe="0" points="656.37,515.05" z_order="0">
    </points>
    <points frame="10" outside="0" occluded="0" keyframe="1" points="657.60,514.50" z_order="0">
    </points>
    <points frame="11" outside="0" occluded="0" keyframe="0" points="656.62,514.01" z_order="0">
    </points>
    <points frame="12" outside="0" occluded="0" keyframe="0" points="655.64,513.52" z_order="0">
    </points>
    <points frame="13" outside="0" occluded="0" keyframe="0" points="654.66,513.03" z_order="0">
    </points>
    <points frame="14" outside="0" occluded="0" keyframe="0" points="653.68,512.54" z_order="0">
    </points>
    <points frame="15" outside="0" occluded="0" keyframe="0" points="652.70,512.05" z_order="0">
    </points>
    <points frame="16" outside="0" occluded="0" keyframe="0" points="651.72,511.56" z_order="0">
    </points>
    <points frame="17" outside="0" occluded="0" keyframe="0" points="650.74,511.07" z_order="0">
    </points>
    <points frame="18" outside="0" occluded="0" keyframe="0" points="649.76,510.58" z_order="0">
    </points>
    <points frame="19" outside="0" occluded="0" keyframe="0" points="648.78,510.09" z_order="0">
    </points>
    <points frame="20" outside="0" occluded="0" keyframe="1" points="647.80,509.60" z_order="0">
    </points>
    <points frame="21" outside="0" occluded="0" keyframe="0" points="645.34,508.86" z_order="0">
    </points>
    <points frame="22" outside="0" occluded="0" keyframe="0" points="642.88,508.12" z_order="0">
    </points>
    <points frame="23" outside="0" occluded="0" keyframe="0" points="640.42,507.38" z_order="0">
    </points>
    <points frame="24" outside="0" occluded="0" keyframe="0" points="637.96,506.64" z_order="0">
    </points>
    <points frame="25" outside="0" occluded="0" keyframe="0" points="635.50,505.90" z_order="0">
    </points>
    <points frame="26" outside="0" occluded="0" keyframe="0" points="633.04,505.16" z_order="0">
    </points>
    <points frame="27" outside="0" occluded="0" keyframe="0" points="630.58,504.42" z_order="0">
    </points>
    <points frame="28" outside="0" occluded="0" keyframe="0" points="628.12,503.68" z_order="0">
    </points>
    <points frame="29" outside="0" occluded="0" keyframe="0" points="625.66,502.94" z_order="0">
    </points>
    <points frame="30" outside="0" occluded="0" keyframe="1" points="623.20,502.20" z_order="0">
    </points>
    <points frame="31" outside="0" occluded="0" keyframe="0" points="618.30,502.30" z_order="0">
    </points>
    <points frame="32" outside="0" occluded="0" keyframe="1" points="613.40,502.40" z_order="0">
    </points>
    <points frame="33" outside="0" occluded="0" keyframe="1" points="601.90,501.30" z_order="0">
    </points>
    <points frame="34" outside="0" occluded="0" keyframe="1" points="596.00,499.10" z_order="0">
    </points>
    <points frame="35" outside="0" occluded="0" keyframe="1" points="595.40,497.40" z_order="0">
    </points>
    <points frame="36" outside="0" occluded="0" keyframe="0" points="602.20,498.60" z_order="0">
    </points>
    <points frame="37" outside="0" occluded="0" keyframe="0" points="609.00,499.80" z_order="0">
    </points>
    <points frame="38" outside="0" occluded="0" keyframe="0" points="615.80,501.00" z_order="0">
    </points>
    <points frame="39" outside="0" occluded="0" keyframe="0" points="622.60,502.20" z_order="0">
    </points>
    <points frame="40" outside="0" occluded="0" keyframe="1" points="629.40,503.40" z_order="0">
    </points>
    <points frame="41" outside="0" occluded="0" keyframe="0" points="636.90,505.25" z_order="0">
    </points>
    <points frame="42" outside="0" occluded="0" keyframe="0" points="644.40,507.10" z_order="0">
    </points>
    <points frame="43" outside="0" occluded="0" keyframe="0" points="651.90,508.95" z_order="0">
    </points>
    <points frame="44" outside="0" occluded="0" keyframe="1" points="659.40,510.80" z_order="0">
    </points>
    <points frame="45" outside="0" occluded="0" keyframe="0" points="659.73,510.60" z_order="0">
    </points>
    <points frame="46" outside="0" occluded="0" keyframe="0" points="660.07,510.40" z_order="0">
    </points>
    <points frame="47" outside="0" occluded="0" keyframe="0" points="660.40,510.20" z_order="0">
    </points>
    <points frame="48" outside="0" occluded="0" keyframe="0" points="660.73,510.00" z_order="0">
    </points>
    <points frame="49" outside="0" occluded="0" keyframe="0" points="661.07,509.80" z_order="0">
    </points>
    <points frame="50" outside="0" occluded="0" keyframe="1" points="661.40,509.60" z_order="0">
    </points>
    <points frame="51" outside="0" occluded="0" keyframe="0" points="662.02,509.85" z_order="0">
    </points>
    <points frame="52" outside="0" occluded="0" keyframe="0" points="662.64,510.10" z_order="0">
    </points>
    <points frame="53" outside="0" occluded="0" keyframe="0" points="663.26,510.35" z_order="0">
    </points>
    <points frame="54" outside="0" occluded="0" keyframe="0" points="663.88,510.60" z_order="0">
    </points>
    <points frame="55" outside="0" occluded="0" keyframe="0" points="664.50,510.85" z_order="0">
    </points>
    <points frame="56" outside="0" occluded="0" keyframe="0" points="665.12,511.10" z_order="0">
    </points>
    <points frame="57" outside="0" occluded="0" keyframe="0" points="665.74,511.35" z_order="0">
    </points>
    <points frame="58" outside="0" occluded="0" keyframe="0" points="666.36,511.60" z_order="0">
    </points>
    <points frame="59" outside="0" occluded="0" keyframe="0" points="666.98,511.85" z_order="0">
    </points>
    <points frame="60" outside="0" occluded="0" keyframe="1" points="667.60,512.10" z_order="0">
    </points>
    <points frame="61" outside="0" occluded="0" keyframe="0" points="667.11,511.98" z_order="0">
    </points>
    <points frame="62" outside="0" occluded="0" keyframe="0" points="666.62,511.86" z_order="0">
    </points>
    <points frame="63" outside="0" occluded="0" keyframe="0" points="666.13,511.74" z_order="0">
    </points>
    <points frame="64" outside="0" occluded="0" keyframe="0" points="665.64,511.62" z_order="0">
    </points>
    <points frame="65" outside="0" occluded="0" keyframe="0" points="665.15,511.50" z_order="0">
    </points>
    <points frame="66" outside="0" occluded="0" keyframe="0" points="664.66,511.38" z_order="0">
    </points>
    <points frame="67" outside="0" occluded="0" keyframe="0" points="664.17,511.26" z_order="0">
    </points>
    <points frame="68" outside="0" occluded="0" keyframe="0" points="663.68,511.14" z_order="0">
    </points>
    <points frame="69" outside="0" occluded="0" keyframe="0" points="663.19,511.02" z_order="0">
    </points>
    <points frame="70" outside="0" occluded="0" keyframe="1" points="662.70,510.90" z_order="0">
    </points>
    <points frame="71" outside="0" occluded="0" keyframe="0" points="663.19,511.02" z_order="0">
    </points>
    <points frame="72" outside="0" occluded="0" keyframe="0" points="663.68,511.14" z_order="0">
    </points>
    <points frame="73" outside="0" occluded="0" keyframe="0" points="664.17,511.26" z_order="0">
    </points>
    <points frame="74" outside="0" occluded="0" keyframe="0" points="664.66,511.38" z_order="0">
    </points>
    <points frame="75" outside="0" occluded="0" keyframe="0" points="665.15,511.50" z_order="0">
    </points>
    <points frame="76" outside="0" occluded="0" keyframe="0" points="665.64,511.62" z_order="0">
    </points>
    <points frame="77" outside="0" occluded="0" keyframe="0" points="666.13,511.74" z_order="0">
    </points>
    <points frame="78" outside="0" occluded="0" keyframe="0" points="666.62,511.86" z_order="0">
    </points>
    <points frame="79" outside="0" occluded="0" keyframe="0" points="667.11,511.98" z_order="0">
    </points>
    <points frame="80" outside="0" occluded="0" keyframe="1" points="667.60,512.10" z_order="0">
    </points>
    <points frame="81" outside="0" occluded="0" keyframe="0" points="666.62,512.10" z_order="0">
    </points>
    <points frame="82" outside="0" occluded="0" keyframe="0" points="665.64,512.10" z_order="0">
    </points>
    <points frame="83" outside="0" occluded="0" keyframe="0" points="664.66,512.10" z_order="0">
    </points>
    <points frame="84" outside="0" occluded="0" keyframe="0" points="663.68,512.10" z_order="0">
    </points>
    <points frame="85" outside="0" occluded="0" keyframe="0" points="662.70,512.10" z_order="0">
    </points>
    <points frame="86" outside="0" occluded="0" keyframe="0" points="661.72,512.10" z_order="0">
    </points>
    <points frame="87" outside="0" occluded="0" keyframe="0" points="660.74,512.10" z_order="0">
    </points>
    <points frame="88" outside="0" occluded="0" keyframe="0" points="659.76,512.10" z_order="0">
    </points>
    <points frame="89" outside="0" occluded="0" keyframe="0" points="658.78,512.10" z_order="0">
    </points>
    <points frame="90" outside="0" occluded="0" keyframe="1" points="657.80,512.10" z_order="0">
    </points>
    <points frame="91" outside="0" occluded="0" keyframe="0" points="657.80,512.10" z_order="0">
    </points>
    <points frame="92" outside="0" occluded="0" keyframe="0" points="657.80,512.10" z_order="0">
    </points>
    <points frame="93" outside="0" occluded="0" keyframe="0" points="657.80,512.10" z_order="0">
    </points>
    <points frame="94" outside="0" occluded="0" keyframe="0" points="657.80,512.10" z_order="0">
    </points>
    <points frame="95" outside="0" occluded="0" keyframe="0" points="657.80,512.10" z_order="0">
    </points>
    <points frame="96" outside="0" occluded="0" keyframe="0" points="657.80,512.10" z_order="0">
    </points>
    <points frame="97" outside="0" occluded="0" keyframe="0" points="657.80,512.10" z_order="0">
    </points>
    <points frame="98" outside="0" occluded="0" keyframe="0" points="657.80,512.10" z_order="0">
    </points>
    <points frame="99" outside="0" occluded="0" keyframe="0" points="657.80,512.10" z_order="0">
    </points>
    <points frame="100" outside="0" occluded="0" keyframe="1" points="657.80,512.10" z_order="0">
    </points>
    <points frame="101" outside="0" occluded="0" keyframe="0" points="657.73,512.15" z_order="0">
    </points>
    <points frame="102" outside="0" occluded="0" keyframe="0" points="657.65,512.20" z_order="0">
    </points>
    <points frame="103" outside="0" occluded="0" keyframe="0" points="657.58,512.25" z_order="0">
    </points>
    <points frame="104" outside="0" occluded="0" keyframe="0" points="657.50,512.30" z_order="0">
    </points>
    <points frame="105" outside="0" occluded="0" keyframe="0" points="657.43,512.35" z_order="0">
    </points>
    <points frame="106" outside="0" occluded="0" keyframe="0" points="657.36,512.40" z_order="0">
    </points>
    <points frame="107" outside="0" occluded="0" keyframe="0" points="657.28,512.45" z_order="0">
    </points>
    <points frame="108" outside="0" occluded="0" keyframe="0" points="657.21,512.50" z_order="0">
    </points>
    <points frame="109" outside="0" occluded="0" keyframe="0" points="657.13,512.55" z_order="0">
    </points>
    <points frame="110" outside="0" occluded="0" keyframe="0" points="657.06,512.60" z_order="0">
    </points>
    <points frame="111" outside="0" occluded="0" keyframe="0" points="656.99,512.65" z_order="0">
    </points>
    <points frame="112" outside="0" occluded="0" keyframe="0" points="656.91,512.70" z_order="0">
    </points>
    <points frame="113" outside="0" occluded="0" keyframe="0" points="656.84,512.75" z_order="0">
    </points>
    <points frame="114" outside="0" occluded="0" keyframe="0" points="656.76,512.80" z_order="0">
    </points>
    <points frame="115" outside="0" occluded="0" keyframe="0" points="656.69,512.85" z_order="0">
    </points>
    <points frame="116" outside="0" occluded="0" keyframe="0" points="656.62,512.90" z_order="0">
    </points>
    <points frame="117" outside="0" occluded="0" keyframe="0" points="656.54,512.95" z_order="0">
    </points>
    <points frame="118" outside="0" occluded="0" keyframe="0" points="656.47,513.00" z_order="0">
    </points>
    <points frame="119" outside="0" occluded="0" keyframe="0" points="656.39,513.05" z_order="0">
    </points>
    <points frame="120" outside="0" occluded="0" keyframe="0" points="656.32,513.10" z_order="0">
    </points>
    <points frame="121" outside="0" occluded="0" keyframe="0" points="656.25,513.15" z_order="0">
    </points>
    <points frame="122" outside="0" occluded="0" keyframe="0" points="656.17,513.20" z_order="0">
    </points>
    <points frame="123" outside="0" occluded="0" keyframe="0" points="656.10,513.25" z_order="0">
    </points>
    <points frame="124" outside="0" occluded="0" keyframe="0" points="656.02,513.30" z_order="0">
    </points>
    <points frame="125" outside="0" occluded="0" keyframe="0" points="655.95,513.35" z_order="0">
    </points>
    <points frame="126" outside="0" occluded="0" keyframe="0" points="655.88,513.40" z_order="0">
    </points>
    <points frame="127" outside="0" occluded="0" keyframe="0" points="655.80,513.45" z_order="0">
    </points>
    <points frame="128" outside="0" occluded="0" keyframe="0" points="655.73,513.50" z_order="0">
    </points>
    <points frame="129" outside="0" occluded="0" keyframe="0" points="655.65,513.55" z_order="0">
    </points>
    <points frame="130" outside="0" occluded="0" keyframe="0" points="655.58,513.60" z_order="0">
    </points>
    <points frame="131" outside="0" occluded="0" keyframe="0" points="655.51,513.65" z_order="0">
    </points>
    <points frame="132" outside="0" occluded="0" keyframe="0" points="655.43,513.70" z_order="0">
    </points>
    <points frame="133" outside="0" occluded="0" keyframe="0" points="655.36,513.75" z_order="0">
    </points>
    <points frame="134" outside="0" occluded="0" keyframe="0" points="655.28,513.80" z_order="0">
    </points>
    <points frame="135" outside="0" occluded="0" keyframe="0" points="655.21,513.85" z_order="0">
    </points>
    <points frame="136" outside="0" occluded="0" keyframe="0" points="655.14,513.90" z_order="0">
    </points>
    <points frame="137" outside="0" occluded="0" keyframe="0" points="655.06,513.95" z_order="0">
    </points>
    <points frame="138" outside="0" occluded="0" keyframe="0" points="654.99,514.00" z_order="0">
    </points>
    <points frame="139" outside="0" occluded="0" keyframe="0" points="654.91,514.05" z_order="0">
    </points>
    <points frame="140" outside="0" occluded="0" keyframe="0" points="654.84,514.10" z_order="0">
    </points>
    <points frame="141" outside="0" occluded="0" keyframe="0" points="654.77,514.15" z_order="0">
    </points>
    <points frame="142" outside="0" occluded="0" keyframe="0" points="654.69,514.20" z_order="0">
    </points>
    <points frame="143" outside="0" occluded="0" keyframe="0" points="654.62,514.25" z_order="0">
    </points>
    <points frame="144" outside="0" occluded="0" keyframe="0" points="654.54,514.30" z_order="0">
    </points>
    <points frame="145" outside="0" occluded="0" keyframe="0" points="654.47,514.35" z_order="0">
    </points>
    <points frame="146" outside="0" occluded="0" keyframe="0" points="654.40,514.40" z_order="0">
    </points>
    <points frame="147" outside="0" occluded="0" keyframe="0" points="654.32,514.45" z_order="0">
    </points>
    <points frame="148" outside="0" occluded="0" keyframe="0" points="654.25,514.50" z_order="0">
    </points>
    <points frame="149" outside="0" occluded="0" keyframe="0" points="654.17,514.55" z_order="0">
    </points>
    <points frame="150" outside="0" occluded="0" keyframe="1" points="654.10,514.60" z_order="0">
    </points>
    <points frame="151" outside="0" occluded="0" keyframe="0" points="653.98,514.48" z_order="0">
    </points>
    <points frame="152" outside="0" occluded="0" keyframe="0" points="653.86,514.36" z_order="0">
    </points>
    <points frame="153" outside="0" occluded="0" keyframe="0" points="653.74,514.24" z_order="0">
    </points>
    <points frame="154" outside="0" occluded="0" keyframe="0" points="653.62,514.12" z_order="0">
    </points>
    <points frame="155" outside="0" occluded="0" keyframe="0" points="653.50,514.00" z_order="0">
    </points>
    <points frame="156" outside="0" occluded="0" keyframe="0" points="653.38,513.88" z_order="0">
    </points>
    <points frame="157" outside="0" occluded="0" keyframe="0" points="653.26,513.76" z_order="0">
    </points>
    <points frame="158" outside="0" occluded="0" keyframe="0" points="653.14,513.64" z_order="0">
    </points>
    <points frame="159" outside="0" occluded="0" keyframe="0" points="653.02,513.52" z_order="0">
    </points>
    <points frame="160" outside="0" occluded="0" keyframe="1" points="652.90,513.40" z_order="0">
    </points>
    <points frame="161" outside="0" occluded="0" keyframe="0" points="651.18,513.15" z_order="0">
    </points>
    <points frame="162" outside="0" occluded="0" keyframe="0" points="649.46,512.90" z_order="0">
    </points>
    <points frame="163" outside="0" occluded="0" keyframe="0" points="647.74,512.65" z_order="0">
    </points>
    <points frame="164" outside="0" occluded="0" keyframe="0" points="646.02,512.40" z_order="0">
    </points>
    <points frame="165" outside="0" occluded="0" keyframe="0" points="644.30,512.15" z_order="0">
    </points>
    <points frame="166" outside="0" occluded="0" keyframe="0" points="642.58,511.90" z_order="0">
    </points>
    <points frame="167" outside="0" occluded="0" keyframe="0" points="640.86,511.65" z_order="0">
    </points>
    <points frame="168" outside="0" occluded="0" keyframe="0" points="639.14,511.40" z_order="0">
    </points>
    <points frame="169" outside="0" occluded="0" keyframe="0" points="637.42,511.15" z_order="0">
    </points>
    <points frame="170" outside="0" occluded="0" keyframe="1" points="635.70,510.90" z_order="0">
    </points>
    <points frame="171" outside="0" occluded="0" keyframe="0" points="635.58,510.90" z_order="0">
    </points>
    <points frame="172" outside="0" occluded="0" keyframe="0" points="635.46,510.90" z_order="0">
    </points>
    <points frame="173" outside="0" occluded="0" keyframe="0" points="635.34,510.90" z_order="0">
    </points>
    <points frame="174" outside="0" occluded="0" keyframe="0" points="635.22,510.90" z_order="0">
    </points>
    <points frame="175" outside="0" occluded="0" keyframe="0" points="635.10,510.90" z_order="0">
    </points>
    <points frame="176" outside="0" occluded="0" keyframe="0" points="634.98,510.90" z_order="0">
    </points>
    <points frame="177" outside="0" occluded="0" keyframe="0" points="634.86,510.90" z_order="0">
    </points>
    <points frame="178" outside="0" occluded="0" keyframe="0" points="634.74,510.90" z_order="0">
    </points>
    <points frame="179" outside="0" occluded="0" keyframe="0" points="634.62,510.90" z_order="0">
    </points>
    <points frame="180" outside="0" occluded="0" keyframe="1" points="634.50,510.90" z_order="0">
    </points>
    <points frame="181" outside="0" occluded="0" keyframe="0" points="634.75,510.90" z_order="0">
    </points>
    <points frame="182" outside="0" occluded="0" keyframe="0" points="635.00,510.90" z_order="0">
    </points>
    <points frame="183" outside="0" occluded="0" keyframe="0" points="635.25,510.90" z_order="0">
    </points>
    <points frame="184" outside="0" occluded="0" keyframe="0" points="635.50,510.90" z_order="0">
    </points>
    <points frame="185" outside="0" occluded="0" keyframe="0" points="635.75,510.90" z_order="0">
    </points>
    <points frame="186" outside="0" occluded="0" keyframe="0" points="636.00,510.90" z_order="0">
    </points>
    <points frame="187" outside="0" occluded="0" keyframe="0" points="636.25,510.90" z_order="0">
    </points>
    <points frame="188" outside="0" occluded="0" keyframe="0" points="636.50,510.90" z_order="0">
    </points>
    <points frame="189" outside="0" occluded="0" keyframe="0" points="636.75,510.90" z_order="0">
    </points>
    <points frame="190" outside="0" occluded="0" keyframe="1" points="637.00,510.90" z_order="0">
    </points>
    <points frame="191" outside="0" occluded="0" keyframe="0" points="635.37,509.63" z_order="0">
    </points>
    <points frame="192" outside="0" occluded="0" keyframe="0" points="633.73,508.37" z_order="0">
    </points>
    <points frame="193" outside="0" occluded="0" keyframe="0" points="632.10,507.10" z_order="0">
    </points>
    <points frame="194" outside="0" occluded="0" keyframe="0" points="630.47,505.83" z_order="0">
    </points>
    <points frame="195" outside="0" occluded="0" keyframe="0" points="628.83,504.57" z_order="0">
    </points>
    <points frame="196" outside="0" occluded="0" keyframe="1" points="627.20,503.30" z_order="0">
    </points>
    <points frame="197" outside="0" occluded="0" keyframe="0" points="629.65,506.13" z_order="0">
    </points>
    <points frame="198" outside="0" occluded="0" keyframe="0" points="632.10,508.95" z_order="0">
    </points>
    <points frame="199" outside="0" occluded="0" keyframe="0" points="634.55,511.78" z_order="0">
    </points>
    <points frame="200" outside="0" occluded="0" keyframe="1" points="637.00,514.60" z_order="0">
    </points>
    <points frame="201" outside="0" occluded="0" keyframe="0" points="638.23,514.60" z_order="0">
    </points>
    <points frame="202" outside="0" occluded="0" keyframe="0" points="639.46,514.60" z_order="0">
    </points>
    <points frame="203" outside="0" occluded="0" keyframe="0" points="640.69,514.60" z_order="0">
    </points>
    <points frame="204" outside="0" occluded="0" keyframe="0" points="641.92,514.60" z_order="0">
    </points>
    <points frame="205" outside="0" occluded="0" keyframe="0" points="643.15,514.60" z_order="0">
    </points>
    <points frame="206" outside="0" occluded="0" keyframe="0" points="644.38,514.60" z_order="0">
    </points>
    <points frame="207" outside="0" occluded="0" keyframe="0" points="645.61,514.60" z_order="0">
    </points>
    <points frame="208" outside="0" occluded="0" keyframe="0" points="646.84,514.60" z_order="0">
    </points>
    <points frame="209" outside="0" occluded="0" keyframe="0" points="648.07,514.60" z_order="0">
    </points>
    <points frame="210" outside="0" occluded="0" keyframe="1" points="649.30,514.60" z_order="0">
    </points>
    <points frame="211" outside="0" occluded="0" keyframe="0" points="649.55,514.60" z_order="0">
    </points>
    <points frame="212" outside="0" occluded="0" keyframe="0" points="649.80,514.60" z_order="0">
    </points>
    <points frame="213" outside="0" occluded="0" keyframe="0" points="650.05,514.60" z_order="0">
    </points>
    <points frame="214" outside="0" occluded="0" keyframe="0" points="650.30,514.60" z_order="0">
    </points>
    <points frame="215" outside="0" occluded="0" keyframe="0" points="650.55,514.60" z_order="0">
    </points>
    <points frame="216" outside="0" occluded="0" keyframe="0" points="650.80,514.60" z_order="0">
    </points>
    <points frame="217" outside="0" occluded="0" keyframe="0" points="651.05,514.60" z_order="0">
    </points>
    <points frame="218" outside="0" occluded="0" keyframe="0" points="651.30,514.60" z_order="0">
    </points>
    <points frame="219" outside="0" occluded="0" keyframe="0" points="651.55,514.60" z_order="0">
    </points>
    <points frame="220" outside="0" occluded="0" keyframe="1" points="651.80,514.60" z_order="0">
    </points>
    <points frame="221" outside="0" occluded="0" keyframe="0" points="648.85,514.35" z_order="0">
    </points>
    <points frame="222" outside="0" occluded="0" keyframe="0" points="645.90,514.10" z_order="0">
    </points>
    <points frame="223" outside="0" occluded="0" keyframe="0" points="642.95,513.85" z_order="0">
    </points>
    <points frame="224" outside="0" occluded="0" keyframe="0" points="640.00,513.60" z_order="0">
    </points>
    <points frame="225" outside="0" occluded="0" keyframe="0" points="637.05,513.35" z_order="0">
    </points>
    <points frame="226" outside="0" occluded="0" keyframe="0" points="634.10,513.10" z_order="0">
    </points>
    <points frame="227" outside="0" occluded="0" keyframe="0" points="631.15,512.85" z_order="0">
    </points>
    <points frame="228" outside="0" occluded="0" keyframe="0" points="628.20,512.60" z_order="0">
    </points>
    <points frame="229" outside="0" occluded="0" keyframe="0" points="625.25,512.35" z_order="0">
    </points>
    <points frame="230" outside="0" occluded="0" keyframe="1" points="622.30,512.10" z_order="0">
    </points>
    <points frame="231" outside="0" occluded="0" keyframe="0" points="624.02,512.10" z_order="0">
    </points>
    <points frame="232" outside="0" occluded="0" keyframe="0" points="625.74,512.10" z_order="0">
    </points>
    <points frame="233" outside="0" occluded="0" keyframe="0" points="627.46,512.10" z_order="0">
    </points>
    <points frame="234" outside="0" occluded="0" keyframe="0" points="629.18,512.10" z_order="0">
    </points>
    <points frame="235" outside="0" occluded="0" keyframe="0" points="630.90,512.10" z_order="0">
    </points>
    <points frame="236" outside="0" occluded="0" keyframe="0" points="632.62,512.10" z_order="0">
    </points>
    <points frame="237" outside="0" occluded="0" keyframe="0" points="634.34,512.10" z_order="0">
    </points>
    <points frame="238" outside="0" occluded="0" keyframe="0" points="636.06,512.10" z_order="0">
    </points>
    <points frame="239" outside="0" occluded="0" keyframe="0" points="637.78,512.10" z_order="0">
    </points>
    <points frame="240" outside="0" occluded="0" keyframe="1" points="639.50,512.10" z_order="0">
    </points>
    <points frame="241" outside="0" occluded="0" keyframe="0" points="640.12,512.10" z_order="0">
    </points>
    <points frame="242" outside="0" occluded="0" keyframe="0" points="640.74,512.10" z_order="0">
    </points>
    <points frame="243" outside="0" occluded="0" keyframe="0" points="641.36,512.10" z_order="0">
    </points>
    <points frame="244" outside="0" occluded="0" keyframe="0" points="641.98,512.10" z_order="0">
    </points>
    <points frame="245" outside="0" occluded="0" keyframe="0" points="642.60,512.10" z_order="0">
    </points>
    <points frame="246" outside="0" occluded="0" keyframe="0" points="643.22,512.10" z_order="0">
    </points>
    <points frame="247" outside="0" occluded="0" keyframe="0" points="643.84,512.10" z_order="0">
    </points>
    <points frame="248" outside="0" occluded="0" keyframe="0" points="644.46,512.10" z_order="0">
    </points>
    <points frame="249" outside="0" occluded="0" keyframe="0" points="645.08,512.10" z_order="0">
    </points>
    <points frame="250" outside="0" occluded="0" keyframe="1" points="645.70,512.10" z_order="0">
    </points>
    <points frame="251" outside="0" occluded="0" keyframe="0" points="643.36,511.24" z_order="0">
    </points>
    <points frame="252" outside="0" occluded="0" keyframe="0" points="641.02,510.38" z_order="0">
    </points>
    <points frame="253" outside="0" occluded="0" keyframe="0" points="638.68,509.52" z_order="0">
    </points>
    <points frame="254" outside="0" occluded="0" keyframe="0" points="636.34,508.66" z_order="0">
    </points>
    <points frame="255" outside="0" occluded="0" keyframe="0" points="634.00,507.80" z_order="0">
    </points>
    <points frame="256" outside="0" occluded="0" keyframe="0" points="631.66,506.94" z_order="0">
    </points>
    <points frame="257" outside="0" occluded="0" keyframe="0" points="629.32,506.08" z_order="0">
    </points>
    <points frame="258" outside="0" occluded="0" keyframe="0" points="626.98,505.22" z_order="0">
    </points>
    <points frame="259" outside="0" occluded="0" keyframe="0" points="624.64,504.36" z_order="0">
    </points>
    <points frame="260" outside="0" occluded="0" keyframe="1" points="622.30,503.50" z_order="0">
    </points>
    <points frame="261" outside="0" occluded="0" keyframe="0" points="627.22,502.76" z_order="0">
    </points>
    <points frame="262" outside="0" occluded="0" keyframe="0" points="632.14,502.02" z_order="0">
    </points>
    <points frame="263" outside="0" occluded="0" keyframe="0" points="637.06,501.28" z_order="0">
    </points>
    <points frame="264" outside="0" occluded="0" keyframe="0" points="641.98,500.54" z_order="0">
    </points>
    <points frame="265" outside="0" occluded="0" keyframe="1" points="646.90,499.80" z_order="0">
    </points>
    <points frame="266" outside="0" occluded="0" keyframe="0" points="645.92,500.54" z_order="0">
    </points>
    <points frame="267" outside="0" occluded="0" keyframe="0" points="644.94,501.28" z_order="0">
    </points>
    <points frame="268" outside="0" occluded="0" keyframe="0" points="643.96,502.02" z_order="0">
    </points>
    <points frame="269" outside="0" occluded="0" keyframe="0" points="642.98,502.76" z_order="0">
    </points>
    <points frame="270" outside="0" occluded="0" keyframe="1" points="642.00,503.50" z_order="0">
    </points>
    <points frame="271" outside="0" occluded="0" keyframe="0" points="640.65,503.38" z_order="0">
    </points>
    <points frame="272" outside="0" occluded="0" keyframe="0" points="639.30,503.26" z_order="0">
    </points>
    <points frame="273" outside="0" occluded="0" keyframe="0" points="637.95,503.14" z_order="0">
    </points>
    <points frame="274" outside="0" occluded="0" keyframe="0" points="636.60,503.02" z_order="0">
    </points>
    <points frame="275" outside="0" occluded="0" keyframe="0" points="635.25,502.90" z_order="0">
    </points>
    <points frame="276" outside="0" occluded="0" keyframe="0" points="633.90,502.78" z_order="0">
    </points>
    <points frame="277" outside="0" occluded="0" keyframe="0" points="632.55,502.66" z_order="0">
    </points>
    <points frame="278" outside="0" occluded="0" keyframe="0" points="631.20,502.54" z_order="0">
    </points>
    <points frame="279" outside="0" occluded="0" keyframe="0" points="629.85,502.42" z_order="0">
    </points>
    <points frame="280" outside="0" occluded="0" keyframe="1" points="628.50,502.30" z_order="0">
    </points>
    <points frame="281" outside="0" occluded="0" keyframe="0" points="622.80,501.69" z_order="0">
    </points>
    <points frame="282" outside="0" occluded="0" keyframe="0" points="617.10,501.07" z_order="0">
    </points>
    <points frame="283" outside="0" occluded="0" keyframe="0" points="611.40,500.46" z_order="0">
    </points>
    <points frame="284" outside="0" occluded="0" keyframe="0" points="605.70,499.84" z_order="0">
    </points>
    <points frame="285" outside="0" occluded="0" keyframe="0" points="600.00,499.23" z_order="0">
    </points>
    <points frame="286" outside="0" occluded="0" keyframe="0" points="594.30,498.61" z_order="0">
    </points>
    <points frame="287" outside="0" occluded="0" keyframe="1" points="588.60,498.00" z_order="0">
    </points>
    <points frame="288" outside="0" occluded="0" keyframe="0" points="586.50,500.45" z_order="0">
    </points>
    <points frame="289" outside="0" occluded="0" keyframe="1" points="584.40,502.90" z_order="0">
    </points>
    <points frame="290" outside="0" occluded="0" keyframe="1" points="589.10,496.10" z_order="0">
    </points>
    <points frame="291" outside="0" occluded="0" keyframe="1" points="593.90,496.10" z_order="0">
    </points>
    <points frame="292" outside="0" occluded="0" keyframe="1" points="599.80,501.00" z_order="0">
    </points>
    <points frame="293" outside="0" occluded="0" keyframe="1" points="628.80,513.90" z_order="0">
    </points>
    <points frame="294" outside="0" occluded="0" keyframe="1" points="635.60,511.40" z_order="0">
    </points>
    <points frame="295" outside="0" occluded="0" keyframe="0" points="633.80,510.10" z_order="0">
    </points>
    <points frame="296" outside="0" occluded="0" keyframe="1" points="632.00,508.80" z_order="0">
    </points>
    <points frame="297" outside="0" occluded="0" keyframe="0" points="630.20,505.63" z_order="0">
    </points>
    <points frame="298" outside="0" occluded="0" keyframe="0" points="628.40,502.45" z_order="0">
    </points>
    <points frame="299" outside="0" occluded="0" keyframe="0" points="626.60,499.28" z_order="0">
    </points>
    <points frame="300" outside="0" occluded="0" keyframe="1" points="624.80,496.10" z_order="0">
    </points>
    <points frame="301" outside="0" occluded="0" keyframe="0" points="622.65,496.53" z_order="0">
    </points>
    <points frame="302" outside="0" occluded="0" keyframe="0" points="620.50,496.95" z_order="0">
    </points>
    <points frame="303" outside="0" occluded="0" keyframe="0" points="618.35,497.38" z_order="0">
    </points>
    <points frame="304" outside="0" occluded="0" keyframe="1" points="616.20,497.80" z_order="0">
    </points>
    <points frame="305" outside="0" occluded="0" keyframe="0" points="605.93,500.60" z_order="0">
    </points>
    <points frame="306" outside="0" occluded="0" keyframe="0" points="595.67,503.40" z_order="0">
    </points>
    <points frame="307" outside="0" occluded="0" keyframe="1" points="585.40,506.20" z_order="0">
    </points>
    <points frame="308" outside="0" occluded="0" keyframe="1" points="573.90,513.10" z_order="0">
    </points>
    <points frame="309" outside="0" occluded="0" keyframe="1" points="579.00,510.10" z_order="0">
    </points>
    <points frame="310" outside="0" occluded="0" keyframe="1" points="589.10,499.80" z_order="0">
    </points>
    <points frame="311" outside="0" occluded="0" keyframe="0" points="590.20,502.85" z_order="0">
    </points>
    <points frame="312" outside="0" occluded="0" keyframe="1" points="591.30,505.90" z_order="0">
    </points>
    <points frame="313" outside="0" occluded="0" keyframe="0" points="602.10,506.31" z_order="0">
    </points>
    <points frame="314" outside="0" occluded="0" keyframe="0" points="612.90,506.73" z_order="0">
    </points>
    <points frame="315" outside="0" occluded="0" keyframe="0" points="623.70,507.14" z_order="0">
    </points>
    <points frame="316" outside="0" occluded="0" keyframe="0" points="634.50,507.56" z_order="0">
    </points>
    <points frame="317" outside="0" occluded="0" keyframe="0" points="645.30,507.97" z_order="0">
    </points>
    <points frame="318" outside="0" occluded="0" keyframe="0" points="656.10,508.39" z_order="0">
    </points>
    <points frame="319" outside="0" occluded="0" keyframe="1" points="666.90,508.80" z_order="0">
    </points>
    <points frame="320" outside="0" occluded="0" keyframe="1" points="667.90,512.00" z_order="0">
    </points>
    <points frame="321" outside="0" occluded="0" keyframe="0" points="667.72,512.06" z_order="0">
    </points>
    <points frame="322" outside="0" occluded="0" keyframe="0" points="667.53,512.12" z_order="0">
    </points>
    <points frame="323" outside="0" occluded="0" keyframe="0" points="667.35,512.18" z_order="0">
    </points>
    <points frame="324" outside="0" occluded="0" keyframe="0" points="667.16,512.24" z_order="0">
    </points>
    <points frame="325" outside="0" occluded="0" keyframe="0" points="666.98,512.30" z_order="0">
    </points>
    <points frame="326" outside="0" occluded="0" keyframe="0" points="666.79,512.36" z_order="0">
    </points>
    <points frame="327" outside="0" occluded="0" keyframe="0" points="666.61,512.42" z_order="0">
    </points>
    <points frame="328" outside="0" occluded="0" keyframe="0" points="666.42,512.48" z_order="0">
    </points>
    <points frame="329" outside="0" occluded="0" keyframe="0" points="666.24,512.54" z_order="0">
    </points>
    <points frame="330" outside="0" occluded="0" keyframe="0" points="666.05,512.60" z_order="0">
    </points>
    <points frame="331" outside="0" occluded="0" keyframe="0" points="665.87,512.66" z_order="0">
    </points>
    <points frame="332" outside="0" occluded="0" keyframe="0" points="665.68,512.72" z_order="0">
    </points>
    <points frame="333" outside="0" occluded="0" keyframe="0" points="665.50,512.78" z_order="0">
    </points>
    <points frame="334" outside="0" occluded="0" keyframe="0" points="665.31,512.84" z_order="0">
    </points>
    <points frame="335" outside="0" occluded="0" keyframe="0" points="665.13,512.90" z_order="0">
    </points>
    <points frame="336" outside="0" occluded="0" keyframe="0" points="664.94,512.96" z_order="0">
    </points>
    <points frame="337" outside="0" occluded="0" keyframe="0" points="664.76,513.02" z_order="0">
    </points>
    <points frame="338" outside="0" occluded="0" keyframe="0" points="664.57,513.08" z_order="0">
    </points>
    <points frame="339" outside="0" occluded="0" keyframe="0" points="664.39,513.14" z_order="0">
    </points>
    <points frame="340" outside="0" occluded="0" keyframe="1" points="664.20,513.20" z_order="0">
    </points>
    <points frame="341" outside="0" occluded="0" keyframe="0" points="664.08,513.20" z_order="0">
    </points>
    <points frame="342" outside="0" occluded="0" keyframe="0" points="663.96,513.20" z_order="0">
    </points>
    <points frame="343" outside="0" occluded="0" keyframe="0" points="663.84,513.20" z_order="0">
    </points>
    <points frame="344" outside="0" occluded="0" keyframe="0" points="663.72,513.20" z_order="0">
    </points>
    <points frame="345" outside="0" occluded="0" keyframe="0" points="663.60,513.20" z_order="0">
    </points>
    <points frame="346" outside="0" occluded="0" keyframe="0" points="663.48,513.20" z_order="0">
    </points>
    <points frame="347" outside="0" occluded="0" keyframe="0" points="663.36,513.20" z_order="0">
    </points>
    <points frame="348" outside="0" occluded="0" keyframe="0" points="663.24,513.20" z_order="0">
    </points>
    <points frame="349" outside="0" occluded="0" keyframe="0" points="663.12,513.20" z_order="0">
    </points>
    <points frame="350" outside="0" occluded="0" keyframe="1" points="663.00,513.20" z_order="0">
    </points>
    <points frame="351" outside="0" occluded="0" keyframe="0" points="663.00,513.20" z_order="0">
    </points>
    <points frame="352" outside="0" occluded="0" keyframe="0" points="663.00,513.20" z_order="0">
    </points>
    <points frame="353" outside="0" occluded="0" keyframe="0" points="663.00,513.20" z_order="0">
    </points>
    <points frame="354" outside="0" occluded="0" keyframe="0" points="663.00,513.20" z_order="0">
    </points>
    <points frame="355" outside="0" occluded="0" keyframe="0" points="663.00,513.20" z_order="0">
    </points>
    <points frame="356" outside="0" occluded="0" keyframe="0" points="663.00,513.20" z_order="0">
    </points>
  </track>
</annotations>
