<?xml version="1.0" encoding="utf-8"?>
<annotations>
  <version>1.1</version>
  <meta>
    <task>
      <id>86</id>
      <name>D07_Dry-4</name>
      <size>216</size>
      <mode>interpolation</mode>
      <overlap>5</overlap>
      <bugtracker></bugtracker>
      <created>2021-11-20 02:28:54.728058+00:00</created>
      <updated>2021-11-20 13:50:30.301620+00:00</updated>
      <subset>default</subset>
      <start_frame>0</start_frame>
      <stop_frame>215</stop_frame>
      <frame_filter></frame_filter>
      <segments>
        <segment>
          <id>85</id>
          <start>0</start>
          <stop>215</stop>
          <url>http://localhost:8080/?id=85</url>
        </segment>
      </segments>
      <owner>
        <username>hubertachan</username>
        <email>hubertachan@gmail.com</email>
      </owner>
      <assignee></assignee>
      <labels>
        <label>
          <name>HB</name>
          <color>#3b0c73</color>
          <attributes>
          </attributes>
        </label>
        <label>
          <name>M</name>
          <color>#ff355e</color>
          <attributes>
          </attributes>
        </label>
      </labels>
      <original_size>
        <width>1068</width>
        <height>800</height>
      </original_size>
    </task>
    <dumped>2021-11-20 13:50:33.865920+00:00</dumped>
    <source>D07_Dry-4.avi</source>
  </meta>
  <track id="0" label="HB" source="manual">
    <points frame="90" outside="0" occluded="0" keyframe="1" points="701.34,568.64" z_order="0">
    </points>
    <points frame="91" outside="0" occluded="0" keyframe="0" points="702.99,569.66" z_order="0">
    </points>
    <points frame="92" outside="0" occluded="0" keyframe="0" points="704.63,570.67" z_order="0">
    </points>
    <points frame="93" outside="0" occluded="0" keyframe="0" points="706.28,571.69" z_order="0">
    </points>
    <points frame="94" outside="0" occluded="0" keyframe="0" points="707.93,572.70" z_order="0">
    </points>
    <points frame="95" outside="0" occluded="0" keyframe="0" points="709.57,573.72" z_order="0">
    </points>
    <points frame="96" outside="0" occluded="0" keyframe="0" points="711.22,574.74" z_order="0">
    </points>
    <points frame="97" outside="0" occluded="0" keyframe="0" points="712.86,575.75" z_order="0">
    </points>
    <points frame="98" outside="0" occluded="0" keyframe="0" points="714.51,576.77" z_order="0">
    </points>
    <points frame="99" outside="0" occluded="0" keyframe="0" points="716.15,577.78" z_order="0">
    </points>
    <points frame="100" outside="0" occluded="0" keyframe="1" points="717.80,578.80" z_order="0">
    </points>
    <points frame="101" outside="0" occluded="0" keyframe="0" points="719.57,579.05" z_order="0">
    </points>
    <points frame="102" outside="0" occluded="0" keyframe="0" points="721.34,579.30" z_order="0">
    </points>
    <points frame="103" outside="0" occluded="0" keyframe="0" points="723.11,579.55" z_order="0">
    </points>
    <points frame="104" outside="0" occluded="0" keyframe="0" points="724.88,579.80" z_order="0">
    </points>
    <points frame="105" outside="0" occluded="0" keyframe="0" points="726.65,580.05" z_order="0">
    </points>
    <points frame="106" outside="0" occluded="0" keyframe="0" points="728.42,580.30" z_order="0">
    </points>
    <points frame="107" outside="0" occluded="0" keyframe="0" points="730.19,580.55" z_order="0">
    </points>
    <points frame="108" outside="0" occluded="0" keyframe="0" points="731.96,580.80" z_order="0">
    </points>
    <points frame="109" outside="0" occluded="0" keyframe="0" points="733.73,581.05" z_order="0">
    </points>
    <points frame="110" outside="0" occluded="0" keyframe="1" points="735.50,581.30" z_order="0">
    </points>
    <points frame="111" outside="0" occluded="0" keyframe="0" points="734.24,580.67" z_order="0">
    </points>
    <points frame="112" outside="0" occluded="0" keyframe="0" points="732.97,580.04" z_order="0">
    </points>
    <points frame="113" outside="0" occluded="0" keyframe="0" points="731.71,579.41" z_order="0">
    </points>
    <points frame="114" outside="0" occluded="0" keyframe="0" points="730.44,578.78" z_order="0">
    </points>
    <points frame="115" outside="0" occluded="0" keyframe="0" points="729.18,578.15" z_order="0">
    </points>
    <points frame="116" outside="0" occluded="0" keyframe="0" points="727.91,577.52" z_order="0">
    </points>
    <points frame="117" outside="0" occluded="0" keyframe="0" points="726.65,576.89" z_order="0">
    </points>
    <points frame="118" outside="0" occluded="0" keyframe="0" points="725.38,576.26" z_order="0">
    </points>
    <points frame="119" outside="0" occluded="0" keyframe="0" points="724.12,575.63" z_order="0">
    </points>
    <points frame="120" outside="0" occluded="0" keyframe="0" points="722.85,575.00" z_order="0">
    </points>
    <points frame="121" outside="0" occluded="0" keyframe="0" points="721.59,574.37" z_order="0">
    </points>
    <points frame="122" outside="0" occluded="0" keyframe="0" points="720.32,573.74" z_order="0">
    </points>
    <points frame="123" outside="0" occluded="0" keyframe="0" points="719.06,573.11" z_order="0">
    </points>
    <points frame="124" outside="0" occluded="0" keyframe="0" points="717.79,572.48" z_order="0">
    </points>
    <points frame="125" outside="0" occluded="0" keyframe="0" points="716.53,571.85" z_order="0">
    </points>
    <points frame="126" outside="0" occluded="0" keyframe="0" points="715.26,571.22" z_order="0">
    </points>
    <points frame="127" outside="0" occluded="0" keyframe="0" points="714.00,570.59" z_order="0">
    </points>
    <points frame="128" outside="0" occluded="0" keyframe="0" points="712.73,569.96" z_order="0">
    </points>
    <points frame="129" outside="0" occluded="0" keyframe="0" points="711.47,569.33" z_order="0">
    </points>
    <points frame="130" outside="0" occluded="0" keyframe="1" points="710.20,568.70" z_order="0">
    </points>
    <points frame="131" outside="0" occluded="0" keyframe="0" points="705.96,568.32" z_order="0">
    </points>
    <points frame="132" outside="0" occluded="0" keyframe="0" points="701.72,567.94" z_order="0">
    </points>
    <points frame="133" outside="0" occluded="0" keyframe="0" points="697.48,567.56" z_order="0">
    </points>
    <points frame="134" outside="0" occluded="0" keyframe="0" points="693.24,567.18" z_order="0">
    </points>
    <points frame="135" outside="0" occluded="0" keyframe="1" points="689.00,566.80" z_order="0">
    </points>
    <points frame="136" outside="0" occluded="0" keyframe="0" points="691.51,567.09" z_order="0">
    </points>
    <points frame="137" outside="0" occluded="0" keyframe="0" points="694.01,567.39" z_order="0">
    </points>
    <points frame="138" outside="0" occluded="0" keyframe="0" points="696.52,567.68" z_order="0">
    </points>
    <points frame="139" outside="0" occluded="0" keyframe="0" points="699.03,567.97" z_order="0">
    </points>
    <points frame="140" outside="0" occluded="0" keyframe="0" points="701.53,568.27" z_order="0">
    </points>
    <points frame="141" outside="0" occluded="0" keyframe="0" points="704.04,568.56" z_order="0">
    </points>
    <points frame="142" outside="0" occluded="0" keyframe="0" points="706.55,568.85" z_order="0">
    </points>
    <points frame="143" outside="0" occluded="0" keyframe="0" points="709.05,569.15" z_order="0">
    </points>
    <points frame="144" outside="0" occluded="0" keyframe="0" points="711.56,569.44" z_order="0">
    </points>
    <points frame="145" outside="0" occluded="0" keyframe="0" points="714.07,569.73" z_order="0">
    </points>
    <points frame="146" outside="0" occluded="0" keyframe="0" points="716.57,570.03" z_order="0">
    </points>
    <points frame="147" outside="0" occluded="0" keyframe="0" points="719.08,570.32" z_order="0">
    </points>
    <points frame="148" outside="0" occluded="0" keyframe="0" points="721.59,570.61" z_order="0">
    </points>
    <points frame="149" outside="0" occluded="0" keyframe="0" points="724.09,570.91" z_order="0">
    </points>
    <points frame="150" outside="0" occluded="0" keyframe="1" points="726.60,571.20" z_order="0">
    </points>
    <points frame="151" outside="0" occluded="0" keyframe="0" points="725.59,571.07" z_order="0">
    </points>
    <points frame="152" outside="0" occluded="0" keyframe="0" points="724.58,570.94" z_order="0">
    </points>
    <points frame="153" outside="0" occluded="0" keyframe="0" points="723.57,570.81" z_order="0">
    </points>
    <points frame="154" outside="0" occluded="0" keyframe="0" points="722.56,570.68" z_order="0">
    </points>
    <points frame="155" outside="0" occluded="0" keyframe="0" points="721.55,570.55" z_order="0">
    </points>
    <points frame="156" outside="0" occluded="0" keyframe="0" points="720.54,570.42" z_order="0">
    </points>
    <points frame="157" outside="0" occluded="0" keyframe="0" points="719.53,570.29" z_order="0">
    </points>
    <points frame="158" outside="0" occluded="0" keyframe="0" points="718.52,570.16" z_order="0">
    </points>
    <points frame="159" outside="0" occluded="0" keyframe="0" points="717.51,570.03" z_order="0">
    </points>
    <points frame="160" outside="0" occluded="0" keyframe="1" points="716.50,569.90" z_order="0">
    </points>
    <points frame="161" outside="0" occluded="0" keyframe="0" points="717.26,570.41" z_order="0">
    </points>
    <points frame="162" outside="0" occluded="0" keyframe="0" points="718.02,570.92" z_order="0">
    </points>
    <points frame="163" outside="0" occluded="0" keyframe="0" points="718.78,571.43" z_order="0">
    </points>
    <points frame="164" outside="0" occluded="0" keyframe="0" points="719.54,571.94" z_order="0">
    </points>
    <points frame="165" outside="0" occluded="0" keyframe="0" points="720.30,572.45" z_order="0">
    </points>
    <points frame="166" outside="0" occluded="0" keyframe="0" points="721.06,572.96" z_order="0">
    </points>
    <points frame="167" outside="0" occluded="0" keyframe="0" points="721.82,573.47" z_order="0">
    </points>
    <points frame="168" outside="0" occluded="0" keyframe="0" points="722.58,573.98" z_order="0">
    </points>
    <points frame="169" outside="0" occluded="0" keyframe="0" points="723.34,574.49" z_order="0">
    </points>
    <points frame="170" outside="0" occluded="0" keyframe="1" points="724.10,575.00" z_order="0">
    </points>
    <points frame="171" outside="0" occluded="0" keyframe="0" points="724.10,575.00" z_order="0">
    </points>
    <points frame="172" outside="0" occluded="0" keyframe="0" points="724.10,575.00" z_order="0">
    </points>
    <points frame="173" outside="0" occluded="0" keyframe="0" points="724.10,575.00" z_order="0">
    </points>
    <points frame="174" outside="0" occluded="0" keyframe="0" points="724.10,575.00" z_order="0">
    </points>
    <points frame="175" outside="0" occluded="0" keyframe="0" points="724.10,575.00" z_order="0">
    </points>
    <points frame="176" outside="0" occluded="0" keyframe="0" points="724.10,575.00" z_order="0">
    </points>
    <points frame="177" outside="0" occluded="0" keyframe="0" points="724.10,575.00" z_order="0">
    </points>
    <points frame="178" outside="0" occluded="0" keyframe="0" points="724.10,575.00" z_order="0">
    </points>
    <points frame="179" outside="0" occluded="0" keyframe="0" points="724.10,575.00" z_order="0">
    </points>
    <points frame="180" outside="0" occluded="0" keyframe="0" points="724.10,575.00" z_order="0">
    </points>
    <points frame="181" outside="0" occluded="0" keyframe="0" points="724.10,575.00" z_order="0">
    </points>
    <points frame="182" outside="0" occluded="0" keyframe="0" points="724.10,575.00" z_order="0">
    </points>
    <points frame="183" outside="0" occluded="0" keyframe="0" points="724.10,575.00" z_order="0">
    </points>
    <points frame="184" outside="0" occluded="0" keyframe="0" points="724.10,575.00" z_order="0">
    </points>
    <points frame="185" outside="0" occluded="0" keyframe="0" points="724.10,575.00" z_order="0">
    </points>
    <points frame="186" outside="0" occluded="0" keyframe="0" points="724.10,575.00" z_order="0">
    </points>
    <points frame="187" outside="0" occluded="0" keyframe="0" points="724.10,575.00" z_order="0">
    </points>
    <points frame="188" outside="0" occluded="0" keyframe="0" points="724.10,575.00" z_order="0">
    </points>
    <points frame="189" outside="0" occluded="0" keyframe="0" points="724.10,575.00" z_order="0">
    </points>
    <points frame="190" outside="0" occluded="0" keyframe="0" points="724.10,575.00" z_order="0">
    </points>
    <points frame="191" outside="0" occluded="0" keyframe="0" points="724.10,575.00" z_order="0">
    </points>
    <points frame="192" outside="0" occluded="0" keyframe="0" points="724.10,575.00" z_order="0">
    </points>
    <points frame="193" outside="0" occluded="0" keyframe="0" points="724.10,575.00" z_order="0">
    </points>
    <points frame="194" outside="0" occluded="0" keyframe="0" points="724.10,575.00" z_order="0">
    </points>
    <points frame="195" outside="0" occluded="0" keyframe="0" points="724.10,575.00" z_order="0">
    </points>
    <points frame="196" outside="0" occluded="0" keyframe="0" points="724.10,575.00" z_order="0">
    </points>
    <points frame="197" outside="0" occluded="0" keyframe="0" points="724.10,575.00" z_order="0">
    </points>
    <points frame="198" outside="0" occluded="0" keyframe="0" points="724.10,575.00" z_order="0">
    </points>
    <points frame="199" outside="0" occluded="0" keyframe="0" points="724.10,575.00" z_order="0">
    </points>
    <points frame="200" outside="0" occluded="0" keyframe="0" points="724.10,575.00" z_order="0">
    </points>
    <points frame="201" outside="0" occluded="0" keyframe="0" points="724.10,575.00" z_order="0">
    </points>
    <points frame="202" outside="0" occluded="0" keyframe="0" points="724.10,575.00" z_order="0">
    </points>
    <points frame="203" outside="0" occluded="0" keyframe="0" points="724.10,575.00" z_order="0">
    </points>
    <points frame="204" outside="0" occluded="0" keyframe="0" points="724.10,575.00" z_order="0">
    </points>
    <points frame="205" outside="0" occluded="0" keyframe="0" points="724.10,575.00" z_order="0">
    </points>
    <points frame="206" outside="0" occluded="0" keyframe="0" points="724.10,575.00" z_order="0">
    </points>
    <points frame="207" outside="0" occluded="0" keyframe="0" points="724.10,575.00" z_order="0">
    </points>
    <points frame="208" outside="0" occluded="0" keyframe="0" points="724.10,575.00" z_order="0">
    </points>
    <points frame="209" outside="0" occluded="0" keyframe="0" points="724.10,575.00" z_order="0">
    </points>
    <points frame="210" outside="0" occluded="0" keyframe="0" points="724.10,575.00" z_order="0">
    </points>
    <points frame="211" outside="0" occluded="0" keyframe="0" points="724.10,575.00" z_order="0">
    </points>
    <points frame="212" outside="0" occluded="0" keyframe="0" points="724.10,575.00" z_order="0">
    </points>
    <points frame="213" outside="0" occluded="0" keyframe="0" points="724.10,575.00" z_order="0">
    </points>
    <points frame="214" outside="0" occluded="0" keyframe="0" points="724.10,575.00" z_order="0">
    </points>
    <points frame="215" outside="0" occluded="0" keyframe="0" points="724.10,575.00" z_order="0">
    </points>
  </track>
  <track id="1" label="M" source="manual">
    <points frame="106" outside="0" occluded="0" keyframe="1" points="458.94,634.21" z_order="0">
    </points>
    <points frame="107" outside="0" occluded="0" keyframe="0" points="458.89,633.54" z_order="0">
    </points>
    <points frame="108" outside="0" occluded="0" keyframe="0" points="458.85,632.88" z_order="0">
    </points>
    <points frame="109" outside="0" occluded="0" keyframe="0" points="458.81,632.21" z_order="0">
    </points>
    <points frame="110" outside="0" occluded="0" keyframe="0" points="458.77,631.54" z_order="0">
    </points>
    <points frame="111" outside="0" occluded="0" keyframe="0" points="458.73,630.87" z_order="0">
    </points>
    <points frame="112" outside="0" occluded="0" keyframe="0" points="458.69,630.21" z_order="0">
    </points>
    <points frame="113" outside="0" occluded="0" keyframe="0" points="458.65,629.54" z_order="0">
    </points>
    <points frame="114" outside="0" occluded="0" keyframe="0" points="458.61,628.87" z_order="0">
    </points>
    <points frame="115" outside="0" occluded="0" keyframe="0" points="458.56,628.21" z_order="0">
    </points>
    <points frame="116" outside="0" occluded="0" keyframe="0" points="458.52,627.54" z_order="0">
    </points>
    <points frame="117" outside="0" occluded="0" keyframe="0" points="458.48,626.87" z_order="0">
    </points>
    <points frame="118" outside="0" occluded="0" keyframe="0" points="458.44,626.21" z_order="0">
    </points>
    <points frame="119" outside="0" occluded="0" keyframe="0" points="458.40,625.54" z_order="0">
    </points>
    <points frame="120" outside="0" occluded="0" keyframe="0" points="458.36,624.87" z_order="0">
    </points>
    <points frame="121" outside="0" occluded="0" keyframe="0" points="458.32,624.20" z_order="0">
    </points>
    <points frame="122" outside="0" occluded="0" keyframe="0" points="458.28,623.54" z_order="0">
    </points>
    <points frame="123" outside="0" occluded="0" keyframe="0" points="458.24,622.87" z_order="0">
    </points>
    <points frame="124" outside="0" occluded="0" keyframe="0" points="458.19,622.20" z_order="0">
    </points>
    <points frame="125" outside="0" occluded="0" keyframe="0" points="458.15,621.54" z_order="0">
    </points>
    <points frame="126" outside="0" occluded="0" keyframe="0" points="458.11,620.87" z_order="0">
    </points>
    <points frame="127" outside="0" occluded="0" keyframe="0" points="458.07,620.20" z_order="0">
    </points>
    <points frame="128" outside="0" occluded="0" keyframe="0" points="458.03,619.54" z_order="0">
    </points>
    <points frame="129" outside="0" occluded="0" keyframe="0" points="457.99,618.87" z_order="0">
    </points>
    <points frame="130" outside="0" occluded="0" keyframe="0" points="457.95,618.20" z_order="0">
    </points>
    <points frame="131" outside="0" occluded="0" keyframe="0" points="457.91,617.53" z_order="0">
    </points>
    <points frame="132" outside="0" occluded="0" keyframe="0" points="457.86,616.87" z_order="0">
    </points>
    <points frame="133" outside="0" occluded="0" keyframe="0" points="457.82,616.20" z_order="0">
    </points>
    <points frame="134" outside="0" occluded="0" keyframe="0" points="457.78,615.53" z_order="0">
    </points>
    <points frame="135" outside="0" occluded="0" keyframe="0" points="457.74,614.87" z_order="0">
    </points>
    <points frame="136" outside="0" occluded="0" keyframe="1" points="457.70,614.20" z_order="0">
    </points>
    <points frame="137" outside="0" occluded="0" keyframe="0" points="457.95,614.20" z_order="0">
    </points>
    <points frame="138" outside="0" occluded="0" keyframe="0" points="458.20,614.20" z_order="0">
    </points>
    <points frame="139" outside="0" occluded="0" keyframe="0" points="458.45,614.20" z_order="0">
    </points>
    <points frame="140" outside="0" occluded="0" keyframe="0" points="458.70,614.20" z_order="0">
    </points>
    <points frame="141" outside="0" occluded="0" keyframe="0" points="458.95,614.20" z_order="0">
    </points>
    <points frame="142" outside="0" occluded="0" keyframe="0" points="459.20,614.20" z_order="0">
    </points>
    <points frame="143" outside="0" occluded="0" keyframe="0" points="459.45,614.20" z_order="0">
    </points>
    <points frame="144" outside="0" occluded="0" keyframe="0" points="459.70,614.20" z_order="0">
    </points>
    <points frame="145" outside="0" occluded="0" keyframe="0" points="459.95,614.20" z_order="0">
    </points>
    <points frame="146" outside="0" occluded="0" keyframe="1" points="460.20,614.20" z_order="0">
    </points>
    <points frame="147" outside="0" occluded="0" keyframe="0" points="460.20,614.33" z_order="0">
    </points>
    <points frame="148" outside="0" occluded="0" keyframe="0" points="460.20,614.46" z_order="0">
    </points>
    <points frame="149" outside="0" occluded="0" keyframe="0" points="460.20,614.59" z_order="0">
    </points>
    <points frame="150" outside="0" occluded="0" keyframe="0" points="460.20,614.72" z_order="0">
    </points>
    <points frame="151" outside="0" occluded="0" keyframe="0" points="460.20,614.85" z_order="0">
    </points>
    <points frame="152" outside="0" occluded="0" keyframe="0" points="460.20,614.98" z_order="0">
    </points>
    <points frame="153" outside="0" occluded="0" keyframe="0" points="460.20,615.11" z_order="0">
    </points>
    <points frame="154" outside="0" occluded="0" keyframe="0" points="460.20,615.24" z_order="0">
    </points>
    <points frame="155" outside="0" occluded="0" keyframe="0" points="460.20,615.37" z_order="0">
    </points>
    <points frame="156" outside="0" occluded="0" keyframe="1" points="460.20,615.50" z_order="0">
    </points>
    <points frame="157" outside="0" occluded="0" keyframe="0" points="460.33,616.00" z_order="0">
    </points>
    <points frame="158" outside="0" occluded="0" keyframe="0" points="460.46,616.50" z_order="0">
    </points>
    <points frame="159" outside="0" occluded="0" keyframe="0" points="460.59,617.00" z_order="0">
    </points>
    <points frame="160" outside="0" occluded="0" keyframe="0" points="460.72,617.50" z_order="0">
    </points>
    <points frame="161" outside="0" occluded="0" keyframe="0" points="460.85,618.00" z_order="0">
    </points>
    <points frame="162" outside="0" occluded="0" keyframe="0" points="460.98,618.50" z_order="0">
    </points>
    <points frame="163" outside="0" occluded="0" keyframe="0" points="461.11,619.00" z_order="0">
    </points>
    <points frame="164" outside="0" occluded="0" keyframe="0" points="461.24,619.50" z_order="0">
    </points>
    <points frame="165" outside="0" occluded="0" keyframe="0" points="461.37,620.00" z_order="0">
    </points>
    <points frame="166" outside="0" occluded="0" keyframe="1" points="461.50,620.50" z_order="0">
    </points>
    <points frame="167" outside="0" occluded="0" keyframe="0" points="461.50,620.75" z_order="0">
    </points>
    <points frame="168" outside="0" occluded="0" keyframe="0" points="461.50,621.00" z_order="0">
    </points>
    <points frame="169" outside="0" occluded="0" keyframe="0" points="461.50,621.25" z_order="0">
    </points>
    <points frame="170" outside="0" occluded="0" keyframe="0" points="461.50,621.50" z_order="0">
    </points>
    <points frame="171" outside="0" occluded="0" keyframe="0" points="461.50,621.75" z_order="0">
    </points>
    <points frame="172" outside="0" occluded="0" keyframe="0" points="461.50,622.00" z_order="0">
    </points>
    <points frame="173" outside="0" occluded="0" keyframe="0" points="461.50,622.25" z_order="0">
    </points>
    <points frame="174" outside="0" occluded="0" keyframe="0" points="461.50,622.50" z_order="0">
    </points>
    <points frame="175" outside="0" occluded="0" keyframe="0" points="461.50,622.75" z_order="0">
    </points>
    <points frame="176" outside="0" occluded="0" keyframe="1" points="461.50,623.00" z_order="0">
    </points>
    <points frame="177" outside="0" occluded="0" keyframe="0" points="461.50,623.00" z_order="0">
    </points>
    <points frame="178" outside="0" occluded="0" keyframe="0" points="461.50,623.00" z_order="0">
    </points>
    <points frame="179" outside="0" occluded="0" keyframe="0" points="461.50,623.00" z_order="0">
    </points>
    <points frame="180" outside="0" occluded="0" keyframe="0" points="461.50,623.00" z_order="0">
    </points>
    <points frame="181" outside="0" occluded="0" keyframe="0" points="461.50,623.00" z_order="0">
    </points>
    <points frame="182" outside="0" occluded="0" keyframe="0" points="461.50,623.00" z_order="0">
    </points>
    <points frame="183" outside="0" occluded="0" keyframe="0" points="461.50,623.00" z_order="0">
    </points>
    <points frame="184" outside="0" occluded="0" keyframe="0" points="461.50,623.00" z_order="0">
    </points>
    <points frame="185" outside="0" occluded="0" keyframe="0" points="461.50,623.00" z_order="0">
    </points>
    <points frame="186" outside="0" occluded="0" keyframe="0" points="461.50,623.00" z_order="0">
    </points>
    <points frame="187" outside="0" occluded="0" keyframe="0" points="461.50,623.00" z_order="0">
    </points>
    <points frame="188" outside="0" occluded="0" keyframe="0" points="461.50,623.00" z_order="0">
    </points>
    <points frame="189" outside="0" occluded="0" keyframe="0" points="461.50,623.00" z_order="0">
    </points>
    <points frame="190" outside="0" occluded="0" keyframe="0" points="461.50,623.00" z_order="0">
    </points>
    <points frame="191" outside="0" occluded="0" keyframe="0" points="461.50,623.00" z_order="0">
    </points>
    <points frame="192" outside="0" occluded="0" keyframe="0" points="461.50,623.00" z_order="0">
    </points>
    <points frame="193" outside="0" occluded="0" keyframe="0" points="461.50,623.00" z_order="0">
    </points>
    <points frame="194" outside="0" occluded="0" keyframe="0" points="461.50,623.00" z_order="0">
    </points>
    <points frame="195" outside="0" occluded="0" keyframe="0" points="461.50,623.00" z_order="0">
    </points>
    <points frame="196" outside="0" occluded="0" keyframe="1" points="461.50,623.00" z_order="0">
    </points>
    <points frame="197" outside="0" occluded="0" keyframe="0" points="461.12,622.75" z_order="0">
    </points>
    <points frame="198" outside="0" occluded="0" keyframe="0" points="460.74,622.50" z_order="0">
    </points>
    <points frame="199" outside="0" occluded="0" keyframe="0" points="460.36,622.25" z_order="0">
    </points>
    <points frame="200" outside="0" occluded="0" keyframe="0" points="459.98,622.00" z_order="0">
    </points>
    <points frame="201" outside="0" occluded="0" keyframe="0" points="459.60,621.75" z_order="0">
    </points>
    <points frame="202" outside="0" occluded="0" keyframe="0" points="459.22,621.50" z_order="0">
    </points>
    <points frame="203" outside="0" occluded="0" keyframe="0" points="458.84,621.25" z_order="0">
    </points>
    <points frame="204" outside="0" occluded="0" keyframe="0" points="458.46,621.00" z_order="0">
    </points>
    <points frame="205" outside="0" occluded="0" keyframe="0" points="458.08,620.75" z_order="0">
    </points>
    <points frame="206" outside="0" occluded="0" keyframe="1" points="457.70,620.50" z_order="0">
    </points>
    <points frame="207" outside="0" occluded="0" keyframe="0" points="457.28,620.50" z_order="0">
    </points>
    <points frame="208" outside="0" occluded="0" keyframe="0" points="456.86,620.50" z_order="0">
    </points>
    <points frame="209" outside="0" occluded="0" keyframe="0" points="456.43,620.50" z_order="0">
    </points>
    <points frame="210" outside="0" occluded="0" keyframe="0" points="456.01,620.50" z_order="0">
    </points>
    <points frame="211" outside="0" occluded="0" keyframe="0" points="455.59,620.50" z_order="0">
    </points>
    <points frame="212" outside="0" occluded="0" keyframe="0" points="455.17,620.50" z_order="0">
    </points>
    <points frame="213" outside="0" occluded="0" keyframe="0" points="454.74,620.50" z_order="0">
    </points>
    <points frame="214" outside="0" occluded="0" keyframe="0" points="454.32,620.50" z_order="0">
    </points>
    <points frame="215" outside="0" occluded="0" keyframe="1" points="453.90,620.50" z_order="0">
    </points>
  </track>
</annotations>
