<?xml version="1.0" encoding="utf-8"?>
<annotations>
  <version>1.1</version>
  <meta>
    <task>
      <id>192</id>
      <name>D08_5ML-L1-6</name>
      <size>263</size>
      <mode>interpolation</mode>
      <overlap>5</overlap>
      <bugtracker></bugtracker>
      <created>2021-11-20 15:58:54.243234+00:00</created>
      <updated>2021-11-20 16:43:30.247837+00:00</updated>
      <subset>default</subset>
      <start_frame>0</start_frame>
      <stop_frame>262</stop_frame>
      <frame_filter></frame_filter>
      <segments>
        <segment>
          <id>191</id>
          <start>0</start>
          <stop>262</stop>
          <url>http://localhost:8080/?id=191</url>
        </segment>
      </segments>
      <owner>
        <username>hubertachan</username>
        <email>hubertachan@gmail.com</email>
      </owner>
      <assignee></assignee>
      <labels>
        <label>
          <name>M</name>
          <color>#ff355e</color>
          <attributes>
          </attributes>
        </label>
        <label>
          <name>HB</name>
          <color>#3b0c73</color>
          <attributes>
          </attributes>
        </label>
      </labels>
      <original_size>
        <width>1068</width>
        <height>800</height>
      </original_size>
    </task>
    <dumped>2021-11-20 16:43:33.045640+00:00</dumped>
    <source>D08_5ML-L1-6.avi</source>
  </meta>
  <track id="0" label="M" source="manual">
    <points frame="0" outside="0" occluded="0" keyframe="1" points="454.55,635.11" z_order="0">
    </points>
    <points frame="1" outside="0" occluded="0" keyframe="0" points="454.43,635.07" z_order="0">
    </points>
    <points frame="2" outside="0" occluded="0" keyframe="0" points="454.31,635.03" z_order="0">
    </points>
    <points frame="3" outside="0" occluded="0" keyframe="0" points="454.19,634.99" z_order="0">
    </points>
    <points frame="4" outside="0" occluded="0" keyframe="0" points="454.07,634.95" z_order="0">
    </points>
    <points frame="5" outside="0" occluded="0" keyframe="0" points="453.94,634.91" z_order="0">
    </points>
    <points frame="6" outside="0" occluded="0" keyframe="0" points="453.82,634.87" z_order="0">
    </points>
    <points frame="7" outside="0" occluded="0" keyframe="0" points="453.70,634.83" z_order="0">
    </points>
    <points frame="8" outside="0" occluded="0" keyframe="0" points="453.58,634.79" z_order="0">
    </points>
    <points frame="9" outside="0" occluded="0" keyframe="0" points="453.46,634.75" z_order="0">
    </points>
    <points frame="10" outside="0" occluded="0" keyframe="0" points="453.34,634.70" z_order="0">
    </points>
    <points frame="11" outside="0" occluded="0" keyframe="0" points="453.21,634.66" z_order="0">
    </points>
    <points frame="12" outside="0" occluded="0" keyframe="0" points="453.09,634.62" z_order="0">
    </points>
    <points frame="13" outside="0" occluded="0" keyframe="0" points="452.97,634.58" z_order="0">
    </points>
    <points frame="14" outside="0" occluded="0" keyframe="0" points="452.85,634.54" z_order="0">
    </points>
    <points frame="15" outside="0" occluded="0" keyframe="0" points="452.73,634.50" z_order="0">
    </points>
    <points frame="16" outside="0" occluded="0" keyframe="0" points="452.61,634.46" z_order="0">
    </points>
    <points frame="17" outside="0" occluded="0" keyframe="0" points="452.48,634.42" z_order="0">
    </points>
    <points frame="18" outside="0" occluded="0" keyframe="0" points="452.36,634.38" z_order="0">
    </points>
    <points frame="19" outside="0" occluded="0" keyframe="0" points="452.24,634.34" z_order="0">
    </points>
    <points frame="20" outside="0" occluded="0" keyframe="0" points="452.12,634.30" z_order="0">
    </points>
    <points frame="21" outside="0" occluded="0" keyframe="0" points="452.00,634.26" z_order="0">
    </points>
    <points frame="22" outside="0" occluded="0" keyframe="0" points="451.87,634.22" z_order="0">
    </points>
    <points frame="23" outside="0" occluded="0" keyframe="0" points="451.75,634.18" z_order="0">
    </points>
    <points frame="24" outside="0" occluded="0" keyframe="0" points="451.63,634.14" z_order="0">
    </points>
    <points frame="25" outside="0" occluded="0" keyframe="0" points="451.51,634.10" z_order="0">
    </points>
    <points frame="26" outside="0" occluded="0" keyframe="0" points="451.39,634.06" z_order="0">
    </points>
    <points frame="27" outside="0" occluded="0" keyframe="0" points="451.27,634.02" z_order="0">
    </points>
    <points frame="28" outside="0" occluded="0" keyframe="0" points="451.14,633.98" z_order="0">
    </points>
    <points frame="29" outside="0" occluded="0" keyframe="0" points="451.02,633.94" z_order="0">
    </points>
    <points frame="30" outside="0" occluded="0" keyframe="1" points="450.90,633.90" z_order="0">
    </points>
    <points frame="31" outside="0" occluded="0" keyframe="0" points="450.90,633.90" z_order="0">
    </points>
    <points frame="32" outside="0" occluded="0" keyframe="0" points="450.90,633.90" z_order="0">
    </points>
    <points frame="33" outside="0" occluded="0" keyframe="0" points="450.90,633.90" z_order="0">
    </points>
    <points frame="34" outside="0" occluded="0" keyframe="0" points="450.90,633.90" z_order="0">
    </points>
    <points frame="35" outside="0" occluded="0" keyframe="0" points="450.90,633.90" z_order="0">
    </points>
    <points frame="36" outside="0" occluded="0" keyframe="0" points="450.90,633.90" z_order="0">
    </points>
    <points frame="37" outside="0" occluded="0" keyframe="0" points="450.90,633.90" z_order="0">
    </points>
    <points frame="38" outside="0" occluded="0" keyframe="0" points="450.90,633.90" z_order="0">
    </points>
    <points frame="39" outside="0" occluded="0" keyframe="0" points="450.90,633.90" z_order="0">
    </points>
    <points frame="40" outside="0" occluded="0" keyframe="0" points="450.90,633.90" z_order="0">
    </points>
    <points frame="41" outside="0" occluded="0" keyframe="0" points="450.90,633.90" z_order="0">
    </points>
    <points frame="42" outside="0" occluded="0" keyframe="0" points="450.90,633.90" z_order="0">
    </points>
    <points frame="43" outside="0" occluded="0" keyframe="0" points="450.90,633.90" z_order="0">
    </points>
    <points frame="44" outside="0" occluded="0" keyframe="0" points="450.90,633.90" z_order="0">
    </points>
    <points frame="45" outside="0" occluded="0" keyframe="0" points="450.90,633.90" z_order="0">
    </points>
    <points frame="46" outside="0" occluded="0" keyframe="0" points="450.90,633.90" z_order="0">
    </points>
    <points frame="47" outside="0" occluded="0" keyframe="0" points="450.90,633.90" z_order="0">
    </points>
    <points frame="48" outside="0" occluded="0" keyframe="0" points="450.90,633.90" z_order="0">
    </points>
    <points frame="49" outside="0" occluded="0" keyframe="0" points="450.90,633.90" z_order="0">
    </points>
    <points frame="50" outside="0" occluded="0" keyframe="1" points="450.90,633.90" z_order="0">
    </points>
    <points frame="51" outside="0" occluded="0" keyframe="0" points="450.41,633.65" z_order="0">
    </points>
    <points frame="52" outside="0" occluded="0" keyframe="0" points="449.92,633.40" z_order="0">
    </points>
    <points frame="53" outside="0" occluded="0" keyframe="0" points="449.43,633.15" z_order="0">
    </points>
    <points frame="54" outside="0" occluded="0" keyframe="0" points="448.94,632.90" z_order="0">
    </points>
    <points frame="55" outside="0" occluded="0" keyframe="0" points="448.45,632.65" z_order="0">
    </points>
    <points frame="56" outside="0" occluded="0" keyframe="0" points="447.96,632.40" z_order="0">
    </points>
    <points frame="57" outside="0" occluded="0" keyframe="0" points="447.47,632.15" z_order="0">
    </points>
    <points frame="58" outside="0" occluded="0" keyframe="0" points="446.98,631.90" z_order="0">
    </points>
    <points frame="59" outside="0" occluded="0" keyframe="0" points="446.49,631.65" z_order="0">
    </points>
    <points frame="60" outside="0" occluded="0" keyframe="1" points="446.00,631.40" z_order="0">
    </points>
    <points frame="61" outside="0" occluded="0" keyframe="0" points="446.37,631.40" z_order="0">
    </points>
    <points frame="62" outside="0" occluded="0" keyframe="0" points="446.74,631.40" z_order="0">
    </points>
    <points frame="63" outside="0" occluded="0" keyframe="0" points="447.11,631.40" z_order="0">
    </points>
    <points frame="64" outside="0" occluded="0" keyframe="0" points="447.48,631.40" z_order="0">
    </points>
    <points frame="65" outside="0" occluded="0" keyframe="0" points="447.85,631.40" z_order="0">
    </points>
    <points frame="66" outside="0" occluded="0" keyframe="0" points="448.22,631.40" z_order="0">
    </points>
    <points frame="67" outside="0" occluded="0" keyframe="0" points="448.59,631.40" z_order="0">
    </points>
    <points frame="68" outside="0" occluded="0" keyframe="0" points="448.96,631.40" z_order="0">
    </points>
    <points frame="69" outside="0" occluded="0" keyframe="0" points="449.33,631.40" z_order="0">
    </points>
    <points frame="70" outside="0" occluded="0" keyframe="1" points="449.70,631.40" z_order="0">
    </points>
    <points frame="71" outside="0" occluded="0" keyframe="0" points="450.10,631.21" z_order="0">
    </points>
    <points frame="72" outside="0" occluded="0" keyframe="0" points="450.50,631.03" z_order="0">
    </points>
    <points frame="73" outside="0" occluded="0" keyframe="0" points="450.90,630.84" z_order="0">
    </points>
    <points frame="74" outside="0" occluded="0" keyframe="0" points="451.30,630.66" z_order="0">
    </points>
    <points frame="75" outside="0" occluded="0" keyframe="0" points="451.70,630.47" z_order="0">
    </points>
    <points frame="76" outside="0" occluded="0" keyframe="0" points="452.10,630.29" z_order="0">
    </points>
    <points frame="77" outside="0" occluded="0" keyframe="0" points="452.50,630.10" z_order="0">
    </points>
    <points frame="78" outside="0" occluded="0" keyframe="0" points="452.90,629.92" z_order="0">
    </points>
    <points frame="79" outside="0" occluded="0" keyframe="0" points="453.30,629.73" z_order="0">
    </points>
    <points frame="80" outside="0" occluded="0" keyframe="0" points="453.70,629.55" z_order="0">
    </points>
    <points frame="81" outside="0" occluded="0" keyframe="0" points="454.10,629.36" z_order="0">
    </points>
    <points frame="82" outside="0" occluded="0" keyframe="0" points="454.50,629.18" z_order="0">
    </points>
    <points frame="83" outside="0" occluded="0" keyframe="0" points="454.90,628.99" z_order="0">
    </points>
    <points frame="84" outside="0" occluded="0" keyframe="0" points="455.30,628.81" z_order="0">
    </points>
    <points frame="85" outside="0" occluded="0" keyframe="0" points="455.70,628.62" z_order="0">
    </points>
    <points frame="86" outside="0" occluded="0" keyframe="0" points="456.10,628.44" z_order="0">
    </points>
    <points frame="87" outside="0" occluded="0" keyframe="0" points="456.50,628.25" z_order="0">
    </points>
    <points frame="88" outside="0" occluded="0" keyframe="0" points="456.90,628.07" z_order="0">
    </points>
    <points frame="89" outside="0" occluded="0" keyframe="0" points="457.30,627.88" z_order="0">
    </points>
    <points frame="90" outside="0" occluded="0" keyframe="0" points="457.70,627.70" z_order="0">
    </points>
    <points frame="91" outside="0" occluded="0" keyframe="0" points="458.10,627.51" z_order="0">
    </points>
    <points frame="92" outside="0" occluded="0" keyframe="0" points="458.50,627.33" z_order="0">
    </points>
    <points frame="93" outside="0" occluded="0" keyframe="0" points="458.90,627.14" z_order="0">
    </points>
    <points frame="94" outside="0" occluded="0" keyframe="0" points="459.30,626.96" z_order="0">
    </points>
    <points frame="95" outside="0" occluded="0" keyframe="0" points="459.70,626.77" z_order="0">
    </points>
    <points frame="96" outside="0" occluded="0" keyframe="0" points="460.10,626.59" z_order="0">
    </points>
    <points frame="97" outside="0" occluded="0" keyframe="0" points="460.50,626.40" z_order="0">
    </points>
    <points frame="98" outside="0" occluded="0" keyframe="0" points="460.90,626.22" z_order="0">
    </points>
    <points frame="99" outside="0" occluded="0" keyframe="0" points="461.30,626.03" z_order="0">
    </points>
    <points frame="100" outside="0" occluded="0" keyframe="0" points="461.70,625.85" z_order="0">
    </points>
    <points frame="101" outside="0" occluded="0" keyframe="0" points="462.10,625.66" z_order="0">
    </points>
    <points frame="102" outside="0" occluded="0" keyframe="0" points="462.50,625.48" z_order="0">
    </points>
    <points frame="103" outside="0" occluded="0" keyframe="0" points="462.90,625.29" z_order="0">
    </points>
    <points frame="104" outside="0" occluded="0" keyframe="0" points="463.30,625.11" z_order="0">
    </points>
    <points frame="105" outside="0" occluded="0" keyframe="0" points="463.70,624.92" z_order="0">
    </points>
    <points frame="106" outside="0" occluded="0" keyframe="0" points="464.10,624.74" z_order="0">
    </points>
    <points frame="107" outside="0" occluded="0" keyframe="0" points="464.50,624.55" z_order="0">
    </points>
    <points frame="108" outside="0" occluded="0" keyframe="0" points="464.90,624.37" z_order="0">
    </points>
    <points frame="109" outside="0" occluded="0" keyframe="0" points="465.30,624.18" z_order="0">
    </points>
    <points frame="110" outside="0" occluded="0" keyframe="1" points="465.70,624.00" z_order="0">
    </points>
    <points frame="111" outside="0" occluded="0" keyframe="0" points="467.92,623.75" z_order="0">
    </points>
    <points frame="112" outside="0" occluded="0" keyframe="0" points="470.14,623.50" z_order="0">
    </points>
    <points frame="113" outside="0" occluded="0" keyframe="0" points="472.36,623.25" z_order="0">
    </points>
    <points frame="114" outside="0" occluded="0" keyframe="0" points="474.58,623.00" z_order="0">
    </points>
    <points frame="115" outside="0" occluded="0" keyframe="0" points="476.80,622.75" z_order="0">
    </points>
    <points frame="116" outside="0" occluded="0" keyframe="0" points="479.02,622.50" z_order="0">
    </points>
    <points frame="117" outside="0" occluded="0" keyframe="0" points="481.24,622.25" z_order="0">
    </points>
    <points frame="118" outside="0" occluded="0" keyframe="0" points="483.46,622.00" z_order="0">
    </points>
    <points frame="119" outside="0" occluded="0" keyframe="0" points="485.68,621.75" z_order="0">
    </points>
    <points frame="120" outside="0" occluded="0" keyframe="1" points="487.90,621.50" z_order="0">
    </points>
    <points frame="121" outside="0" occluded="0" keyframe="0" points="487.41,621.50" z_order="0">
    </points>
    <points frame="122" outside="0" occluded="0" keyframe="0" points="486.92,621.50" z_order="0">
    </points>
    <points frame="123" outside="0" occluded="0" keyframe="0" points="486.43,621.50" z_order="0">
    </points>
    <points frame="124" outside="0" occluded="0" keyframe="0" points="485.94,621.50" z_order="0">
    </points>
    <points frame="125" outside="0" occluded="0" keyframe="0" points="485.45,621.50" z_order="0">
    </points>
    <points frame="126" outside="0" occluded="0" keyframe="0" points="484.96,621.50" z_order="0">
    </points>
    <points frame="127" outside="0" occluded="0" keyframe="0" points="484.47,621.50" z_order="0">
    </points>
    <points frame="128" outside="0" occluded="0" keyframe="0" points="483.98,621.50" z_order="0">
    </points>
    <points frame="129" outside="0" occluded="0" keyframe="0" points="483.49,621.50" z_order="0">
    </points>
    <points frame="130" outside="0" occluded="0" keyframe="1" points="483.00,621.50" z_order="0">
    </points>
    <points frame="131" outside="0" occluded="0" keyframe="0" points="483.68,621.25" z_order="0">
    </points>
    <points frame="132" outside="0" occluded="0" keyframe="0" points="484.35,621.01" z_order="0">
    </points>
    <points frame="133" outside="0" occluded="0" keyframe="0" points="485.02,620.77" z_order="0">
    </points>
    <points frame="134" outside="0" occluded="0" keyframe="0" points="485.70,620.52" z_order="0">
    </points>
    <points frame="135" outside="0" occluded="0" keyframe="0" points="486.38,620.28" z_order="0">
    </points>
    <points frame="136" outside="0" occluded="0" keyframe="0" points="487.05,620.03" z_order="0">
    </points>
    <points frame="137" outside="0" occluded="0" keyframe="0" points="487.73,619.79" z_order="0">
    </points>
    <points frame="138" outside="0" occluded="0" keyframe="0" points="488.40,619.54" z_order="0">
    </points>
    <points frame="139" outside="0" occluded="0" keyframe="0" points="489.07,619.30" z_order="0">
    </points>
    <points frame="140" outside="0" occluded="0" keyframe="0" points="489.75,619.05" z_order="0">
    </points>
    <points frame="141" outside="0" occluded="0" keyframe="0" points="490.43,618.81" z_order="0">
    </points>
    <points frame="142" outside="0" occluded="0" keyframe="0" points="491.10,618.56" z_order="0">
    </points>
    <points frame="143" outside="0" occluded="0" keyframe="0" points="491.77,618.32" z_order="0">
    </points>
    <points frame="144" outside="0" occluded="0" keyframe="0" points="492.45,618.07" z_order="0">
    </points>
    <points frame="145" outside="0" occluded="0" keyframe="0" points="493.12,617.83" z_order="0">
    </points>
    <points frame="146" outside="0" occluded="0" keyframe="0" points="493.80,617.58" z_order="0">
    </points>
    <points frame="147" outside="0" occluded="0" keyframe="0" points="494.48,617.34" z_order="0">
    </points>
    <points frame="148" outside="0" occluded="0" keyframe="0" points="495.15,617.09" z_order="0">
    </points>
    <points frame="149" outside="0" occluded="0" keyframe="0" points="495.82,616.85" z_order="0">
    </points>
    <points frame="150" outside="0" occluded="0" keyframe="1" points="496.50,616.60" z_order="0">
    </points>
    <points frame="151" outside="0" occluded="0" keyframe="0" points="498.10,616.35" z_order="0">
    </points>
    <points frame="152" outside="0" occluded="0" keyframe="0" points="499.70,616.10" z_order="0">
    </points>
    <points frame="153" outside="0" occluded="0" keyframe="0" points="501.30,615.85" z_order="0">
    </points>
    <points frame="154" outside="0" occluded="0" keyframe="0" points="502.90,615.60" z_order="0">
    </points>
    <points frame="155" outside="0" occluded="0" keyframe="0" points="504.50,615.35" z_order="0">
    </points>
    <points frame="156" outside="0" occluded="0" keyframe="0" points="506.10,615.10" z_order="0">
    </points>
    <points frame="157" outside="0" occluded="0" keyframe="0" points="507.70,614.85" z_order="0">
    </points>
    <points frame="158" outside="0" occluded="0" keyframe="0" points="509.30,614.60" z_order="0">
    </points>
    <points frame="159" outside="0" occluded="0" keyframe="0" points="510.90,614.35" z_order="0">
    </points>
    <points frame="160" outside="0" occluded="0" keyframe="1" points="512.50,614.10" z_order="0">
    </points>
    <points frame="161" outside="0" occluded="0" keyframe="0" points="510.53,615.08" z_order="0">
    </points>
    <points frame="162" outside="0" occluded="0" keyframe="0" points="508.56,616.06" z_order="0">
    </points>
    <points frame="163" outside="0" occluded="0" keyframe="0" points="506.59,617.04" z_order="0">
    </points>
    <points frame="164" outside="0" occluded="0" keyframe="0" points="504.62,618.02" z_order="0">
    </points>
    <points frame="165" outside="0" occluded="0" keyframe="0" points="502.65,619.00" z_order="0">
    </points>
    <points frame="166" outside="0" occluded="0" keyframe="0" points="500.68,619.98" z_order="0">
    </points>
    <points frame="167" outside="0" occluded="0" keyframe="0" points="498.71,620.96" z_order="0">
    </points>
    <points frame="168" outside="0" occluded="0" keyframe="0" points="496.74,621.94" z_order="0">
    </points>
    <points frame="169" outside="0" occluded="0" keyframe="0" points="494.77,622.92" z_order="0">
    </points>
    <points frame="170" outside="0" occluded="0" keyframe="1" points="492.80,623.90" z_order="0">
    </points>
    <points frame="171" outside="0" occluded="0" keyframe="0" points="493.29,623.78" z_order="0">
    </points>
    <points frame="172" outside="0" occluded="0" keyframe="0" points="493.78,623.66" z_order="0">
    </points>
    <points frame="173" outside="0" occluded="0" keyframe="0" points="494.27,623.54" z_order="0">
    </points>
    <points frame="174" outside="0" occluded="0" keyframe="0" points="494.76,623.42" z_order="0">
    </points>
    <points frame="175" outside="0" occluded="0" keyframe="0" points="495.25,623.30" z_order="0">
    </points>
    <points frame="176" outside="0" occluded="0" keyframe="0" points="495.74,623.18" z_order="0">
    </points>
    <points frame="177" outside="0" occluded="0" keyframe="0" points="496.23,623.06" z_order="0">
    </points>
    <points frame="178" outside="0" occluded="0" keyframe="0" points="496.72,622.94" z_order="0">
    </points>
    <points frame="179" outside="0" occluded="0" keyframe="0" points="497.21,622.82" z_order="0">
    </points>
    <points frame="180" outside="0" occluded="0" keyframe="1" points="497.70,622.70" z_order="0">
    </points>
    <points frame="181" outside="0" occluded="0" keyframe="0" points="499.43,621.96" z_order="0">
    </points>
    <points frame="182" outside="0" occluded="0" keyframe="0" points="501.15,621.23" z_order="0">
    </points>
    <points frame="183" outside="0" occluded="0" keyframe="0" points="502.88,620.49" z_order="0">
    </points>
    <points frame="184" outside="0" occluded="0" keyframe="0" points="504.60,619.75" z_order="0">
    </points>
    <points frame="185" outside="0" occluded="0" keyframe="0" points="506.33,619.01" z_order="0">
    </points>
    <points frame="186" outside="0" occluded="0" keyframe="0" points="508.05,618.28" z_order="0">
    </points>
    <points frame="187" outside="0" occluded="0" keyframe="0" points="509.78,617.54" z_order="0">
    </points>
    <points frame="188" outside="0" occluded="0" keyframe="1" points="511.50,616.80" z_order="0">
    </points>
    <points frame="189" outside="0" occluded="0" keyframe="0" points="516.30,609.90" z_order="0">
    </points>
    <points frame="190" outside="0" occluded="0" keyframe="1" points="521.10,603.00" z_order="0">
    </points>
    <points frame="191" outside="0" occluded="0" keyframe="0" points="518.52,604.97" z_order="0">
    </points>
    <points frame="192" outside="0" occluded="0" keyframe="0" points="515.94,606.94" z_order="0">
    </points>
    <points frame="193" outside="0" occluded="0" keyframe="0" points="513.36,608.91" z_order="0">
    </points>
    <points frame="194" outside="0" occluded="0" keyframe="0" points="510.78,610.88" z_order="0">
    </points>
    <points frame="195" outside="0" occluded="0" keyframe="0" points="508.20,612.85" z_order="0">
    </points>
    <points frame="196" outside="0" occluded="0" keyframe="0" points="505.62,614.82" z_order="0">
    </points>
    <points frame="197" outside="0" occluded="0" keyframe="0" points="503.04,616.79" z_order="0">
    </points>
    <points frame="198" outside="0" occluded="0" keyframe="0" points="500.46,618.76" z_order="0">
    </points>
    <points frame="199" outside="0" occluded="0" keyframe="0" points="497.88,620.73" z_order="0">
    </points>
    <points frame="200" outside="0" occluded="0" keyframe="1" points="495.30,622.70" z_order="0">
    </points>
    <points frame="201" outside="0" occluded="0" keyframe="0" points="493.33,623.68" z_order="0">
    </points>
    <points frame="202" outside="0" occluded="0" keyframe="0" points="491.36,624.66" z_order="0">
    </points>
    <points frame="203" outside="0" occluded="0" keyframe="0" points="489.39,625.64" z_order="0">
    </points>
    <points frame="204" outside="0" occluded="0" keyframe="0" points="487.42,626.62" z_order="0">
    </points>
    <points frame="205" outside="0" occluded="0" keyframe="0" points="485.45,627.60" z_order="0">
    </points>
    <points frame="206" outside="0" occluded="0" keyframe="0" points="483.48,628.58" z_order="0">
    </points>
    <points frame="207" outside="0" occluded="0" keyframe="0" points="481.51,629.56" z_order="0">
    </points>
    <points frame="208" outside="0" occluded="0" keyframe="0" points="479.54,630.54" z_order="0">
    </points>
    <points frame="209" outside="0" occluded="0" keyframe="0" points="477.57,631.52" z_order="0">
    </points>
    <points frame="210" outside="0" occluded="0" keyframe="1" points="475.60,632.50" z_order="0">
    </points>
    <points frame="211" outside="0" occluded="0" keyframe="0" points="474.86,632.62" z_order="0">
    </points>
    <points frame="212" outside="0" occluded="0" keyframe="0" points="474.12,632.74" z_order="0">
    </points>
    <points frame="213" outside="0" occluded="0" keyframe="0" points="473.38,632.86" z_order="0">
    </points>
    <points frame="214" outside="0" occluded="0" keyframe="0" points="472.64,632.98" z_order="0">
    </points>
    <points frame="215" outside="0" occluded="0" keyframe="0" points="471.90,633.10" z_order="0">
    </points>
    <points frame="216" outside="0" occluded="0" keyframe="0" points="471.16,633.22" z_order="0">
    </points>
    <points frame="217" outside="0" occluded="0" keyframe="0" points="470.42,633.34" z_order="0">
    </points>
    <points frame="218" outside="0" occluded="0" keyframe="0" points="469.68,633.46" z_order="0">
    </points>
    <points frame="219" outside="0" occluded="0" keyframe="0" points="468.94,633.58" z_order="0">
    </points>
    <points frame="220" outside="0" occluded="0" keyframe="1" points="468.20,633.70" z_order="0">
    </points>
    <points frame="221" outside="0" occluded="0" keyframe="0" points="468.57,633.70" z_order="0">
    </points>
    <points frame="222" outside="0" occluded="0" keyframe="0" points="468.94,633.70" z_order="0">
    </points>
    <points frame="223" outside="0" occluded="0" keyframe="0" points="469.31,633.70" z_order="0">
    </points>
    <points frame="224" outside="0" occluded="0" keyframe="0" points="469.68,633.70" z_order="0">
    </points>
    <points frame="225" outside="0" occluded="0" keyframe="0" points="470.05,633.70" z_order="0">
    </points>
    <points frame="226" outside="0" occluded="0" keyframe="0" points="470.42,633.70" z_order="0">
    </points>
    <points frame="227" outside="0" occluded="0" keyframe="0" points="470.79,633.70" z_order="0">
    </points>
    <points frame="228" outside="0" occluded="0" keyframe="0" points="471.16,633.70" z_order="0">
    </points>
    <points frame="229" outside="0" occluded="0" keyframe="0" points="471.53,633.70" z_order="0">
    </points>
    <points frame="230" outside="0" occluded="0" keyframe="1" points="471.90,633.70" z_order="0">
    </points>
    <points frame="231" outside="0" occluded="0" keyframe="0" points="471.59,633.70" z_order="0">
    </points>
    <points frame="232" outside="0" occluded="0" keyframe="0" points="471.28,633.70" z_order="0">
    </points>
    <points frame="233" outside="0" occluded="0" keyframe="0" points="470.97,633.70" z_order="0">
    </points>
    <points frame="234" outside="0" occluded="0" keyframe="0" points="470.66,633.70" z_order="0">
    </points>
    <points frame="235" outside="0" occluded="0" keyframe="0" points="470.35,633.70" z_order="0">
    </points>
    <points frame="236" outside="0" occluded="0" keyframe="0" points="470.04,633.70" z_order="0">
    </points>
    <points frame="237" outside="0" occluded="0" keyframe="0" points="469.73,633.70" z_order="0">
    </points>
    <points frame="238" outside="0" occluded="0" keyframe="0" points="469.42,633.70" z_order="0">
    </points>
    <points frame="239" outside="0" occluded="0" keyframe="0" points="469.11,633.70" z_order="0">
    </points>
    <points frame="240" outside="0" occluded="0" keyframe="0" points="468.80,633.70" z_order="0">
    </points>
    <points frame="241" outside="0" occluded="0" keyframe="0" points="468.49,633.70" z_order="0">
    </points>
    <points frame="242" outside="0" occluded="0" keyframe="0" points="468.18,633.70" z_order="0">
    </points>
    <points frame="243" outside="0" occluded="0" keyframe="0" points="467.87,633.70" z_order="0">
    </points>
    <points frame="244" outside="0" occluded="0" keyframe="0" points="467.56,633.70" z_order="0">
    </points>
    <points frame="245" outside="0" occluded="0" keyframe="0" points="467.25,633.70" z_order="0">
    </points>
    <points frame="246" outside="0" occluded="0" keyframe="0" points="466.94,633.70" z_order="0">
    </points>
    <points frame="247" outside="0" occluded="0" keyframe="0" points="466.63,633.70" z_order="0">
    </points>
    <points frame="248" outside="0" occluded="0" keyframe="0" points="466.32,633.70" z_order="0">
    </points>
    <points frame="249" outside="0" occluded="0" keyframe="0" points="466.01,633.70" z_order="0">
    </points>
    <points frame="250" outside="0" occluded="0" keyframe="1" points="465.70,633.70" z_order="0">
    </points>
    <points frame="251" outside="0" occluded="0" keyframe="0" points="467.18,633.70" z_order="0">
    </points>
    <points frame="252" outside="0" occluded="0" keyframe="0" points="468.66,633.70" z_order="0">
    </points>
    <points frame="253" outside="0" occluded="0" keyframe="0" points="470.14,633.70" z_order="0">
    </points>
    <points frame="254" outside="0" occluded="0" keyframe="0" points="471.62,633.70" z_order="0">
    </points>
    <points frame="255" outside="0" occluded="0" keyframe="0" points="473.10,633.70" z_order="0">
    </points>
    <points frame="256" outside="0" occluded="0" keyframe="0" points="474.58,633.70" z_order="0">
    </points>
    <points frame="257" outside="0" occluded="0" keyframe="0" points="476.06,633.70" z_order="0">
    </points>
    <points frame="258" outside="0" occluded="0" keyframe="0" points="477.54,633.70" z_order="0">
    </points>
    <points frame="259" outside="0" occluded="0" keyframe="0" points="479.02,633.70" z_order="0">
    </points>
    <points frame="260" outside="0" occluded="0" keyframe="1" points="480.50,633.70" z_order="0">
    </points>
    <points frame="261" outside="0" occluded="0" keyframe="0" points="481.10,636.15" z_order="0">
    </points>
    <points frame="262" outside="0" occluded="0" keyframe="1" points="481.70,638.60" z_order="0">
    </points>
  </track>
  <track id="1" label="HB" source="manual">
    <points frame="0" outside="0" occluded="0" keyframe="1" points="667.48,510.80" z_order="0">
    </points>
    <points frame="1" outside="0" occluded="0" keyframe="0" points="667.31,510.88" z_order="0">
    </points>
    <points frame="2" outside="0" occluded="0" keyframe="0" points="667.15,510.97" z_order="0">
    </points>
    <points frame="3" outside="0" occluded="0" keyframe="0" points="666.98,511.05" z_order="0">
    </points>
    <points frame="4" outside="0" occluded="0" keyframe="0" points="666.82,511.13" z_order="0">
    </points>
    <points frame="5" outside="0" occluded="0" keyframe="0" points="666.65,511.22" z_order="0">
    </points>
    <points frame="6" outside="0" occluded="0" keyframe="0" points="666.49,511.30" z_order="0">
    </points>
    <points frame="7" outside="0" occluded="0" keyframe="0" points="666.32,511.38" z_order="0">
    </points>
    <points frame="8" outside="0" occluded="0" keyframe="0" points="666.16,511.47" z_order="0">
    </points>
    <points frame="9" outside="0" occluded="0" keyframe="0" points="665.99,511.55" z_order="0">
    </points>
    <points frame="10" outside="0" occluded="0" keyframe="0" points="665.83,511.63" z_order="0">
    </points>
    <points frame="11" outside="0" occluded="0" keyframe="0" points="665.66,511.72" z_order="0">
    </points>
    <points frame="12" outside="0" occluded="0" keyframe="1" points="665.50,511.80" z_order="0">
    </points>
    <points frame="13" outside="0" occluded="0" keyframe="0" points="664.21,511.89" z_order="0">
    </points>
    <points frame="14" outside="0" occluded="0" keyframe="0" points="662.92,511.98" z_order="0">
    </points>
    <points frame="15" outside="0" occluded="0" keyframe="0" points="661.63,512.07" z_order="0">
    </points>
    <points frame="16" outside="0" occluded="0" keyframe="0" points="660.34,512.16" z_order="0">
    </points>
    <points frame="17" outside="0" occluded="0" keyframe="0" points="659.05,512.25" z_order="0">
    </points>
    <points frame="18" outside="0" occluded="0" keyframe="0" points="657.76,512.34" z_order="0">
    </points>
    <points frame="19" outside="0" occluded="0" keyframe="0" points="656.47,512.43" z_order="0">
    </points>
    <points frame="20" outside="0" occluded="0" keyframe="0" points="655.18,512.52" z_order="0">
    </points>
    <points frame="21" outside="0" occluded="0" keyframe="0" points="653.89,512.61" z_order="0">
    </points>
    <points frame="22" outside="0" occluded="0" keyframe="1" points="652.60,512.70" z_order="0">
    </points>
    <points frame="23" outside="0" occluded="0" keyframe="0" points="654.61,512.78" z_order="0">
    </points>
    <points frame="24" outside="0" occluded="0" keyframe="0" points="656.62,512.86" z_order="0">
    </points>
    <points frame="25" outside="0" occluded="0" keyframe="0" points="658.63,512.94" z_order="0">
    </points>
    <points frame="26" outside="0" occluded="0" keyframe="0" points="660.64,513.02" z_order="0">
    </points>
    <points frame="27" outside="0" occluded="0" keyframe="0" points="662.65,513.10" z_order="0">
    </points>
    <points frame="28" outside="0" occluded="0" keyframe="0" points="664.66,513.18" z_order="0">
    </points>
    <points frame="29" outside="0" occluded="0" keyframe="0" points="666.67,513.26" z_order="0">
    </points>
    <points frame="30" outside="0" occluded="0" keyframe="0" points="668.68,513.34" z_order="0">
    </points>
    <points frame="31" outside="0" occluded="0" keyframe="0" points="670.69,513.42" z_order="0">
    </points>
    <points frame="32" outside="0" occluded="0" keyframe="1" points="672.70,513.50" z_order="0">
    </points>
    <points frame="33" outside="0" occluded="0" keyframe="0" points="672.38,513.59" z_order="0">
    </points>
    <points frame="34" outside="0" occluded="0" keyframe="0" points="672.06,513.68" z_order="0">
    </points>
    <points frame="35" outside="0" occluded="0" keyframe="0" points="671.74,513.77" z_order="0">
    </points>
    <points frame="36" outside="0" occluded="0" keyframe="0" points="671.42,513.86" z_order="0">
    </points>
    <points frame="37" outside="0" occluded="0" keyframe="0" points="671.10,513.95" z_order="0">
    </points>
    <points frame="38" outside="0" occluded="0" keyframe="0" points="670.78,514.04" z_order="0">
    </points>
    <points frame="39" outside="0" occluded="0" keyframe="0" points="670.46,514.13" z_order="0">
    </points>
    <points frame="40" outside="0" occluded="0" keyframe="0" points="670.14,514.22" z_order="0">
    </points>
    <points frame="41" outside="0" occluded="0" keyframe="0" points="669.82,514.31" z_order="0">
    </points>
    <points frame="42" outside="0" occluded="0" keyframe="1" points="669.50,514.40" z_order="0">
    </points>
    <points frame="43" outside="0" occluded="0" keyframe="0" points="667.87,514.48" z_order="0">
    </points>
    <points frame="44" outside="0" occluded="0" keyframe="0" points="666.24,514.56" z_order="0">
    </points>
    <points frame="45" outside="0" occluded="0" keyframe="0" points="664.61,514.64" z_order="0">
    </points>
    <points frame="46" outside="0" occluded="0" keyframe="0" points="662.98,514.72" z_order="0">
    </points>
    <points frame="47" outside="0" occluded="0" keyframe="0" points="661.35,514.80" z_order="0">
    </points>
    <points frame="48" outside="0" occluded="0" keyframe="0" points="659.72,514.88" z_order="0">
    </points>
    <points frame="49" outside="0" occluded="0" keyframe="0" points="658.09,514.96" z_order="0">
    </points>
    <points frame="50" outside="0" occluded="0" keyframe="0" points="656.46,515.04" z_order="0">
    </points>
    <points frame="51" outside="0" occluded="0" keyframe="0" points="654.83,515.12" z_order="0">
    </points>
    <points frame="52" outside="0" occluded="0" keyframe="1" points="653.20,515.20" z_order="0">
    </points>
    <points frame="53" outside="0" occluded="0" keyframe="0" points="651.60,515.28" z_order="0">
    </points>
    <points frame="54" outside="0" occluded="0" keyframe="0" points="650.00,515.36" z_order="0">
    </points>
    <points frame="55" outside="0" occluded="0" keyframe="0" points="648.40,515.44" z_order="0">
    </points>
    <points frame="56" outside="0" occluded="0" keyframe="0" points="646.80,515.52" z_order="0">
    </points>
    <points frame="57" outside="0" occluded="0" keyframe="0" points="645.20,515.60" z_order="0">
    </points>
    <points frame="58" outside="0" occluded="0" keyframe="0" points="643.60,515.68" z_order="0">
    </points>
    <points frame="59" outside="0" occluded="0" keyframe="0" points="642.00,515.76" z_order="0">
    </points>
    <points frame="60" outside="0" occluded="0" keyframe="0" points="640.40,515.84" z_order="0">
    </points>
    <points frame="61" outside="0" occluded="0" keyframe="0" points="638.80,515.92" z_order="0">
    </points>
    <points frame="62" outside="0" occluded="0" keyframe="1" points="637.20,516.00" z_order="0">
    </points>
    <points frame="63" outside="0" occluded="0" keyframe="0" points="637.17,515.83" z_order="0">
    </points>
    <points frame="64" outside="0" occluded="0" keyframe="0" points="637.14,515.67" z_order="0">
    </points>
    <points frame="65" outside="0" occluded="0" keyframe="0" points="637.10,515.50" z_order="0">
    </points>
    <points frame="66" outside="0" occluded="0" keyframe="0" points="637.07,515.33" z_order="0">
    </points>
    <points frame="67" outside="0" occluded="0" keyframe="0" points="637.04,515.16" z_order="0">
    </points>
    <points frame="68" outside="0" occluded="0" keyframe="0" points="637.01,515.00" z_order="0">
    </points>
    <points frame="69" outside="0" occluded="0" keyframe="0" points="636.97,514.83" z_order="0">
    </points>
    <points frame="70" outside="0" occluded="0" keyframe="0" points="636.94,514.66" z_order="0">
    </points>
    <points frame="71" outside="0" occluded="0" keyframe="0" points="636.91,514.49" z_order="0">
    </points>
    <points frame="72" outside="0" occluded="0" keyframe="0" points="636.88,514.33" z_order="0">
    </points>
    <points frame="73" outside="0" occluded="0" keyframe="0" points="636.84,514.16" z_order="0">
    </points>
    <points frame="74" outside="0" occluded="0" keyframe="0" points="636.81,513.99" z_order="0">
    </points>
    <points frame="75" outside="0" occluded="0" keyframe="0" points="636.78,513.82" z_order="0">
    </points>
    <points frame="76" outside="0" occluded="0" keyframe="0" points="636.75,513.66" z_order="0">
    </points>
    <points frame="77" outside="0" occluded="0" keyframe="0" points="636.71,513.49" z_order="0">
    </points>
    <points frame="78" outside="0" occluded="0" keyframe="0" points="636.68,513.32" z_order="0">
    </points>
    <points frame="79" outside="0" occluded="0" keyframe="0" points="636.65,513.15" z_order="0">
    </points>
    <points frame="80" outside="0" occluded="0" keyframe="0" points="636.62,512.99" z_order="0">
    </points>
    <points frame="81" outside="0" occluded="0" keyframe="0" points="636.58,512.82" z_order="0">
    </points>
    <points frame="82" outside="0" occluded="0" keyframe="0" points="636.55,512.65" z_order="0">
    </points>
    <points frame="83" outside="0" occluded="0" keyframe="0" points="636.52,512.48" z_order="0">
    </points>
    <points frame="84" outside="0" occluded="0" keyframe="0" points="636.49,512.32" z_order="0">
    </points>
    <points frame="85" outside="0" occluded="0" keyframe="0" points="636.45,512.15" z_order="0">
    </points>
    <points frame="86" outside="0" occluded="0" keyframe="0" points="636.42,511.98" z_order="0">
    </points>
    <points frame="87" outside="0" occluded="0" keyframe="0" points="636.39,511.81" z_order="0">
    </points>
    <points frame="88" outside="0" occluded="0" keyframe="0" points="636.36,511.65" z_order="0">
    </points>
    <points frame="89" outside="0" occluded="0" keyframe="0" points="636.32,511.48" z_order="0">
    </points>
    <points frame="90" outside="0" occluded="0" keyframe="0" points="636.29,511.31" z_order="0">
    </points>
    <points frame="91" outside="0" occluded="0" keyframe="0" points="636.26,511.14" z_order="0">
    </points>
    <points frame="92" outside="0" occluded="0" keyframe="0" points="636.22,510.98" z_order="0">
    </points>
    <points frame="93" outside="0" occluded="0" keyframe="0" points="636.19,510.81" z_order="0">
    </points>
    <points frame="94" outside="0" occluded="0" keyframe="0" points="636.16,510.64" z_order="0">
    </points>
    <points frame="95" outside="0" occluded="0" keyframe="0" points="636.13,510.47" z_order="0">
    </points>
    <points frame="96" outside="0" occluded="0" keyframe="0" points="636.09,510.31" z_order="0">
    </points>
    <points frame="97" outside="0" occluded="0" keyframe="0" points="636.06,510.14" z_order="0">
    </points>
    <points frame="98" outside="0" occluded="0" keyframe="0" points="636.03,509.97" z_order="0">
    </points>
    <points frame="99" outside="0" occluded="0" keyframe="0" points="636.00,509.80" z_order="0">
    </points>
    <points frame="100" outside="0" occluded="0" keyframe="0" points="635.96,509.64" z_order="0">
    </points>
    <points frame="101" outside="0" occluded="0" keyframe="0" points="635.93,509.47" z_order="0">
    </points>
    <points frame="102" outside="0" occluded="0" keyframe="1" points="635.90,509.30" z_order="0">
    </points>
    <points frame="103" outside="0" occluded="0" keyframe="0" points="636.27,509.29" z_order="0">
    </points>
    <points frame="104" outside="0" occluded="0" keyframe="0" points="636.64,509.28" z_order="0">
    </points>
    <points frame="105" outside="0" occluded="0" keyframe="0" points="637.01,509.27" z_order="0">
    </points>
    <points frame="106" outside="0" occluded="0" keyframe="0" points="637.38,509.26" z_order="0">
    </points>
    <points frame="107" outside="0" occluded="0" keyframe="0" points="637.75,509.25" z_order="0">
    </points>
    <points frame="108" outside="0" occluded="0" keyframe="0" points="638.12,509.24" z_order="0">
    </points>
    <points frame="109" outside="0" occluded="0" keyframe="0" points="638.49,509.23" z_order="0">
    </points>
    <points frame="110" outside="0" occluded="0" keyframe="0" points="638.86,509.22" z_order="0">
    </points>
    <points frame="111" outside="0" occluded="0" keyframe="0" points="639.23,509.21" z_order="0">
    </points>
    <points frame="112" outside="0" occluded="0" keyframe="1" points="639.60,509.20" z_order="0">
    </points>
    <points frame="113" outside="0" occluded="0" keyframe="0" points="640.51,509.19" z_order="0">
    </points>
    <points frame="114" outside="0" occluded="0" keyframe="0" points="641.42,509.17" z_order="0">
    </points>
    <points frame="115" outside="0" occluded="0" keyframe="0" points="642.33,509.16" z_order="0">
    </points>
    <points frame="116" outside="0" occluded="0" keyframe="0" points="643.24,509.14" z_order="0">
    </points>
    <points frame="117" outside="0" occluded="0" keyframe="0" points="644.15,509.13" z_order="0">
    </points>
    <points frame="118" outside="0" occluded="0" keyframe="0" points="645.06,509.11" z_order="0">
    </points>
    <points frame="119" outside="0" occluded="0" keyframe="0" points="645.97,509.10" z_order="0">
    </points>
    <points frame="120" outside="0" occluded="0" keyframe="0" points="646.88,509.08" z_order="0">
    </points>
    <points frame="121" outside="0" occluded="0" keyframe="0" points="647.79,509.07" z_order="0">
    </points>
    <points frame="122" outside="0" occluded="0" keyframe="0" points="648.70,509.05" z_order="0">
    </points>
    <points frame="123" outside="0" occluded="0" keyframe="0" points="649.61,509.04" z_order="0">
    </points>
    <points frame="124" outside="0" occluded="0" keyframe="0" points="650.52,509.02" z_order="0">
    </points>
    <points frame="125" outside="0" occluded="0" keyframe="0" points="651.43,509.00" z_order="0">
    </points>
    <points frame="126" outside="0" occluded="0" keyframe="0" points="652.34,508.99" z_order="0">
    </points>
    <points frame="127" outside="0" occluded="0" keyframe="0" points="653.25,508.97" z_order="0">
    </points>
    <points frame="128" outside="0" occluded="0" keyframe="0" points="654.16,508.96" z_order="0">
    </points>
    <points frame="129" outside="0" occluded="0" keyframe="0" points="655.07,508.94" z_order="0">
    </points>
    <points frame="130" outside="0" occluded="0" keyframe="0" points="655.98,508.93" z_order="0">
    </points>
    <points frame="131" outside="0" occluded="0" keyframe="0" points="656.89,508.91" z_order="0">
    </points>
    <points frame="132" outside="0" occluded="0" keyframe="1" points="657.80,508.90" z_order="0">
    </points>
    <points frame="133" outside="0" occluded="0" keyframe="0" points="656.83,508.64" z_order="0">
    </points>
    <points frame="134" outside="0" occluded="0" keyframe="0" points="655.86,508.38" z_order="0">
    </points>
    <points frame="135" outside="0" occluded="0" keyframe="0" points="654.89,508.12" z_order="0">
    </points>
    <points frame="136" outside="0" occluded="0" keyframe="0" points="653.92,507.86" z_order="0">
    </points>
    <points frame="137" outside="0" occluded="0" keyframe="0" points="652.95,507.60" z_order="0">
    </points>
    <points frame="138" outside="0" occluded="0" keyframe="0" points="651.98,507.34" z_order="0">
    </points>
    <points frame="139" outside="0" occluded="0" keyframe="0" points="651.01,507.08" z_order="0">
    </points>
    <points frame="140" outside="0" occluded="0" keyframe="0" points="650.04,506.82" z_order="0">
    </points>
    <points frame="141" outside="0" occluded="0" keyframe="0" points="649.07,506.56" z_order="0">
    </points>
    <points frame="142" outside="0" occluded="0" keyframe="1" points="648.10,506.30" z_order="0">
    </points>
    <points frame="143" outside="0" occluded="0" keyframe="0" points="651.07,505.03" z_order="0">
    </points>
    <points frame="144" outside="0" occluded="0" keyframe="0" points="654.03,503.77" z_order="0">
    </points>
    <points frame="145" outside="0" occluded="0" keyframe="1" points="657.00,502.50" z_order="0">
    </points>
    <points frame="146" outside="0" occluded="0" keyframe="0" points="651.41,502.17" z_order="0">
    </points>
    <points frame="147" outside="0" occluded="0" keyframe="0" points="645.83,501.84" z_order="0">
    </points>
    <points frame="148" outside="0" occluded="0" keyframe="0" points="640.24,501.51" z_order="0">
    </points>
    <points frame="149" outside="0" occluded="0" keyframe="0" points="634.66,501.19" z_order="0">
    </points>
    <points frame="150" outside="0" occluded="0" keyframe="0" points="629.07,500.86" z_order="0">
    </points>
    <points frame="151" outside="0" occluded="0" keyframe="0" points="623.49,500.53" z_order="0">
    </points>
    <points frame="152" outside="0" occluded="0" keyframe="1" points="617.90,500.20" z_order="0">
    </points>
    <points frame="153" outside="0" occluded="0" keyframe="1" points="618.60,490.10" z_order="0">
    </points>
    <points frame="154" outside="0" occluded="0" keyframe="0" points="620.64,492.30" z_order="0">
    </points>
    <points frame="155" outside="0" occluded="0" keyframe="0" points="622.69,494.50" z_order="0">
    </points>
    <points frame="156" outside="0" occluded="0" keyframe="0" points="624.73,496.70" z_order="0">
    </points>
    <points frame="157" outside="0" occluded="0" keyframe="0" points="626.78,498.90" z_order="0">
    </points>
    <points frame="158" outside="0" occluded="0" keyframe="0" points="628.82,501.10" z_order="0">
    </points>
    <points frame="159" outside="0" occluded="0" keyframe="0" points="630.87,503.30" z_order="0">
    </points>
    <points frame="160" outside="0" occluded="0" keyframe="0" points="632.91,505.50" z_order="0">
    </points>
    <points frame="161" outside="0" occluded="0" keyframe="0" points="634.96,507.70" z_order="0">
    </points>
    <points frame="162" outside="0" occluded="0" keyframe="1" points="637.00,509.90" z_order="0">
    </points>
    <points frame="163" outside="0" occluded="0" keyframe="0" points="652.15,509.40" z_order="0">
    </points>
    <points frame="164" outside="0" occluded="0" keyframe="1" points="667.30,508.90" z_order="0">
    </points>
    <points frame="165" outside="0" occluded="0" keyframe="1" points="670.90,509.10" z_order="0">
    </points>
    <points frame="166" outside="0" occluded="0" keyframe="1" points="670.60,509.30" z_order="0">
    </points>
    <points frame="167" outside="0" occluded="0" keyframe="0" points="668.97,509.50" z_order="0">
    </points>
    <points frame="168" outside="0" occluded="0" keyframe="0" points="667.33,509.70" z_order="0">
    </points>
    <points frame="169" outside="0" occluded="0" keyframe="1" points="665.70,509.90" z_order="0">
    </points>
    <points frame="170" outside="0" occluded="0" keyframe="0" points="657.90,508.90" z_order="0">
    </points>
    <points frame="171" outside="0" occluded="0" keyframe="1" points="650.10,507.90" z_order="0">
    </points>
    <points frame="172" outside="0" occluded="0" keyframe="1" points="647.10,508.30" z_order="0">
    </points>
    <points frame="173" outside="0" occluded="0" keyframe="1" points="638.20,508.70" z_order="0">
    </points>
    <points frame="174" outside="0" occluded="0" keyframe="1" points="646.30,509.10" z_order="0">
    </points>
    <points frame="175" outside="0" occluded="0" keyframe="1" points="647.30,509.50" z_order="0">
    </points>
    <points frame="176" outside="0" occluded="0" keyframe="1" points="660.40,509.90" z_order="0">
    </points>
    <points frame="177" outside="0" occluded="0" keyframe="0" points="657.72,510.35" z_order="0">
    </points>
    <points frame="178" outside="0" occluded="0" keyframe="0" points="655.03,510.80" z_order="0">
    </points>
    <points frame="179" outside="0" occluded="0" keyframe="0" points="652.35,511.25" z_order="0">
    </points>
    <points frame="180" outside="0" occluded="0" keyframe="0" points="649.67,511.70" z_order="0">
    </points>
    <points frame="181" outside="0" occluded="0" keyframe="0" points="646.98,512.15" z_order="0">
    </points>
    <points frame="182" outside="0" occluded="0" keyframe="1" points="644.30,512.60" z_order="0">
    </points>
    <points frame="183" outside="0" occluded="0" keyframe="0" points="648.35,511.80" z_order="0">
    </points>
    <points frame="184" outside="0" occluded="0" keyframe="0" points="652.40,511.00" z_order="0">
    </points>
    <points frame="185" outside="0" occluded="0" keyframe="0" points="656.45,510.20" z_order="0">
    </points>
    <points frame="186" outside="0" occluded="0" keyframe="1" points="660.50,509.40" z_order="0">
    </points>
    <points frame="187" outside="0" occluded="0" keyframe="0" points="647.33,508.60" z_order="0">
    </points>
    <points frame="188" outside="0" occluded="0" keyframe="0" points="634.17,507.80" z_order="0">
    </points>
    <points frame="189" outside="0" occluded="0" keyframe="1" points="621.00,507.00" z_order="0">
    </points>
    <points frame="190" outside="0" occluded="0" keyframe="1" points="619.20,505.10" z_order="0">
    </points>
    <points frame="191" outside="0" occluded="0" keyframe="0" points="621.70,504.65" z_order="0">
    </points>
    <points frame="192" outside="0" occluded="0" keyframe="1" points="624.20,504.20" z_order="0">
    </points>
    <points frame="193" outside="0" occluded="0" keyframe="0" points="638.85,506.43" z_order="0">
    </points>
    <points frame="194" outside="0" occluded="0" keyframe="0" points="653.50,508.65" z_order="0">
    </points>
    <points frame="195" outside="0" occluded="0" keyframe="0" points="668.15,510.88" z_order="0">
    </points>
    <points frame="196" outside="0" occluded="0" keyframe="1" points="682.80,513.10" z_order="0">
    </points>
    <points frame="197" outside="0" occluded="0" keyframe="1" points="688.30,513.30" z_order="0">
    </points>
    <points frame="198" outside="0" occluded="0" keyframe="1" points="691.80,513.50" z_order="0">
    </points>
    <points frame="199" outside="0" occluded="0" keyframe="1" points="698.40,513.70" z_order="0">
    </points>
    <points frame="200" outside="0" occluded="0" keyframe="1" points="716.50,523.70" z_order="0">
    </points>
    <points frame="201" outside="0" occluded="0" keyframe="1" points="706.30,519.00" z_order="0">
    </points>
    <points frame="202" outside="0" occluded="0" keyframe="1" points="693.70,514.20" z_order="0">
    </points>
    <points frame="203" outside="0" occluded="0" keyframe="1" points="675.90,509.00" z_order="0">
    </points>
    <points frame="204" outside="0" occluded="0" keyframe="1" points="670.00,508.10" z_order="0">
    </points>
    <points frame="205" outside="0" occluded="0" keyframe="1" points="702.10,512.50" z_order="0">
    </points>
    <points frame="206" outside="0" occluded="0" keyframe="1" points="689.50,514.10" z_order="0">
    </points>
    <points frame="207" outside="0" occluded="0" keyframe="1" points="691.30,520.60" z_order="0">
    </points>
    <points frame="208" outside="0" occluded="0" keyframe="1" points="688.20,521.20" z_order="0">
    </points>
    <points frame="209" outside="0" occluded="0" keyframe="1" points="703.50,515.60" z_order="0">
    </points>
    <points frame="210" outside="0" occluded="0" keyframe="1" points="702.40,508.40" z_order="0">
    </points>
    <points frame="211" outside="0" occluded="0" keyframe="0" points="701.30,515.90" z_order="0">
    </points>
    <points frame="212" outside="0" occluded="0" keyframe="1" points="700.20,523.40" z_order="0">
    </points>
    <points frame="213" outside="0" occluded="0" keyframe="0" points="694.75,522.00" z_order="0">
    </points>
    <points frame="214" outside="0" occluded="0" keyframe="1" points="689.30,520.60" z_order="0">
    </points>
    <points frame="215" outside="0" occluded="0" keyframe="1" points="688.40,520.70" z_order="0">
    </points>
    <points frame="216" outside="0" occluded="0" keyframe="0" points="687.54,520.81" z_order="0">
    </points>
    <points frame="217" outside="0" occluded="0" keyframe="0" points="686.69,520.93" z_order="0">
    </points>
    <points frame="218" outside="0" occluded="0" keyframe="0" points="685.83,521.04" z_order="0">
    </points>
    <points frame="219" outside="0" occluded="0" keyframe="0" points="684.97,521.16" z_order="0">
    </points>
    <points frame="220" outside="0" occluded="0" keyframe="0" points="684.11,521.27" z_order="0">
    </points>
    <points frame="221" outside="0" occluded="0" keyframe="0" points="683.26,521.39" z_order="0">
    </points>
    <points frame="222" outside="0" occluded="0" keyframe="1" points="682.40,521.50" z_order="0">
    </points>
    <points frame="223" outside="0" occluded="0" keyframe="0" points="680.10,519.72" z_order="0">
    </points>
    <points frame="224" outside="0" occluded="0" keyframe="0" points="677.80,517.93" z_order="0">
    </points>
    <points frame="225" outside="0" occluded="0" keyframe="0" points="675.50,516.15" z_order="0">
    </points>
    <points frame="226" outside="0" occluded="0" keyframe="0" points="673.20,514.37" z_order="0">
    </points>
    <points frame="227" outside="0" occluded="0" keyframe="0" points="670.90,512.58" z_order="0">
    </points>
    <points frame="228" outside="0" occluded="0" keyframe="1" points="668.60,510.80" z_order="0">
    </points>
    <points frame="229" outside="0" occluded="0" keyframe="0" points="679.55,506.95" z_order="0">
    </points>
    <points frame="230" outside="0" occluded="0" keyframe="1" points="690.50,503.10" z_order="0">
    </points>
    <points frame="231" outside="0" occluded="0" keyframe="1" points="681.70,495.60" z_order="0">
    </points>
    <points frame="232" outside="0" occluded="0" keyframe="1" points="677.90,507.80" z_order="0">
    </points>
    <points frame="233" outside="0" occluded="0" keyframe="0" points="683.30,510.40" z_order="0">
    </points>
    <points frame="234" outside="0" occluded="0" keyframe="1" points="688.70,513.00" z_order="0">
    </points>
    <points frame="235" outside="0" occluded="0" keyframe="1" points="694.80,512.10" z_order="0">
    </points>
    <points frame="236" outside="0" occluded="0" keyframe="0" points="696.68,513.18" z_order="0">
    </points>
    <points frame="237" outside="0" occluded="0" keyframe="0" points="698.55,514.25" z_order="0">
    </points>
    <points frame="238" outside="0" occluded="0" keyframe="0" points="700.43,515.32" z_order="0">
    </points>
    <points frame="239" outside="0" occluded="0" keyframe="1" points="702.30,516.40" z_order="0">
    </points>
    <points frame="240" outside="0" occluded="0" keyframe="0" points="697.73,516.07" z_order="0">
    </points>
    <points frame="241" outside="0" occluded="0" keyframe="0" points="693.17,515.73" z_order="0">
    </points>
    <points frame="242" outside="0" occluded="0" keyframe="1" points="688.60,515.40" z_order="0">
    </points>
    <points frame="243" outside="0" occluded="0" keyframe="0" points="686.50,513.00" z_order="0">
    </points>
    <points frame="244" outside="0" occluded="0" keyframe="0" points="684.40,510.60" z_order="0">
    </points>
    <points frame="245" outside="0" occluded="0" keyframe="0" points="682.30,508.20" z_order="0">
    </points>
    <points frame="246" outside="0" occluded="0" keyframe="1" points="680.20,505.80" z_order="0">
    </points>
    <points frame="247" outside="0" occluded="0" keyframe="1" points="674.50,504.50" z_order="0">
    </points>
    <points frame="248" outside="0" occluded="0" keyframe="0" points="670.05,509.30" z_order="0">
    </points>
    <points frame="249" outside="0" occluded="0" keyframe="1" points="665.60,514.10" z_order="0">
    </points>
    <points frame="250" outside="0" occluded="0" keyframe="1" points="662.80,510.00" z_order="0">
    </points>
    <points frame="251" outside="0" occluded="0" keyframe="1" points="673.00,512.70" z_order="0">
    </points>
    <points frame="252" outside="0" occluded="0" keyframe="1" points="683.10,513.00" z_order="0">
    </points>
    <points frame="253" outside="0" occluded="0" keyframe="1" points="678.30,508.50" z_order="0">
    </points>
    <points frame="254" outside="0" occluded="0" keyframe="0" points="673.75,504.50" z_order="0">
    </points>
    <points frame="255" outside="0" occluded="0" keyframe="1" points="669.20,500.50" z_order="0">
    </points>
    <points frame="256" outside="0" occluded="0" keyframe="0" points="674.93,502.86" z_order="0">
    </points>
    <points frame="257" outside="0" occluded="0" keyframe="0" points="680.66,505.21" z_order="0">
    </points>
    <points frame="258" outside="0" occluded="0" keyframe="0" points="686.39,507.57" z_order="0">
    </points>
    <points frame="259" outside="0" occluded="0" keyframe="0" points="692.11,509.93" z_order="0">
    </points>
    <points frame="260" outside="0" occluded="0" keyframe="0" points="697.84,512.29" z_order="0">
    </points>
    <points frame="261" outside="0" occluded="0" keyframe="0" points="703.57,514.64" z_order="0">
    </points>
    <points frame="262" outside="0" occluded="0" keyframe="1" points="709.30,517.00" z_order="0">
    </points>
  </track>
</annotations>
