<?xml version="1.0" encoding="utf-8"?>
<annotations>
  <version>1.1</version>
  <meta>
    <task>
      <id>172</id>
      <name>D02_5ML-L0-1.avi</name>
      <size>468</size>
      <mode>interpolation</mode>
      <overlap>5</overlap>
      <bugtracker></bugtracker>
      <created>2021-11-20 09:38:00.531859+00:00</created>
      <updated>2021-11-20 17:55:41.978135+00:00</updated>
      <subset>default</subset>
      <start_frame>0</start_frame>
      <stop_frame>467</stop_frame>
      <frame_filter></frame_filter>
      <segments>
        <segment>
          <id>171</id>
          <start>0</start>
          <stop>467</stop>
          <url>http://localhost:8080/?id=171</url>
        </segment>
      </segments>
      <owner>
        <username>hubertachan</username>
        <email>hubertachan@gmail.com</email>
      </owner>
      <assignee></assignee>
      <labels>
        <label>
          <name>HB</name>
          <color>#3b0c73</color>
          <attributes>
          </attributes>
        </label>
        <label>
          <name>M</name>
          <color>#ff355e</color>
          <attributes>
          </attributes>
        </label>
      </labels>
      <original_size>
        <width>1068</width>
        <height>800</height>
      </original_size>
    </task>
    <dumped>2021-11-20 17:55:45.224437+00:00</dumped>
    <source>D02_5ML-L0-1.avi</source>
  </meta>
  <track id="0" label="HB" source="manual">
    <points frame="190" outside="0" occluded="0" keyframe="1" points="667.33,514.85" z_order="0">
    </points>
    <points frame="191" outside="0" occluded="0" keyframe="0" points="672.65,516.83" z_order="0">
    </points>
    <points frame="192" outside="0" occluded="0" keyframe="0" points="677.98,518.82" z_order="0">
    </points>
    <points frame="193" outside="0" occluded="0" keyframe="1" points="683.30,520.80" z_order="0">
    </points>
    <points frame="194" outside="0" occluded="0" keyframe="0" points="675.94,517.86" z_order="0">
    </points>
    <points frame="195" outside="0" occluded="0" keyframe="0" points="668.58,514.92" z_order="0">
    </points>
    <points frame="196" outside="0" occluded="0" keyframe="0" points="661.22,511.98" z_order="0">
    </points>
    <points frame="197" outside="0" occluded="0" keyframe="0" points="653.86,509.04" z_order="0">
    </points>
    <points frame="198" outside="0" occluded="0" keyframe="1" points="646.50,506.10" z_order="0">
    </points>
    <points frame="199" outside="0" occluded="0" keyframe="0" points="646.35,509.15" z_order="0">
    </points>
    <points frame="200" outside="0" occluded="0" keyframe="1" points="646.20,512.20" z_order="0">
    </points>
    <points frame="201" outside="0" occluded="0" keyframe="0" points="643.04,514.62" z_order="0">
    </points>
    <points frame="202" outside="0" occluded="0" keyframe="0" points="639.88,517.04" z_order="0">
    </points>
    <points frame="203" outside="0" occluded="0" keyframe="0" points="636.72,519.46" z_order="0">
    </points>
    <points frame="204" outside="0" occluded="0" keyframe="0" points="633.56,521.88" z_order="0">
    </points>
    <points frame="205" outside="0" occluded="0" keyframe="1" points="630.40,524.30" z_order="0">
    </points>
    <points frame="206" outside="0" occluded="0" keyframe="1" points="638.30,529.90" z_order="0">
    </points>
    <points frame="207" outside="0" occluded="0" keyframe="0" points="645.23,533.40" z_order="0">
    </points>
    <points frame="208" outside="0" occluded="0" keyframe="0" points="652.15,536.90" z_order="0">
    </points>
    <points frame="209" outside="0" occluded="0" keyframe="0" points="659.08,540.40" z_order="0">
    </points>
    <points frame="210" outside="0" occluded="0" keyframe="1" points="666.00,543.90" z_order="0">
    </points>
    <points frame="211" outside="0" occluded="0" keyframe="1" points="681.30,549.20" z_order="0">
    </points>
    <points frame="212" outside="0" occluded="0" keyframe="0" points="684.00,547.73" z_order="0">
    </points>
    <points frame="213" outside="0" occluded="0" keyframe="0" points="686.70,546.27" z_order="0">
    </points>
    <points frame="214" outside="0" occluded="0" keyframe="1" points="689.40,544.80" z_order="0">
    </points>
    <points frame="215" outside="0" occluded="0" keyframe="0" points="683.73,541.57" z_order="0">
    </points>
    <points frame="216" outside="0" occluded="0" keyframe="0" points="678.07,538.33" z_order="0">
    </points>
    <points frame="217" outside="0" occluded="0" keyframe="1" points="672.40,535.10" z_order="0">
    </points>
    <points frame="218" outside="0" occluded="0" keyframe="0" points="672.90,538.03" z_order="0">
    </points>
    <points frame="219" outside="0" occluded="0" keyframe="0" points="673.40,540.97" z_order="0">
    </points>
    <points frame="220" outside="0" occluded="0" keyframe="1" points="673.90,543.90" z_order="0">
    </points>
    <points frame="221" outside="0" occluded="0" keyframe="0" points="677.07,544.92" z_order="0">
    </points>
    <points frame="222" outside="0" occluded="0" keyframe="0" points="680.23,545.93" z_order="0">
    </points>
    <points frame="223" outside="0" occluded="0" keyframe="0" points="683.40,546.95" z_order="0">
    </points>
    <points frame="224" outside="0" occluded="0" keyframe="0" points="686.57,547.97" z_order="0">
    </points>
    <points frame="225" outside="0" occluded="0" keyframe="0" points="689.73,548.98" z_order="0">
    </points>
    <points frame="226" outside="0" occluded="0" keyframe="1" points="692.90,550.00" z_order="0">
    </points>
    <points frame="227" outside="0" occluded="0" keyframe="0" points="691.13,550.45" z_order="0">
    </points>
    <points frame="228" outside="0" occluded="0" keyframe="0" points="689.35,550.90" z_order="0">
    </points>
    <points frame="229" outside="0" occluded="0" keyframe="0" points="687.58,551.35" z_order="0">
    </points>
    <points frame="230" outside="0" occluded="0" keyframe="1" points="685.80,551.80" z_order="0">
    </points>
    <points frame="231" outside="0" occluded="0" keyframe="0" points="683.18,550.88" z_order="0">
    </points>
    <points frame="232" outside="0" occluded="0" keyframe="0" points="680.55,549.95" z_order="0">
    </points>
    <points frame="233" outside="0" occluded="0" keyframe="0" points="677.93,549.03" z_order="0">
    </points>
    <points frame="234" outside="0" occluded="0" keyframe="1" points="675.30,548.10" z_order="0">
    </points>
    <points frame="235" outside="0" occluded="0" keyframe="1" points="679.30,545.50" z_order="0">
    </points>
    <points frame="236" outside="0" occluded="0" keyframe="1" points="676.40,542.60" z_order="0">
    </points>
    <points frame="237" outside="0" occluded="0" keyframe="1" points="673.30,538.00" z_order="0">
    </points>
    <points frame="238" outside="0" occluded="0" keyframe="1" points="654.90,533.00" z_order="0">
    </points>
    <points frame="239" outside="0" occluded="0" keyframe="0" points="641.95,529.85" z_order="0">
    </points>
    <points frame="240" outside="0" occluded="0" keyframe="1" points="629.00,526.70" z_order="0">
    </points>
    <points frame="241" outside="0" occluded="0" keyframe="0" points="622.00,525.15" z_order="0">
    </points>
    <points frame="242" outside="0" occluded="0" keyframe="0" points="615.00,523.60" z_order="0">
    </points>
    <points frame="243" outside="0" occluded="0" keyframe="0" points="608.00,522.05" z_order="0">
    </points>
    <points frame="244" outside="0" occluded="0" keyframe="1" points="601.00,520.50" z_order="0">
    </points>
    <points frame="245" outside="0" occluded="0" keyframe="1" points="605.60,522.20" z_order="0">
    </points>
    <points frame="246" outside="0" occluded="0" keyframe="0" points="620.35,531.50" z_order="0">
    </points>
    <points frame="247" outside="0" occluded="0" keyframe="1" points="635.10,540.80" z_order="0">
    </points>
    <points frame="248" outside="0" occluded="0" keyframe="0" points="658.60,549.73" z_order="0">
    </points>
    <points frame="249" outside="0" occluded="0" keyframe="0" points="682.10,558.67" z_order="0">
    </points>
    <points frame="250" outside="0" occluded="0" keyframe="1" points="705.60,567.60" z_order="0">
    </points>
    <points frame="251" outside="0" occluded="0" keyframe="0" points="714.10,568.65" z_order="0">
    </points>
    <points frame="252" outside="0" occluded="0" keyframe="1" points="722.60,569.70" z_order="0">
    </points>
    <points frame="253" outside="0" occluded="0" keyframe="1" points="695.50,560.80" z_order="0">
    </points>
    <points frame="254" outside="0" occluded="0" keyframe="0" points="675.43,547.10" z_order="0">
    </points>
    <points frame="255" outside="0" occluded="0" keyframe="0" points="655.37,533.40" z_order="0">
    </points>
    <points frame="256" outside="0" occluded="0" keyframe="1" points="635.30,519.70" z_order="0">
    </points>
    <points frame="257" outside="0" occluded="0" keyframe="1" points="628.20,517.90" z_order="0">
    </points>
    <points frame="258" outside="0" occluded="0" keyframe="1" points="665.40,538.00" z_order="0">
    </points>
    <points frame="259" outside="0" occluded="0" keyframe="1" points="701.30,564.70" z_order="0">
    </points>
    <points frame="260" outside="0" occluded="0" keyframe="1" points="708.20,570.20" z_order="0">
    </points>
    <points frame="261" outside="0" occluded="0" keyframe="0" points="702.80,565.85" z_order="0">
    </points>
    <points frame="262" outside="0" occluded="0" keyframe="1" points="697.40,561.50" z_order="0">
    </points>
    <points frame="263" outside="0" occluded="0" keyframe="0" points="687.57,551.63" z_order="0">
    </points>
    <points frame="264" outside="0" occluded="0" keyframe="0" points="677.73,541.77" z_order="0">
    </points>
    <points frame="265" outside="0" occluded="0" keyframe="1" points="667.90,531.90" z_order="0">
    </points>
    <points frame="266" outside="0" occluded="0" keyframe="0" points="670.33,529.63" z_order="0">
    </points>
    <points frame="267" outside="0" occluded="0" keyframe="0" points="672.77,527.37" z_order="0">
    </points>
    <points frame="268" outside="0" occluded="0" keyframe="1" points="675.20,525.10" z_order="0">
    </points>
    <points frame="269" outside="0" occluded="0" keyframe="0" points="696.30,550.30" z_order="0">
    </points>
    <points frame="270" outside="0" occluded="0" keyframe="1" points="717.40,575.50" z_order="0">
    </points>
    <points frame="271" outside="0" occluded="0" keyframe="0" points="717.40,575.50" z_order="0">
    </points>
    <points frame="272" outside="0" occluded="0" keyframe="0" points="717.40,575.50" z_order="0">
    </points>
    <points frame="273" outside="0" occluded="0" keyframe="0" points="717.40,575.50" z_order="0">
    </points>
    <points frame="274" outside="0" occluded="0" keyframe="0" points="717.40,575.50" z_order="0">
    </points>
    <points frame="275" outside="0" occluded="0" keyframe="0" points="717.40,575.50" z_order="0">
    </points>
    <points frame="276" outside="0" occluded="0" keyframe="0" points="717.40,575.50" z_order="0">
    </points>
    <points frame="277" outside="0" occluded="0" keyframe="0" points="717.40,575.50" z_order="0">
    </points>
    <points frame="278" outside="0" occluded="0" keyframe="0" points="717.40,575.50" z_order="0">
    </points>
    <points frame="279" outside="0" occluded="0" keyframe="0" points="717.40,575.50" z_order="0">
    </points>
    <points frame="280" outside="0" occluded="0" keyframe="1" points="717.40,575.50" z_order="0">
    </points>
    <points frame="281" outside="0" occluded="0" keyframe="0" points="715.75,574.51" z_order="0">
    </points>
    <points frame="282" outside="0" occluded="0" keyframe="0" points="714.10,573.52" z_order="0">
    </points>
    <points frame="283" outside="0" occluded="0" keyframe="0" points="712.45,572.53" z_order="0">
    </points>
    <points frame="284" outside="0" occluded="0" keyframe="0" points="710.80,571.54" z_order="0">
    </points>
    <points frame="285" outside="0" occluded="0" keyframe="0" points="709.15,570.55" z_order="0">
    </points>
    <points frame="286" outside="0" occluded="0" keyframe="0" points="707.50,569.56" z_order="0">
    </points>
    <points frame="287" outside="0" occluded="0" keyframe="0" points="705.85,568.57" z_order="0">
    </points>
    <points frame="288" outside="0" occluded="0" keyframe="0" points="704.20,567.58" z_order="0">
    </points>
    <points frame="289" outside="0" occluded="0" keyframe="0" points="702.55,566.59" z_order="0">
    </points>
    <points frame="290" outside="0" occluded="0" keyframe="0" points="700.90,565.60" z_order="0">
    </points>
    <points frame="291" outside="0" occluded="0" keyframe="0" points="699.25,564.61" z_order="0">
    </points>
    <points frame="292" outside="0" occluded="0" keyframe="0" points="697.60,563.62" z_order="0">
    </points>
    <points frame="293" outside="0" occluded="0" keyframe="0" points="695.95,562.63" z_order="0">
    </points>
    <points frame="294" outside="0" occluded="0" keyframe="0" points="694.30,561.64" z_order="0">
    </points>
    <points frame="295" outside="0" occluded="0" keyframe="0" points="692.65,560.65" z_order="0">
    </points>
    <points frame="296" outside="0" occluded="0" keyframe="0" points="691.00,559.66" z_order="0">
    </points>
    <points frame="297" outside="0" occluded="0" keyframe="0" points="689.35,558.67" z_order="0">
    </points>
    <points frame="298" outside="0" occluded="0" keyframe="0" points="687.70,557.68" z_order="0">
    </points>
    <points frame="299" outside="0" occluded="0" keyframe="0" points="686.05,556.69" z_order="0">
    </points>
    <points frame="300" outside="0" occluded="0" keyframe="1" points="684.40,555.70" z_order="0">
    </points>
    <points frame="301" outside="0" occluded="0" keyframe="0" points="684.80,556.23" z_order="0">
    </points>
    <points frame="302" outside="0" occluded="0" keyframe="0" points="685.20,556.76" z_order="0">
    </points>
    <points frame="303" outside="0" occluded="0" keyframe="0" points="685.60,557.29" z_order="0">
    </points>
    <points frame="304" outside="0" occluded="0" keyframe="0" points="686.00,557.82" z_order="0">
    </points>
    <points frame="305" outside="0" occluded="0" keyframe="0" points="686.40,558.35" z_order="0">
    </points>
    <points frame="306" outside="0" occluded="0" keyframe="0" points="686.80,558.88" z_order="0">
    </points>
    <points frame="307" outside="0" occluded="0" keyframe="0" points="687.20,559.41" z_order="0">
    </points>
    <points frame="308" outside="0" occluded="0" keyframe="0" points="687.60,559.94" z_order="0">
    </points>
    <points frame="309" outside="0" occluded="0" keyframe="0" points="688.00,560.47" z_order="0">
    </points>
    <points frame="310" outside="0" occluded="0" keyframe="1" points="688.40,561.00" z_order="0">
    </points>
    <points frame="311" outside="0" occluded="0" keyframe="0" points="688.80,561.92" z_order="0">
    </points>
    <points frame="312" outside="0" occluded="0" keyframe="0" points="689.20,562.84" z_order="0">
    </points>
    <points frame="313" outside="0" occluded="0" keyframe="0" points="689.60,563.76" z_order="0">
    </points>
    <points frame="314" outside="0" occluded="0" keyframe="0" points="690.00,564.68" z_order="0">
    </points>
    <points frame="315" outside="0" occluded="0" keyframe="0" points="690.40,565.60" z_order="0">
    </points>
    <points frame="316" outside="0" occluded="0" keyframe="0" points="690.80,566.52" z_order="0">
    </points>
    <points frame="317" outside="0" occluded="0" keyframe="0" points="691.20,567.44" z_order="0">
    </points>
    <points frame="318" outside="0" occluded="0" keyframe="0" points="691.60,568.36" z_order="0">
    </points>
    <points frame="319" outside="0" occluded="0" keyframe="0" points="692.00,569.28" z_order="0">
    </points>
    <points frame="320" outside="0" occluded="0" keyframe="1" points="692.40,570.20" z_order="0">
    </points>
    <points frame="321" outside="0" occluded="0" keyframe="0" points="690.29,568.75" z_order="0">
    </points>
    <points frame="322" outside="0" occluded="0" keyframe="0" points="688.18,567.30" z_order="0">
    </points>
    <points frame="323" outside="0" occluded="0" keyframe="0" points="686.07,565.85" z_order="0">
    </points>
    <points frame="324" outside="0" occluded="0" keyframe="0" points="683.96,564.40" z_order="0">
    </points>
    <points frame="325" outside="0" occluded="0" keyframe="0" points="681.85,562.95" z_order="0">
    </points>
    <points frame="326" outside="0" occluded="0" keyframe="0" points="679.74,561.50" z_order="0">
    </points>
    <points frame="327" outside="0" occluded="0" keyframe="0" points="677.63,560.05" z_order="0">
    </points>
    <points frame="328" outside="0" occluded="0" keyframe="0" points="675.52,558.60" z_order="0">
    </points>
    <points frame="329" outside="0" occluded="0" keyframe="0" points="673.41,557.15" z_order="0">
    </points>
    <points frame="330" outside="0" occluded="0" keyframe="1" points="671.30,555.70" z_order="0">
    </points>
    <points frame="331" outside="0" occluded="0" keyframe="0" points="675.79,558.21" z_order="0">
    </points>
    <points frame="332" outside="0" occluded="0" keyframe="0" points="680.28,560.72" z_order="0">
    </points>
    <points frame="333" outside="0" occluded="0" keyframe="0" points="684.77,563.23" z_order="0">
    </points>
    <points frame="334" outside="0" occluded="0" keyframe="0" points="689.26,565.74" z_order="0">
    </points>
    <points frame="335" outside="0" occluded="0" keyframe="0" points="693.75,568.25" z_order="0">
    </points>
    <points frame="336" outside="0" occluded="0" keyframe="0" points="698.24,570.76" z_order="0">
    </points>
    <points frame="337" outside="0" occluded="0" keyframe="0" points="702.73,573.27" z_order="0">
    </points>
    <points frame="338" outside="0" occluded="0" keyframe="0" points="707.22,575.78" z_order="0">
    </points>
    <points frame="339" outside="0" occluded="0" keyframe="0" points="711.71,578.29" z_order="0">
    </points>
    <points frame="340" outside="0" occluded="0" keyframe="1" points="716.20,580.80" z_order="0">
    </points>
    <points frame="341" outside="0" occluded="0" keyframe="0" points="716.20,580.80" z_order="0">
    </points>
    <points frame="342" outside="0" occluded="0" keyframe="0" points="716.20,580.80" z_order="0">
    </points>
    <points frame="343" outside="0" occluded="0" keyframe="0" points="716.20,580.80" z_order="0">
    </points>
    <points frame="344" outside="0" occluded="0" keyframe="0" points="716.20,580.80" z_order="0">
    </points>
    <points frame="345" outside="0" occluded="0" keyframe="0" points="716.20,580.80" z_order="0">
    </points>
    <points frame="346" outside="0" occluded="0" keyframe="0" points="716.20,580.80" z_order="0">
    </points>
    <points frame="347" outside="0" occluded="0" keyframe="0" points="716.20,580.80" z_order="0">
    </points>
    <points frame="348" outside="0" occluded="0" keyframe="0" points="716.20,580.80" z_order="0">
    </points>
    <points frame="349" outside="0" occluded="0" keyframe="0" points="716.20,580.80" z_order="0">
    </points>
    <points frame="350" outside="0" occluded="0" keyframe="0" points="716.20,580.80" z_order="0">
    </points>
    <points frame="351" outside="0" occluded="0" keyframe="0" points="716.20,580.80" z_order="0">
    </points>
    <points frame="352" outside="0" occluded="0" keyframe="0" points="716.20,580.80" z_order="0">
    </points>
    <points frame="353" outside="0" occluded="0" keyframe="0" points="716.20,580.80" z_order="0">
    </points>
    <points frame="354" outside="0" occluded="0" keyframe="0" points="716.20,580.80" z_order="0">
    </points>
    <points frame="355" outside="0" occluded="0" keyframe="0" points="716.20,580.80" z_order="0">
    </points>
    <points frame="356" outside="0" occluded="0" keyframe="0" points="716.20,580.80" z_order="0">
    </points>
    <points frame="357" outside="0" occluded="0" keyframe="0" points="716.20,580.80" z_order="0">
    </points>
    <points frame="358" outside="0" occluded="0" keyframe="0" points="716.20,580.80" z_order="0">
    </points>
    <points frame="359" outside="0" occluded="0" keyframe="0" points="716.20,580.80" z_order="0">
    </points>
    <points frame="360" outside="0" occluded="0" keyframe="0" points="716.20,580.80" z_order="0">
    </points>
    <points frame="361" outside="0" occluded="0" keyframe="0" points="716.20,580.80" z_order="0">
    </points>
    <points frame="362" outside="0" occluded="0" keyframe="0" points="716.20,580.80" z_order="0">
    </points>
    <points frame="363" outside="0" occluded="0" keyframe="0" points="716.20,580.80" z_order="0">
    </points>
    <points frame="364" outside="0" occluded="0" keyframe="0" points="716.20,580.80" z_order="0">
    </points>
    <points frame="365" outside="0" occluded="0" keyframe="0" points="716.20,580.80" z_order="0">
    </points>
    <points frame="366" outside="0" occluded="0" keyframe="0" points="716.20,580.80" z_order="0">
    </points>
    <points frame="367" outside="0" occluded="0" keyframe="0" points="716.20,580.80" z_order="0">
    </points>
    <points frame="368" outside="0" occluded="0" keyframe="0" points="716.20,580.80" z_order="0">
    </points>
    <points frame="369" outside="0" occluded="0" keyframe="0" points="716.20,580.80" z_order="0">
    </points>
    <points frame="370" outside="0" occluded="0" keyframe="0" points="716.20,580.80" z_order="0">
    </points>
    <points frame="371" outside="0" occluded="0" keyframe="0" points="716.20,580.80" z_order="0">
    </points>
    <points frame="372" outside="0" occluded="0" keyframe="0" points="716.20,580.80" z_order="0">
    </points>
    <points frame="373" outside="0" occluded="0" keyframe="0" points="716.20,580.80" z_order="0">
    </points>
    <points frame="374" outside="0" occluded="0" keyframe="0" points="716.20,580.80" z_order="0">
    </points>
    <points frame="375" outside="0" occluded="0" keyframe="0" points="716.20,580.80" z_order="0">
    </points>
    <points frame="376" outside="0" occluded="0" keyframe="0" points="716.20,580.80" z_order="0">
    </points>
    <points frame="377" outside="0" occluded="0" keyframe="0" points="716.20,580.80" z_order="0">
    </points>
    <points frame="378" outside="0" occluded="0" keyframe="0" points="716.20,580.80" z_order="0">
    </points>
    <points frame="379" outside="0" occluded="0" keyframe="0" points="716.20,580.80" z_order="0">
    </points>
    <points frame="380" outside="0" occluded="0" keyframe="0" points="716.20,580.80" z_order="0">
    </points>
    <points frame="381" outside="0" occluded="0" keyframe="0" points="716.20,580.80" z_order="0">
    </points>
    <points frame="382" outside="0" occluded="0" keyframe="0" points="716.20,580.80" z_order="0">
    </points>
    <points frame="383" outside="0" occluded="0" keyframe="0" points="716.20,580.80" z_order="0">
    </points>
    <points frame="384" outside="0" occluded="0" keyframe="0" points="716.20,580.80" z_order="0">
    </points>
    <points frame="385" outside="0" occluded="0" keyframe="0" points="716.20,580.80" z_order="0">
    </points>
    <points frame="386" outside="0" occluded="0" keyframe="0" points="716.20,580.80" z_order="0">
    </points>
    <points frame="387" outside="0" occluded="0" keyframe="0" points="716.20,580.80" z_order="0">
    </points>
    <points frame="388" outside="0" occluded="0" keyframe="0" points="716.20,580.80" z_order="0">
    </points>
    <points frame="389" outside="0" occluded="0" keyframe="0" points="716.20,580.80" z_order="0">
    </points>
    <points frame="390" outside="0" occluded="0" keyframe="0" points="716.20,580.80" z_order="0">
    </points>
    <points frame="391" outside="0" occluded="0" keyframe="0" points="716.20,580.80" z_order="0">
    </points>
    <points frame="392" outside="0" occluded="0" keyframe="0" points="716.20,580.80" z_order="0">
    </points>
    <points frame="393" outside="0" occluded="0" keyframe="0" points="716.20,580.80" z_order="0">
    </points>
    <points frame="394" outside="0" occluded="0" keyframe="0" points="716.20,580.80" z_order="0">
    </points>
    <points frame="395" outside="0" occluded="0" keyframe="0" points="716.20,580.80" z_order="0">
    </points>
    <points frame="396" outside="0" occluded="0" keyframe="0" points="716.20,580.80" z_order="0">
    </points>
    <points frame="397" outside="0" occluded="0" keyframe="0" points="716.20,580.80" z_order="0">
    </points>
    <points frame="398" outside="0" occluded="0" keyframe="0" points="716.20,580.80" z_order="0">
    </points>
    <points frame="399" outside="0" occluded="0" keyframe="0" points="716.20,580.80" z_order="0">
    </points>
    <points frame="400" outside="0" occluded="0" keyframe="0" points="716.20,580.80" z_order="0">
    </points>
    <points frame="401" outside="0" occluded="0" keyframe="0" points="716.20,580.80" z_order="0">
    </points>
    <points frame="402" outside="0" occluded="0" keyframe="0" points="716.20,580.80" z_order="0">
    </points>
    <points frame="403" outside="0" occluded="0" keyframe="0" points="716.20,580.80" z_order="0">
    </points>
    <points frame="404" outside="0" occluded="0" keyframe="0" points="716.20,580.80" z_order="0">
    </points>
    <points frame="405" outside="0" occluded="0" keyframe="0" points="716.20,580.80" z_order="0">
    </points>
    <points frame="406" outside="0" occluded="0" keyframe="0" points="716.20,580.80" z_order="0">
    </points>
    <points frame="407" outside="0" occluded="0" keyframe="0" points="716.20,580.80" z_order="0">
    </points>
    <points frame="408" outside="0" occluded="0" keyframe="0" points="716.20,580.80" z_order="0">
    </points>
    <points frame="409" outside="0" occluded="0" keyframe="0" points="716.20,580.80" z_order="0">
    </points>
    <points frame="410" outside="0" occluded="0" keyframe="0" points="716.20,580.80" z_order="0">
    </points>
    <points frame="411" outside="0" occluded="0" keyframe="0" points="716.20,580.80" z_order="0">
    </points>
    <points frame="412" outside="0" occluded="0" keyframe="0" points="716.20,580.80" z_order="0">
    </points>
    <points frame="413" outside="0" occluded="0" keyframe="0" points="716.20,580.80" z_order="0">
    </points>
    <points frame="414" outside="0" occluded="0" keyframe="0" points="716.20,580.80" z_order="0">
    </points>
    <points frame="415" outside="0" occluded="0" keyframe="0" points="716.20,580.80" z_order="0">
    </points>
    <points frame="416" outside="0" occluded="0" keyframe="0" points="716.20,580.80" z_order="0">
    </points>
    <points frame="417" outside="0" occluded="0" keyframe="0" points="716.20,580.80" z_order="0">
    </points>
    <points frame="418" outside="0" occluded="0" keyframe="0" points="716.20,580.80" z_order="0">
    </points>
    <points frame="419" outside="0" occluded="0" keyframe="0" points="716.20,580.80" z_order="0">
    </points>
    <points frame="420" outside="0" occluded="0" keyframe="0" points="716.20,580.80" z_order="0">
    </points>
    <points frame="421" outside="0" occluded="0" keyframe="0" points="716.20,580.80" z_order="0">
    </points>
    <points frame="422" outside="0" occluded="0" keyframe="0" points="716.20,580.80" z_order="0">
    </points>
    <points frame="423" outside="0" occluded="0" keyframe="0" points="716.20,580.80" z_order="0">
    </points>
    <points frame="424" outside="0" occluded="0" keyframe="0" points="716.20,580.80" z_order="0">
    </points>
    <points frame="425" outside="0" occluded="0" keyframe="0" points="716.20,580.80" z_order="0">
    </points>
    <points frame="426" outside="0" occluded="0" keyframe="0" points="716.20,580.80" z_order="0">
    </points>
    <points frame="427" outside="0" occluded="0" keyframe="0" points="716.20,580.80" z_order="0">
    </points>
    <points frame="428" outside="0" occluded="0" keyframe="0" points="716.20,580.80" z_order="0">
    </points>
    <points frame="429" outside="0" occluded="0" keyframe="0" points="716.20,580.80" z_order="0">
    </points>
    <points frame="430" outside="0" occluded="0" keyframe="0" points="716.20,580.80" z_order="0">
    </points>
    <points frame="431" outside="0" occluded="0" keyframe="0" points="716.20,580.80" z_order="0">
    </points>
    <points frame="432" outside="0" occluded="0" keyframe="0" points="716.20,580.80" z_order="0">
    </points>
    <points frame="433" outside="0" occluded="0" keyframe="0" points="716.20,580.80" z_order="0">
    </points>
    <points frame="434" outside="0" occluded="0" keyframe="0" points="716.20,580.80" z_order="0">
    </points>
    <points frame="435" outside="0" occluded="0" keyframe="0" points="716.20,580.80" z_order="0">
    </points>
    <points frame="436" outside="0" occluded="0" keyframe="0" points="716.20,580.80" z_order="0">
    </points>
    <points frame="437" outside="0" occluded="0" keyframe="0" points="716.20,580.80" z_order="0">
    </points>
    <points frame="438" outside="0" occluded="0" keyframe="0" points="716.20,580.80" z_order="0">
    </points>
    <points frame="439" outside="0" occluded="0" keyframe="0" points="716.20,580.80" z_order="0">
    </points>
    <points frame="440" outside="0" occluded="0" keyframe="0" points="716.20,580.80" z_order="0">
    </points>
    <points frame="441" outside="0" occluded="0" keyframe="0" points="716.20,580.80" z_order="0">
    </points>
    <points frame="442" outside="0" occluded="0" keyframe="0" points="716.20,580.80" z_order="0">
    </points>
    <points frame="443" outside="0" occluded="0" keyframe="0" points="716.20,580.80" z_order="0">
    </points>
    <points frame="444" outside="0" occluded="0" keyframe="0" points="716.20,580.80" z_order="0">
    </points>
    <points frame="445" outside="0" occluded="0" keyframe="0" points="716.20,580.80" z_order="0">
    </points>
    <points frame="446" outside="0" occluded="0" keyframe="0" points="716.20,580.80" z_order="0">
    </points>
    <points frame="447" outside="0" occluded="0" keyframe="0" points="716.20,580.80" z_order="0">
    </points>
    <points frame="448" outside="0" occluded="0" keyframe="0" points="716.20,580.80" z_order="0">
    </points>
    <points frame="449" outside="0" occluded="0" keyframe="0" points="716.20,580.80" z_order="0">
    </points>
    <points frame="450" outside="0" occluded="0" keyframe="0" points="716.20,580.80" z_order="0">
    </points>
    <points frame="451" outside="0" occluded="0" keyframe="0" points="716.20,580.80" z_order="0">
    </points>
    <points frame="452" outside="0" occluded="0" keyframe="0" points="716.20,580.80" z_order="0">
    </points>
    <points frame="453" outside="0" occluded="0" keyframe="0" points="716.20,580.80" z_order="0">
    </points>
    <points frame="454" outside="0" occluded="0" keyframe="0" points="716.20,580.80" z_order="0">
    </points>
    <points frame="455" outside="0" occluded="0" keyframe="0" points="716.20,580.80" z_order="0">
    </points>
    <points frame="456" outside="0" occluded="0" keyframe="0" points="716.20,580.80" z_order="0">
    </points>
    <points frame="457" outside="0" occluded="0" keyframe="0" points="716.20,580.80" z_order="0">
    </points>
    <points frame="458" outside="0" occluded="0" keyframe="0" points="716.20,580.80" z_order="0">
    </points>
    <points frame="459" outside="0" occluded="0" keyframe="0" points="716.20,580.80" z_order="0">
    </points>
    <points frame="460" outside="0" occluded="0" keyframe="0" points="716.20,580.80" z_order="0">
    </points>
    <points frame="461" outside="0" occluded="0" keyframe="0" points="716.20,580.80" z_order="0">
    </points>
    <points frame="462" outside="0" occluded="0" keyframe="0" points="716.20,580.80" z_order="0">
    </points>
    <points frame="463" outside="0" occluded="0" keyframe="0" points="716.20,580.80" z_order="0">
    </points>
    <points frame="464" outside="0" occluded="0" keyframe="0" points="716.20,580.80" z_order="0">
    </points>
    <points frame="465" outside="0" occluded="0" keyframe="0" points="716.20,580.80" z_order="0">
    </points>
    <points frame="466" outside="0" occluded="0" keyframe="0" points="716.20,580.80" z_order="0">
    </points>
    <points frame="467" outside="0" occluded="0" keyframe="0" points="716.20,580.80" z_order="0">
    </points>
  </track>
  <track id="1" label="M" source="manual">
    <points frame="0" outside="0" occluded="0" keyframe="1" points="482.51,624.42" z_order="0">
    </points>
    <points frame="1" outside="0" occluded="0" keyframe="0" points="482.53,624.45" z_order="0">
    </points>
    <points frame="2" outside="0" occluded="0" keyframe="0" points="482.55,624.48" z_order="0">
    </points>
    <points frame="3" outside="0" occluded="0" keyframe="0" points="482.57,624.51" z_order="0">
    </points>
    <points frame="4" outside="0" occluded="0" keyframe="0" points="482.60,624.54" z_order="0">
    </points>
    <points frame="5" outside="0" occluded="0" keyframe="0" points="482.62,624.57" z_order="0">
    </points>
    <points frame="6" outside="0" occluded="0" keyframe="0" points="482.64,624.61" z_order="0">
    </points>
    <points frame="7" outside="0" occluded="0" keyframe="0" points="482.66,624.64" z_order="0">
    </points>
    <points frame="8" outside="0" occluded="0" keyframe="0" points="482.69,624.67" z_order="0">
    </points>
    <points frame="9" outside="0" occluded="0" keyframe="0" points="482.71,624.70" z_order="0">
    </points>
    <points frame="10" outside="0" occluded="0" keyframe="0" points="482.73,624.73" z_order="0">
    </points>
    <points frame="11" outside="0" occluded="0" keyframe="0" points="482.75,624.76" z_order="0">
    </points>
    <points frame="12" outside="0" occluded="0" keyframe="0" points="482.77,624.79" z_order="0">
    </points>
    <points frame="13" outside="0" occluded="0" keyframe="0" points="482.80,624.82" z_order="0">
    </points>
    <points frame="14" outside="0" occluded="0" keyframe="0" points="482.82,624.85" z_order="0">
    </points>
    <points frame="15" outside="0" occluded="0" keyframe="0" points="482.84,624.88" z_order="0">
    </points>
    <points frame="16" outside="0" occluded="0" keyframe="0" points="482.86,624.91" z_order="0">
    </points>
    <points frame="17" outside="0" occluded="0" keyframe="0" points="482.88,624.94" z_order="0">
    </points>
    <points frame="18" outside="0" occluded="0" keyframe="0" points="482.91,624.97" z_order="0">
    </points>
    <points frame="19" outside="0" occluded="0" keyframe="0" points="482.93,625.00" z_order="0">
    </points>
    <points frame="20" outside="0" occluded="0" keyframe="0" points="482.95,625.03" z_order="0">
    </points>
    <points frame="21" outside="0" occluded="0" keyframe="0" points="482.97,625.06" z_order="0">
    </points>
    <points frame="22" outside="0" occluded="0" keyframe="0" points="483.00,625.09" z_order="0">
    </points>
    <points frame="23" outside="0" occluded="0" keyframe="0" points="483.02,625.12" z_order="0">
    </points>
    <points frame="24" outside="0" occluded="0" keyframe="0" points="483.04,625.15" z_order="0">
    </points>
    <points frame="25" outside="0" occluded="0" keyframe="0" points="483.06,625.18" z_order="0">
    </points>
    <points frame="26" outside="0" occluded="0" keyframe="0" points="483.08,625.21" z_order="0">
    </points>
    <points frame="27" outside="0" occluded="0" keyframe="0" points="483.11,625.24" z_order="0">
    </points>
    <points frame="28" outside="0" occluded="0" keyframe="0" points="483.13,625.27" z_order="0">
    </points>
    <points frame="29" outside="0" occluded="0" keyframe="0" points="483.15,625.31" z_order="0">
    </points>
    <points frame="30" outside="0" occluded="0" keyframe="0" points="483.17,625.34" z_order="0">
    </points>
    <points frame="31" outside="0" occluded="0" keyframe="0" points="483.20,625.37" z_order="0">
    </points>
    <points frame="32" outside="0" occluded="0" keyframe="0" points="483.22,625.40" z_order="0">
    </points>
    <points frame="33" outside="0" occluded="0" keyframe="0" points="483.24,625.43" z_order="0">
    </points>
    <points frame="34" outside="0" occluded="0" keyframe="0" points="483.26,625.46" z_order="0">
    </points>
    <points frame="35" outside="0" occluded="0" keyframe="0" points="483.28,625.49" z_order="0">
    </points>
    <points frame="36" outside="0" occluded="0" keyframe="0" points="483.31,625.52" z_order="0">
    </points>
    <points frame="37" outside="0" occluded="0" keyframe="0" points="483.33,625.55" z_order="0">
    </points>
    <points frame="38" outside="0" occluded="0" keyframe="0" points="483.35,625.58" z_order="0">
    </points>
    <points frame="39" outside="0" occluded="0" keyframe="0" points="483.37,625.61" z_order="0">
    </points>
    <points frame="40" outside="0" occluded="0" keyframe="0" points="483.39,625.64" z_order="0">
    </points>
    <points frame="41" outside="0" occluded="0" keyframe="0" points="483.42,625.67" z_order="0">
    </points>
    <points frame="42" outside="0" occluded="0" keyframe="0" points="483.44,625.70" z_order="0">
    </points>
    <points frame="43" outside="0" occluded="0" keyframe="0" points="483.46,625.73" z_order="0">
    </points>
    <points frame="44" outside="0" occluded="0" keyframe="0" points="483.48,625.76" z_order="0">
    </points>
    <points frame="45" outside="0" occluded="0" keyframe="0" points="483.51,625.79" z_order="0">
    </points>
    <points frame="46" outside="0" occluded="0" keyframe="0" points="483.53,625.82" z_order="0">
    </points>
    <points frame="47" outside="0" occluded="0" keyframe="0" points="483.55,625.85" z_order="0">
    </points>
    <points frame="48" outside="0" occluded="0" keyframe="0" points="483.57,625.88" z_order="0">
    </points>
    <points frame="49" outside="0" occluded="0" keyframe="0" points="483.59,625.91" z_order="0">
    </points>
    <points frame="50" outside="0" occluded="0" keyframe="0" points="483.62,625.94" z_order="0">
    </points>
    <points frame="51" outside="0" occluded="0" keyframe="0" points="483.64,625.97" z_order="0">
    </points>
    <points frame="52" outside="0" occluded="0" keyframe="0" points="483.66,626.01" z_order="0">
    </points>
    <points frame="53" outside="0" occluded="0" keyframe="0" points="483.68,626.04" z_order="0">
    </points>
    <points frame="54" outside="0" occluded="0" keyframe="0" points="483.71,626.07" z_order="0">
    </points>
    <points frame="55" outside="0" occluded="0" keyframe="0" points="483.73,626.10" z_order="0">
    </points>
    <points frame="56" outside="0" occluded="0" keyframe="0" points="483.75,626.13" z_order="0">
    </points>
    <points frame="57" outside="0" occluded="0" keyframe="0" points="483.77,626.16" z_order="0">
    </points>
    <points frame="58" outside="0" occluded="0" keyframe="0" points="483.79,626.19" z_order="0">
    </points>
    <points frame="59" outside="0" occluded="0" keyframe="0" points="483.82,626.22" z_order="0">
    </points>
    <points frame="60" outside="0" occluded="0" keyframe="0" points="483.84,626.25" z_order="0">
    </points>
    <points frame="61" outside="0" occluded="0" keyframe="0" points="483.86,626.28" z_order="0">
    </points>
    <points frame="62" outside="0" occluded="0" keyframe="0" points="483.88,626.31" z_order="0">
    </points>
    <points frame="63" outside="0" occluded="0" keyframe="0" points="483.91,626.34" z_order="0">
    </points>
    <points frame="64" outside="0" occluded="0" keyframe="0" points="483.93,626.37" z_order="0">
    </points>
    <points frame="65" outside="0" occluded="0" keyframe="0" points="483.95,626.40" z_order="0">
    </points>
    <points frame="66" outside="0" occluded="0" keyframe="0" points="483.97,626.43" z_order="0">
    </points>
    <points frame="67" outside="0" occluded="0" keyframe="0" points="483.99,626.46" z_order="0">
    </points>
    <points frame="68" outside="0" occluded="0" keyframe="0" points="484.02,626.49" z_order="0">
    </points>
    <points frame="69" outside="0" occluded="0" keyframe="0" points="484.04,626.52" z_order="0">
    </points>
    <points frame="70" outside="0" occluded="0" keyframe="0" points="484.06,626.55" z_order="0">
    </points>
    <points frame="71" outside="0" occluded="0" keyframe="0" points="484.08,626.58" z_order="0">
    </points>
    <points frame="72" outside="0" occluded="0" keyframe="0" points="484.10,626.61" z_order="0">
    </points>
    <points frame="73" outside="0" occluded="0" keyframe="0" points="484.13,626.64" z_order="0">
    </points>
    <points frame="74" outside="0" occluded="0" keyframe="0" points="484.15,626.67" z_order="0">
    </points>
    <points frame="75" outside="0" occluded="0" keyframe="0" points="484.17,626.70" z_order="0">
    </points>
    <points frame="76" outside="0" occluded="0" keyframe="0" points="484.19,626.74" z_order="0">
    </points>
    <points frame="77" outside="0" occluded="0" keyframe="0" points="484.22,626.77" z_order="0">
    </points>
    <points frame="78" outside="0" occluded="0" keyframe="0" points="484.24,626.80" z_order="0">
    </points>
    <points frame="79" outside="0" occluded="0" keyframe="0" points="484.26,626.83" z_order="0">
    </points>
    <points frame="80" outside="0" occluded="0" keyframe="0" points="484.28,626.86" z_order="0">
    </points>
    <points frame="81" outside="0" occluded="0" keyframe="0" points="484.30,626.89" z_order="0">
    </points>
    <points frame="82" outside="0" occluded="0" keyframe="0" points="484.33,626.92" z_order="0">
    </points>
    <points frame="83" outside="0" occluded="0" keyframe="0" points="484.35,626.95" z_order="0">
    </points>
    <points frame="84" outside="0" occluded="0" keyframe="0" points="484.37,626.98" z_order="0">
    </points>
    <points frame="85" outside="0" occluded="0" keyframe="0" points="484.39,627.01" z_order="0">
    </points>
    <points frame="86" outside="0" occluded="0" keyframe="0" points="484.42,627.04" z_order="0">
    </points>
    <points frame="87" outside="0" occluded="0" keyframe="0" points="484.44,627.07" z_order="0">
    </points>
    <points frame="88" outside="0" occluded="0" keyframe="0" points="484.46,627.10" z_order="0">
    </points>
    <points frame="89" outside="0" occluded="0" keyframe="0" points="484.48,627.13" z_order="0">
    </points>
    <points frame="90" outside="0" occluded="0" keyframe="0" points="484.50,627.16" z_order="0">
    </points>
    <points frame="91" outside="0" occluded="0" keyframe="0" points="484.53,627.19" z_order="0">
    </points>
    <points frame="92" outside="0" occluded="0" keyframe="0" points="484.55,627.22" z_order="0">
    </points>
    <points frame="93" outside="0" occluded="0" keyframe="0" points="484.57,627.25" z_order="0">
    </points>
    <points frame="94" outside="0" occluded="0" keyframe="0" points="484.59,627.28" z_order="0">
    </points>
    <points frame="95" outside="0" occluded="0" keyframe="0" points="484.61,627.31" z_order="0">
    </points>
    <points frame="96" outside="0" occluded="0" keyframe="0" points="484.64,627.34" z_order="0">
    </points>
    <points frame="97" outside="0" occluded="0" keyframe="0" points="484.66,627.37" z_order="0">
    </points>
    <points frame="98" outside="0" occluded="0" keyframe="0" points="484.68,627.40" z_order="0">
    </points>
    <points frame="99" outside="0" occluded="0" keyframe="0" points="484.70,627.44" z_order="0">
    </points>
    <points frame="100" outside="0" occluded="0" keyframe="0" points="484.73,627.47" z_order="0">
    </points>
    <points frame="101" outside="0" occluded="0" keyframe="0" points="484.75,627.50" z_order="0">
    </points>
    <points frame="102" outside="0" occluded="0" keyframe="0" points="484.77,627.53" z_order="0">
    </points>
    <points frame="103" outside="0" occluded="0" keyframe="0" points="484.79,627.56" z_order="0">
    </points>
    <points frame="104" outside="0" occluded="0" keyframe="0" points="484.81,627.59" z_order="0">
    </points>
    <points frame="105" outside="0" occluded="0" keyframe="0" points="484.84,627.62" z_order="0">
    </points>
    <points frame="106" outside="0" occluded="0" keyframe="0" points="484.86,627.65" z_order="0">
    </points>
    <points frame="107" outside="0" occluded="0" keyframe="0" points="484.88,627.68" z_order="0">
    </points>
    <points frame="108" outside="0" occluded="0" keyframe="0" points="484.90,627.71" z_order="0">
    </points>
    <points frame="109" outside="0" occluded="0" keyframe="0" points="484.93,627.74" z_order="0">
    </points>
    <points frame="110" outside="0" occluded="0" keyframe="0" points="484.95,627.77" z_order="0">
    </points>
    <points frame="111" outside="0" occluded="0" keyframe="0" points="484.97,627.80" z_order="0">
    </points>
    <points frame="112" outside="0" occluded="0" keyframe="0" points="484.99,627.83" z_order="0">
    </points>
    <points frame="113" outside="0" occluded="0" keyframe="0" points="485.01,627.86" z_order="0">
    </points>
    <points frame="114" outside="0" occluded="0" keyframe="0" points="485.04,627.89" z_order="0">
    </points>
    <points frame="115" outside="0" occluded="0" keyframe="0" points="485.06,627.92" z_order="0">
    </points>
    <points frame="116" outside="0" occluded="0" keyframe="0" points="485.08,627.95" z_order="0">
    </points>
    <points frame="117" outside="0" occluded="0" keyframe="0" points="485.10,627.98" z_order="0">
    </points>
    <points frame="118" outside="0" occluded="0" keyframe="0" points="485.12,628.01" z_order="0">
    </points>
    <points frame="119" outside="0" occluded="0" keyframe="0" points="485.15,628.04" z_order="0">
    </points>
    <points frame="120" outside="0" occluded="0" keyframe="0" points="485.17,628.07" z_order="0">
    </points>
    <points frame="121" outside="0" occluded="0" keyframe="0" points="485.19,628.10" z_order="0">
    </points>
    <points frame="122" outside="0" occluded="0" keyframe="0" points="485.21,628.14" z_order="0">
    </points>
    <points frame="123" outside="0" occluded="0" keyframe="0" points="485.24,628.17" z_order="0">
    </points>
    <points frame="124" outside="0" occluded="0" keyframe="0" points="485.26,628.20" z_order="0">
    </points>
    <points frame="125" outside="0" occluded="0" keyframe="0" points="485.28,628.23" z_order="0">
    </points>
    <points frame="126" outside="0" occluded="0" keyframe="0" points="485.30,628.26" z_order="0">
    </points>
    <points frame="127" outside="0" occluded="0" keyframe="0" points="485.32,628.29" z_order="0">
    </points>
    <points frame="128" outside="0" occluded="0" keyframe="0" points="485.35,628.32" z_order="0">
    </points>
    <points frame="129" outside="0" occluded="0" keyframe="0" points="485.37,628.35" z_order="0">
    </points>
    <points frame="130" outside="0" occluded="0" keyframe="0" points="485.39,628.38" z_order="0">
    </points>
    <points frame="131" outside="0" occluded="0" keyframe="0" points="485.41,628.41" z_order="0">
    </points>
    <points frame="132" outside="0" occluded="0" keyframe="0" points="485.44,628.44" z_order="0">
    </points>
    <points frame="133" outside="0" occluded="0" keyframe="0" points="485.46,628.47" z_order="0">
    </points>
    <points frame="134" outside="0" occluded="0" keyframe="0" points="485.48,628.50" z_order="0">
    </points>
    <points frame="135" outside="0" occluded="0" keyframe="0" points="485.50,628.53" z_order="0">
    </points>
    <points frame="136" outside="0" occluded="0" keyframe="0" points="485.52,628.56" z_order="0">
    </points>
    <points frame="137" outside="0" occluded="0" keyframe="0" points="485.55,628.59" z_order="0">
    </points>
    <points frame="138" outside="0" occluded="0" keyframe="0" points="485.57,628.62" z_order="0">
    </points>
    <points frame="139" outside="0" occluded="0" keyframe="0" points="485.59,628.65" z_order="0">
    </points>
    <points frame="140" outside="0" occluded="0" keyframe="0" points="485.61,628.68" z_order="0">
    </points>
    <points frame="141" outside="0" occluded="0" keyframe="0" points="485.64,628.71" z_order="0">
    </points>
    <points frame="142" outside="0" occluded="0" keyframe="0" points="485.66,628.74" z_order="0">
    </points>
    <points frame="143" outside="0" occluded="0" keyframe="0" points="485.68,628.77" z_order="0">
    </points>
    <points frame="144" outside="0" occluded="0" keyframe="0" points="485.70,628.80" z_order="0">
    </points>
    <points frame="145" outside="0" occluded="0" keyframe="0" points="485.72,628.83" z_order="0">
    </points>
    <points frame="146" outside="0" occluded="0" keyframe="0" points="485.75,628.87" z_order="0">
    </points>
    <points frame="147" outside="0" occluded="0" keyframe="0" points="485.77,628.90" z_order="0">
    </points>
    <points frame="148" outside="0" occluded="0" keyframe="0" points="485.79,628.93" z_order="0">
    </points>
    <points frame="149" outside="0" occluded="0" keyframe="0" points="485.81,628.96" z_order="0">
    </points>
    <points frame="150" outside="0" occluded="0" keyframe="0" points="485.83,628.99" z_order="0">
    </points>
    <points frame="151" outside="0" occluded="0" keyframe="0" points="485.86,629.02" z_order="0">
    </points>
    <points frame="152" outside="0" occluded="0" keyframe="0" points="485.88,629.05" z_order="0">
    </points>
    <points frame="153" outside="0" occluded="0" keyframe="0" points="485.90,629.08" z_order="0">
    </points>
    <points frame="154" outside="0" occluded="0" keyframe="0" points="485.92,629.11" z_order="0">
    </points>
    <points frame="155" outside="0" occluded="0" keyframe="0" points="485.95,629.14" z_order="0">
    </points>
    <points frame="156" outside="0" occluded="0" keyframe="0" points="485.97,629.17" z_order="0">
    </points>
    <points frame="157" outside="0" occluded="0" keyframe="0" points="485.99,629.20" z_order="0">
    </points>
    <points frame="158" outside="0" occluded="0" keyframe="0" points="486.01,629.23" z_order="0">
    </points>
    <points frame="159" outside="0" occluded="0" keyframe="0" points="486.03,629.26" z_order="0">
    </points>
    <points frame="160" outside="0" occluded="0" keyframe="0" points="486.06,629.29" z_order="0">
    </points>
    <points frame="161" outside="0" occluded="0" keyframe="0" points="486.08,629.32" z_order="0">
    </points>
    <points frame="162" outside="0" occluded="0" keyframe="0" points="486.10,629.35" z_order="0">
    </points>
    <points frame="163" outside="0" occluded="0" keyframe="0" points="486.12,629.38" z_order="0">
    </points>
    <points frame="164" outside="0" occluded="0" keyframe="0" points="486.15,629.41" z_order="0">
    </points>
    <points frame="165" outside="0" occluded="0" keyframe="0" points="486.17,629.44" z_order="0">
    </points>
    <points frame="166" outside="0" occluded="0" keyframe="0" points="486.19,629.47" z_order="0">
    </points>
    <points frame="167" outside="0" occluded="0" keyframe="0" points="486.21,629.50" z_order="0">
    </points>
    <points frame="168" outside="0" occluded="0" keyframe="0" points="486.23,629.53" z_order="0">
    </points>
    <points frame="169" outside="0" occluded="0" keyframe="0" points="486.26,629.57" z_order="0">
    </points>
    <points frame="170" outside="0" occluded="0" keyframe="0" points="486.28,629.60" z_order="0">
    </points>
    <points frame="171" outside="0" occluded="0" keyframe="0" points="486.30,629.63" z_order="0">
    </points>
    <points frame="172" outside="0" occluded="0" keyframe="0" points="486.32,629.66" z_order="0">
    </points>
    <points frame="173" outside="0" occluded="0" keyframe="0" points="486.34,629.69" z_order="0">
    </points>
    <points frame="174" outside="0" occluded="0" keyframe="0" points="486.37,629.72" z_order="0">
    </points>
    <points frame="175" outside="0" occluded="0" keyframe="0" points="486.39,629.75" z_order="0">
    </points>
    <points frame="176" outside="0" occluded="0" keyframe="0" points="486.41,629.78" z_order="0">
    </points>
    <points frame="177" outside="0" occluded="0" keyframe="0" points="486.43,629.81" z_order="0">
    </points>
    <points frame="178" outside="0" occluded="0" keyframe="0" points="486.46,629.84" z_order="0">
    </points>
    <points frame="179" outside="0" occluded="0" keyframe="0" points="486.48,629.87" z_order="0">
    </points>
    <points frame="180" outside="0" occluded="0" keyframe="1" points="486.50,629.90" z_order="0">
    </points>
    <points frame="181" outside="0" occluded="0" keyframe="0" points="486.52,630.77" z_order="0">
    </points>
    <points frame="182" outside="0" occluded="0" keyframe="0" points="486.54,631.64" z_order="0">
    </points>
    <points frame="183" outside="0" occluded="0" keyframe="0" points="486.56,632.51" z_order="0">
    </points>
    <points frame="184" outside="0" occluded="0" keyframe="0" points="486.58,633.38" z_order="0">
    </points>
    <points frame="185" outside="0" occluded="0" keyframe="0" points="486.60,634.25" z_order="0">
    </points>
    <points frame="186" outside="0" occluded="0" keyframe="0" points="486.62,635.12" z_order="0">
    </points>
    <points frame="187" outside="0" occluded="0" keyframe="0" points="486.64,635.99" z_order="0">
    </points>
    <points frame="188" outside="0" occluded="0" keyframe="0" points="486.66,636.86" z_order="0">
    </points>
    <points frame="189" outside="0" occluded="0" keyframe="0" points="486.68,637.73" z_order="0">
    </points>
    <points frame="190" outside="0" occluded="0" keyframe="1" points="486.70,638.60" z_order="0">
    </points>
    <points frame="191" outside="0" occluded="0" keyframe="0" points="486.72,638.12" z_order="0">
    </points>
    <points frame="192" outside="0" occluded="0" keyframe="0" points="486.74,637.64" z_order="0">
    </points>
    <points frame="193" outside="0" occluded="0" keyframe="0" points="486.76,637.16" z_order="0">
    </points>
    <points frame="194" outside="0" occluded="0" keyframe="0" points="486.78,636.68" z_order="0">
    </points>
    <points frame="195" outside="0" occluded="0" keyframe="0" points="486.80,636.20" z_order="0">
    </points>
    <points frame="196" outside="0" occluded="0" keyframe="0" points="486.82,635.72" z_order="0">
    </points>
    <points frame="197" outside="0" occluded="0" keyframe="0" points="486.84,635.24" z_order="0">
    </points>
    <points frame="198" outside="0" occluded="0" keyframe="0" points="486.86,634.76" z_order="0">
    </points>
    <points frame="199" outside="0" occluded="0" keyframe="0" points="486.88,634.28" z_order="0">
    </points>
    <points frame="200" outside="0" occluded="0" keyframe="1" points="486.90,633.80" z_order="0">
    </points>
    <points frame="201" outside="0" occluded="0" keyframe="0" points="484.84,635.09" z_order="0">
    </points>
    <points frame="202" outside="0" occluded="0" keyframe="0" points="482.78,636.38" z_order="0">
    </points>
    <points frame="203" outside="0" occluded="0" keyframe="0" points="480.72,637.67" z_order="0">
    </points>
    <points frame="204" outside="0" occluded="0" keyframe="0" points="478.66,638.96" z_order="0">
    </points>
    <points frame="205" outside="0" occluded="0" keyframe="0" points="476.60,640.25" z_order="0">
    </points>
    <points frame="206" outside="0" occluded="0" keyframe="0" points="474.54,641.54" z_order="0">
    </points>
    <points frame="207" outside="0" occluded="0" keyframe="0" points="472.48,642.83" z_order="0">
    </points>
    <points frame="208" outside="0" occluded="0" keyframe="0" points="470.42,644.12" z_order="0">
    </points>
    <points frame="209" outside="0" occluded="0" keyframe="0" points="468.36,645.41" z_order="0">
    </points>
    <points frame="210" outside="0" occluded="0" keyframe="1" points="466.30,646.70" z_order="0">
    </points>
    <points frame="211" outside="0" occluded="0" keyframe="0" points="467.19,645.84" z_order="0">
    </points>
    <points frame="212" outside="0" occluded="0" keyframe="0" points="468.08,644.98" z_order="0">
    </points>
    <points frame="213" outside="0" occluded="0" keyframe="0" points="468.97,644.12" z_order="0">
    </points>
    <points frame="214" outside="0" occluded="0" keyframe="0" points="469.86,643.26" z_order="0">
    </points>
    <points frame="215" outside="0" occluded="0" keyframe="0" points="470.75,642.40" z_order="0">
    </points>
    <points frame="216" outside="0" occluded="0" keyframe="0" points="471.64,641.54" z_order="0">
    </points>
    <points frame="217" outside="0" occluded="0" keyframe="0" points="472.53,640.68" z_order="0">
    </points>
    <points frame="218" outside="0" occluded="0" keyframe="0" points="473.42,639.82" z_order="0">
    </points>
    <points frame="219" outside="0" occluded="0" keyframe="0" points="474.31,638.96" z_order="0">
    </points>
    <points frame="220" outside="0" occluded="0" keyframe="1" points="475.20,638.10" z_order="0">
    </points>
    <points frame="221" outside="0" occluded="0" keyframe="0" points="476.27,636.37" z_order="0">
    </points>
    <points frame="222" outside="0" occluded="0" keyframe="0" points="477.34,634.64" z_order="0">
    </points>
    <points frame="223" outside="0" occluded="0" keyframe="0" points="478.41,632.91" z_order="0">
    </points>
    <points frame="224" outside="0" occluded="0" keyframe="0" points="479.48,631.18" z_order="0">
    </points>
    <points frame="225" outside="0" occluded="0" keyframe="0" points="480.55,629.45" z_order="0">
    </points>
    <points frame="226" outside="0" occluded="0" keyframe="0" points="481.62,627.72" z_order="0">
    </points>
    <points frame="227" outside="0" occluded="0" keyframe="0" points="482.69,625.99" z_order="0">
    </points>
    <points frame="228" outside="0" occluded="0" keyframe="0" points="483.76,624.26" z_order="0">
    </points>
    <points frame="229" outside="0" occluded="0" keyframe="0" points="484.83,622.53" z_order="0">
    </points>
    <points frame="230" outside="0" occluded="0" keyframe="1" points="485.90,620.80" z_order="0">
    </points>
    <points frame="231" outside="0" occluded="0" keyframe="0" points="484.11,621.21" z_order="0">
    </points>
    <points frame="232" outside="0" occluded="0" keyframe="0" points="482.32,621.62" z_order="0">
    </points>
    <points frame="233" outside="0" occluded="0" keyframe="0" points="480.53,622.03" z_order="0">
    </points>
    <points frame="234" outside="0" occluded="0" keyframe="0" points="478.74,622.44" z_order="0">
    </points>
    <points frame="235" outside="0" occluded="0" keyframe="0" points="476.96,622.86" z_order="0">
    </points>
    <points frame="236" outside="0" occluded="0" keyframe="0" points="475.17,623.27" z_order="0">
    </points>
    <points frame="237" outside="0" occluded="0" keyframe="0" points="473.38,623.68" z_order="0">
    </points>
    <points frame="238" outside="0" occluded="0" keyframe="0" points="471.59,624.09" z_order="0">
    </points>
    <points frame="239" outside="0" occluded="0" keyframe="1" points="469.80,624.50" z_order="0">
    </points>
    <points frame="240" outside="0" occluded="0" keyframe="1" points="470.90,622.00" z_order="0">
    </points>
    <points frame="241" outside="0" occluded="0" keyframe="1" points="462.50,628.50" z_order="0">
    </points>
    <points frame="242" outside="0" occluded="0" keyframe="0" points="467.36,627.61" z_order="0">
    </points>
    <points frame="243" outside="0" occluded="0" keyframe="0" points="472.21,626.72" z_order="0">
    </points>
    <points frame="244" outside="0" occluded="0" keyframe="0" points="477.07,625.83" z_order="0">
    </points>
    <points frame="245" outside="0" occluded="0" keyframe="0" points="481.92,624.94" z_order="0">
    </points>
    <points frame="246" outside="0" occluded="0" keyframe="0" points="486.78,624.06" z_order="0">
    </points>
    <points frame="247" outside="0" occluded="0" keyframe="0" points="491.63,623.17" z_order="0">
    </points>
    <points frame="248" outside="0" occluded="0" keyframe="0" points="496.49,622.28" z_order="0">
    </points>
    <points frame="249" outside="0" occluded="0" keyframe="0" points="501.34,621.39" z_order="0">
    </points>
    <points frame="250" outside="0" occluded="0" keyframe="1" points="506.20,620.50" z_order="0">
    </points>
    <points frame="251" outside="0" occluded="0" keyframe="0" points="502.86,621.45" z_order="0">
    </points>
    <points frame="252" outside="0" occluded="0" keyframe="0" points="499.52,622.40" z_order="0">
    </points>
    <points frame="253" outside="0" occluded="0" keyframe="0" points="496.18,623.35" z_order="0">
    </points>
    <points frame="254" outside="0" occluded="0" keyframe="0" points="492.84,624.30" z_order="0">
    </points>
    <points frame="255" outside="0" occluded="0" keyframe="0" points="489.50,625.25" z_order="0">
    </points>
    <points frame="256" outside="0" occluded="0" keyframe="0" points="486.16,626.20" z_order="0">
    </points>
    <points frame="257" outside="0" occluded="0" keyframe="0" points="482.82,627.15" z_order="0">
    </points>
    <points frame="258" outside="0" occluded="0" keyframe="0" points="479.48,628.10" z_order="0">
    </points>
    <points frame="259" outside="0" occluded="0" keyframe="0" points="476.14,629.05" z_order="0">
    </points>
    <points frame="260" outside="0" occluded="0" keyframe="1" points="472.80,630.00" z_order="0">
    </points>
    <points frame="261" outside="0" occluded="0" keyframe="0" points="475.50,629.88" z_order="0">
    </points>
    <points frame="262" outside="0" occluded="0" keyframe="0" points="478.20,629.76" z_order="0">
    </points>
    <points frame="263" outside="0" occluded="0" keyframe="0" points="480.90,629.64" z_order="0">
    </points>
    <points frame="264" outside="0" occluded="0" keyframe="0" points="483.60,629.52" z_order="0">
    </points>
    <points frame="265" outside="0" occluded="0" keyframe="0" points="486.30,629.40" z_order="0">
    </points>
    <points frame="266" outside="0" occluded="0" keyframe="0" points="489.00,629.28" z_order="0">
    </points>
    <points frame="267" outside="0" occluded="0" keyframe="0" points="491.70,629.16" z_order="0">
    </points>
    <points frame="268" outside="0" occluded="0" keyframe="0" points="494.40,629.04" z_order="0">
    </points>
    <points frame="269" outside="0" occluded="0" keyframe="0" points="497.10,628.92" z_order="0">
    </points>
    <points frame="270" outside="0" occluded="0" keyframe="1" points="499.80,628.80" z_order="0">
    </points>
    <points frame="271" outside="0" occluded="0" keyframe="0" points="496.16,629.66" z_order="0">
    </points>
    <points frame="272" outside="0" occluded="0" keyframe="0" points="492.51,630.51" z_order="0">
    </points>
    <points frame="273" outside="0" occluded="0" keyframe="0" points="488.87,631.37" z_order="0">
    </points>
    <points frame="274" outside="0" occluded="0" keyframe="0" points="485.23,632.23" z_order="0">
    </points>
    <points frame="275" outside="0" occluded="0" keyframe="0" points="481.59,633.09" z_order="0">
    </points>
    <points frame="276" outside="0" occluded="0" keyframe="0" points="477.94,633.94" z_order="0">
    </points>
    <points frame="277" outside="0" occluded="0" keyframe="1" points="474.30,634.80" z_order="0">
    </points>
    <points frame="278" outside="0" occluded="0" keyframe="0" points="480.73,633.77" z_order="0">
    </points>
    <points frame="279" outside="0" occluded="0" keyframe="0" points="487.17,632.73" z_order="0">
    </points>
    <points frame="280" outside="0" occluded="0" keyframe="1" points="493.60,631.70" z_order="0">
    </points>
    <points frame="281" outside="0" occluded="0" keyframe="0" points="493.10,631.87" z_order="0">
    </points>
    <points frame="282" outside="0" occluded="0" keyframe="0" points="492.61,632.05" z_order="0">
    </points>
    <points frame="283" outside="0" occluded="0" keyframe="0" points="492.11,632.22" z_order="0">
    </points>
    <points frame="284" outside="0" occluded="0" keyframe="0" points="491.61,632.39" z_order="0">
    </points>
    <points frame="285" outside="0" occluded="0" keyframe="0" points="491.12,632.57" z_order="0">
    </points>
    <points frame="286" outside="0" occluded="0" keyframe="0" points="490.62,632.74" z_order="0">
    </points>
    <points frame="287" outside="0" occluded="0" keyframe="0" points="490.12,632.91" z_order="0">
    </points>
    <points frame="288" outside="0" occluded="0" keyframe="0" points="489.63,633.09" z_order="0">
    </points>
    <points frame="289" outside="0" occluded="0" keyframe="0" points="489.13,633.26" z_order="0">
    </points>
    <points frame="290" outside="0" occluded="0" keyframe="0" points="488.63,633.43" z_order="0">
    </points>
    <points frame="291" outside="0" occluded="0" keyframe="0" points="488.14,633.61" z_order="0">
    </points>
    <points frame="292" outside="0" occluded="0" keyframe="0" points="487.64,633.78" z_order="0">
    </points>
    <points frame="293" outside="0" occluded="0" keyframe="0" points="487.14,633.95" z_order="0">
    </points>
    <points frame="294" outside="0" occluded="0" keyframe="0" points="486.65,634.13" z_order="0">
    </points>
    <points frame="295" outside="0" occluded="0" keyframe="0" points="486.15,634.30" z_order="0">
    </points>
    <points frame="296" outside="0" occluded="0" keyframe="0" points="485.65,634.47" z_order="0">
    </points>
    <points frame="297" outside="0" occluded="0" keyframe="0" points="485.16,634.65" z_order="0">
    </points>
    <points frame="298" outside="0" occluded="0" keyframe="0" points="484.66,634.82" z_order="0">
    </points>
    <points frame="299" outside="0" occluded="0" keyframe="0" points="484.16,634.99" z_order="0">
    </points>
    <points frame="300" outside="0" occluded="0" keyframe="0" points="483.67,635.17" z_order="0">
    </points>
    <points frame="301" outside="0" occluded="0" keyframe="0" points="483.17,635.34" z_order="0">
    </points>
    <points frame="302" outside="0" occluded="0" keyframe="0" points="482.67,635.51" z_order="0">
    </points>
    <points frame="303" outside="0" occluded="0" keyframe="0" points="482.18,635.69" z_order="0">
    </points>
    <points frame="304" outside="0" occluded="0" keyframe="0" points="481.68,635.86" z_order="0">
    </points>
    <points frame="305" outside="0" occluded="0" keyframe="0" points="481.18,636.03" z_order="0">
    </points>
    <points frame="306" outside="0" occluded="0" keyframe="0" points="480.69,636.21" z_order="0">
    </points>
    <points frame="307" outside="0" occluded="0" keyframe="0" points="480.19,636.38" z_order="0">
    </points>
    <points frame="308" outside="0" occluded="0" keyframe="0" points="479.69,636.55" z_order="0">
    </points>
    <points frame="309" outside="0" occluded="0" keyframe="0" points="479.20,636.73" z_order="0">
    </points>
    <points frame="310" outside="0" occluded="0" keyframe="1" points="478.70,636.90" z_order="0">
    </points>
    <points frame="311" outside="0" occluded="0" keyframe="0" points="478.69,637.21" z_order="0">
    </points>
    <points frame="312" outside="0" occluded="0" keyframe="0" points="478.68,637.52" z_order="0">
    </points>
    <points frame="313" outside="0" occluded="0" keyframe="0" points="478.67,637.83" z_order="0">
    </points>
    <points frame="314" outside="0" occluded="0" keyframe="0" points="478.66,638.14" z_order="0">
    </points>
    <points frame="315" outside="0" occluded="0" keyframe="0" points="478.65,638.45" z_order="0">
    </points>
    <points frame="316" outside="0" occluded="0" keyframe="0" points="478.64,638.76" z_order="0">
    </points>
    <points frame="317" outside="0" occluded="0" keyframe="0" points="478.63,639.07" z_order="0">
    </points>
    <points frame="318" outside="0" occluded="0" keyframe="0" points="478.62,639.38" z_order="0">
    </points>
    <points frame="319" outside="0" occluded="0" keyframe="0" points="478.61,639.69" z_order="0">
    </points>
    <points frame="320" outside="0" occluded="0" keyframe="1" points="478.60,640.00" z_order="0">
    </points>
    <points frame="321" outside="0" occluded="0" keyframe="0" points="478.59,639.10" z_order="0">
    </points>
    <points frame="322" outside="0" occluded="0" keyframe="0" points="478.58,638.20" z_order="0">
    </points>
    <points frame="323" outside="0" occluded="0" keyframe="0" points="478.57,637.30" z_order="0">
    </points>
    <points frame="324" outside="0" occluded="0" keyframe="0" points="478.56,636.40" z_order="0">
    </points>
    <points frame="325" outside="0" occluded="0" keyframe="0" points="478.55,635.50" z_order="0">
    </points>
    <points frame="326" outside="0" occluded="0" keyframe="0" points="478.54,634.60" z_order="0">
    </points>
    <points frame="327" outside="0" occluded="0" keyframe="0" points="478.53,633.70" z_order="0">
    </points>
    <points frame="328" outside="0" occluded="0" keyframe="0" points="478.52,632.80" z_order="0">
    </points>
    <points frame="329" outside="0" occluded="0" keyframe="0" points="478.51,631.90" z_order="0">
    </points>
    <points frame="330" outside="0" occluded="0" keyframe="1" points="478.50,631.00" z_order="0">
    </points>
    <points frame="331" outside="0" occluded="0" keyframe="0" points="478.50,631.00" z_order="0">
    </points>
    <points frame="332" outside="0" occluded="0" keyframe="0" points="478.50,631.00" z_order="0">
    </points>
    <points frame="333" outside="0" occluded="0" keyframe="0" points="478.50,631.00" z_order="0">
    </points>
    <points frame="334" outside="0" occluded="0" keyframe="0" points="478.50,631.00" z_order="0">
    </points>
    <points frame="335" outside="0" occluded="0" keyframe="0" points="478.50,631.00" z_order="0">
    </points>
    <points frame="336" outside="0" occluded="0" keyframe="0" points="478.50,631.00" z_order="0">
    </points>
    <points frame="337" outside="0" occluded="0" keyframe="0" points="478.50,631.00" z_order="0">
    </points>
    <points frame="338" outside="0" occluded="0" keyframe="0" points="478.50,631.00" z_order="0">
    </points>
    <points frame="339" outside="0" occluded="0" keyframe="0" points="478.50,631.00" z_order="0">
    </points>
    <points frame="340" outside="0" occluded="0" keyframe="0" points="478.50,631.00" z_order="0">
    </points>
    <points frame="341" outside="0" occluded="0" keyframe="0" points="478.50,631.00" z_order="0">
    </points>
    <points frame="342" outside="0" occluded="0" keyframe="0" points="478.50,631.00" z_order="0">
    </points>
    <points frame="343" outside="0" occluded="0" keyframe="0" points="478.50,631.00" z_order="0">
    </points>
    <points frame="344" outside="0" occluded="0" keyframe="0" points="478.50,631.00" z_order="0">
    </points>
    <points frame="345" outside="0" occluded="0" keyframe="0" points="478.50,631.00" z_order="0">
    </points>
    <points frame="346" outside="0" occluded="0" keyframe="0" points="478.50,631.00" z_order="0">
    </points>
    <points frame="347" outside="0" occluded="0" keyframe="0" points="478.50,631.00" z_order="0">
    </points>
    <points frame="348" outside="0" occluded="0" keyframe="0" points="478.50,631.00" z_order="0">
    </points>
    <points frame="349" outside="0" occluded="0" keyframe="0" points="478.50,631.00" z_order="0">
    </points>
    <points frame="350" outside="0" occluded="0" keyframe="0" points="478.50,631.00" z_order="0">
    </points>
    <points frame="351" outside="0" occluded="0" keyframe="0" points="478.50,631.00" z_order="0">
    </points>
    <points frame="352" outside="0" occluded="0" keyframe="0" points="478.50,631.00" z_order="0">
    </points>
    <points frame="353" outside="0" occluded="0" keyframe="0" points="478.50,631.00" z_order="0">
    </points>
    <points frame="354" outside="0" occluded="0" keyframe="0" points="478.50,631.00" z_order="0">
    </points>
    <points frame="355" outside="0" occluded="0" keyframe="0" points="478.50,631.00" z_order="0">
    </points>
    <points frame="356" outside="0" occluded="0" keyframe="0" points="478.50,631.00" z_order="0">
    </points>
    <points frame="357" outside="0" occluded="0" keyframe="0" points="478.50,631.00" z_order="0">
    </points>
    <points frame="358" outside="0" occluded="0" keyframe="0" points="478.50,631.00" z_order="0">
    </points>
    <points frame="359" outside="0" occluded="0" keyframe="0" points="478.50,631.00" z_order="0">
    </points>
    <points frame="360" outside="0" occluded="0" keyframe="0" points="478.50,631.00" z_order="0">
    </points>
    <points frame="361" outside="0" occluded="0" keyframe="0" points="478.50,631.00" z_order="0">
    </points>
    <points frame="362" outside="0" occluded="0" keyframe="0" points="478.50,631.00" z_order="0">
    </points>
    <points frame="363" outside="0" occluded="0" keyframe="0" points="478.50,631.00" z_order="0">
    </points>
    <points frame="364" outside="0" occluded="0" keyframe="0" points="478.50,631.00" z_order="0">
    </points>
    <points frame="365" outside="0" occluded="0" keyframe="0" points="478.50,631.00" z_order="0">
    </points>
    <points frame="366" outside="0" occluded="0" keyframe="0" points="478.50,631.00" z_order="0">
    </points>
    <points frame="367" outside="0" occluded="0" keyframe="0" points="478.50,631.00" z_order="0">
    </points>
    <points frame="368" outside="0" occluded="0" keyframe="0" points="478.50,631.00" z_order="0">
    </points>
    <points frame="369" outside="0" occluded="0" keyframe="0" points="478.50,631.00" z_order="0">
    </points>
    <points frame="370" outside="0" occluded="0" keyframe="0" points="478.50,631.00" z_order="0">
    </points>
    <points frame="371" outside="0" occluded="0" keyframe="0" points="478.50,631.00" z_order="0">
    </points>
    <points frame="372" outside="0" occluded="0" keyframe="0" points="478.50,631.00" z_order="0">
    </points>
    <points frame="373" outside="0" occluded="0" keyframe="0" points="478.50,631.00" z_order="0">
    </points>
    <points frame="374" outside="0" occluded="0" keyframe="0" points="478.50,631.00" z_order="0">
    </points>
    <points frame="375" outside="0" occluded="0" keyframe="0" points="478.50,631.00" z_order="0">
    </points>
    <points frame="376" outside="0" occluded="0" keyframe="0" points="478.50,631.00" z_order="0">
    </points>
    <points frame="377" outside="0" occluded="0" keyframe="0" points="478.50,631.00" z_order="0">
    </points>
    <points frame="378" outside="0" occluded="0" keyframe="0" points="478.50,631.00" z_order="0">
    </points>
    <points frame="379" outside="0" occluded="0" keyframe="0" points="478.50,631.00" z_order="0">
    </points>
    <points frame="380" outside="0" occluded="0" keyframe="0" points="478.50,631.00" z_order="0">
    </points>
    <points frame="381" outside="0" occluded="0" keyframe="0" points="478.50,631.00" z_order="0">
    </points>
    <points frame="382" outside="0" occluded="0" keyframe="0" points="478.50,631.00" z_order="0">
    </points>
    <points frame="383" outside="0" occluded="0" keyframe="0" points="478.50,631.00" z_order="0">
    </points>
    <points frame="384" outside="0" occluded="0" keyframe="0" points="478.50,631.00" z_order="0">
    </points>
    <points frame="385" outside="0" occluded="0" keyframe="0" points="478.50,631.00" z_order="0">
    </points>
    <points frame="386" outside="0" occluded="0" keyframe="0" points="478.50,631.00" z_order="0">
    </points>
    <points frame="387" outside="0" occluded="0" keyframe="0" points="478.50,631.00" z_order="0">
    </points>
    <points frame="388" outside="0" occluded="0" keyframe="0" points="478.50,631.00" z_order="0">
    </points>
    <points frame="389" outside="0" occluded="0" keyframe="0" points="478.50,631.00" z_order="0">
    </points>
    <points frame="390" outside="0" occluded="0" keyframe="0" points="478.50,631.00" z_order="0">
    </points>
    <points frame="391" outside="0" occluded="0" keyframe="0" points="478.50,631.00" z_order="0">
    </points>
    <points frame="392" outside="0" occluded="0" keyframe="0" points="478.50,631.00" z_order="0">
    </points>
    <points frame="393" outside="0" occluded="0" keyframe="0" points="478.50,631.00" z_order="0">
    </points>
    <points frame="394" outside="0" occluded="0" keyframe="0" points="478.50,631.00" z_order="0">
    </points>
    <points frame="395" outside="0" occluded="0" keyframe="0" points="478.50,631.00" z_order="0">
    </points>
    <points frame="396" outside="0" occluded="0" keyframe="0" points="478.50,631.00" z_order="0">
    </points>
    <points frame="397" outside="0" occluded="0" keyframe="0" points="478.50,631.00" z_order="0">
    </points>
    <points frame="398" outside="0" occluded="0" keyframe="0" points="478.50,631.00" z_order="0">
    </points>
    <points frame="399" outside="0" occluded="0" keyframe="0" points="478.50,631.00" z_order="0">
    </points>
    <points frame="400" outside="0" occluded="0" keyframe="0" points="478.50,631.00" z_order="0">
    </points>
    <points frame="401" outside="0" occluded="0" keyframe="0" points="478.50,631.00" z_order="0">
    </points>
    <points frame="402" outside="0" occluded="0" keyframe="0" points="478.50,631.00" z_order="0">
    </points>
    <points frame="403" outside="0" occluded="0" keyframe="0" points="478.50,631.00" z_order="0">
    </points>
    <points frame="404" outside="0" occluded="0" keyframe="0" points="478.50,631.00" z_order="0">
    </points>
    <points frame="405" outside="0" occluded="0" keyframe="0" points="478.50,631.00" z_order="0">
    </points>
    <points frame="406" outside="0" occluded="0" keyframe="0" points="478.50,631.00" z_order="0">
    </points>
    <points frame="407" outside="0" occluded="0" keyframe="0" points="478.50,631.00" z_order="0">
    </points>
    <points frame="408" outside="0" occluded="0" keyframe="0" points="478.50,631.00" z_order="0">
    </points>
    <points frame="409" outside="0" occluded="0" keyframe="0" points="478.50,631.00" z_order="0">
    </points>
    <points frame="410" outside="0" occluded="0" keyframe="0" points="478.50,631.00" z_order="0">
    </points>
    <points frame="411" outside="0" occluded="0" keyframe="0" points="478.50,631.00" z_order="0">
    </points>
    <points frame="412" outside="0" occluded="0" keyframe="0" points="478.50,631.00" z_order="0">
    </points>
    <points frame="413" outside="0" occluded="0" keyframe="0" points="478.50,631.00" z_order="0">
    </points>
    <points frame="414" outside="0" occluded="0" keyframe="0" points="478.50,631.00" z_order="0">
    </points>
    <points frame="415" outside="0" occluded="0" keyframe="0" points="478.50,631.00" z_order="0">
    </points>
    <points frame="416" outside="0" occluded="0" keyframe="0" points="478.50,631.00" z_order="0">
    </points>
    <points frame="417" outside="0" occluded="0" keyframe="0" points="478.50,631.00" z_order="0">
    </points>
    <points frame="418" outside="0" occluded="0" keyframe="0" points="478.50,631.00" z_order="0">
    </points>
    <points frame="419" outside="0" occluded="0" keyframe="0" points="478.50,631.00" z_order="0">
    </points>
    <points frame="420" outside="0" occluded="0" keyframe="0" points="478.50,631.00" z_order="0">
    </points>
    <points frame="421" outside="0" occluded="0" keyframe="0" points="478.50,631.00" z_order="0">
    </points>
    <points frame="422" outside="0" occluded="0" keyframe="0" points="478.50,631.00" z_order="0">
    </points>
    <points frame="423" outside="0" occluded="0" keyframe="0" points="478.50,631.00" z_order="0">
    </points>
    <points frame="424" outside="0" occluded="0" keyframe="0" points="478.50,631.00" z_order="0">
    </points>
    <points frame="425" outside="0" occluded="0" keyframe="0" points="478.50,631.00" z_order="0">
    </points>
    <points frame="426" outside="0" occluded="0" keyframe="0" points="478.50,631.00" z_order="0">
    </points>
    <points frame="427" outside="0" occluded="0" keyframe="0" points="478.50,631.00" z_order="0">
    </points>
    <points frame="428" outside="0" occluded="0" keyframe="0" points="478.50,631.00" z_order="0">
    </points>
    <points frame="429" outside="0" occluded="0" keyframe="0" points="478.50,631.00" z_order="0">
    </points>
    <points frame="430" outside="0" occluded="0" keyframe="0" points="478.50,631.00" z_order="0">
    </points>
    <points frame="431" outside="0" occluded="0" keyframe="0" points="478.50,631.00" z_order="0">
    </points>
    <points frame="432" outside="0" occluded="0" keyframe="0" points="478.50,631.00" z_order="0">
    </points>
    <points frame="433" outside="0" occluded="0" keyframe="0" points="478.50,631.00" z_order="0">
    </points>
    <points frame="434" outside="0" occluded="0" keyframe="0" points="478.50,631.00" z_order="0">
    </points>
    <points frame="435" outside="0" occluded="0" keyframe="0" points="478.50,631.00" z_order="0">
    </points>
    <points frame="436" outside="0" occluded="0" keyframe="0" points="478.50,631.00" z_order="0">
    </points>
    <points frame="437" outside="0" occluded="0" keyframe="0" points="478.50,631.00" z_order="0">
    </points>
    <points frame="438" outside="0" occluded="0" keyframe="0" points="478.50,631.00" z_order="0">
    </points>
    <points frame="439" outside="0" occluded="0" keyframe="0" points="478.50,631.00" z_order="0">
    </points>
    <points frame="440" outside="0" occluded="0" keyframe="0" points="478.50,631.00" z_order="0">
    </points>
    <points frame="441" outside="0" occluded="0" keyframe="0" points="478.50,631.00" z_order="0">
    </points>
    <points frame="442" outside="0" occluded="0" keyframe="0" points="478.50,631.00" z_order="0">
    </points>
    <points frame="443" outside="0" occluded="0" keyframe="0" points="478.50,631.00" z_order="0">
    </points>
    <points frame="444" outside="0" occluded="0" keyframe="0" points="478.50,631.00" z_order="0">
    </points>
    <points frame="445" outside="0" occluded="0" keyframe="0" points="478.50,631.00" z_order="0">
    </points>
    <points frame="446" outside="0" occluded="0" keyframe="0" points="478.50,631.00" z_order="0">
    </points>
    <points frame="447" outside="0" occluded="0" keyframe="0" points="478.50,631.00" z_order="0">
    </points>
    <points frame="448" outside="0" occluded="0" keyframe="0" points="478.50,631.00" z_order="0">
    </points>
    <points frame="449" outside="0" occluded="0" keyframe="0" points="478.50,631.00" z_order="0">
    </points>
    <points frame="450" outside="0" occluded="0" keyframe="0" points="478.50,631.00" z_order="0">
    </points>
    <points frame="451" outside="0" occluded="0" keyframe="0" points="478.50,631.00" z_order="0">
    </points>
    <points frame="452" outside="0" occluded="0" keyframe="0" points="478.50,631.00" z_order="0">
    </points>
    <points frame="453" outside="0" occluded="0" keyframe="0" points="478.50,631.00" z_order="0">
    </points>
    <points frame="454" outside="0" occluded="0" keyframe="0" points="478.50,631.00" z_order="0">
    </points>
    <points frame="455" outside="0" occluded="0" keyframe="0" points="478.50,631.00" z_order="0">
    </points>
    <points frame="456" outside="0" occluded="0" keyframe="0" points="478.50,631.00" z_order="0">
    </points>
    <points frame="457" outside="0" occluded="0" keyframe="0" points="478.50,631.00" z_order="0">
    </points>
    <points frame="458" outside="0" occluded="0" keyframe="0" points="478.50,631.00" z_order="0">
    </points>
    <points frame="459" outside="0" occluded="0" keyframe="0" points="478.50,631.00" z_order="0">
    </points>
    <points frame="460" outside="0" occluded="0" keyframe="0" points="478.50,631.00" z_order="0">
    </points>
    <points frame="461" outside="0" occluded="0" keyframe="0" points="478.50,631.00" z_order="0">
    </points>
    <points frame="462" outside="0" occluded="0" keyframe="0" points="478.50,631.00" z_order="0">
    </points>
    <points frame="463" outside="0" occluded="0" keyframe="0" points="478.50,631.00" z_order="0">
    </points>
    <points frame="464" outside="0" occluded="0" keyframe="0" points="478.50,631.00" z_order="0">
    </points>
    <points frame="465" outside="0" occluded="0" keyframe="0" points="478.50,631.00" z_order="0">
    </points>
    <points frame="466" outside="0" occluded="0" keyframe="0" points="478.50,631.00" z_order="0">
    </points>
    <points frame="467" outside="0" occluded="0" keyframe="0" points="478.50,631.00" z_order="0">
    </points>
  </track>
</annotations>
