<?xml version="1.0" encoding="utf-8"?>
<annotations>
  <version>1.1</version>
  <meta>
    <task>
      <id>112</id>
      <name>D01_5ML-L0-1</name>
      <size>451</size>
      <mode>interpolation</mode>
      <overlap>5</overlap>
      <bugtracker></bugtracker>
      <created>2021-11-20 03:47:01.118957+00:00</created>
      <updated>2021-11-20 04:58:48.242741+00:00</updated>
      <subset>default</subset>
      <start_frame>0</start_frame>
      <stop_frame>450</stop_frame>
      <frame_filter></frame_filter>
      <segments>
        <segment>
          <id>111</id>
          <start>0</start>
          <stop>450</stop>
          <url>http://localhost:8080/?id=111</url>
        </segment>
      </segments>
      <owner>
        <username>hubertachan</username>
        <email>hubertachan@gmail.com</email>
      </owner>
      <assignee></assignee>
      <labels>
        <label>
          <name>HB</name>
          <color>#3b0c73</color>
          <attributes>
          </attributes>
        </label>
      </labels>
      <original_size>
        <width>1068</width>
        <height>800</height>
      </original_size>
    </task>
    <dumped>2021-11-20 04:58:53.977907+00:00</dumped>
    <source>D01_5ML-L0-1.avi</source>
  </meta>
  <track id="0" label="HB" source="manual">
    <points frame="200" outside="0" occluded="0" keyframe="1" points="730.47,592.72" z_order="0">
    </points>
    <points frame="201" outside="0" occluded="0" keyframe="0" points="729.85,592.60" z_order="0">
    </points>
    <points frame="202" outside="0" occluded="0" keyframe="0" points="729.22,592.47" z_order="0">
    </points>
    <points frame="203" outside="0" occluded="0" keyframe="0" points="728.59,592.35" z_order="0">
    </points>
    <points frame="204" outside="0" occluded="0" keyframe="0" points="727.96,592.23" z_order="0">
    </points>
    <points frame="205" outside="0" occluded="0" keyframe="0" points="727.34,592.11" z_order="0">
    </points>
    <points frame="206" outside="0" occluded="0" keyframe="0" points="726.71,591.99" z_order="0">
    </points>
    <points frame="207" outside="0" occluded="0" keyframe="0" points="726.08,591.87" z_order="0">
    </points>
    <points frame="208" outside="0" occluded="0" keyframe="0" points="725.45,591.74" z_order="0">
    </points>
    <points frame="209" outside="0" occluded="0" keyframe="0" points="724.83,591.62" z_order="0">
    </points>
    <points frame="210" outside="0" occluded="0" keyframe="1" points="724.20,591.50" z_order="0">
    </points>
    <points frame="211" outside="0" occluded="0" keyframe="0" points="724.07,591.50" z_order="0">
    </points>
    <points frame="212" outside="0" occluded="0" keyframe="0" points="723.94,591.50" z_order="0">
    </points>
    <points frame="213" outside="0" occluded="0" keyframe="0" points="723.81,591.50" z_order="0">
    </points>
    <points frame="214" outside="0" occluded="0" keyframe="0" points="723.68,591.50" z_order="0">
    </points>
    <points frame="215" outside="0" occluded="0" keyframe="0" points="723.55,591.50" z_order="0">
    </points>
    <points frame="216" outside="0" occluded="0" keyframe="0" points="723.42,591.50" z_order="0">
    </points>
    <points frame="217" outside="0" occluded="0" keyframe="0" points="723.29,591.50" z_order="0">
    </points>
    <points frame="218" outside="0" occluded="0" keyframe="0" points="723.16,591.50" z_order="0">
    </points>
    <points frame="219" outside="0" occluded="0" keyframe="0" points="723.03,591.50" z_order="0">
    </points>
    <points frame="220" outside="0" occluded="0" keyframe="1" points="722.90,591.50" z_order="0">
    </points>
    <points frame="221" outside="0" occluded="0" keyframe="0" points="722.90,590.99" z_order="0">
    </points>
    <points frame="222" outside="0" occluded="0" keyframe="0" points="722.90,590.48" z_order="0">
    </points>
    <points frame="223" outside="0" occluded="0" keyframe="0" points="722.90,589.97" z_order="0">
    </points>
    <points frame="224" outside="0" occluded="0" keyframe="0" points="722.90,589.46" z_order="0">
    </points>
    <points frame="225" outside="0" occluded="0" keyframe="0" points="722.90,588.95" z_order="0">
    </points>
    <points frame="226" outside="0" occluded="0" keyframe="0" points="722.90,588.44" z_order="0">
    </points>
    <points frame="227" outside="0" occluded="0" keyframe="0" points="722.90,587.93" z_order="0">
    </points>
    <points frame="228" outside="0" occluded="0" keyframe="0" points="722.90,587.42" z_order="0">
    </points>
    <points frame="229" outside="0" occluded="0" keyframe="0" points="722.90,586.91" z_order="0">
    </points>
    <points frame="230" outside="0" occluded="0" keyframe="1" points="722.90,586.40" z_order="0">
    </points>
    <points frame="231" outside="0" occluded="0" keyframe="0" points="723.68,586.33" z_order="0">
    </points>
    <points frame="232" outside="0" occluded="0" keyframe="0" points="724.46,586.27" z_order="0">
    </points>
    <points frame="233" outside="0" occluded="0" keyframe="0" points="725.23,586.20" z_order="0">
    </points>
    <points frame="234" outside="0" occluded="0" keyframe="0" points="726.01,586.13" z_order="0">
    </points>
    <points frame="235" outside="0" occluded="0" keyframe="0" points="726.79,586.07" z_order="0">
    </points>
    <points frame="236" outside="0" occluded="0" keyframe="0" points="727.57,586.00" z_order="0">
    </points>
    <points frame="237" outside="0" occluded="0" keyframe="0" points="728.34,585.93" z_order="0">
    </points>
    <points frame="238" outside="0" occluded="0" keyframe="0" points="729.12,585.87" z_order="0">
    </points>
    <points frame="239" outside="0" occluded="0" keyframe="1" points="729.90,585.80" z_order="0">
    </points>
    <points frame="240" outside="0" occluded="0" keyframe="1" points="730.50,592.70" z_order="0">
    </points>
    <points frame="241" outside="0" occluded="0" keyframe="1" points="719.50,589.30" z_order="0">
    </points>
    <points frame="242" outside="0" occluded="0" keyframe="0" points="718.32,587.28" z_order="0">
    </points>
    <points frame="243" outside="0" occluded="0" keyframe="0" points="717.14,585.26" z_order="0">
    </points>
    <points frame="244" outside="0" occluded="0" keyframe="0" points="715.96,583.24" z_order="0">
    </points>
    <points frame="245" outside="0" occluded="0" keyframe="0" points="714.78,581.22" z_order="0">
    </points>
    <points frame="246" outside="0" occluded="0" keyframe="1" points="713.60,579.20" z_order="0">
    </points>
    <points frame="247" outside="0" occluded="0" keyframe="0" points="706.15,577.20" z_order="0">
    </points>
    <points frame="248" outside="0" occluded="0" keyframe="0" points="698.70,575.20" z_order="0">
    </points>
    <points frame="249" outside="0" occluded="0" keyframe="0" points="691.25,573.20" z_order="0">
    </points>
    <points frame="250" outside="0" occluded="0" keyframe="1" points="683.80,571.20" z_order="0">
    </points>
    <points frame="251" outside="0" occluded="0" keyframe="1" points="665.30,564.10" z_order="0">
    </points>
    <points frame="252" outside="0" occluded="0" keyframe="0" points="659.20,558.50" z_order="0">
    </points>
    <points frame="253" outside="0" occluded="0" keyframe="1" points="653.10,552.90" z_order="0">
    </points>
    <points frame="254" outside="0" occluded="0" keyframe="1" points="651.20,557.50" z_order="0">
    </points>
    <points frame="255" outside="0" occluded="0" keyframe="0" points="659.58,560.63" z_order="0">
    </points>
    <points frame="256" outside="0" occluded="0" keyframe="0" points="667.97,563.77" z_order="0">
    </points>
    <points frame="257" outside="0" occluded="0" keyframe="0" points="676.35,566.90" z_order="0">
    </points>
    <points frame="258" outside="0" occluded="0" keyframe="0" points="684.73,570.03" z_order="0">
    </points>
    <points frame="259" outside="0" occluded="0" keyframe="0" points="693.12,573.17" z_order="0">
    </points>
    <points frame="260" outside="0" occluded="0" keyframe="1" points="701.50,576.30" z_order="0">
    </points>
    <points frame="261" outside="0" occluded="0" keyframe="0" points="701.25,576.30" z_order="0">
    </points>
    <points frame="262" outside="0" occluded="0" keyframe="0" points="701.00,576.30" z_order="0">
    </points>
    <points frame="263" outside="0" occluded="0" keyframe="0" points="700.75,576.30" z_order="0">
    </points>
    <points frame="264" outside="0" occluded="0" keyframe="0" points="700.50,576.30" z_order="0">
    </points>
    <points frame="265" outside="0" occluded="0" keyframe="0" points="700.25,576.30" z_order="0">
    </points>
    <points frame="266" outside="0" occluded="0" keyframe="0" points="700.00,576.30" z_order="0">
    </points>
    <points frame="267" outside="0" occluded="0" keyframe="0" points="699.75,576.30" z_order="0">
    </points>
    <points frame="268" outside="0" occluded="0" keyframe="0" points="699.50,576.30" z_order="0">
    </points>
    <points frame="269" outside="0" occluded="0" keyframe="0" points="699.25,576.30" z_order="0">
    </points>
    <points frame="270" outside="0" occluded="0" keyframe="1" points="699.00,576.30" z_order="0">
    </points>
    <points frame="271" outside="0" occluded="0" keyframe="0" points="699.92,576.40" z_order="0">
    </points>
    <points frame="272" outside="0" occluded="0" keyframe="0" points="700.83,576.49" z_order="0">
    </points>
    <points frame="273" outside="0" occluded="0" keyframe="0" points="701.75,576.59" z_order="0">
    </points>
    <points frame="274" outside="0" occluded="0" keyframe="0" points="702.66,576.68" z_order="0">
    </points>
    <points frame="275" outside="0" occluded="0" keyframe="0" points="703.58,576.78" z_order="0">
    </points>
    <points frame="276" outside="0" occluded="0" keyframe="0" points="704.49,576.87" z_order="0">
    </points>
    <points frame="277" outside="0" occluded="0" keyframe="0" points="705.41,576.97" z_order="0">
    </points>
    <points frame="278" outside="0" occluded="0" keyframe="0" points="706.32,577.06" z_order="0">
    </points>
    <points frame="279" outside="0" occluded="0" keyframe="0" points="707.24,577.16" z_order="0">
    </points>
    <points frame="280" outside="0" occluded="0" keyframe="0" points="708.15,577.25" z_order="0">
    </points>
    <points frame="281" outside="0" occluded="0" keyframe="0" points="709.07,577.35" z_order="0">
    </points>
    <points frame="282" outside="0" occluded="0" keyframe="0" points="709.98,577.44" z_order="0">
    </points>
    <points frame="283" outside="0" occluded="0" keyframe="0" points="710.90,577.54" z_order="0">
    </points>
    <points frame="284" outside="0" occluded="0" keyframe="0" points="711.81,577.63" z_order="0">
    </points>
    <points frame="285" outside="0" occluded="0" keyframe="0" points="712.73,577.73" z_order="0">
    </points>
    <points frame="286" outside="0" occluded="0" keyframe="0" points="713.64,577.82" z_order="0">
    </points>
    <points frame="287" outside="0" occluded="0" keyframe="0" points="714.56,577.92" z_order="0">
    </points>
    <points frame="288" outside="0" occluded="0" keyframe="0" points="715.47,578.01" z_order="0">
    </points>
    <points frame="289" outside="0" occluded="0" keyframe="0" points="716.39,578.11" z_order="0">
    </points>
    <points frame="290" outside="0" occluded="0" keyframe="1" points="717.30,578.20" z_order="0">
    </points>
    <points frame="291" outside="0" occluded="0" keyframe="1" points="706.20,579.10" z_order="0">
    </points>
    <points frame="292" outside="0" occluded="0" keyframe="0" points="706.03,579.13" z_order="0">
    </points>
    <points frame="293" outside="0" occluded="0" keyframe="0" points="705.85,579.15" z_order="0">
    </points>
    <points frame="294" outside="0" occluded="0" keyframe="0" points="705.68,579.18" z_order="0">
    </points>
    <points frame="295" outside="0" occluded="0" keyframe="0" points="705.51,579.21" z_order="0">
    </points>
    <points frame="296" outside="0" occluded="0" keyframe="0" points="705.33,579.23" z_order="0">
    </points>
    <points frame="297" outside="0" occluded="0" keyframe="0" points="705.16,579.26" z_order="0">
    </points>
    <points frame="298" outside="0" occluded="0" keyframe="0" points="704.99,579.29" z_order="0">
    </points>
    <points frame="299" outside="0" occluded="0" keyframe="0" points="704.81,579.31" z_order="0">
    </points>
    <points frame="300" outside="0" occluded="0" keyframe="0" points="704.64,579.34" z_order="0">
    </points>
    <points frame="301" outside="0" occluded="0" keyframe="0" points="704.47,579.37" z_order="0">
    </points>
    <points frame="302" outside="0" occluded="0" keyframe="0" points="704.29,579.39" z_order="0">
    </points>
    <points frame="303" outside="0" occluded="0" keyframe="0" points="704.12,579.42" z_order="0">
    </points>
    <points frame="304" outside="0" occluded="0" keyframe="0" points="703.95,579.45" z_order="0">
    </points>
    <points frame="305" outside="0" occluded="0" keyframe="0" points="703.77,579.47" z_order="0">
    </points>
    <points frame="306" outside="0" occluded="0" keyframe="1" points="703.60,579.50" z_order="0">
    </points>
    <points frame="307" outside="0" occluded="0" keyframe="0" points="695.83,577.12" z_order="0">
    </points>
    <points frame="308" outside="0" occluded="0" keyframe="0" points="688.05,574.75" z_order="0">
    </points>
    <points frame="309" outside="0" occluded="0" keyframe="0" points="680.28,572.38" z_order="0">
    </points>
    <points frame="310" outside="0" occluded="0" keyframe="1" points="672.50,570.00" z_order="0">
    </points>
    <points frame="311" outside="0" occluded="0" keyframe="0" points="671.36,569.49" z_order="0">
    </points>
    <points frame="312" outside="0" occluded="0" keyframe="0" points="670.22,568.98" z_order="0">
    </points>
    <points frame="313" outside="0" occluded="0" keyframe="0" points="669.08,568.47" z_order="0">
    </points>
    <points frame="314" outside="0" occluded="0" keyframe="0" points="667.94,567.96" z_order="0">
    </points>
    <points frame="315" outside="0" occluded="0" keyframe="0" points="666.80,567.45" z_order="0">
    </points>
    <points frame="316" outside="0" occluded="0" keyframe="0" points="665.66,566.94" z_order="0">
    </points>
    <points frame="317" outside="0" occluded="0" keyframe="0" points="664.52,566.43" z_order="0">
    </points>
    <points frame="318" outside="0" occluded="0" keyframe="0" points="663.38,565.92" z_order="0">
    </points>
    <points frame="319" outside="0" occluded="0" keyframe="0" points="662.24,565.41" z_order="0">
    </points>
    <points frame="320" outside="0" occluded="0" keyframe="1" points="661.10,564.90" z_order="0">
    </points>
    <points frame="321" outside="0" occluded="0" keyframe="0" points="655.29,566.16" z_order="0">
    </points>
    <points frame="322" outside="0" occluded="0" keyframe="0" points="649.48,567.42" z_order="0">
    </points>
    <points frame="323" outside="0" occluded="0" keyframe="0" points="643.67,568.68" z_order="0">
    </points>
    <points frame="324" outside="0" occluded="0" keyframe="0" points="637.86,569.94" z_order="0">
    </points>
    <points frame="325" outside="0" occluded="0" keyframe="0" points="632.05,571.20" z_order="0">
    </points>
    <points frame="326" outside="0" occluded="0" keyframe="0" points="626.24,572.46" z_order="0">
    </points>
    <points frame="327" outside="0" occluded="0" keyframe="0" points="620.43,573.72" z_order="0">
    </points>
    <points frame="328" outside="0" occluded="0" keyframe="0" points="614.62,574.98" z_order="0">
    </points>
    <points frame="329" outside="0" occluded="0" keyframe="0" points="608.81,576.24" z_order="0">
    </points>
    <points frame="330" outside="0" occluded="0" keyframe="1" points="603.00,577.50" z_order="0">
    </points>
    <points frame="331" outside="0" occluded="0" keyframe="0" points="610.33,577.50" z_order="0">
    </points>
    <points frame="332" outside="0" occluded="0" keyframe="0" points="617.66,577.50" z_order="0">
    </points>
    <points frame="333" outside="0" occluded="0" keyframe="0" points="624.99,577.50" z_order="0">
    </points>
    <points frame="334" outside="0" occluded="0" keyframe="0" points="632.32,577.50" z_order="0">
    </points>
    <points frame="335" outside="0" occluded="0" keyframe="0" points="639.65,577.50" z_order="0">
    </points>
    <points frame="336" outside="0" occluded="0" keyframe="0" points="646.98,577.50" z_order="0">
    </points>
    <points frame="337" outside="0" occluded="0" keyframe="0" points="654.31,577.50" z_order="0">
    </points>
    <points frame="338" outside="0" occluded="0" keyframe="0" points="661.64,577.50" z_order="0">
    </points>
    <points frame="339" outside="0" occluded="0" keyframe="0" points="668.97,577.50" z_order="0">
    </points>
    <points frame="340" outside="0" occluded="0" keyframe="1" points="676.30,577.50" z_order="0">
    </points>
    <points frame="341" outside="0" occluded="0" keyframe="0" points="676.55,577.50" z_order="0">
    </points>
    <points frame="342" outside="0" occluded="0" keyframe="0" points="676.80,577.50" z_order="0">
    </points>
    <points frame="343" outside="0" occluded="0" keyframe="0" points="677.05,577.50" z_order="0">
    </points>
    <points frame="344" outside="0" occluded="0" keyframe="0" points="677.30,577.50" z_order="0">
    </points>
    <points frame="345" outside="0" occluded="0" keyframe="0" points="677.55,577.50" z_order="0">
    </points>
    <points frame="346" outside="0" occluded="0" keyframe="0" points="677.80,577.50" z_order="0">
    </points>
    <points frame="347" outside="0" occluded="0" keyframe="0" points="678.05,577.50" z_order="0">
    </points>
    <points frame="348" outside="0" occluded="0" keyframe="0" points="678.30,577.50" z_order="0">
    </points>
    <points frame="349" outside="0" occluded="0" keyframe="0" points="678.55,577.50" z_order="0">
    </points>
    <points frame="350" outside="0" occluded="0" keyframe="1" points="678.80,577.50" z_order="0">
    </points>
    <points frame="351" outside="0" occluded="0" keyframe="0" points="678.80,576.74" z_order="0">
    </points>
    <points frame="352" outside="0" occluded="0" keyframe="0" points="678.80,575.98" z_order="0">
    </points>
    <points frame="353" outside="0" occluded="0" keyframe="0" points="678.80,575.22" z_order="0">
    </points>
    <points frame="354" outside="0" occluded="0" keyframe="0" points="678.80,574.46" z_order="0">
    </points>
    <points frame="355" outside="0" occluded="0" keyframe="0" points="678.80,573.70" z_order="0">
    </points>
    <points frame="356" outside="0" occluded="0" keyframe="0" points="678.80,572.94" z_order="0">
    </points>
    <points frame="357" outside="0" occluded="0" keyframe="0" points="678.80,572.18" z_order="0">
    </points>
    <points frame="358" outside="0" occluded="0" keyframe="0" points="678.80,571.42" z_order="0">
    </points>
    <points frame="359" outside="0" occluded="0" keyframe="0" points="678.80,570.66" z_order="0">
    </points>
    <points frame="360" outside="0" occluded="0" keyframe="1" points="678.80,569.90" z_order="0">
    </points>
    <points frame="361" outside="0" occluded="0" keyframe="0" points="679.81,570.15" z_order="0">
    </points>
    <points frame="362" outside="0" occluded="0" keyframe="0" points="680.82,570.40" z_order="0">
    </points>
    <points frame="363" outside="0" occluded="0" keyframe="0" points="681.83,570.65" z_order="0">
    </points>
    <points frame="364" outside="0" occluded="0" keyframe="0" points="682.84,570.90" z_order="0">
    </points>
    <points frame="365" outside="0" occluded="0" keyframe="0" points="683.85,571.15" z_order="0">
    </points>
    <points frame="366" outside="0" occluded="0" keyframe="0" points="684.86,571.40" z_order="0">
    </points>
    <points frame="367" outside="0" occluded="0" keyframe="0" points="685.87,571.65" z_order="0">
    </points>
    <points frame="368" outside="0" occluded="0" keyframe="0" points="686.88,571.90" z_order="0">
    </points>
    <points frame="369" outside="0" occluded="0" keyframe="0" points="687.89,572.15" z_order="0">
    </points>
    <points frame="370" outside="0" occluded="0" keyframe="1" points="688.90,572.40" z_order="0">
    </points>
    <points frame="371" outside="0" occluded="0" keyframe="0" points="689.53,572.53" z_order="0">
    </points>
    <points frame="372" outside="0" occluded="0" keyframe="0" points="690.16,572.66" z_order="0">
    </points>
    <points frame="373" outside="0" occluded="0" keyframe="0" points="690.79,572.79" z_order="0">
    </points>
    <points frame="374" outside="0" occluded="0" keyframe="0" points="691.42,572.92" z_order="0">
    </points>
    <points frame="375" outside="0" occluded="0" keyframe="0" points="692.05,573.05" z_order="0">
    </points>
    <points frame="376" outside="0" occluded="0" keyframe="0" points="692.68,573.18" z_order="0">
    </points>
    <points frame="377" outside="0" occluded="0" keyframe="0" points="693.31,573.31" z_order="0">
    </points>
    <points frame="378" outside="0" occluded="0" keyframe="0" points="693.94,573.44" z_order="0">
    </points>
    <points frame="379" outside="0" occluded="0" keyframe="0" points="694.57,573.57" z_order="0">
    </points>
    <points frame="380" outside="0" occluded="0" keyframe="1" points="695.20,573.70" z_order="0">
    </points>
    <points frame="381" outside="0" occluded="0" keyframe="0" points="695.58,573.70" z_order="0">
    </points>
    <points frame="382" outside="0" occluded="0" keyframe="0" points="695.96,573.70" z_order="0">
    </points>
    <points frame="383" outside="0" occluded="0" keyframe="0" points="696.34,573.70" z_order="0">
    </points>
    <points frame="384" outside="0" occluded="0" keyframe="0" points="696.72,573.70" z_order="0">
    </points>
    <points frame="385" outside="0" occluded="0" keyframe="0" points="697.10,573.70" z_order="0">
    </points>
    <points frame="386" outside="0" occluded="0" keyframe="0" points="697.48,573.70" z_order="0">
    </points>
    <points frame="387" outside="0" occluded="0" keyframe="0" points="697.86,573.70" z_order="0">
    </points>
    <points frame="388" outside="0" occluded="0" keyframe="0" points="698.24,573.70" z_order="0">
    </points>
    <points frame="389" outside="0" occluded="0" keyframe="0" points="698.62,573.70" z_order="0">
    </points>
    <points frame="390" outside="0" occluded="0" keyframe="1" points="699.00,573.70" z_order="0">
    </points>
    <points frame="391" outside="0" occluded="0" keyframe="0" points="697.99,573.57" z_order="0">
    </points>
    <points frame="392" outside="0" occluded="0" keyframe="0" points="696.98,573.44" z_order="0">
    </points>
    <points frame="393" outside="0" occluded="0" keyframe="0" points="695.97,573.31" z_order="0">
    </points>
    <points frame="394" outside="0" occluded="0" keyframe="0" points="694.96,573.18" z_order="0">
    </points>
    <points frame="395" outside="0" occluded="0" keyframe="0" points="693.95,573.05" z_order="0">
    </points>
    <points frame="396" outside="0" occluded="0" keyframe="0" points="692.94,572.92" z_order="0">
    </points>
    <points frame="397" outside="0" occluded="0" keyframe="0" points="691.93,572.79" z_order="0">
    </points>
    <points frame="398" outside="0" occluded="0" keyframe="0" points="690.92,572.66" z_order="0">
    </points>
    <points frame="399" outside="0" occluded="0" keyframe="0" points="689.91,572.53" z_order="0">
    </points>
    <points frame="400" outside="0" occluded="0" keyframe="1" points="688.90,572.40" z_order="0">
    </points>
    <points frame="401" outside="0" occluded="0" keyframe="0" points="688.65,572.40" z_order="0">
    </points>
    <points frame="402" outside="0" occluded="0" keyframe="0" points="688.40,572.40" z_order="0">
    </points>
    <points frame="403" outside="0" occluded="0" keyframe="0" points="688.15,572.40" z_order="0">
    </points>
    <points frame="404" outside="0" occluded="0" keyframe="0" points="687.90,572.40" z_order="0">
    </points>
    <points frame="405" outside="0" occluded="0" keyframe="0" points="687.65,572.40" z_order="0">
    </points>
    <points frame="406" outside="0" occluded="0" keyframe="0" points="687.40,572.40" z_order="0">
    </points>
    <points frame="407" outside="0" occluded="0" keyframe="0" points="687.15,572.40" z_order="0">
    </points>
    <points frame="408" outside="0" occluded="0" keyframe="0" points="686.90,572.40" z_order="0">
    </points>
    <points frame="409" outside="0" occluded="0" keyframe="0" points="686.65,572.40" z_order="0">
    </points>
    <points frame="410" outside="0" occluded="0" keyframe="1" points="686.40,572.40" z_order="0">
    </points>
    <points frame="411" outside="0" occluded="0" keyframe="0" points="686.15,572.40" z_order="0">
    </points>
    <points frame="412" outside="0" occluded="0" keyframe="0" points="685.90,572.40" z_order="0">
    </points>
    <points frame="413" outside="0" occluded="0" keyframe="0" points="685.65,572.40" z_order="0">
    </points>
    <points frame="414" outside="0" occluded="0" keyframe="0" points="685.40,572.40" z_order="0">
    </points>
    <points frame="415" outside="0" occluded="0" keyframe="0" points="685.15,572.40" z_order="0">
    </points>
    <points frame="416" outside="0" occluded="0" keyframe="0" points="684.90,572.40" z_order="0">
    </points>
    <points frame="417" outside="0" occluded="0" keyframe="0" points="684.65,572.40" z_order="0">
    </points>
    <points frame="418" outside="0" occluded="0" keyframe="0" points="684.40,572.40" z_order="0">
    </points>
    <points frame="419" outside="0" occluded="0" keyframe="0" points="684.15,572.40" z_order="0">
    </points>
    <points frame="420" outside="0" occluded="0" keyframe="1" points="683.90,572.40" z_order="0">
    </points>
    <points frame="421" outside="0" occluded="0" keyframe="0" points="683.39,572.40" z_order="0">
    </points>
    <points frame="422" outside="0" occluded="0" keyframe="0" points="682.88,572.40" z_order="0">
    </points>
    <points frame="423" outside="0" occluded="0" keyframe="0" points="682.37,572.40" z_order="0">
    </points>
    <points frame="424" outside="0" occluded="0" keyframe="0" points="681.86,572.40" z_order="0">
    </points>
    <points frame="425" outside="0" occluded="0" keyframe="0" points="681.35,572.40" z_order="0">
    </points>
    <points frame="426" outside="0" occluded="0" keyframe="0" points="680.84,572.40" z_order="0">
    </points>
    <points frame="427" outside="0" occluded="0" keyframe="0" points="680.33,572.40" z_order="0">
    </points>
    <points frame="428" outside="0" occluded="0" keyframe="0" points="679.82,572.40" z_order="0">
    </points>
    <points frame="429" outside="0" occluded="0" keyframe="0" points="679.31,572.40" z_order="0">
    </points>
    <points frame="430" outside="0" occluded="0" keyframe="1" points="678.80,572.40" z_order="0">
    </points>
    <points frame="431" outside="0" occluded="0" keyframe="0" points="678.80,572.40" z_order="0">
    </points>
    <points frame="432" outside="0" occluded="0" keyframe="0" points="678.80,572.40" z_order="0">
    </points>
    <points frame="433" outside="0" occluded="0" keyframe="0" points="678.80,572.40" z_order="0">
    </points>
    <points frame="434" outside="0" occluded="0" keyframe="0" points="678.80,572.40" z_order="0">
    </points>
    <points frame="435" outside="0" occluded="0" keyframe="0" points="678.80,572.40" z_order="0">
    </points>
    <points frame="436" outside="0" occluded="0" keyframe="0" points="678.80,572.40" z_order="0">
    </points>
    <points frame="437" outside="0" occluded="0" keyframe="0" points="678.80,572.40" z_order="0">
    </points>
    <points frame="438" outside="0" occluded="0" keyframe="0" points="678.80,572.40" z_order="0">
    </points>
    <points frame="439" outside="0" occluded="0" keyframe="0" points="678.80,572.40" z_order="0">
    </points>
    <points frame="440" outside="0" occluded="0" keyframe="0" points="678.80,572.40" z_order="0">
    </points>
    <points frame="441" outside="0" occluded="0" keyframe="0" points="678.80,572.40" z_order="0">
    </points>
    <points frame="442" outside="0" occluded="0" keyframe="0" points="678.80,572.40" z_order="0">
    </points>
    <points frame="443" outside="0" occluded="0" keyframe="0" points="678.80,572.40" z_order="0">
    </points>
    <points frame="444" outside="0" occluded="0" keyframe="0" points="678.80,572.40" z_order="0">
    </points>
    <points frame="445" outside="0" occluded="0" keyframe="0" points="678.80,572.40" z_order="0">
    </points>
    <points frame="446" outside="0" occluded="0" keyframe="0" points="678.80,572.40" z_order="0">
    </points>
    <points frame="447" outside="0" occluded="0" keyframe="0" points="678.80,572.40" z_order="0">
    </points>
    <points frame="448" outside="0" occluded="0" keyframe="0" points="678.80,572.40" z_order="0">
    </points>
    <points frame="449" outside="0" occluded="0" keyframe="0" points="678.80,572.40" z_order="0">
    </points>
    <points frame="450" outside="0" occluded="0" keyframe="0" points="678.80,572.40" z_order="0">
    </points>
  </track>
</annotations>
