<?xml version="1.0" encoding="utf-8"?>
<annotations>
  <version>1.1</version>
  <meta>
    <task>
      <id>191</id>
      <name>D08_5ML-L1-5</name>
      <size>258</size>
      <mode>interpolation</mode>
      <overlap>5</overlap>
      <bugtracker></bugtracker>
      <created>2021-11-20 15:58:32.615600+00:00</created>
      <updated>2021-11-20 16:38:33.381328+00:00</updated>
      <subset>default</subset>
      <start_frame>0</start_frame>
      <stop_frame>257</stop_frame>
      <frame_filter></frame_filter>
      <segments>
        <segment>
          <id>190</id>
          <start>0</start>
          <stop>257</stop>
          <url>http://localhost:8080/?id=190</url>
        </segment>
      </segments>
      <owner>
        <username>hubertachan</username>
        <email>hubertachan@gmail.com</email>
      </owner>
      <assignee></assignee>
      <labels>
        <label>
          <name>M</name>
          <color>#ff355e</color>
          <attributes>
          </attributes>
        </label>
        <label>
          <name>HB</name>
          <color>#3b0c73</color>
          <attributes>
          </attributes>
        </label>
      </labels>
      <original_size>
        <width>1068</width>
        <height>800</height>
      </original_size>
    </task>
    <dumped>2021-11-20 16:38:36.356967+00:00</dumped>
    <source>D08_5ML-L1-5.avi</source>
  </meta>
  <track id="0" label="M" source="manual">
    <points frame="0" outside="0" occluded="0" keyframe="1" points="479.17,657.39" z_order="0">
    </points>
    <points frame="1" outside="0" occluded="0" keyframe="0" points="479.05,656.60" z_order="0">
    </points>
    <points frame="2" outside="0" occluded="0" keyframe="0" points="478.92,655.81" z_order="0">
    </points>
    <points frame="3" outside="0" occluded="0" keyframe="0" points="478.79,655.02" z_order="0">
    </points>
    <points frame="4" outside="0" occluded="0" keyframe="0" points="478.66,654.24" z_order="0">
    </points>
    <points frame="5" outside="0" occluded="0" keyframe="0" points="478.54,653.45" z_order="0">
    </points>
    <points frame="6" outside="0" occluded="0" keyframe="0" points="478.41,652.66" z_order="0">
    </points>
    <points frame="7" outside="0" occluded="0" keyframe="0" points="478.28,651.87" z_order="0">
    </points>
    <points frame="8" outside="0" occluded="0" keyframe="0" points="478.15,651.08" z_order="0">
    </points>
    <points frame="9" outside="0" occluded="0" keyframe="0" points="478.03,650.29" z_order="0">
    </points>
    <points frame="10" outside="0" occluded="0" keyframe="1" points="477.90,649.50" z_order="0">
    </points>
    <points frame="11" outside="0" occluded="0" keyframe="0" points="477.77,648.97" z_order="0">
    </points>
    <points frame="12" outside="0" occluded="0" keyframe="0" points="477.64,648.44" z_order="0">
    </points>
    <points frame="13" outside="0" occluded="0" keyframe="0" points="477.51,647.91" z_order="0">
    </points>
    <points frame="14" outside="0" occluded="0" keyframe="0" points="477.38,647.38" z_order="0">
    </points>
    <points frame="15" outside="0" occluded="0" keyframe="0" points="477.25,646.85" z_order="0">
    </points>
    <points frame="16" outside="0" occluded="0" keyframe="0" points="477.12,646.32" z_order="0">
    </points>
    <points frame="17" outside="0" occluded="0" keyframe="0" points="476.99,645.79" z_order="0">
    </points>
    <points frame="18" outside="0" occluded="0" keyframe="0" points="476.86,645.26" z_order="0">
    </points>
    <points frame="19" outside="0" occluded="0" keyframe="0" points="476.73,644.73" z_order="0">
    </points>
    <points frame="20" outside="0" occluded="0" keyframe="1" points="476.60,644.20" z_order="0">
    </points>
    <points frame="21" outside="0" occluded="0" keyframe="0" points="477.66,643.94" z_order="0">
    </points>
    <points frame="22" outside="0" occluded="0" keyframe="0" points="478.72,643.68" z_order="0">
    </points>
    <points frame="23" outside="0" occluded="0" keyframe="0" points="479.78,643.42" z_order="0">
    </points>
    <points frame="24" outside="0" occluded="0" keyframe="0" points="480.84,643.16" z_order="0">
    </points>
    <points frame="25" outside="0" occluded="0" keyframe="0" points="481.90,642.90" z_order="0">
    </points>
    <points frame="26" outside="0" occluded="0" keyframe="0" points="482.96,642.64" z_order="0">
    </points>
    <points frame="27" outside="0" occluded="0" keyframe="0" points="484.02,642.38" z_order="0">
    </points>
    <points frame="28" outside="0" occluded="0" keyframe="0" points="485.08,642.12" z_order="0">
    </points>
    <points frame="29" outside="0" occluded="0" keyframe="0" points="486.14,641.86" z_order="0">
    </points>
    <points frame="30" outside="0" occluded="0" keyframe="1" points="487.20,641.60" z_order="0">
    </points>
    <points frame="31" outside="0" occluded="0" keyframe="0" points="486.54,641.60" z_order="0">
    </points>
    <points frame="32" outside="0" occluded="0" keyframe="0" points="485.88,641.60" z_order="0">
    </points>
    <points frame="33" outside="0" occluded="0" keyframe="0" points="485.22,641.60" z_order="0">
    </points>
    <points frame="34" outside="0" occluded="0" keyframe="0" points="484.56,641.60" z_order="0">
    </points>
    <points frame="35" outside="0" occluded="0" keyframe="0" points="483.90,641.60" z_order="0">
    </points>
    <points frame="36" outside="0" occluded="0" keyframe="0" points="483.24,641.60" z_order="0">
    </points>
    <points frame="37" outside="0" occluded="0" keyframe="0" points="482.58,641.60" z_order="0">
    </points>
    <points frame="38" outside="0" occluded="0" keyframe="0" points="481.92,641.60" z_order="0">
    </points>
    <points frame="39" outside="0" occluded="0" keyframe="0" points="481.26,641.60" z_order="0">
    </points>
    <points frame="40" outside="0" occluded="0" keyframe="1" points="480.60,641.60" z_order="0">
    </points>
    <points frame="41" outside="0" occluded="0" keyframe="0" points="478.66,643.97" z_order="0">
    </points>
    <points frame="42" outside="0" occluded="0" keyframe="0" points="476.71,646.34" z_order="0">
    </points>
    <points frame="43" outside="0" occluded="0" keyframe="0" points="474.77,648.71" z_order="0">
    </points>
    <points frame="44" outside="0" occluded="0" keyframe="0" points="472.83,651.09" z_order="0">
    </points>
    <points frame="45" outside="0" occluded="0" keyframe="0" points="470.89,653.46" z_order="0">
    </points>
    <points frame="46" outside="0" occluded="0" keyframe="0" points="468.94,655.83" z_order="0">
    </points>
    <points frame="47" outside="0" occluded="0" keyframe="1" points="467.00,658.20" z_order="0">
    </points>
    <points frame="48" outside="0" occluded="0" keyframe="0" points="468.00,653.53" z_order="0">
    </points>
    <points frame="49" outside="0" occluded="0" keyframe="0" points="469.00,648.87" z_order="0">
    </points>
    <points frame="50" outside="0" occluded="0" keyframe="1" points="470.00,644.20" z_order="0">
    </points>
    <points frame="51" outside="0" occluded="0" keyframe="0" points="469.79,644.17" z_order="0">
    </points>
    <points frame="52" outside="0" occluded="0" keyframe="0" points="469.58,644.14" z_order="0">
    </points>
    <points frame="53" outside="0" occluded="0" keyframe="0" points="469.36,644.11" z_order="0">
    </points>
    <points frame="54" outside="0" occluded="0" keyframe="0" points="469.15,644.08" z_order="0">
    </points>
    <points frame="55" outside="0" occluded="0" keyframe="0" points="468.94,644.05" z_order="0">
    </points>
    <points frame="56" outside="0" occluded="0" keyframe="0" points="468.73,644.02" z_order="0">
    </points>
    <points frame="57" outside="0" occluded="0" keyframe="0" points="468.52,643.99" z_order="0">
    </points>
    <points frame="58" outside="0" occluded="0" keyframe="0" points="468.31,643.96" z_order="0">
    </points>
    <points frame="59" outside="0" occluded="0" keyframe="0" points="468.09,643.94" z_order="0">
    </points>
    <points frame="60" outside="0" occluded="0" keyframe="0" points="467.88,643.91" z_order="0">
    </points>
    <points frame="61" outside="0" occluded="0" keyframe="0" points="467.67,643.88" z_order="0">
    </points>
    <points frame="62" outside="0" occluded="0" keyframe="0" points="467.46,643.85" z_order="0">
    </points>
    <points frame="63" outside="0" occluded="0" keyframe="0" points="467.25,643.82" z_order="0">
    </points>
    <points frame="64" outside="0" occluded="0" keyframe="0" points="467.04,643.79" z_order="0">
    </points>
    <points frame="65" outside="0" occluded="0" keyframe="0" points="466.82,643.76" z_order="0">
    </points>
    <points frame="66" outside="0" occluded="0" keyframe="0" points="466.61,643.73" z_order="0">
    </points>
    <points frame="67" outside="0" occluded="0" keyframe="1" points="466.40,643.70" z_order="0">
    </points>
    <points frame="68" outside="0" occluded="0" keyframe="0" points="465.40,644.25" z_order="0">
    </points>
    <points frame="69" outside="0" occluded="0" keyframe="0" points="464.40,644.80" z_order="0">
    </points>
    <points frame="70" outside="0" occluded="0" keyframe="0" points="463.40,645.35" z_order="0">
    </points>
    <points frame="71" outside="0" occluded="0" keyframe="0" points="462.40,645.90" z_order="0">
    </points>
    <points frame="72" outside="0" occluded="0" keyframe="0" points="461.40,646.45" z_order="0">
    </points>
    <points frame="73" outside="0" occluded="0" keyframe="0" points="460.40,647.00" z_order="0">
    </points>
    <points frame="74" outside="0" occluded="0" keyframe="0" points="459.40,647.55" z_order="0">
    </points>
    <points frame="75" outside="0" occluded="0" keyframe="0" points="458.40,648.10" z_order="0">
    </points>
    <points frame="76" outside="0" occluded="0" keyframe="0" points="457.40,648.65" z_order="0">
    </points>
    <points frame="77" outside="0" occluded="0" keyframe="1" points="456.40,649.20" z_order="0">
    </points>
    <points frame="78" outside="0" occluded="0" keyframe="0" points="456.07,649.13" z_order="0">
    </points>
    <points frame="79" outside="0" occluded="0" keyframe="0" points="455.73,649.05" z_order="0">
    </points>
    <points frame="80" outside="0" occluded="0" keyframe="0" points="455.40,648.98" z_order="0">
    </points>
    <points frame="81" outside="0" occluded="0" keyframe="0" points="455.07,648.91" z_order="0">
    </points>
    <points frame="82" outside="0" occluded="0" keyframe="0" points="454.73,648.83" z_order="0">
    </points>
    <points frame="83" outside="0" occluded="0" keyframe="0" points="454.40,648.76" z_order="0">
    </points>
    <points frame="84" outside="0" occluded="0" keyframe="0" points="454.07,648.69" z_order="0">
    </points>
    <points frame="85" outside="0" occluded="0" keyframe="0" points="453.73,648.61" z_order="0">
    </points>
    <points frame="86" outside="0" occluded="0" keyframe="0" points="453.40,648.54" z_order="0">
    </points>
    <points frame="87" outside="0" occluded="0" keyframe="0" points="453.07,648.47" z_order="0">
    </points>
    <points frame="88" outside="0" occluded="0" keyframe="0" points="452.73,648.39" z_order="0">
    </points>
    <points frame="89" outside="0" occluded="0" keyframe="0" points="452.40,648.32" z_order="0">
    </points>
    <points frame="90" outside="0" occluded="0" keyframe="0" points="452.07,648.25" z_order="0">
    </points>
    <points frame="91" outside="0" occluded="0" keyframe="0" points="451.73,648.17" z_order="0">
    </points>
    <points frame="92" outside="0" occluded="0" keyframe="0" points="451.40,648.10" z_order="0">
    </points>
    <points frame="93" outside="0" occluded="0" keyframe="0" points="451.07,648.03" z_order="0">
    </points>
    <points frame="94" outside="0" occluded="0" keyframe="0" points="450.73,647.95" z_order="0">
    </points>
    <points frame="95" outside="0" occluded="0" keyframe="0" points="450.40,647.88" z_order="0">
    </points>
    <points frame="96" outside="0" occluded="0" keyframe="0" points="450.07,647.81" z_order="0">
    </points>
    <points frame="97" outside="0" occluded="0" keyframe="0" points="449.73,647.73" z_order="0">
    </points>
    <points frame="98" outside="0" occluded="0" keyframe="0" points="449.40,647.66" z_order="0">
    </points>
    <points frame="99" outside="0" occluded="0" keyframe="0" points="449.07,647.59" z_order="0">
    </points>
    <points frame="100" outside="0" occluded="0" keyframe="0" points="448.73,647.51" z_order="0">
    </points>
    <points frame="101" outside="0" occluded="0" keyframe="0" points="448.40,647.44" z_order="0">
    </points>
    <points frame="102" outside="0" occluded="0" keyframe="0" points="448.07,647.37" z_order="0">
    </points>
    <points frame="103" outside="0" occluded="0" keyframe="0" points="447.73,647.29" z_order="0">
    </points>
    <points frame="104" outside="0" occluded="0" keyframe="0" points="447.40,647.22" z_order="0">
    </points>
    <points frame="105" outside="0" occluded="0" keyframe="0" points="447.07,647.15" z_order="0">
    </points>
    <points frame="106" outside="0" occluded="0" keyframe="0" points="446.73,647.07" z_order="0">
    </points>
    <points frame="107" outside="0" occluded="0" keyframe="1" points="446.40,647.00" z_order="0">
    </points>
    <points frame="108" outside="0" occluded="0" keyframe="0" points="446.71,646.90" z_order="0">
    </points>
    <points frame="109" outside="0" occluded="0" keyframe="0" points="447.02,646.80" z_order="0">
    </points>
    <points frame="110" outside="0" occluded="0" keyframe="0" points="447.33,646.70" z_order="0">
    </points>
    <points frame="111" outside="0" occluded="0" keyframe="0" points="447.64,646.60" z_order="0">
    </points>
    <points frame="112" outside="0" occluded="0" keyframe="0" points="447.95,646.50" z_order="0">
    </points>
    <points frame="113" outside="0" occluded="0" keyframe="0" points="448.26,646.40" z_order="0">
    </points>
    <points frame="114" outside="0" occluded="0" keyframe="0" points="448.57,646.30" z_order="0">
    </points>
    <points frame="115" outside="0" occluded="0" keyframe="0" points="448.88,646.20" z_order="0">
    </points>
    <points frame="116" outside="0" occluded="0" keyframe="0" points="449.19,646.10" z_order="0">
    </points>
    <points frame="117" outside="0" occluded="0" keyframe="1" points="449.50,646.00" z_order="0">
    </points>
    <points frame="118" outside="0" occluded="0" keyframe="0" points="450.07,646.03" z_order="0">
    </points>
    <points frame="119" outside="0" occluded="0" keyframe="0" points="450.64,646.06" z_order="0">
    </points>
    <points frame="120" outside="0" occluded="0" keyframe="0" points="451.21,646.09" z_order="0">
    </points>
    <points frame="121" outside="0" occluded="0" keyframe="0" points="451.78,646.12" z_order="0">
    </points>
    <points frame="122" outside="0" occluded="0" keyframe="0" points="452.35,646.15" z_order="0">
    </points>
    <points frame="123" outside="0" occluded="0" keyframe="0" points="452.92,646.18" z_order="0">
    </points>
    <points frame="124" outside="0" occluded="0" keyframe="0" points="453.49,646.21" z_order="0">
    </points>
    <points frame="125" outside="0" occluded="0" keyframe="0" points="454.06,646.24" z_order="0">
    </points>
    <points frame="126" outside="0" occluded="0" keyframe="0" points="454.63,646.27" z_order="0">
    </points>
    <points frame="127" outside="0" occluded="0" keyframe="0" points="455.20,646.30" z_order="0">
    </points>
    <points frame="128" outside="0" occluded="0" keyframe="0" points="455.77,646.33" z_order="0">
    </points>
    <points frame="129" outside="0" occluded="0" keyframe="0" points="456.34,646.36" z_order="0">
    </points>
    <points frame="130" outside="0" occluded="0" keyframe="0" points="456.91,646.39" z_order="0">
    </points>
    <points frame="131" outside="0" occluded="0" keyframe="0" points="457.48,646.42" z_order="0">
    </points>
    <points frame="132" outside="0" occluded="0" keyframe="0" points="458.05,646.45" z_order="0">
    </points>
    <points frame="133" outside="0" occluded="0" keyframe="0" points="458.62,646.48" z_order="0">
    </points>
    <points frame="134" outside="0" occluded="0" keyframe="0" points="459.19,646.51" z_order="0">
    </points>
    <points frame="135" outside="0" occluded="0" keyframe="0" points="459.76,646.54" z_order="0">
    </points>
    <points frame="136" outside="0" occluded="0" keyframe="0" points="460.33,646.57" z_order="0">
    </points>
    <points frame="137" outside="0" occluded="0" keyframe="1" points="460.90,646.60" z_order="0">
    </points>
    <points frame="138" outside="0" occluded="0" keyframe="0" points="460.79,645.94" z_order="0">
    </points>
    <points frame="139" outside="0" occluded="0" keyframe="0" points="460.68,645.28" z_order="0">
    </points>
    <points frame="140" outside="0" occluded="0" keyframe="0" points="460.57,644.62" z_order="0">
    </points>
    <points frame="141" outside="0" occluded="0" keyframe="0" points="460.46,643.96" z_order="0">
    </points>
    <points frame="142" outside="0" occluded="0" keyframe="0" points="460.35,643.30" z_order="0">
    </points>
    <points frame="143" outside="0" occluded="0" keyframe="0" points="460.24,642.64" z_order="0">
    </points>
    <points frame="144" outside="0" occluded="0" keyframe="0" points="460.13,641.98" z_order="0">
    </points>
    <points frame="145" outside="0" occluded="0" keyframe="0" points="460.02,641.32" z_order="0">
    </points>
    <points frame="146" outside="0" occluded="0" keyframe="0" points="459.91,640.66" z_order="0">
    </points>
    <points frame="147" outside="0" occluded="0" keyframe="1" points="459.80,640.00" z_order="0">
    </points>
    <points frame="148" outside="0" occluded="0" keyframe="0" points="461.46,639.28" z_order="0">
    </points>
    <points frame="149" outside="0" occluded="0" keyframe="0" points="463.12,638.56" z_order="0">
    </points>
    <points frame="150" outside="0" occluded="0" keyframe="0" points="464.78,637.84" z_order="0">
    </points>
    <points frame="151" outside="0" occluded="0" keyframe="0" points="466.44,637.12" z_order="0">
    </points>
    <points frame="152" outside="0" occluded="0" keyframe="0" points="468.10,636.40" z_order="0">
    </points>
    <points frame="153" outside="0" occluded="0" keyframe="0" points="469.76,635.68" z_order="0">
    </points>
    <points frame="154" outside="0" occluded="0" keyframe="0" points="471.42,634.96" z_order="0">
    </points>
    <points frame="155" outside="0" occluded="0" keyframe="0" points="473.08,634.24" z_order="0">
    </points>
    <points frame="156" outside="0" occluded="0" keyframe="0" points="474.74,633.52" z_order="0">
    </points>
    <points frame="157" outside="0" occluded="0" keyframe="1" points="476.40,632.80" z_order="0">
    </points>
    <points frame="158" outside="0" occluded="0" keyframe="0" points="477.81,631.62" z_order="0">
    </points>
    <points frame="159" outside="0" occluded="0" keyframe="0" points="479.22,630.44" z_order="0">
    </points>
    <points frame="160" outside="0" occluded="0" keyframe="0" points="480.63,629.26" z_order="0">
    </points>
    <points frame="161" outside="0" occluded="0" keyframe="0" points="482.04,628.08" z_order="0">
    </points>
    <points frame="162" outside="0" occluded="0" keyframe="0" points="483.45,626.90" z_order="0">
    </points>
    <points frame="163" outside="0" occluded="0" keyframe="0" points="484.86,625.72" z_order="0">
    </points>
    <points frame="164" outside="0" occluded="0" keyframe="0" points="486.27,624.54" z_order="0">
    </points>
    <points frame="165" outside="0" occluded="0" keyframe="0" points="487.68,623.36" z_order="0">
    </points>
    <points frame="166" outside="0" occluded="0" keyframe="0" points="489.09,622.18" z_order="0">
    </points>
    <points frame="167" outside="0" occluded="0" keyframe="1" points="490.50,621.00" z_order="0">
    </points>
    <points frame="168" outside="0" occluded="0" keyframe="0" points="488.40,623.07" z_order="0">
    </points>
    <points frame="169" outside="0" occluded="0" keyframe="0" points="486.30,625.14" z_order="0">
    </points>
    <points frame="170" outside="0" occluded="0" keyframe="0" points="484.20,627.21" z_order="0">
    </points>
    <points frame="171" outside="0" occluded="0" keyframe="0" points="482.10,629.28" z_order="0">
    </points>
    <points frame="172" outside="0" occluded="0" keyframe="0" points="480.00,631.35" z_order="0">
    </points>
    <points frame="173" outside="0" occluded="0" keyframe="0" points="477.90,633.42" z_order="0">
    </points>
    <points frame="174" outside="0" occluded="0" keyframe="0" points="475.80,635.49" z_order="0">
    </points>
    <points frame="175" outside="0" occluded="0" keyframe="0" points="473.70,637.56" z_order="0">
    </points>
    <points frame="176" outside="0" occluded="0" keyframe="0" points="471.60,639.63" z_order="0">
    </points>
    <points frame="177" outside="0" occluded="0" keyframe="1" points="469.50,641.70" z_order="0">
    </points>
    <points frame="178" outside="0" occluded="0" keyframe="0" points="468.57,641.95" z_order="0">
    </points>
    <points frame="179" outside="0" occluded="0" keyframe="0" points="467.64,642.20" z_order="0">
    </points>
    <points frame="180" outside="0" occluded="0" keyframe="0" points="466.71,642.45" z_order="0">
    </points>
    <points frame="181" outside="0" occluded="0" keyframe="0" points="465.78,642.70" z_order="0">
    </points>
    <points frame="182" outside="0" occluded="0" keyframe="0" points="464.85,642.95" z_order="0">
    </points>
    <points frame="183" outside="0" occluded="0" keyframe="0" points="463.92,643.20" z_order="0">
    </points>
    <points frame="184" outside="0" occluded="0" keyframe="0" points="462.99,643.45" z_order="0">
    </points>
    <points frame="185" outside="0" occluded="0" keyframe="0" points="462.06,643.70" z_order="0">
    </points>
    <points frame="186" outside="0" occluded="0" keyframe="0" points="461.13,643.95" z_order="0">
    </points>
    <points frame="187" outside="0" occluded="0" keyframe="1" points="460.20,644.20" z_order="0">
    </points>
    <points frame="188" outside="0" occluded="0" keyframe="0" points="460.20,644.20" z_order="0">
    </points>
    <points frame="189" outside="0" occluded="0" keyframe="0" points="460.20,644.20" z_order="0">
    </points>
    <points frame="190" outside="0" occluded="0" keyframe="0" points="460.20,644.20" z_order="0">
    </points>
    <points frame="191" outside="0" occluded="0" keyframe="0" points="460.20,644.20" z_order="0">
    </points>
    <points frame="192" outside="0" occluded="0" keyframe="0" points="460.20,644.20" z_order="0">
    </points>
    <points frame="193" outside="0" occluded="0" keyframe="0" points="460.20,644.20" z_order="0">
    </points>
    <points frame="194" outside="0" occluded="0" keyframe="0" points="460.20,644.20" z_order="0">
    </points>
    <points frame="195" outside="0" occluded="0" keyframe="0" points="460.20,644.20" z_order="0">
    </points>
    <points frame="196" outside="0" occluded="0" keyframe="0" points="460.20,644.20" z_order="0">
    </points>
    <points frame="197" outside="0" occluded="0" keyframe="0" points="460.20,644.20" z_order="0">
    </points>
    <points frame="198" outside="0" occluded="0" keyframe="0" points="460.20,644.20" z_order="0">
    </points>
    <points frame="199" outside="0" occluded="0" keyframe="0" points="460.20,644.20" z_order="0">
    </points>
    <points frame="200" outside="0" occluded="0" keyframe="0" points="460.20,644.20" z_order="0">
    </points>
    <points frame="201" outside="0" occluded="0" keyframe="0" points="460.20,644.20" z_order="0">
    </points>
    <points frame="202" outside="0" occluded="0" keyframe="0" points="460.20,644.20" z_order="0">
    </points>
    <points frame="203" outside="0" occluded="0" keyframe="0" points="460.20,644.20" z_order="0">
    </points>
    <points frame="204" outside="0" occluded="0" keyframe="0" points="460.20,644.20" z_order="0">
    </points>
    <points frame="205" outside="0" occluded="0" keyframe="0" points="460.20,644.20" z_order="0">
    </points>
    <points frame="206" outside="0" occluded="0" keyframe="0" points="460.20,644.20" z_order="0">
    </points>
    <points frame="207" outside="0" occluded="0" keyframe="0" points="460.20,644.20" z_order="0">
    </points>
    <points frame="208" outside="0" occluded="0" keyframe="0" points="460.20,644.20" z_order="0">
    </points>
    <points frame="209" outside="0" occluded="0" keyframe="0" points="460.20,644.20" z_order="0">
    </points>
    <points frame="210" outside="0" occluded="0" keyframe="0" points="460.20,644.20" z_order="0">
    </points>
    <points frame="211" outside="0" occluded="0" keyframe="0" points="460.20,644.20" z_order="0">
    </points>
    <points frame="212" outside="0" occluded="0" keyframe="0" points="460.20,644.20" z_order="0">
    </points>
    <points frame="213" outside="0" occluded="0" keyframe="0" points="460.20,644.20" z_order="0">
    </points>
    <points frame="214" outside="0" occluded="0" keyframe="0" points="460.20,644.20" z_order="0">
    </points>
    <points frame="215" outside="0" occluded="0" keyframe="0" points="460.20,644.20" z_order="0">
    </points>
    <points frame="216" outside="0" occluded="0" keyframe="0" points="460.20,644.20" z_order="0">
    </points>
    <points frame="217" outside="0" occluded="0" keyframe="0" points="460.20,644.20" z_order="0">
    </points>
    <points frame="218" outside="0" occluded="0" keyframe="0" points="460.20,644.20" z_order="0">
    </points>
    <points frame="219" outside="0" occluded="0" keyframe="0" points="460.20,644.20" z_order="0">
    </points>
    <points frame="220" outside="0" occluded="0" keyframe="0" points="460.20,644.20" z_order="0">
    </points>
    <points frame="221" outside="0" occluded="0" keyframe="0" points="460.20,644.20" z_order="0">
    </points>
    <points frame="222" outside="0" occluded="0" keyframe="0" points="460.20,644.20" z_order="0">
    </points>
    <points frame="223" outside="0" occluded="0" keyframe="0" points="460.20,644.20" z_order="0">
    </points>
    <points frame="224" outside="0" occluded="0" keyframe="0" points="460.20,644.20" z_order="0">
    </points>
    <points frame="225" outside="0" occluded="0" keyframe="0" points="460.20,644.20" z_order="0">
    </points>
    <points frame="226" outside="0" occluded="0" keyframe="0" points="460.20,644.20" z_order="0">
    </points>
    <points frame="227" outside="0" occluded="0" keyframe="0" points="460.20,644.20" z_order="0">
    </points>
    <points frame="228" outside="0" occluded="0" keyframe="0" points="460.20,644.20" z_order="0">
    </points>
    <points frame="229" outside="0" occluded="0" keyframe="0" points="460.20,644.20" z_order="0">
    </points>
    <points frame="230" outside="0" occluded="0" keyframe="0" points="460.20,644.20" z_order="0">
    </points>
    <points frame="231" outside="0" occluded="0" keyframe="0" points="460.20,644.20" z_order="0">
    </points>
    <points frame="232" outside="0" occluded="0" keyframe="0" points="460.20,644.20" z_order="0">
    </points>
    <points frame="233" outside="0" occluded="0" keyframe="0" points="460.20,644.20" z_order="0">
    </points>
    <points frame="234" outside="0" occluded="0" keyframe="0" points="460.20,644.20" z_order="0">
    </points>
    <points frame="235" outside="0" occluded="0" keyframe="0" points="460.20,644.20" z_order="0">
    </points>
    <points frame="236" outside="0" occluded="0" keyframe="0" points="460.20,644.20" z_order="0">
    </points>
    <points frame="237" outside="0" occluded="0" keyframe="0" points="460.20,644.20" z_order="0">
    </points>
    <points frame="238" outside="0" occluded="0" keyframe="0" points="460.20,644.20" z_order="0">
    </points>
    <points frame="239" outside="0" occluded="0" keyframe="0" points="460.20,644.20" z_order="0">
    </points>
    <points frame="240" outside="0" occluded="0" keyframe="0" points="460.20,644.20" z_order="0">
    </points>
    <points frame="241" outside="0" occluded="0" keyframe="0" points="460.20,644.20" z_order="0">
    </points>
    <points frame="242" outside="0" occluded="0" keyframe="0" points="460.20,644.20" z_order="0">
    </points>
    <points frame="243" outside="0" occluded="0" keyframe="0" points="460.20,644.20" z_order="0">
    </points>
    <points frame="244" outside="0" occluded="0" keyframe="0" points="460.20,644.20" z_order="0">
    </points>
    <points frame="245" outside="0" occluded="0" keyframe="0" points="460.20,644.20" z_order="0">
    </points>
    <points frame="246" outside="0" occluded="0" keyframe="0" points="460.20,644.20" z_order="0">
    </points>
    <points frame="247" outside="0" occluded="0" keyframe="0" points="460.20,644.20" z_order="0">
    </points>
    <points frame="248" outside="0" occluded="0" keyframe="0" points="460.20,644.20" z_order="0">
    </points>
    <points frame="249" outside="0" occluded="0" keyframe="0" points="460.20,644.20" z_order="0">
    </points>
    <points frame="250" outside="0" occluded="0" keyframe="0" points="460.20,644.20" z_order="0">
    </points>
    <points frame="251" outside="0" occluded="0" keyframe="0" points="460.20,644.20" z_order="0">
    </points>
    <points frame="252" outside="0" occluded="0" keyframe="0" points="460.20,644.20" z_order="0">
    </points>
    <points frame="253" outside="0" occluded="0" keyframe="0" points="460.20,644.20" z_order="0">
    </points>
    <points frame="254" outside="0" occluded="0" keyframe="0" points="460.20,644.20" z_order="0">
    </points>
    <points frame="255" outside="0" occluded="0" keyframe="0" points="460.20,644.20" z_order="0">
    </points>
    <points frame="256" outside="0" occluded="0" keyframe="0" points="460.20,644.20" z_order="0">
    </points>
    <points frame="257" outside="0" occluded="0" keyframe="0" points="460.20,644.20" z_order="0">
    </points>
  </track>
  <track id="1" label="HB" source="manual">
    <points frame="0" outside="0" occluded="0" keyframe="1" points="699.48,507.11" z_order="0">
    </points>
    <points frame="1" outside="0" occluded="0" keyframe="0" points="697.02,508.10" z_order="0">
    </points>
    <points frame="2" outside="0" occluded="0" keyframe="0" points="694.56,509.09" z_order="0">
    </points>
    <points frame="3" outside="0" occluded="0" keyframe="0" points="692.10,510.08" z_order="0">
    </points>
    <points frame="4" outside="0" occluded="0" keyframe="0" points="689.65,511.06" z_order="0">
    </points>
    <points frame="5" outside="0" occluded="0" keyframe="0" points="687.19,512.05" z_order="0">
    </points>
    <points frame="6" outside="0" occluded="0" keyframe="0" points="684.73,513.04" z_order="0">
    </points>
    <points frame="7" outside="0" occluded="0" keyframe="0" points="682.27,514.03" z_order="0">
    </points>
    <points frame="8" outside="0" occluded="0" keyframe="0" points="679.82,515.02" z_order="0">
    </points>
    <points frame="9" outside="0" occluded="0" keyframe="0" points="677.36,516.01" z_order="0">
    </points>
    <points frame="10" outside="0" occluded="0" keyframe="1" points="674.90,517.00" z_order="0">
    </points>
    <points frame="11" outside="0" occluded="0" keyframe="0" points="673.25,516.42" z_order="0">
    </points>
    <points frame="12" outside="0" occluded="0" keyframe="0" points="671.60,515.83" z_order="0">
    </points>
    <points frame="13" outside="0" occluded="0" keyframe="0" points="669.95,515.25" z_order="0">
    </points>
    <points frame="14" outside="0" occluded="0" keyframe="0" points="668.30,514.67" z_order="0">
    </points>
    <points frame="15" outside="0" occluded="0" keyframe="0" points="666.65,514.08" z_order="0">
    </points>
    <points frame="16" outside="0" occluded="0" keyframe="1" points="665.00,513.50" z_order="0">
    </points>
    <points frame="17" outside="0" occluded="0" keyframe="0" points="659.78,513.45" z_order="0">
    </points>
    <points frame="18" outside="0" occluded="0" keyframe="0" points="654.55,513.40" z_order="0">
    </points>
    <points frame="19" outside="0" occluded="0" keyframe="0" points="649.33,513.35" z_order="0">
    </points>
    <points frame="20" outside="0" occluded="0" keyframe="1" points="644.10,513.30" z_order="0">
    </points>
    <points frame="21" outside="0" occluded="0" keyframe="0" points="642.20,508.82" z_order="0">
    </points>
    <points frame="22" outside="0" occluded="0" keyframe="0" points="640.30,504.34" z_order="0">
    </points>
    <points frame="23" outside="0" occluded="0" keyframe="0" points="638.40,499.86" z_order="0">
    </points>
    <points frame="24" outside="0" occluded="0" keyframe="0" points="636.50,495.38" z_order="0">
    </points>
    <points frame="25" outside="0" occluded="0" keyframe="1" points="634.60,490.90" z_order="0">
    </points>
    <points frame="26" outside="0" occluded="0" keyframe="1" points="622.20,479.90" z_order="0">
    </points>
    <points frame="27" outside="0" occluded="0" keyframe="1" points="622.10,478.30" z_order="0">
    </points>
    <points frame="28" outside="0" occluded="0" keyframe="0" points="625.65,482.25" z_order="0">
    </points>
    <points frame="29" outside="0" occluded="0" keyframe="1" points="629.20,486.20" z_order="0">
    </points>
    <points frame="30" outside="0" occluded="0" keyframe="1" points="620.70,488.70" z_order="0">
    </points>
    <points frame="31" outside="0" occluded="0" keyframe="1" points="634.30,486.70" z_order="0">
    </points>
    <points frame="32" outside="0" occluded="0" keyframe="1" points="639.30,494.50" z_order="0">
    </points>
    <points frame="33" outside="0" occluded="0" keyframe="0" points="648.83,498.43" z_order="0">
    </points>
    <points frame="34" outside="0" occluded="0" keyframe="0" points="658.37,502.37" z_order="0">
    </points>
    <points frame="35" outside="0" occluded="0" keyframe="1" points="667.90,506.30" z_order="0">
    </points>
    <points frame="36" outside="0" occluded="0" keyframe="1" points="656.90,497.50" z_order="0">
    </points>
    <points frame="37" outside="0" occluded="0" keyframe="0" points="653.10,500.53" z_order="0">
    </points>
    <points frame="38" outside="0" occluded="0" keyframe="0" points="649.30,503.55" z_order="0">
    </points>
    <points frame="39" outside="0" occluded="0" keyframe="0" points="645.50,506.58" z_order="0">
    </points>
    <points frame="40" outside="0" occluded="0" keyframe="1" points="641.70,509.60" z_order="0">
    </points>
    <points frame="41" outside="0" occluded="0" keyframe="0" points="637.65,510.30" z_order="0">
    </points>
    <points frame="42" outside="0" occluded="0" keyframe="1" points="633.60,511.00" z_order="0">
    </points>
    <points frame="43" outside="0" occluded="0" keyframe="0" points="638.15,511.28" z_order="0">
    </points>
    <points frame="44" outside="0" occluded="0" keyframe="0" points="642.70,511.55" z_order="0">
    </points>
    <points frame="45" outside="0" occluded="0" keyframe="0" points="647.25,511.83" z_order="0">
    </points>
    <points frame="46" outside="0" occluded="0" keyframe="0" points="651.80,512.10" z_order="0">
    </points>
    <points frame="47" outside="0" occluded="0" keyframe="0" points="656.35,512.38" z_order="0">
    </points>
    <points frame="48" outside="0" occluded="0" keyframe="0" points="660.90,512.65" z_order="0">
    </points>
    <points frame="49" outside="0" occluded="0" keyframe="0" points="665.45,512.93" z_order="0">
    </points>
    <points frame="50" outside="0" occluded="0" keyframe="1" points="670.00,513.20" z_order="0">
    </points>
    <points frame="51" outside="0" occluded="0" keyframe="0" points="676.40,514.30" z_order="0">
    </points>
    <points frame="52" outside="0" occluded="0" keyframe="1" points="682.80,515.40" z_order="0">
    </points>
    <points frame="53" outside="0" occluded="0" keyframe="1" points="688.00,516.50" z_order="0">
    </points>
    <points frame="54" outside="0" occluded="0" keyframe="0" points="687.54,517.61" z_order="0">
    </points>
    <points frame="55" outside="0" occluded="0" keyframe="0" points="687.09,518.73" z_order="0">
    </points>
    <points frame="56" outside="0" occluded="0" keyframe="0" points="686.63,519.84" z_order="0">
    </points>
    <points frame="57" outside="0" occluded="0" keyframe="0" points="686.17,520.96" z_order="0">
    </points>
    <points frame="58" outside="0" occluded="0" keyframe="0" points="685.71,522.07" z_order="0">
    </points>
    <points frame="59" outside="0" occluded="0" keyframe="0" points="685.26,523.19" z_order="0">
    </points>
    <points frame="60" outside="0" occluded="0" keyframe="1" points="684.80,524.30" z_order="0">
    </points>
    <points frame="61" outside="0" occluded="0" keyframe="0" points="686.64,522.32" z_order="0">
    </points>
    <points frame="62" outside="0" occluded="0" keyframe="0" points="688.48,520.34" z_order="0">
    </points>
    <points frame="63" outside="0" occluded="0" keyframe="0" points="690.32,518.36" z_order="0">
    </points>
    <points frame="64" outside="0" occluded="0" keyframe="0" points="692.16,516.38" z_order="0">
    </points>
    <points frame="65" outside="0" occluded="0" keyframe="1" points="694.00,514.40" z_order="0">
    </points>
    <points frame="66" outside="0" occluded="0" keyframe="0" points="688.96,515.88" z_order="0">
    </points>
    <points frame="67" outside="0" occluded="0" keyframe="0" points="683.92,517.36" z_order="0">
    </points>
    <points frame="68" outside="0" occluded="0" keyframe="0" points="678.88,518.84" z_order="0">
    </points>
    <points frame="69" outside="0" occluded="0" keyframe="0" points="673.84,520.32" z_order="0">
    </points>
    <points frame="70" outside="0" occluded="0" keyframe="1" points="668.80,521.80" z_order="0">
    </points>
    <points frame="71" outside="0" occluded="0" keyframe="0" points="663.90,510.25" z_order="0">
    </points>
    <points frame="72" outside="0" occluded="0" keyframe="1" points="659.00,498.70" z_order="0">
    </points>
    <points frame="73" outside="0" occluded="0" keyframe="0" points="654.85,498.98" z_order="0">
    </points>
    <points frame="74" outside="0" occluded="0" keyframe="0" points="650.70,499.25" z_order="0">
    </points>
    <points frame="75" outside="0" occluded="0" keyframe="0" points="646.55,499.53" z_order="0">
    </points>
    <points frame="76" outside="0" occluded="0" keyframe="0" points="642.40,499.80" z_order="0">
    </points>
    <points frame="77" outside="0" occluded="0" keyframe="0" points="638.25,500.08" z_order="0">
    </points>
    <points frame="78" outside="0" occluded="0" keyframe="0" points="634.10,500.35" z_order="0">
    </points>
    <points frame="79" outside="0" occluded="0" keyframe="0" points="629.95,500.62" z_order="0">
    </points>
    <points frame="80" outside="0" occluded="0" keyframe="1" points="625.80,500.90" z_order="0">
    </points>
    <points frame="81" outside="0" occluded="0" keyframe="0" points="623.58,501.88" z_order="0">
    </points>
    <points frame="82" outside="0" occluded="0" keyframe="0" points="621.36,502.86" z_order="0">
    </points>
    <points frame="83" outside="0" occluded="0" keyframe="0" points="619.14,503.84" z_order="0">
    </points>
    <points frame="84" outside="0" occluded="0" keyframe="0" points="616.92,504.82" z_order="0">
    </points>
    <points frame="85" outside="0" occluded="0" keyframe="0" points="614.70,505.80" z_order="0">
    </points>
    <points frame="86" outside="0" occluded="0" keyframe="0" points="612.48,506.78" z_order="0">
    </points>
    <points frame="87" outside="0" occluded="0" keyframe="0" points="610.26,507.76" z_order="0">
    </points>
    <points frame="88" outside="0" occluded="0" keyframe="0" points="608.04,508.74" z_order="0">
    </points>
    <points frame="89" outside="0" occluded="0" keyframe="0" points="605.82,509.72" z_order="0">
    </points>
    <points frame="90" outside="0" occluded="0" keyframe="1" points="603.60,510.70" z_order="0">
    </points>
    <points frame="91" outside="0" occluded="0" keyframe="0" points="604.34,510.82" z_order="0">
    </points>
    <points frame="92" outside="0" occluded="0" keyframe="0" points="605.08,510.94" z_order="0">
    </points>
    <points frame="93" outside="0" occluded="0" keyframe="0" points="605.82,511.06" z_order="0">
    </points>
    <points frame="94" outside="0" occluded="0" keyframe="0" points="606.56,511.18" z_order="0">
    </points>
    <points frame="95" outside="0" occluded="0" keyframe="0" points="607.30,511.30" z_order="0">
    </points>
    <points frame="96" outside="0" occluded="0" keyframe="0" points="608.04,511.42" z_order="0">
    </points>
    <points frame="97" outside="0" occluded="0" keyframe="0" points="608.78,511.54" z_order="0">
    </points>
    <points frame="98" outside="0" occluded="0" keyframe="0" points="609.52,511.66" z_order="0">
    </points>
    <points frame="99" outside="0" occluded="0" keyframe="0" points="610.26,511.78" z_order="0">
    </points>
    <points frame="100" outside="0" occluded="0" keyframe="1" points="611.00,511.90" z_order="0">
    </points>
    <points frame="101" outside="0" occluded="0" keyframe="0" points="611.98,512.02" z_order="0">
    </points>
    <points frame="102" outside="0" occluded="0" keyframe="0" points="612.96,512.14" z_order="0">
    </points>
    <points frame="103" outside="0" occluded="0" keyframe="0" points="613.94,512.26" z_order="0">
    </points>
    <points frame="104" outside="0" occluded="0" keyframe="0" points="614.92,512.38" z_order="0">
    </points>
    <points frame="105" outside="0" occluded="0" keyframe="0" points="615.90,512.50" z_order="0">
    </points>
    <points frame="106" outside="0" occluded="0" keyframe="0" points="616.88,512.62" z_order="0">
    </points>
    <points frame="107" outside="0" occluded="0" keyframe="0" points="617.86,512.74" z_order="0">
    </points>
    <points frame="108" outside="0" occluded="0" keyframe="0" points="618.84,512.86" z_order="0">
    </points>
    <points frame="109" outside="0" occluded="0" keyframe="0" points="619.82,512.98" z_order="0">
    </points>
    <points frame="110" outside="0" occluded="0" keyframe="1" points="620.80,513.10" z_order="0">
    </points>
    <points frame="111" outside="0" occluded="0" keyframe="0" points="623.14,512.61" z_order="0">
    </points>
    <points frame="112" outside="0" occluded="0" keyframe="0" points="625.48,512.12" z_order="0">
    </points>
    <points frame="113" outside="0" occluded="0" keyframe="0" points="627.82,511.63" z_order="0">
    </points>
    <points frame="114" outside="0" occluded="0" keyframe="0" points="630.16,511.14" z_order="0">
    </points>
    <points frame="115" outside="0" occluded="0" keyframe="0" points="632.50,510.65" z_order="0">
    </points>
    <points frame="116" outside="0" occluded="0" keyframe="0" points="634.84,510.16" z_order="0">
    </points>
    <points frame="117" outside="0" occluded="0" keyframe="0" points="637.18,509.67" z_order="0">
    </points>
    <points frame="118" outside="0" occluded="0" keyframe="0" points="639.52,509.18" z_order="0">
    </points>
    <points frame="119" outside="0" occluded="0" keyframe="0" points="641.86,508.69" z_order="0">
    </points>
    <points frame="120" outside="0" occluded="0" keyframe="1" points="644.20,508.20" z_order="0">
    </points>
    <points frame="121" outside="0" occluded="0" keyframe="0" points="645.19,506.20" z_order="0">
    </points>
    <points frame="122" outside="0" occluded="0" keyframe="0" points="646.18,504.20" z_order="0">
    </points>
    <points frame="123" outside="0" occluded="0" keyframe="0" points="647.16,502.20" z_order="0">
    </points>
    <points frame="124" outside="0" occluded="0" keyframe="0" points="648.15,500.20" z_order="0">
    </points>
    <points frame="125" outside="0" occluded="0" keyframe="0" points="649.14,498.20" z_order="0">
    </points>
    <points frame="126" outside="0" occluded="0" keyframe="0" points="650.13,496.20" z_order="0">
    </points>
    <points frame="127" outside="0" occluded="0" keyframe="0" points="651.11,494.20" z_order="0">
    </points>
    <points frame="128" outside="0" occluded="0" keyframe="1" points="652.10,492.20" z_order="0">
    </points>
    <points frame="129" outside="0" occluded="0" keyframe="0" points="640.75,487.90" z_order="0">
    </points>
    <points frame="130" outside="0" occluded="0" keyframe="1" points="629.40,483.60" z_order="0">
    </points>
    <points frame="131" outside="0" occluded="0" keyframe="0" points="626.05,484.70" z_order="0">
    </points>
    <points frame="132" outside="0" occluded="0" keyframe="1" points="622.70,485.80" z_order="0">
    </points>
    <points frame="133" outside="0" occluded="0" keyframe="0" points="623.23,486.14" z_order="0">
    </points>
    <points frame="134" outside="0" occluded="0" keyframe="0" points="623.75,486.48" z_order="0">
    </points>
    <points frame="135" outside="0" occluded="0" keyframe="0" points="624.28,486.81" z_order="0">
    </points>
    <points frame="136" outside="0" occluded="0" keyframe="0" points="624.80,487.15" z_order="0">
    </points>
    <points frame="137" outside="0" occluded="0" keyframe="0" points="625.33,487.49" z_order="0">
    </points>
    <points frame="138" outside="0" occluded="0" keyframe="0" points="625.85,487.83" z_order="0">
    </points>
    <points frame="139" outside="0" occluded="0" keyframe="0" points="626.37,488.16" z_order="0">
    </points>
    <points frame="140" outside="0" occluded="0" keyframe="1" points="626.90,488.50" z_order="0">
    </points>
    <points frame="141" outside="0" occluded="0" keyframe="0" points="627.21,488.75" z_order="0">
    </points>
    <points frame="142" outside="0" occluded="0" keyframe="0" points="627.52,489.00" z_order="0">
    </points>
    <points frame="143" outside="0" occluded="0" keyframe="0" points="627.83,489.25" z_order="0">
    </points>
    <points frame="144" outside="0" occluded="0" keyframe="0" points="628.14,489.50" z_order="0">
    </points>
    <points frame="145" outside="0" occluded="0" keyframe="0" points="628.45,489.75" z_order="0">
    </points>
    <points frame="146" outside="0" occluded="0" keyframe="0" points="628.76,490.00" z_order="0">
    </points>
    <points frame="147" outside="0" occluded="0" keyframe="0" points="629.07,490.25" z_order="0">
    </points>
    <points frame="148" outside="0" occluded="0" keyframe="0" points="629.38,490.50" z_order="0">
    </points>
    <points frame="149" outside="0" occluded="0" keyframe="0" points="629.69,490.75" z_order="0">
    </points>
    <points frame="150" outside="0" occluded="0" keyframe="1" points="630.00,491.00" z_order="0">
    </points>
    <points frame="151" outside="0" occluded="0" keyframe="0" points="630.18,491.38" z_order="0">
    </points>
    <points frame="152" outside="0" occluded="0" keyframe="0" points="630.35,491.75" z_order="0">
    </points>
    <points frame="153" outside="0" occluded="0" keyframe="0" points="630.53,492.12" z_order="0">
    </points>
    <points frame="154" outside="0" occluded="0" keyframe="1" points="630.70,492.50" z_order="0">
    </points>
    <points frame="155" outside="0" occluded="0" keyframe="0" points="623.70,491.43" z_order="0">
    </points>
    <points frame="156" outside="0" occluded="0" keyframe="0" points="616.70,490.37" z_order="0">
    </points>
    <points frame="157" outside="0" occluded="0" keyframe="1" points="609.70,489.30" z_order="0">
    </points>
    <points frame="158" outside="0" occluded="0" keyframe="0" points="606.83,489.03" z_order="0">
    </points>
    <points frame="159" outside="0" occluded="0" keyframe="0" points="603.97,488.77" z_order="0">
    </points>
    <points frame="160" outside="0" occluded="0" keyframe="1" points="601.10,488.50" z_order="0">
    </points>
    <points frame="161" outside="0" occluded="0" keyframe="0" points="601.10,489.61" z_order="0">
    </points>
    <points frame="162" outside="0" occluded="0" keyframe="0" points="601.10,490.72" z_order="0">
    </points>
    <points frame="163" outside="0" occluded="0" keyframe="0" points="601.10,491.83" z_order="0">
    </points>
    <points frame="164" outside="0" occluded="0" keyframe="0" points="601.10,492.94" z_order="0">
    </points>
    <points frame="165" outside="0" occluded="0" keyframe="0" points="601.10,494.05" z_order="0">
    </points>
    <points frame="166" outside="0" occluded="0" keyframe="0" points="601.10,495.16" z_order="0">
    </points>
    <points frame="167" outside="0" occluded="0" keyframe="0" points="601.10,496.27" z_order="0">
    </points>
    <points frame="168" outside="0" occluded="0" keyframe="0" points="601.10,497.38" z_order="0">
    </points>
    <points frame="169" outside="0" occluded="0" keyframe="0" points="601.10,498.49" z_order="0">
    </points>
    <points frame="170" outside="0" occluded="0" keyframe="1" points="601.10,499.60" z_order="0">
    </points>
    <points frame="171" outside="0" occluded="0" keyframe="0" points="613.53,501.20" z_order="0">
    </points>
    <points frame="172" outside="0" occluded="0" keyframe="0" points="625.97,502.80" z_order="0">
    </points>
    <points frame="173" outside="0" occluded="0" keyframe="0" points="638.40,504.40" z_order="0">
    </points>
    <points frame="174" outside="0" occluded="0" keyframe="0" points="650.83,506.00" z_order="0">
    </points>
    <points frame="175" outside="0" occluded="0" keyframe="0" points="663.27,507.60" z_order="0">
    </points>
    <points frame="176" outside="0" occluded="0" keyframe="1" points="675.70,509.20" z_order="0">
    </points>
    <points frame="177" outside="0" occluded="0" keyframe="0" points="674.28,510.80" z_order="0">
    </points>
    <points frame="178" outside="0" occluded="0" keyframe="0" points="672.85,512.40" z_order="0">
    </points>
    <points frame="179" outside="0" occluded="0" keyframe="0" points="671.43,514.00" z_order="0">
    </points>
    <points frame="180" outside="0" occluded="0" keyframe="1" points="670.00,515.60" z_order="0">
    </points>
    <points frame="181" outside="0" occluded="0" keyframe="0" points="670.12,515.60" z_order="0">
    </points>
    <points frame="182" outside="0" occluded="0" keyframe="0" points="670.24,515.60" z_order="0">
    </points>
    <points frame="183" outside="0" occluded="0" keyframe="0" points="670.36,515.60" z_order="0">
    </points>
    <points frame="184" outside="0" occluded="0" keyframe="0" points="670.48,515.60" z_order="0">
    </points>
    <points frame="185" outside="0" occluded="0" keyframe="0" points="670.60,515.60" z_order="0">
    </points>
    <points frame="186" outside="0" occluded="0" keyframe="0" points="670.72,515.60" z_order="0">
    </points>
    <points frame="187" outside="0" occluded="0" keyframe="0" points="670.84,515.60" z_order="0">
    </points>
    <points frame="188" outside="0" occluded="0" keyframe="0" points="670.96,515.60" z_order="0">
    </points>
    <points frame="189" outside="0" occluded="0" keyframe="0" points="671.08,515.60" z_order="0">
    </points>
    <points frame="190" outside="0" occluded="0" keyframe="1" points="671.20,515.60" z_order="0">
    </points>
    <points frame="191" outside="0" occluded="0" keyframe="0" points="671.45,515.60" z_order="0">
    </points>
    <points frame="192" outside="0" occluded="0" keyframe="0" points="671.70,515.60" z_order="0">
    </points>
    <points frame="193" outside="0" occluded="0" keyframe="0" points="671.95,515.60" z_order="0">
    </points>
    <points frame="194" outside="0" occluded="0" keyframe="0" points="672.20,515.60" z_order="0">
    </points>
    <points frame="195" outside="0" occluded="0" keyframe="0" points="672.45,515.60" z_order="0">
    </points>
    <points frame="196" outside="0" occluded="0" keyframe="0" points="672.70,515.60" z_order="0">
    </points>
    <points frame="197" outside="0" occluded="0" keyframe="0" points="672.95,515.60" z_order="0">
    </points>
    <points frame="198" outside="0" occluded="0" keyframe="0" points="673.20,515.60" z_order="0">
    </points>
    <points frame="199" outside="0" occluded="0" keyframe="0" points="673.45,515.60" z_order="0">
    </points>
    <points frame="200" outside="0" occluded="0" keyframe="1" points="673.70,515.60" z_order="0">
    </points>
    <points frame="201" outside="0" occluded="0" keyframe="0" points="673.69,514.84" z_order="0">
    </points>
    <points frame="202" outside="0" occluded="0" keyframe="0" points="673.68,514.08" z_order="0">
    </points>
    <points frame="203" outside="0" occluded="0" keyframe="0" points="673.67,513.32" z_order="0">
    </points>
    <points frame="204" outside="0" occluded="0" keyframe="0" points="673.66,512.56" z_order="0">
    </points>
    <points frame="205" outside="0" occluded="0" keyframe="0" points="673.64,511.79" z_order="0">
    </points>
    <points frame="206" outside="0" occluded="0" keyframe="0" points="673.63,511.03" z_order="0">
    </points>
    <points frame="207" outside="0" occluded="0" keyframe="0" points="673.62,510.27" z_order="0">
    </points>
    <points frame="208" outside="0" occluded="0" keyframe="0" points="673.61,509.51" z_order="0">
    </points>
    <points frame="209" outside="0" occluded="0" keyframe="0" points="673.60,508.75" z_order="0">
    </points>
    <points frame="210" outside="0" occluded="0" keyframe="0" points="673.59,507.99" z_order="0">
    </points>
    <points frame="211" outside="0" occluded="0" keyframe="0" points="673.58,507.23" z_order="0">
    </points>
    <points frame="212" outside="0" occluded="0" keyframe="0" points="673.57,506.47" z_order="0">
    </points>
    <points frame="213" outside="0" occluded="0" keyframe="0" points="673.56,505.71" z_order="0">
    </points>
    <points frame="214" outside="0" occluded="0" keyframe="0" points="673.54,504.94" z_order="0">
    </points>
    <points frame="215" outside="0" occluded="0" keyframe="0" points="673.53,504.18" z_order="0">
    </points>
    <points frame="216" outside="0" occluded="0" keyframe="0" points="673.52,503.42" z_order="0">
    </points>
    <points frame="217" outside="0" occluded="0" keyframe="0" points="673.51,502.66" z_order="0">
    </points>
    <points frame="218" outside="0" occluded="0" keyframe="1" points="673.50,501.90" z_order="0">
    </points>
    <points frame="219" outside="0" occluded="0" keyframe="0" points="675.70,503.34" z_order="0">
    </points>
    <points frame="220" outside="0" occluded="0" keyframe="0" points="677.90,504.78" z_order="0">
    </points>
    <points frame="221" outside="0" occluded="0" keyframe="0" points="680.10,506.22" z_order="0">
    </points>
    <points frame="222" outside="0" occluded="0" keyframe="0" points="682.30,507.66" z_order="0">
    </points>
    <points frame="223" outside="0" occluded="0" keyframe="1" points="684.50,509.10" z_order="0">
    </points>
    <points frame="224" outside="0" occluded="0" keyframe="0" points="683.71,509.00" z_order="0">
    </points>
    <points frame="225" outside="0" occluded="0" keyframe="0" points="682.92,508.90" z_order="0">
    </points>
    <points frame="226" outside="0" occluded="0" keyframe="0" points="682.14,508.80" z_order="0">
    </points>
    <points frame="227" outside="0" occluded="0" keyframe="0" points="681.35,508.70" z_order="0">
    </points>
    <points frame="228" outside="0" occluded="0" keyframe="0" points="680.56,508.60" z_order="0">
    </points>
    <points frame="229" outside="0" occluded="0" keyframe="0" points="679.77,508.50" z_order="0">
    </points>
    <points frame="230" outside="0" occluded="0" keyframe="0" points="678.98,508.40" z_order="0">
    </points>
    <points frame="231" outside="0" occluded="0" keyframe="0" points="678.19,508.30" z_order="0">
    </points>
    <points frame="232" outside="0" occluded="0" keyframe="0" points="677.41,508.20" z_order="0">
    </points>
    <points frame="233" outside="0" occluded="0" keyframe="0" points="676.62,508.10" z_order="0">
    </points>
    <points frame="234" outside="0" occluded="0" keyframe="0" points="675.83,508.00" z_order="0">
    </points>
    <points frame="235" outside="0" occluded="0" keyframe="0" points="675.04,507.90" z_order="0">
    </points>
    <points frame="236" outside="0" occluded="0" keyframe="0" points="674.25,507.80" z_order="0">
    </points>
    <points frame="237" outside="0" occluded="0" keyframe="0" points="673.46,507.70" z_order="0">
    </points>
    <points frame="238" outside="0" occluded="0" keyframe="0" points="672.68,507.60" z_order="0">
    </points>
    <points frame="239" outside="0" occluded="0" keyframe="0" points="671.89,507.50" z_order="0">
    </points>
    <points frame="240" outside="0" occluded="0" keyframe="0" points="671.10,507.40" z_order="0">
    </points>
    <points frame="241" outside="0" occluded="0" keyframe="0" points="670.31,507.30" z_order="0">
    </points>
    <points frame="242" outside="0" occluded="0" keyframe="0" points="669.52,507.20" z_order="0">
    </points>
    <points frame="243" outside="0" occluded="0" keyframe="0" points="668.74,507.10" z_order="0">
    </points>
    <points frame="244" outside="0" occluded="0" keyframe="0" points="667.95,507.00" z_order="0">
    </points>
    <points frame="245" outside="0" occluded="0" keyframe="0" points="667.16,506.90" z_order="0">
    </points>
    <points frame="246" outside="0" occluded="0" keyframe="0" points="666.37,506.80" z_order="0">
    </points>
    <points frame="247" outside="0" occluded="0" keyframe="0" points="665.58,506.70" z_order="0">
    </points>
    <points frame="248" outside="0" occluded="0" keyframe="0" points="664.79,506.60" z_order="0">
    </points>
    <points frame="249" outside="0" occluded="0" keyframe="0" points="664.01,506.50" z_order="0">
    </points>
    <points frame="250" outside="0" occluded="0" keyframe="0" points="663.22,506.40" z_order="0">
    </points>
    <points frame="251" outside="0" occluded="0" keyframe="0" points="662.43,506.30" z_order="0">
    </points>
    <points frame="252" outside="0" occluded="0" keyframe="0" points="661.64,506.20" z_order="0">
    </points>
    <points frame="253" outside="0" occluded="0" keyframe="0" points="660.85,506.10" z_order="0">
    </points>
    <points frame="254" outside="0" occluded="0" keyframe="0" points="660.06,506.00" z_order="0">
    </points>
    <points frame="255" outside="0" occluded="0" keyframe="0" points="659.28,505.90" z_order="0">
    </points>
    <points frame="256" outside="0" occluded="0" keyframe="0" points="658.49,505.80" z_order="0">
    </points>
    <points frame="257" outside="0" occluded="0" keyframe="1" points="657.70,505.70" z_order="0">
    </points>
  </track>
</annotations>
