<?xml version="1.0" encoding="utf-8"?>
<annotations>
  <version>1.1</version>
  <meta>
    <task>
      <id>98</id>
      <name>D06_Dry-3</name>
      <size>176</size>
      <mode>interpolation</mode>
      <overlap>5</overlap>
      <bugtracker></bugtracker>
      <created>2021-11-20 03:11:24.550204+00:00</created>
      <updated>2021-11-20 03:21:15.275982+00:00</updated>
      <subset>default</subset>
      <start_frame>0</start_frame>
      <stop_frame>175</stop_frame>
      <frame_filter></frame_filter>
      <segments>
        <segment>
          <id>97</id>
          <start>0</start>
          <stop>175</stop>
          <url>http://localhost:8080/?id=97</url>
        </segment>
      </segments>
      <owner>
        <username>hubertachan</username>
        <email>hubertachan@gmail.com</email>
      </owner>
      <assignee></assignee>
      <labels>
        <label>
          <name>HB</name>
          <color>#3b0c73</color>
          <attributes>
          </attributes>
        </label>
      </labels>
      <original_size>
        <width>1068</width>
        <height>800</height>
      </original_size>
    </task>
    <dumped>2021-11-20 03:21:18.961446+00:00</dumped>
    <source>D06_Dry-3.avi</source>
  </meta>
  <track id="0" label="HB" source="manual">
    <points frame="48" outside="0" occluded="0" keyframe="1" points="611.39,555.94" z_order="0">
    </points>
    <points frame="49" outside="0" occluded="0" keyframe="0" points="610.07,554.23" z_order="0">
    </points>
    <points frame="50" outside="0" occluded="0" keyframe="0" points="608.75,552.51" z_order="0">
    </points>
    <points frame="51" outside="0" occluded="0" keyframe="0" points="607.43,550.80" z_order="0">
    </points>
    <points frame="52" outside="0" occluded="0" keyframe="0" points="606.11,549.08" z_order="0">
    </points>
    <points frame="53" outside="0" occluded="0" keyframe="0" points="604.79,547.37" z_order="0">
    </points>
    <points frame="54" outside="0" occluded="0" keyframe="0" points="603.47,545.66" z_order="0">
    </points>
    <points frame="55" outside="0" occluded="0" keyframe="0" points="602.16,543.94" z_order="0">
    </points>
    <points frame="56" outside="0" occluded="0" keyframe="0" points="600.84,542.23" z_order="0">
    </points>
    <points frame="57" outside="0" occluded="0" keyframe="0" points="599.52,540.51" z_order="0">
    </points>
    <points frame="58" outside="0" occluded="0" keyframe="1" points="598.20,538.80" z_order="0">
    </points>
    <points frame="59" outside="0" occluded="0" keyframe="0" points="599.39,537.19" z_order="0">
    </points>
    <points frame="60" outside="0" occluded="0" keyframe="0" points="600.58,535.58" z_order="0">
    </points>
    <points frame="61" outside="0" occluded="0" keyframe="0" points="601.76,533.96" z_order="0">
    </points>
    <points frame="62" outside="0" occluded="0" keyframe="0" points="602.95,532.35" z_order="0">
    </points>
    <points frame="63" outside="0" occluded="0" keyframe="0" points="604.14,530.74" z_order="0">
    </points>
    <points frame="64" outside="0" occluded="0" keyframe="0" points="605.33,529.12" z_order="0">
    </points>
    <points frame="65" outside="0" occluded="0" keyframe="0" points="606.51,527.51" z_order="0">
    </points>
    <points frame="66" outside="0" occluded="0" keyframe="1" points="607.70,525.90" z_order="0">
    </points>
    <points frame="67" outside="0" occluded="0" keyframe="0" points="599.00,528.40" z_order="0">
    </points>
    <points frame="68" outside="0" occluded="0" keyframe="1" points="590.30,530.90" z_order="0">
    </points>
    <points frame="69" outside="0" occluded="0" keyframe="0" points="593.34,531.30" z_order="0">
    </points>
    <points frame="70" outside="0" occluded="0" keyframe="0" points="596.38,531.70" z_order="0">
    </points>
    <points frame="71" outside="0" occluded="0" keyframe="0" points="599.42,532.10" z_order="0">
    </points>
    <points frame="72" outside="0" occluded="0" keyframe="0" points="602.46,532.50" z_order="0">
    </points>
    <points frame="73" outside="0" occluded="0" keyframe="0" points="605.50,532.90" z_order="0">
    </points>
    <points frame="74" outside="0" occluded="0" keyframe="0" points="608.54,533.30" z_order="0">
    </points>
    <points frame="75" outside="0" occluded="0" keyframe="0" points="611.58,533.70" z_order="0">
    </points>
    <points frame="76" outside="0" occluded="0" keyframe="0" points="614.62,534.10" z_order="0">
    </points>
    <points frame="77" outside="0" occluded="0" keyframe="0" points="617.66,534.50" z_order="0">
    </points>
    <points frame="78" outside="0" occluded="0" keyframe="1" points="620.70,534.90" z_order="0">
    </points>
    <points frame="79" outside="0" occluded="0" keyframe="0" points="623.15,533.05" z_order="0">
    </points>
    <points frame="80" outside="0" occluded="0" keyframe="0" points="625.60,531.20" z_order="0">
    </points>
    <points frame="81" outside="0" occluded="0" keyframe="0" points="628.05,529.35" z_order="0">
    </points>
    <points frame="82" outside="0" occluded="0" keyframe="1" points="630.50,527.50" z_order="0">
    </points>
    <points frame="83" outside="0" occluded="0" keyframe="0" points="616.80,526.43" z_order="0">
    </points>
    <points frame="84" outside="0" occluded="0" keyframe="0" points="603.10,525.37" z_order="0">
    </points>
    <points frame="85" outside="0" occluded="0" keyframe="1" points="589.40,524.30" z_order="0">
    </points>
    <points frame="86" outside="0" occluded="0" keyframe="0" points="595.00,527.83" z_order="0">
    </points>
    <points frame="87" outside="0" occluded="0" keyframe="0" points="600.60,531.37" z_order="0">
    </points>
    <points frame="88" outside="0" occluded="0" keyframe="1" points="606.20,534.90" z_order="0">
    </points>
    <points frame="89" outside="0" occluded="0" keyframe="0" points="606.75,532.60" z_order="0">
    </points>
    <points frame="90" outside="0" occluded="0" keyframe="1" points="607.30,530.30" z_order="0">
    </points>
    <points frame="91" outside="0" occluded="0" keyframe="0" points="619.05,531.95" z_order="0">
    </points>
    <points frame="92" outside="0" occluded="0" keyframe="1" points="630.80,533.60" z_order="0">
    </points>
    <points frame="93" outside="0" occluded="0" keyframe="0" points="635.70,533.80" z_order="0">
    </points>
    <points frame="94" outside="0" occluded="0" keyframe="1" points="640.60,534.00" z_order="0">
    </points>
    <points frame="95" outside="0" occluded="0" keyframe="0" points="642.90,534.25" z_order="0">
    </points>
    <points frame="96" outside="0" occluded="0" keyframe="1" points="645.20,534.50" z_order="0">
    </points>
    <points frame="97" outside="0" occluded="0" keyframe="0" points="638.25,534.70" z_order="0">
    </points>
    <points frame="98" outside="0" occluded="0" keyframe="1" points="631.30,534.90" z_order="0">
    </points>
    <points frame="99" outside="0" occluded="0" keyframe="1" points="639.90,535.60" z_order="0">
    </points>
    <points frame="100" outside="0" occluded="0" keyframe="0" points="641.14,536.26" z_order="0">
    </points>
    <points frame="101" outside="0" occluded="0" keyframe="0" points="642.39,536.91" z_order="0">
    </points>
    <points frame="102" outside="0" occluded="0" keyframe="0" points="643.63,537.57" z_order="0">
    </points>
    <points frame="103" outside="0" occluded="0" keyframe="0" points="644.88,538.22" z_order="0">
    </points>
    <points frame="104" outside="0" occluded="0" keyframe="0" points="646.12,538.88" z_order="0">
    </points>
    <points frame="105" outside="0" occluded="0" keyframe="0" points="647.37,539.53" z_order="0">
    </points>
    <points frame="106" outside="0" occluded="0" keyframe="0" points="648.61,540.19" z_order="0">
    </points>
    <points frame="107" outside="0" occluded="0" keyframe="0" points="649.86,540.84" z_order="0">
    </points>
    <points frame="108" outside="0" occluded="0" keyframe="1" points="651.10,541.50" z_order="0">
    </points>
    <points frame="109" outside="0" occluded="0" keyframe="0" points="644.90,540.05" z_order="0">
    </points>
    <points frame="110" outside="0" occluded="0" keyframe="1" points="638.70,538.60" z_order="0">
    </points>
    <points frame="111" outside="0" occluded="0" keyframe="0" points="638.28,538.80" z_order="0">
    </points>
    <points frame="112" outside="0" occluded="0" keyframe="0" points="637.85,539.00" z_order="0">
    </points>
    <points frame="113" outside="0" occluded="0" keyframe="0" points="637.43,539.20" z_order="0">
    </points>
    <points frame="114" outside="0" occluded="0" keyframe="0" points="637.00,539.40" z_order="0">
    </points>
    <points frame="115" outside="0" occluded="0" keyframe="0" points="636.58,539.60" z_order="0">
    </points>
    <points frame="116" outside="0" occluded="0" keyframe="0" points="636.15,539.80" z_order="0">
    </points>
    <points frame="117" outside="0" occluded="0" keyframe="0" points="635.73,540.00" z_order="0">
    </points>
    <points frame="118" outside="0" occluded="0" keyframe="1" points="635.30,540.20" z_order="0">
    </points>
    <points frame="119" outside="0" occluded="0" keyframe="0" points="635.56,540.20" z_order="0">
    </points>
    <points frame="120" outside="0" occluded="0" keyframe="0" points="635.82,540.20" z_order="0">
    </points>
    <points frame="121" outside="0" occluded="0" keyframe="0" points="636.08,540.20" z_order="0">
    </points>
    <points frame="122" outside="0" occluded="0" keyframe="0" points="636.34,540.20" z_order="0">
    </points>
    <points frame="123" outside="0" occluded="0" keyframe="0" points="636.60,540.20" z_order="0">
    </points>
    <points frame="124" outside="0" occluded="0" keyframe="0" points="636.86,540.20" z_order="0">
    </points>
    <points frame="125" outside="0" occluded="0" keyframe="0" points="637.12,540.20" z_order="0">
    </points>
    <points frame="126" outside="0" occluded="0" keyframe="0" points="637.38,540.20" z_order="0">
    </points>
    <points frame="127" outside="0" occluded="0" keyframe="0" points="637.64,540.20" z_order="0">
    </points>
    <points frame="128" outside="0" occluded="0" keyframe="1" points="637.90,540.20" z_order="0">
    </points>
    <points frame="129" outside="0" occluded="0" keyframe="0" points="637.50,540.20" z_order="0">
    </points>
    <points frame="130" outside="0" occluded="0" keyframe="0" points="637.10,540.20" z_order="0">
    </points>
    <points frame="131" outside="0" occluded="0" keyframe="0" points="636.70,540.20" z_order="0">
    </points>
    <points frame="132" outside="0" occluded="0" keyframe="0" points="636.30,540.20" z_order="0">
    </points>
    <points frame="133" outside="0" occluded="0" keyframe="0" points="635.90,540.20" z_order="0">
    </points>
    <points frame="134" outside="0" occluded="0" keyframe="0" points="635.50,540.20" z_order="0">
    </points>
    <points frame="135" outside="0" occluded="0" keyframe="0" points="635.10,540.20" z_order="0">
    </points>
    <points frame="136" outside="0" occluded="0" keyframe="0" points="634.70,540.20" z_order="0">
    </points>
    <points frame="137" outside="0" occluded="0" keyframe="0" points="634.30,540.20" z_order="0">
    </points>
    <points frame="138" outside="0" occluded="0" keyframe="1" points="633.90,540.20" z_order="0">
    </points>
    <points frame="139" outside="0" occluded="0" keyframe="0" points="629.41,540.99" z_order="0">
    </points>
    <points frame="140" outside="0" occluded="0" keyframe="0" points="624.92,541.78" z_order="0">
    </points>
    <points frame="141" outside="0" occluded="0" keyframe="0" points="620.43,542.57" z_order="0">
    </points>
    <points frame="142" outside="0" occluded="0" keyframe="0" points="615.94,543.36" z_order="0">
    </points>
    <points frame="143" outside="0" occluded="0" keyframe="0" points="611.45,544.15" z_order="0">
    </points>
    <points frame="144" outside="0" occluded="0" keyframe="0" points="606.96,544.94" z_order="0">
    </points>
    <points frame="145" outside="0" occluded="0" keyframe="0" points="602.47,545.73" z_order="0">
    </points>
    <points frame="146" outside="0" occluded="0" keyframe="0" points="597.98,546.52" z_order="0">
    </points>
    <points frame="147" outside="0" occluded="0" keyframe="0" points="593.49,547.31" z_order="0">
    </points>
    <points frame="148" outside="0" occluded="0" keyframe="1" points="589.00,548.10" z_order="0">
    </points>
    <points frame="149" outside="0" occluded="0" keyframe="0" points="589.00,548.10" z_order="0">
    </points>
    <points frame="150" outside="0" occluded="0" keyframe="0" points="589.00,548.10" z_order="0">
    </points>
    <points frame="151" outside="0" occluded="0" keyframe="0" points="589.00,548.10" z_order="0">
    </points>
    <points frame="152" outside="0" occluded="0" keyframe="0" points="589.00,548.10" z_order="0">
    </points>
    <points frame="153" outside="0" occluded="0" keyframe="0" points="589.00,548.10" z_order="0">
    </points>
    <points frame="154" outside="0" occluded="0" keyframe="0" points="589.00,548.10" z_order="0">
    </points>
    <points frame="155" outside="0" occluded="0" keyframe="0" points="589.00,548.10" z_order="0">
    </points>
    <points frame="156" outside="0" occluded="0" keyframe="0" points="589.00,548.10" z_order="0">
    </points>
    <points frame="157" outside="0" occluded="0" keyframe="0" points="589.00,548.10" z_order="0">
    </points>
    <points frame="158" outside="0" occluded="0" keyframe="0" points="589.00,548.10" z_order="0">
    </points>
    <points frame="159" outside="0" occluded="0" keyframe="0" points="589.00,548.10" z_order="0">
    </points>
    <points frame="160" outside="0" occluded="0" keyframe="0" points="589.00,548.10" z_order="0">
    </points>
    <points frame="161" outside="0" occluded="0" keyframe="0" points="589.00,548.10" z_order="0">
    </points>
    <points frame="162" outside="0" occluded="0" keyframe="0" points="589.00,548.10" z_order="0">
    </points>
    <points frame="163" outside="0" occluded="0" keyframe="0" points="589.00,548.10" z_order="0">
    </points>
    <points frame="164" outside="0" occluded="0" keyframe="0" points="589.00,548.10" z_order="0">
    </points>
    <points frame="165" outside="0" occluded="0" keyframe="0" points="589.00,548.10" z_order="0">
    </points>
    <points frame="166" outside="0" occluded="0" keyframe="0" points="589.00,548.10" z_order="0">
    </points>
    <points frame="167" outside="0" occluded="0" keyframe="0" points="589.00,548.10" z_order="0">
    </points>
    <points frame="168" outside="0" occluded="0" keyframe="0" points="589.00,548.10" z_order="0">
    </points>
    <points frame="169" outside="0" occluded="0" keyframe="0" points="589.00,548.10" z_order="0">
    </points>
    <points frame="170" outside="0" occluded="0" keyframe="0" points="589.00,548.10" z_order="0">
    </points>
    <points frame="171" outside="0" occluded="0" keyframe="0" points="589.00,548.10" z_order="0">
    </points>
    <points frame="172" outside="0" occluded="0" keyframe="0" points="589.00,548.10" z_order="0">
    </points>
    <points frame="173" outside="0" occluded="0" keyframe="0" points="589.00,548.10" z_order="0">
    </points>
    <points frame="174" outside="0" occluded="0" keyframe="0" points="589.00,548.10" z_order="0">
    </points>
    <points frame="175" outside="0" occluded="0" keyframe="0" points="589.00,548.10" z_order="0">
    </points>
  </track>
</annotations>
