<?xml version="1.0" encoding="utf-8"?>
<annotations>
  <version>1.1</version>
  <meta>
    <task>
      <id>99</id>
      <name>D06_Dry-12</name>
      <size>267</size>
      <mode>interpolation</mode>
      <overlap>5</overlap>
      <bugtracker></bugtracker>
      <created>2021-11-20 03:11:36.351187+00:00</created>
      <updated>2021-11-20 03:24:36.001726+00:00</updated>
      <subset>default</subset>
      <start_frame>0</start_frame>
      <stop_frame>266</stop_frame>
      <frame_filter></frame_filter>
      <segments>
        <segment>
          <id>98</id>
          <start>0</start>
          <stop>266</stop>
          <url>http://localhost:8080/?id=98</url>
        </segment>
      </segments>
      <owner>
        <username>hubertachan</username>
        <email>hubertachan@gmail.com</email>
      </owner>
      <assignee></assignee>
      <labels>
        <label>
          <name>HB</name>
          <color>#3b0c73</color>
          <attributes>
          </attributes>
        </label>
      </labels>
      <original_size>
        <width>1068</width>
        <height>800</height>
      </original_size>
    </task>
    <dumped>2021-11-20 03:24:39.524811+00:00</dumped>
    <source>D06_Dry-12.avi</source>
  </meta>
  <track id="0" label="HB" source="manual">
    <points frame="110" outside="0" occluded="0" keyframe="1" points="573.10,546.70" z_order="0">
    </points>
    <points frame="111" outside="0" occluded="0" keyframe="0" points="573.76,546.30" z_order="0">
    </points>
    <points frame="112" outside="0" occluded="0" keyframe="0" points="574.42,545.90" z_order="0">
    </points>
    <points frame="113" outside="0" occluded="0" keyframe="0" points="575.08,545.50" z_order="0">
    </points>
    <points frame="114" outside="0" occluded="0" keyframe="0" points="575.74,545.10" z_order="0">
    </points>
    <points frame="115" outside="0" occluded="0" keyframe="0" points="576.40,544.70" z_order="0">
    </points>
    <points frame="116" outside="0" occluded="0" keyframe="0" points="577.06,544.30" z_order="0">
    </points>
    <points frame="117" outside="0" occluded="0" keyframe="0" points="577.72,543.90" z_order="0">
    </points>
    <points frame="118" outside="0" occluded="0" keyframe="0" points="578.38,543.50" z_order="0">
    </points>
    <points frame="119" outside="0" occluded="0" keyframe="0" points="579.04,543.10" z_order="0">
    </points>
    <points frame="120" outside="0" occluded="0" keyframe="1" points="579.70,542.70" z_order="0">
    </points>
    <points frame="121" outside="0" occluded="0" keyframe="0" points="580.10,542.57" z_order="0">
    </points>
    <points frame="122" outside="0" occluded="0" keyframe="0" points="580.50,542.44" z_order="0">
    </points>
    <points frame="123" outside="0" occluded="0" keyframe="0" points="580.90,542.31" z_order="0">
    </points>
    <points frame="124" outside="0" occluded="0" keyframe="0" points="581.30,542.18" z_order="0">
    </points>
    <points frame="125" outside="0" occluded="0" keyframe="0" points="581.70,542.05" z_order="0">
    </points>
    <points frame="126" outside="0" occluded="0" keyframe="0" points="582.10,541.92" z_order="0">
    </points>
    <points frame="127" outside="0" occluded="0" keyframe="0" points="582.50,541.79" z_order="0">
    </points>
    <points frame="128" outside="0" occluded="0" keyframe="0" points="582.90,541.66" z_order="0">
    </points>
    <points frame="129" outside="0" occluded="0" keyframe="0" points="583.30,541.53" z_order="0">
    </points>
    <points frame="130" outside="0" occluded="0" keyframe="1" points="583.70,541.40" z_order="0">
    </points>
    <points frame="131" outside="0" occluded="0" keyframe="0" points="584.89,540.74" z_order="0">
    </points>
    <points frame="132" outside="0" occluded="0" keyframe="0" points="586.08,540.08" z_order="0">
    </points>
    <points frame="133" outside="0" occluded="0" keyframe="0" points="587.27,539.42" z_order="0">
    </points>
    <points frame="134" outside="0" occluded="0" keyframe="0" points="588.46,538.76" z_order="0">
    </points>
    <points frame="135" outside="0" occluded="0" keyframe="0" points="589.65,538.10" z_order="0">
    </points>
    <points frame="136" outside="0" occluded="0" keyframe="0" points="590.84,537.44" z_order="0">
    </points>
    <points frame="137" outside="0" occluded="0" keyframe="0" points="592.03,536.78" z_order="0">
    </points>
    <points frame="138" outside="0" occluded="0" keyframe="0" points="593.22,536.12" z_order="0">
    </points>
    <points frame="139" outside="0" occluded="0" keyframe="0" points="594.41,535.46" z_order="0">
    </points>
    <points frame="140" outside="0" occluded="0" keyframe="1" points="595.60,534.80" z_order="0">
    </points>
    <points frame="141" outside="0" occluded="0" keyframe="1" points="613.20,534.30" z_order="0">
    </points>
    <points frame="142" outside="0" occluded="0" keyframe="1" points="622.50,532.40" z_order="0">
    </points>
    <points frame="143" outside="0" occluded="0" keyframe="1" points="626.90,532.00" z_order="0">
    </points>
    <points frame="144" outside="0" occluded="0" keyframe="1" points="616.20,527.70" z_order="0">
    </points>
    <points frame="145" outside="0" occluded="0" keyframe="1" points="620.50,528.00" z_order="0">
    </points>
    <points frame="146" outside="0" occluded="0" keyframe="1" points="625.50,528.30" z_order="0">
    </points>
    <points frame="147" outside="0" occluded="0" keyframe="1" points="632.20,528.60" z_order="0">
    </points>
    <points frame="148" outside="0" occluded="0" keyframe="1" points="636.70,528.90" z_order="0">
    </points>
    <points frame="149" outside="0" occluded="0" keyframe="1" points="616.70,520.00" z_order="0">
    </points>
    <points frame="150" outside="0" occluded="0" keyframe="1" points="619.30,517.60" z_order="0">
    </points>
    <points frame="151" outside="0" occluded="0" keyframe="0" points="612.30,517.03" z_order="0">
    </points>
    <points frame="152" outside="0" occluded="0" keyframe="0" points="605.30,516.47" z_order="0">
    </points>
    <points frame="153" outside="0" occluded="0" keyframe="1" points="598.30,515.90" z_order="0">
    </points>
    <points frame="154" outside="0" occluded="0" keyframe="1" points="593.40,508.60" z_order="0">
    </points>
    <points frame="155" outside="0" occluded="0" keyframe="0" points="599.25,512.08" z_order="0">
    </points>
    <points frame="156" outside="0" occluded="0" keyframe="0" points="605.10,515.57" z_order="0">
    </points>
    <points frame="157" outside="0" occluded="0" keyframe="0" points="610.95,519.05" z_order="0">
    </points>
    <points frame="158" outside="0" occluded="0" keyframe="0" points="616.80,522.53" z_order="0">
    </points>
    <points frame="159" outside="0" occluded="0" keyframe="0" points="622.65,526.02" z_order="0">
    </points>
    <points frame="160" outside="0" occluded="0" keyframe="1" points="628.50,529.50" z_order="0">
    </points>
    <points frame="161" outside="0" occluded="0" keyframe="0" points="624.94,528.97" z_order="0">
    </points>
    <points frame="162" outside="0" occluded="0" keyframe="0" points="621.38,528.44" z_order="0">
    </points>
    <points frame="163" outside="0" occluded="0" keyframe="0" points="617.82,527.91" z_order="0">
    </points>
    <points frame="164" outside="0" occluded="0" keyframe="0" points="614.26,527.38" z_order="0">
    </points>
    <points frame="165" outside="0" occluded="0" keyframe="0" points="610.70,526.85" z_order="0">
    </points>
    <points frame="166" outside="0" occluded="0" keyframe="0" points="607.14,526.32" z_order="0">
    </points>
    <points frame="167" outside="0" occluded="0" keyframe="0" points="603.58,525.79" z_order="0">
    </points>
    <points frame="168" outside="0" occluded="0" keyframe="0" points="600.02,525.26" z_order="0">
    </points>
    <points frame="169" outside="0" occluded="0" keyframe="0" points="596.46,524.73" z_order="0">
    </points>
    <points frame="170" outside="0" occluded="0" keyframe="1" points="592.90,524.20" z_order="0">
    </points>
    <points frame="171" outside="0" occluded="0" keyframe="0" points="592.57,524.53" z_order="0">
    </points>
    <points frame="172" outside="0" occluded="0" keyframe="0" points="592.25,524.85" z_order="0">
    </points>
    <points frame="173" outside="0" occluded="0" keyframe="0" points="591.93,525.18" z_order="0">
    </points>
    <points frame="174" outside="0" occluded="0" keyframe="1" points="591.60,525.50" z_order="0">
    </points>
    <points frame="175" outside="0" occluded="0" keyframe="0" points="596.22,525.28" z_order="0">
    </points>
    <points frame="176" outside="0" occluded="0" keyframe="0" points="600.83,525.07" z_order="0">
    </points>
    <points frame="177" outside="0" occluded="0" keyframe="0" points="605.45,524.85" z_order="0">
    </points>
    <points frame="178" outside="0" occluded="0" keyframe="0" points="610.07,524.63" z_order="0">
    </points>
    <points frame="179" outside="0" occluded="0" keyframe="0" points="614.68,524.42" z_order="0">
    </points>
    <points frame="180" outside="0" occluded="0" keyframe="1" points="619.30,524.20" z_order="0">
    </points>
    <points frame="181" outside="0" occluded="0" keyframe="0" points="621.41,524.07" z_order="0">
    </points>
    <points frame="182" outside="0" occluded="0" keyframe="0" points="623.52,523.94" z_order="0">
    </points>
    <points frame="183" outside="0" occluded="0" keyframe="0" points="625.63,523.81" z_order="0">
    </points>
    <points frame="184" outside="0" occluded="0" keyframe="0" points="627.74,523.68" z_order="0">
    </points>
    <points frame="185" outside="0" occluded="0" keyframe="0" points="629.85,523.55" z_order="0">
    </points>
    <points frame="186" outside="0" occluded="0" keyframe="0" points="631.96,523.42" z_order="0">
    </points>
    <points frame="187" outside="0" occluded="0" keyframe="0" points="634.07,523.29" z_order="0">
    </points>
    <points frame="188" outside="0" occluded="0" keyframe="0" points="636.18,523.16" z_order="0">
    </points>
    <points frame="189" outside="0" occluded="0" keyframe="0" points="638.29,523.03" z_order="0">
    </points>
    <points frame="190" outside="0" occluded="0" keyframe="1" points="640.40,522.90" z_order="0">
    </points>
    <points frame="191" outside="0" occluded="0" keyframe="0" points="639.74,522.90" z_order="0">
    </points>
    <points frame="192" outside="0" occluded="0" keyframe="0" points="639.08,522.90" z_order="0">
    </points>
    <points frame="193" outside="0" occluded="0" keyframe="0" points="638.42,522.90" z_order="0">
    </points>
    <points frame="194" outside="0" occluded="0" keyframe="0" points="637.76,522.90" z_order="0">
    </points>
    <points frame="195" outside="0" occluded="0" keyframe="0" points="637.10,522.90" z_order="0">
    </points>
    <points frame="196" outside="0" occluded="0" keyframe="0" points="636.44,522.90" z_order="0">
    </points>
    <points frame="197" outside="0" occluded="0" keyframe="0" points="635.78,522.90" z_order="0">
    </points>
    <points frame="198" outside="0" occluded="0" keyframe="0" points="635.12,522.90" z_order="0">
    </points>
    <points frame="199" outside="0" occluded="0" keyframe="0" points="634.46,522.90" z_order="0">
    </points>
    <points frame="200" outside="0" occluded="0" keyframe="1" points="633.80,522.90" z_order="0">
    </points>
    <points frame="201" outside="0" occluded="0" keyframe="0" points="634.06,522.90" z_order="0">
    </points>
    <points frame="202" outside="0" occluded="0" keyframe="0" points="634.32,522.90" z_order="0">
    </points>
    <points frame="203" outside="0" occluded="0" keyframe="0" points="634.58,522.90" z_order="0">
    </points>
    <points frame="204" outside="0" occluded="0" keyframe="0" points="634.84,522.90" z_order="0">
    </points>
    <points frame="205" outside="0" occluded="0" keyframe="0" points="635.10,522.90" z_order="0">
    </points>
    <points frame="206" outside="0" occluded="0" keyframe="0" points="635.36,522.90" z_order="0">
    </points>
    <points frame="207" outside="0" occluded="0" keyframe="0" points="635.62,522.90" z_order="0">
    </points>
    <points frame="208" outside="0" occluded="0" keyframe="0" points="635.88,522.90" z_order="0">
    </points>
    <points frame="209" outside="0" occluded="0" keyframe="0" points="636.14,522.90" z_order="0">
    </points>
    <points frame="210" outside="0" occluded="0" keyframe="1" points="636.40,522.90" z_order="0">
    </points>
    <points frame="211" outside="0" occluded="0" keyframe="0" points="634.55,523.16" z_order="0">
    </points>
    <points frame="212" outside="0" occluded="0" keyframe="0" points="632.70,523.43" z_order="0">
    </points>
    <points frame="213" outside="0" occluded="0" keyframe="0" points="630.85,523.69" z_order="0">
    </points>
    <points frame="214" outside="0" occluded="0" keyframe="0" points="629.00,523.96" z_order="0">
    </points>
    <points frame="215" outside="0" occluded="0" keyframe="0" points="627.15,524.22" z_order="0">
    </points>
    <points frame="216" outside="0" occluded="0" keyframe="0" points="625.30,524.49" z_order="0">
    </points>
    <points frame="217" outside="0" occluded="0" keyframe="0" points="623.45,524.75" z_order="0">
    </points>
    <points frame="218" outside="0" occluded="0" keyframe="0" points="621.60,525.02" z_order="0">
    </points>
    <points frame="219" outside="0" occluded="0" keyframe="0" points="619.75,525.29" z_order="0">
    </points>
    <points frame="220" outside="0" occluded="0" keyframe="0" points="617.90,525.55" z_order="0">
    </points>
    <points frame="221" outside="0" occluded="0" keyframe="0" points="616.05,525.82" z_order="0">
    </points>
    <points frame="222" outside="0" occluded="0" keyframe="0" points="614.20,526.08" z_order="0">
    </points>
    <points frame="223" outside="0" occluded="0" keyframe="0" points="612.35,526.35" z_order="0">
    </points>
    <points frame="224" outside="0" occluded="0" keyframe="0" points="610.50,526.61" z_order="0">
    </points>
    <points frame="225" outside="0" occluded="0" keyframe="0" points="608.65,526.88" z_order="0">
    </points>
    <points frame="226" outside="0" occluded="0" keyframe="0" points="606.80,527.14" z_order="0">
    </points>
    <points frame="227" outside="0" occluded="0" keyframe="0" points="604.95,527.41" z_order="0">
    </points>
    <points frame="228" outside="0" occluded="0" keyframe="0" points="603.10,527.67" z_order="0">
    </points>
    <points frame="229" outside="0" occluded="0" keyframe="0" points="601.25,527.94" z_order="0">
    </points>
    <points frame="230" outside="0" occluded="0" keyframe="1" points="599.40,528.20" z_order="0">
    </points>
    <points frame="231" outside="0" occluded="0" keyframe="0" points="598.74,528.20" z_order="0">
    </points>
    <points frame="232" outside="0" occluded="0" keyframe="0" points="598.08,528.20" z_order="0">
    </points>
    <points frame="233" outside="0" occluded="0" keyframe="0" points="597.42,528.20" z_order="0">
    </points>
    <points frame="234" outside="0" occluded="0" keyframe="0" points="596.76,528.20" z_order="0">
    </points>
    <points frame="235" outside="0" occluded="0" keyframe="0" points="596.10,528.20" z_order="0">
    </points>
    <points frame="236" outside="0" occluded="0" keyframe="0" points="595.44,528.20" z_order="0">
    </points>
    <points frame="237" outside="0" occluded="0" keyframe="0" points="594.78,528.20" z_order="0">
    </points>
    <points frame="238" outside="0" occluded="0" keyframe="0" points="594.12,528.20" z_order="0">
    </points>
    <points frame="239" outside="0" occluded="0" keyframe="0" points="593.46,528.20" z_order="0">
    </points>
    <points frame="240" outside="0" occluded="0" keyframe="1" points="592.80,528.20" z_order="0">
    </points>
    <points frame="241" outside="0" occluded="0" keyframe="0" points="594.58,527.87" z_order="0">
    </points>
    <points frame="242" outside="0" occluded="0" keyframe="0" points="596.36,527.54" z_order="0">
    </points>
    <points frame="243" outside="0" occluded="0" keyframe="0" points="598.14,527.21" z_order="0">
    </points>
    <points frame="244" outside="0" occluded="0" keyframe="0" points="599.92,526.88" z_order="0">
    </points>
    <points frame="245" outside="0" occluded="0" keyframe="0" points="601.70,526.55" z_order="0">
    </points>
    <points frame="246" outside="0" occluded="0" keyframe="0" points="603.48,526.22" z_order="0">
    </points>
    <points frame="247" outside="0" occluded="0" keyframe="0" points="605.26,525.89" z_order="0">
    </points>
    <points frame="248" outside="0" occluded="0" keyframe="0" points="607.04,525.56" z_order="0">
    </points>
    <points frame="249" outside="0" occluded="0" keyframe="0" points="608.82,525.23" z_order="0">
    </points>
    <points frame="250" outside="0" occluded="0" keyframe="0" points="610.60,524.90" z_order="0">
    </points>
    <points frame="251" outside="0" occluded="0" keyframe="0" points="612.38,524.57" z_order="0">
    </points>
    <points frame="252" outside="0" occluded="0" keyframe="0" points="614.16,524.24" z_order="0">
    </points>
    <points frame="253" outside="0" occluded="0" keyframe="0" points="615.94,523.91" z_order="0">
    </points>
    <points frame="254" outside="0" occluded="0" keyframe="0" points="617.72,523.58" z_order="0">
    </points>
    <points frame="255" outside="0" occluded="0" keyframe="0" points="619.50,523.25" z_order="0">
    </points>
    <points frame="256" outside="0" occluded="0" keyframe="0" points="621.28,522.92" z_order="0">
    </points>
    <points frame="257" outside="0" occluded="0" keyframe="0" points="623.06,522.59" z_order="0">
    </points>
    <points frame="258" outside="0" occluded="0" keyframe="0" points="624.84,522.26" z_order="0">
    </points>
    <points frame="259" outside="0" occluded="0" keyframe="0" points="626.62,521.93" z_order="0">
    </points>
    <points frame="260" outside="0" occluded="0" keyframe="1" points="628.40,521.60" z_order="0">
    </points>
    <points frame="261" outside="0" occluded="0" keyframe="0" points="624.22,521.60" z_order="0">
    </points>
    <points frame="262" outside="0" occluded="0" keyframe="0" points="620.03,521.60" z_order="0">
    </points>
    <points frame="263" outside="0" occluded="0" keyframe="0" points="615.85,521.60" z_order="0">
    </points>
    <points frame="264" outside="0" occluded="0" keyframe="0" points="611.67,521.60" z_order="0">
    </points>
    <points frame="265" outside="0" occluded="0" keyframe="0" points="607.48,521.60" z_order="0">
    </points>
    <points frame="266" outside="0" occluded="0" keyframe="1" points="603.30,521.60" z_order="0">
    </points>
  </track>
</annotations>
