<?xml version="1.0" encoding="utf-8"?>
<annotations>
  <version>1.1</version>
  <meta>
    <task>
      <id>187</id>
      <name>D08_Dry-5</name>
      <size>131</size>
      <mode>interpolation</mode>
      <overlap>5</overlap>
      <bugtracker></bugtracker>
      <created>2021-11-20 15:56:35.211434+00:00</created>
      <updated>2021-11-20 16:20:30.913280+00:00</updated>
      <subset>default</subset>
      <start_frame>0</start_frame>
      <stop_frame>130</stop_frame>
      <frame_filter></frame_filter>
      <segments>
        <segment>
          <id>186</id>
          <start>0</start>
          <stop>130</stop>
          <url>http://localhost:8080/?id=186</url>
        </segment>
      </segments>
      <owner>
        <username>hubertachan</username>
        <email>hubertachan@gmail.com</email>
      </owner>
      <assignee></assignee>
      <labels>
        <label>
          <name>M</name>
          <color>#ff355e</color>
          <attributes>
          </attributes>
        </label>
        <label>
          <name>HB</name>
          <color>#3b0c73</color>
          <attributes>
          </attributes>
        </label>
      </labels>
      <original_size>
        <width>1068</width>
        <height>800</height>
      </original_size>
    </task>
    <dumped>2021-11-20 16:20:34.073595+00:00</dumped>
    <source>D08_Dry-5.avi</source>
  </meta>
  <track id="0" label="M" source="manual">
    <points frame="0" outside="0" occluded="0" keyframe="1" points="446.83,644.19" z_order="0">
    </points>
    <points frame="1" outside="0" occluded="0" keyframe="0" points="447.96,643.86" z_order="0">
    </points>
    <points frame="2" outside="0" occluded="0" keyframe="0" points="449.08,643.53" z_order="0">
    </points>
    <points frame="3" outside="0" occluded="0" keyframe="0" points="450.20,643.20" z_order="0">
    </points>
    <points frame="4" outside="0" occluded="0" keyframe="0" points="451.33,642.87" z_order="0">
    </points>
    <points frame="5" outside="0" occluded="0" keyframe="0" points="452.45,642.54" z_order="0">
    </points>
    <points frame="6" outside="0" occluded="0" keyframe="0" points="453.57,642.21" z_order="0">
    </points>
    <points frame="7" outside="0" occluded="0" keyframe="0" points="454.70,641.88" z_order="0">
    </points>
    <points frame="8" outside="0" occluded="0" keyframe="0" points="455.82,641.55" z_order="0">
    </points>
    <points frame="9" outside="0" occluded="0" keyframe="0" points="456.94,641.23" z_order="0">
    </points>
    <points frame="10" outside="0" occluded="0" keyframe="0" points="458.07,640.90" z_order="0">
    </points>
    <points frame="11" outside="0" occluded="0" keyframe="0" points="459.19,640.57" z_order="0">
    </points>
    <points frame="12" outside="0" occluded="0" keyframe="0" points="460.31,640.24" z_order="0">
    </points>
    <points frame="13" outside="0" occluded="0" keyframe="0" points="461.44,639.91" z_order="0">
    </points>
    <points frame="14" outside="0" occluded="0" keyframe="0" points="462.56,639.58" z_order="0">
    </points>
    <points frame="15" outside="0" occluded="0" keyframe="0" points="463.68,639.25" z_order="0">
    </points>
    <points frame="16" outside="0" occluded="0" keyframe="0" points="464.81,638.92" z_order="0">
    </points>
    <points frame="17" outside="0" occluded="0" keyframe="0" points="465.93,638.59" z_order="0">
    </points>
    <points frame="18" outside="0" occluded="0" keyframe="0" points="467.05,638.26" z_order="0">
    </points>
    <points frame="19" outside="0" occluded="0" keyframe="0" points="468.18,637.93" z_order="0">
    </points>
    <points frame="20" outside="0" occluded="0" keyframe="1" points="469.30,637.60" z_order="0">
    </points>
    <points frame="21" outside="0" occluded="0" keyframe="0" points="468.24,637.73" z_order="0">
    </points>
    <points frame="22" outside="0" occluded="0" keyframe="0" points="467.18,637.86" z_order="0">
    </points>
    <points frame="23" outside="0" occluded="0" keyframe="0" points="466.12,637.99" z_order="0">
    </points>
    <points frame="24" outside="0" occluded="0" keyframe="0" points="465.06,638.12" z_order="0">
    </points>
    <points frame="25" outside="0" occluded="0" keyframe="0" points="464.00,638.25" z_order="0">
    </points>
    <points frame="26" outside="0" occluded="0" keyframe="0" points="462.94,638.38" z_order="0">
    </points>
    <points frame="27" outside="0" occluded="0" keyframe="0" points="461.88,638.51" z_order="0">
    </points>
    <points frame="28" outside="0" occluded="0" keyframe="0" points="460.82,638.64" z_order="0">
    </points>
    <points frame="29" outside="0" occluded="0" keyframe="0" points="459.76,638.77" z_order="0">
    </points>
    <points frame="30" outside="0" occluded="0" keyframe="1" points="458.70,638.90" z_order="0">
    </points>
    <points frame="31" outside="0" occluded="0" keyframe="0" points="459.49,638.37" z_order="0">
    </points>
    <points frame="32" outside="0" occluded="0" keyframe="0" points="460.28,637.84" z_order="0">
    </points>
    <points frame="33" outside="0" occluded="0" keyframe="0" points="461.07,637.31" z_order="0">
    </points>
    <points frame="34" outside="0" occluded="0" keyframe="0" points="461.86,636.78" z_order="0">
    </points>
    <points frame="35" outside="0" occluded="0" keyframe="0" points="462.65,636.25" z_order="0">
    </points>
    <points frame="36" outside="0" occluded="0" keyframe="0" points="463.44,635.72" z_order="0">
    </points>
    <points frame="37" outside="0" occluded="0" keyframe="0" points="464.23,635.19" z_order="0">
    </points>
    <points frame="38" outside="0" occluded="0" keyframe="0" points="465.02,634.66" z_order="0">
    </points>
    <points frame="39" outside="0" occluded="0" keyframe="0" points="465.81,634.13" z_order="0">
    </points>
    <points frame="40" outside="0" occluded="0" keyframe="1" points="466.60,633.60" z_order="0">
    </points>
    <points frame="41" outside="0" occluded="0" keyframe="0" points="467.39,632.94" z_order="0">
    </points>
    <points frame="42" outside="0" occluded="0" keyframe="0" points="468.18,632.28" z_order="0">
    </points>
    <points frame="43" outside="0" occluded="0" keyframe="0" points="468.97,631.62" z_order="0">
    </points>
    <points frame="44" outside="0" occluded="0" keyframe="0" points="469.76,630.96" z_order="0">
    </points>
    <points frame="45" outside="0" occluded="0" keyframe="0" points="470.55,630.30" z_order="0">
    </points>
    <points frame="46" outside="0" occluded="0" keyframe="0" points="471.34,629.64" z_order="0">
    </points>
    <points frame="47" outside="0" occluded="0" keyframe="0" points="472.13,628.98" z_order="0">
    </points>
    <points frame="48" outside="0" occluded="0" keyframe="0" points="472.92,628.32" z_order="0">
    </points>
    <points frame="49" outside="0" occluded="0" keyframe="0" points="473.71,627.66" z_order="0">
    </points>
    <points frame="50" outside="0" occluded="0" keyframe="1" points="474.50,627.00" z_order="0">
    </points>
    <points frame="51" outside="0" occluded="0" keyframe="0" points="473.58,627.92" z_order="0">
    </points>
    <points frame="52" outside="0" occluded="0" keyframe="0" points="472.66,628.84" z_order="0">
    </points>
    <points frame="53" outside="0" occluded="0" keyframe="0" points="471.74,629.76" z_order="0">
    </points>
    <points frame="54" outside="0" occluded="0" keyframe="0" points="470.82,630.68" z_order="0">
    </points>
    <points frame="55" outside="0" occluded="0" keyframe="0" points="469.90,631.60" z_order="0">
    </points>
    <points frame="56" outside="0" occluded="0" keyframe="0" points="468.98,632.52" z_order="0">
    </points>
    <points frame="57" outside="0" occluded="0" keyframe="0" points="468.06,633.44" z_order="0">
    </points>
    <points frame="58" outside="0" occluded="0" keyframe="0" points="467.14,634.36" z_order="0">
    </points>
    <points frame="59" outside="0" occluded="0" keyframe="0" points="466.22,635.28" z_order="0">
    </points>
    <points frame="60" outside="0" occluded="0" keyframe="1" points="465.30,636.20" z_order="0">
    </points>
    <points frame="61" outside="0" occluded="0" keyframe="0" points="465.04,636.20" z_order="0">
    </points>
    <points frame="62" outside="0" occluded="0" keyframe="0" points="464.78,636.20" z_order="0">
    </points>
    <points frame="63" outside="0" occluded="0" keyframe="0" points="464.52,636.20" z_order="0">
    </points>
    <points frame="64" outside="0" occluded="0" keyframe="0" points="464.26,636.20" z_order="0">
    </points>
    <points frame="65" outside="0" occluded="0" keyframe="0" points="464.00,636.20" z_order="0">
    </points>
    <points frame="66" outside="0" occluded="0" keyframe="0" points="463.74,636.20" z_order="0">
    </points>
    <points frame="67" outside="0" occluded="0" keyframe="0" points="463.48,636.20" z_order="0">
    </points>
    <points frame="68" outside="0" occluded="0" keyframe="0" points="463.22,636.20" z_order="0">
    </points>
    <points frame="69" outside="0" occluded="0" keyframe="0" points="462.96,636.20" z_order="0">
    </points>
    <points frame="70" outside="0" occluded="0" keyframe="1" points="462.70,636.20" z_order="0">
    </points>
    <points frame="71" outside="0" occluded="0" keyframe="0" points="462.70,636.20" z_order="0">
    </points>
    <points frame="72" outside="0" occluded="0" keyframe="0" points="462.70,636.20" z_order="0">
    </points>
    <points frame="73" outside="0" occluded="0" keyframe="0" points="462.70,636.20" z_order="0">
    </points>
    <points frame="74" outside="0" occluded="0" keyframe="0" points="462.70,636.20" z_order="0">
    </points>
    <points frame="75" outside="0" occluded="0" keyframe="0" points="462.70,636.20" z_order="0">
    </points>
    <points frame="76" outside="0" occluded="0" keyframe="0" points="462.70,636.20" z_order="0">
    </points>
    <points frame="77" outside="0" occluded="0" keyframe="0" points="462.70,636.20" z_order="0">
    </points>
    <points frame="78" outside="0" occluded="0" keyframe="0" points="462.70,636.20" z_order="0">
    </points>
    <points frame="79" outside="0" occluded="0" keyframe="0" points="462.70,636.20" z_order="0">
    </points>
    <points frame="80" outside="0" occluded="0" keyframe="0" points="462.70,636.20" z_order="0">
    </points>
    <points frame="81" outside="0" occluded="0" keyframe="0" points="462.70,636.20" z_order="0">
    </points>
    <points frame="82" outside="0" occluded="0" keyframe="0" points="462.70,636.20" z_order="0">
    </points>
    <points frame="83" outside="0" occluded="0" keyframe="0" points="462.70,636.20" z_order="0">
    </points>
    <points frame="84" outside="0" occluded="0" keyframe="0" points="462.70,636.20" z_order="0">
    </points>
    <points frame="85" outside="0" occluded="0" keyframe="0" points="462.70,636.20" z_order="0">
    </points>
    <points frame="86" outside="0" occluded="0" keyframe="0" points="462.70,636.20" z_order="0">
    </points>
    <points frame="87" outside="0" occluded="0" keyframe="0" points="462.70,636.20" z_order="0">
    </points>
    <points frame="88" outside="0" occluded="0" keyframe="0" points="462.70,636.20" z_order="0">
    </points>
    <points frame="89" outside="0" occluded="0" keyframe="0" points="462.70,636.20" z_order="0">
    </points>
    <points frame="90" outside="0" occluded="0" keyframe="0" points="462.70,636.20" z_order="0">
    </points>
    <points frame="91" outside="0" occluded="0" keyframe="0" points="462.70,636.20" z_order="0">
    </points>
    <points frame="92" outside="0" occluded="0" keyframe="0" points="462.70,636.20" z_order="0">
    </points>
    <points frame="93" outside="0" occluded="0" keyframe="0" points="462.70,636.20" z_order="0">
    </points>
    <points frame="94" outside="0" occluded="0" keyframe="0" points="462.70,636.20" z_order="0">
    </points>
    <points frame="95" outside="0" occluded="0" keyframe="0" points="462.70,636.20" z_order="0">
    </points>
    <points frame="96" outside="0" occluded="0" keyframe="0" points="462.70,636.20" z_order="0">
    </points>
    <points frame="97" outside="0" occluded="0" keyframe="0" points="462.70,636.20" z_order="0">
    </points>
    <points frame="98" outside="0" occluded="0" keyframe="0" points="462.70,636.20" z_order="0">
    </points>
    <points frame="99" outside="0" occluded="0" keyframe="0" points="462.70,636.20" z_order="0">
    </points>
    <points frame="100" outside="0" occluded="0" keyframe="0" points="462.70,636.20" z_order="0">
    </points>
    <points frame="101" outside="0" occluded="0" keyframe="0" points="462.70,636.20" z_order="0">
    </points>
    <points frame="102" outside="0" occluded="0" keyframe="0" points="462.70,636.20" z_order="0">
    </points>
    <points frame="103" outside="0" occluded="0" keyframe="0" points="462.70,636.20" z_order="0">
    </points>
    <points frame="104" outside="0" occluded="0" keyframe="0" points="462.70,636.20" z_order="0">
    </points>
    <points frame="105" outside="0" occluded="0" keyframe="0" points="462.70,636.20" z_order="0">
    </points>
    <points frame="106" outside="0" occluded="0" keyframe="0" points="462.70,636.20" z_order="0">
    </points>
    <points frame="107" outside="0" occluded="0" keyframe="0" points="462.70,636.20" z_order="0">
    </points>
    <points frame="108" outside="0" occluded="0" keyframe="0" points="462.70,636.20" z_order="0">
    </points>
    <points frame="109" outside="0" occluded="0" keyframe="0" points="462.70,636.20" z_order="0">
    </points>
    <points frame="110" outside="0" occluded="0" keyframe="0" points="462.70,636.20" z_order="0">
    </points>
    <points frame="111" outside="0" occluded="0" keyframe="0" points="462.70,636.20" z_order="0">
    </points>
    <points frame="112" outside="0" occluded="0" keyframe="0" points="462.70,636.20" z_order="0">
    </points>
    <points frame="113" outside="0" occluded="0" keyframe="0" points="462.70,636.20" z_order="0">
    </points>
    <points frame="114" outside="0" occluded="0" keyframe="0" points="462.70,636.20" z_order="0">
    </points>
    <points frame="115" outside="0" occluded="0" keyframe="0" points="462.70,636.20" z_order="0">
    </points>
    <points frame="116" outside="0" occluded="0" keyframe="0" points="462.70,636.20" z_order="0">
    </points>
    <points frame="117" outside="0" occluded="0" keyframe="0" points="462.70,636.20" z_order="0">
    </points>
    <points frame="118" outside="0" occluded="0" keyframe="0" points="462.70,636.20" z_order="0">
    </points>
    <points frame="119" outside="0" occluded="0" keyframe="0" points="462.70,636.20" z_order="0">
    </points>
    <points frame="120" outside="0" occluded="0" keyframe="0" points="462.70,636.20" z_order="0">
    </points>
    <points frame="121" outside="0" occluded="0" keyframe="0" points="462.70,636.20" z_order="0">
    </points>
    <points frame="122" outside="0" occluded="0" keyframe="0" points="462.70,636.20" z_order="0">
    </points>
    <points frame="123" outside="0" occluded="0" keyframe="0" points="462.70,636.20" z_order="0">
    </points>
    <points frame="124" outside="0" occluded="0" keyframe="0" points="462.70,636.20" z_order="0">
    </points>
    <points frame="125" outside="0" occluded="0" keyframe="0" points="462.70,636.20" z_order="0">
    </points>
    <points frame="126" outside="0" occluded="0" keyframe="0" points="462.70,636.20" z_order="0">
    </points>
    <points frame="127" outside="0" occluded="0" keyframe="0" points="462.70,636.20" z_order="0">
    </points>
    <points frame="128" outside="0" occluded="0" keyframe="0" points="462.70,636.20" z_order="0">
    </points>
    <points frame="129" outside="0" occluded="0" keyframe="0" points="462.70,636.20" z_order="0">
    </points>
    <points frame="130" outside="0" occluded="0" keyframe="0" points="462.70,636.20" z_order="0">
    </points>
  </track>
  <track id="1" label="HB" source="manual">
    <points frame="1" outside="0" occluded="0" keyframe="1" points="649.74,517.72" z_order="0">
    </points>
    <points frame="2" outside="0" occluded="0" keyframe="0" points="651.32,516.93" z_order="0">
    </points>
    <points frame="3" outside="0" occluded="0" keyframe="0" points="652.91,516.14" z_order="0">
    </points>
    <points frame="4" outside="0" occluded="0" keyframe="0" points="654.50,515.35" z_order="0">
    </points>
    <points frame="5" outside="0" occluded="0" keyframe="0" points="656.08,514.55" z_order="0">
    </points>
    <points frame="6" outside="0" occluded="0" keyframe="0" points="657.67,513.76" z_order="0">
    </points>
    <points frame="7" outside="0" occluded="0" keyframe="0" points="659.25,512.97" z_order="0">
    </points>
    <points frame="8" outside="0" occluded="0" keyframe="0" points="660.84,512.18" z_order="0">
    </points>
    <points frame="9" outside="0" occluded="0" keyframe="0" points="662.43,511.38" z_order="0">
    </points>
    <points frame="10" outside="0" occluded="0" keyframe="0" points="664.01,510.59" z_order="0">
    </points>
    <points frame="11" outside="0" occluded="0" keyframe="1" points="665.60,509.80" z_order="0">
    </points>
    <points frame="12" outside="0" occluded="0" keyframe="0" points="665.60,509.27" z_order="0">
    </points>
    <points frame="13" outside="0" occluded="0" keyframe="0" points="665.60,508.74" z_order="0">
    </points>
    <points frame="14" outside="0" occluded="0" keyframe="0" points="665.60,508.21" z_order="0">
    </points>
    <points frame="15" outside="0" occluded="0" keyframe="0" points="665.60,507.68" z_order="0">
    </points>
    <points frame="16" outside="0" occluded="0" keyframe="0" points="665.60,507.15" z_order="0">
    </points>
    <points frame="17" outside="0" occluded="0" keyframe="0" points="665.60,506.62" z_order="0">
    </points>
    <points frame="18" outside="0" occluded="0" keyframe="0" points="665.60,506.09" z_order="0">
    </points>
    <points frame="19" outside="0" occluded="0" keyframe="0" points="665.60,505.56" z_order="0">
    </points>
    <points frame="20" outside="0" occluded="0" keyframe="0" points="665.60,505.03" z_order="0">
    </points>
    <points frame="21" outside="0" occluded="0" keyframe="1" points="665.60,504.50" z_order="0">
    </points>
    <points frame="22" outside="0" occluded="0" keyframe="0" points="670.35,506.90" z_order="0">
    </points>
    <points frame="23" outside="0" occluded="0" keyframe="1" points="675.10,509.30" z_order="0">
    </points>
    <points frame="24" outside="0" occluded="0" keyframe="0" points="673.23,508.28" z_order="0">
    </points>
    <points frame="25" outside="0" occluded="0" keyframe="0" points="671.35,507.25" z_order="0">
    </points>
    <points frame="26" outside="0" occluded="0" keyframe="0" points="669.48,506.23" z_order="0">
    </points>
    <points frame="27" outside="0" occluded="0" keyframe="1" points="667.60,505.20" z_order="0">
    </points>
    <points frame="28" outside="0" occluded="0" keyframe="0" points="667.27,504.20" z_order="0">
    </points>
    <points frame="29" outside="0" occluded="0" keyframe="0" points="666.93,503.20" z_order="0">
    </points>
    <points frame="30" outside="0" occluded="0" keyframe="1" points="666.60,502.20" z_order="0">
    </points>
    <points frame="31" outside="0" occluded="0" keyframe="1" points="656.40,501.90" z_order="0">
    </points>
    <points frame="32" outside="0" occluded="0" keyframe="0" points="652.52,500.72" z_order="0">
    </points>
    <points frame="33" outside="0" occluded="0" keyframe="0" points="648.64,499.54" z_order="0">
    </points>
    <points frame="34" outside="0" occluded="0" keyframe="0" points="644.76,498.36" z_order="0">
    </points>
    <points frame="35" outside="0" occluded="0" keyframe="0" points="640.88,497.18" z_order="0">
    </points>
    <points frame="36" outside="0" occluded="0" keyframe="1" points="637.00,496.00" z_order="0">
    </points>
    <points frame="37" outside="0" occluded="0" keyframe="1" points="645.80,494.80" z_order="0">
    </points>
    <points frame="38" outside="0" occluded="0" keyframe="0" points="631.70,493.60" z_order="0">
    </points>
    <points frame="39" outside="0" occluded="0" keyframe="1" points="617.60,492.40" z_order="0">
    </points>
    <points frame="40" outside="0" occluded="0" keyframe="0" points="608.60,491.20" z_order="0">
    </points>
    <points frame="41" outside="0" occluded="0" keyframe="1" points="599.60,490.00" z_order="0">
    </points>
    <points frame="42" outside="0" occluded="0" keyframe="0" points="595.28,490.22" z_order="0">
    </points>
    <points frame="43" outside="0" occluded="0" keyframe="0" points="590.97,490.43" z_order="0">
    </points>
    <points frame="44" outside="0" occluded="0" keyframe="0" points="586.65,490.65" z_order="0">
    </points>
    <points frame="45" outside="0" occluded="0" keyframe="0" points="582.33,490.87" z_order="0">
    </points>
    <points frame="46" outside="0" occluded="0" keyframe="0" points="578.02,491.08" z_order="0">
    </points>
    <points frame="47" outside="0" occluded="0" keyframe="1" points="573.70,491.30" z_order="0">
    </points>
    <points frame="48" outside="0" occluded="0" keyframe="0" points="578.20,494.28" z_order="0">
    </points>
    <points frame="49" outside="0" occluded="0" keyframe="0" points="582.70,497.25" z_order="0">
    </points>
    <points frame="50" outside="0" occluded="0" keyframe="0" points="587.20,500.23" z_order="0">
    </points>
    <points frame="51" outside="0" occluded="0" keyframe="1" points="591.70,503.20" z_order="0">
    </points>
    <points frame="52" outside="0" occluded="0" keyframe="0" points="627.15,503.60" z_order="0">
    </points>
    <points frame="53" outside="0" occluded="0" keyframe="1" points="662.60,504.00" z_order="0">
    </points>
    <points frame="54" outside="0" occluded="0" keyframe="1" points="674.30,504.40" z_order="0">
    </points>
    <points frame="55" outside="0" occluded="0" keyframe="0" points="673.25,504.80" z_order="0">
    </points>
    <points frame="56" outside="0" occluded="0" keyframe="1" points="672.20,505.20" z_order="0">
    </points>
    <points frame="57" outside="0" occluded="0" keyframe="0" points="671.94,507.18" z_order="0">
    </points>
    <points frame="58" outside="0" occluded="0" keyframe="0" points="671.68,509.16" z_order="0">
    </points>
    <points frame="59" outside="0" occluded="0" keyframe="0" points="671.42,511.14" z_order="0">
    </points>
    <points frame="60" outside="0" occluded="0" keyframe="0" points="671.16,513.12" z_order="0">
    </points>
    <points frame="61" outside="0" occluded="0" keyframe="1" points="670.90,515.10" z_order="0">
    </points>
    <points frame="62" outside="0" occluded="0" keyframe="0" points="670.11,514.57" z_order="0">
    </points>
    <points frame="63" outside="0" occluded="0" keyframe="0" points="669.32,514.04" z_order="0">
    </points>
    <points frame="64" outside="0" occluded="0" keyframe="0" points="668.53,513.51" z_order="0">
    </points>
    <points frame="65" outside="0" occluded="0" keyframe="0" points="667.74,512.98" z_order="0">
    </points>
    <points frame="66" outside="0" occluded="0" keyframe="0" points="666.95,512.45" z_order="0">
    </points>
    <points frame="67" outside="0" occluded="0" keyframe="0" points="666.16,511.92" z_order="0">
    </points>
    <points frame="68" outside="0" occluded="0" keyframe="0" points="665.37,511.39" z_order="0">
    </points>
    <points frame="69" outside="0" occluded="0" keyframe="0" points="664.58,510.86" z_order="0">
    </points>
    <points frame="70" outside="0" occluded="0" keyframe="0" points="663.79,510.33" z_order="0">
    </points>
    <points frame="71" outside="0" occluded="0" keyframe="1" points="663.00,509.80" z_order="0">
    </points>
    <points frame="72" outside="0" occluded="0" keyframe="0" points="663.13,509.80" z_order="0">
    </points>
    <points frame="73" outside="0" occluded="0" keyframe="0" points="663.26,509.80" z_order="0">
    </points>
    <points frame="74" outside="0" occluded="0" keyframe="0" points="663.39,509.80" z_order="0">
    </points>
    <points frame="75" outside="0" occluded="0" keyframe="0" points="663.52,509.80" z_order="0">
    </points>
    <points frame="76" outside="0" occluded="0" keyframe="0" points="663.65,509.80" z_order="0">
    </points>
    <points frame="77" outside="0" occluded="0" keyframe="0" points="663.78,509.80" z_order="0">
    </points>
    <points frame="78" outside="0" occluded="0" keyframe="0" points="663.91,509.80" z_order="0">
    </points>
    <points frame="79" outside="0" occluded="0" keyframe="0" points="664.04,509.80" z_order="0">
    </points>
    <points frame="80" outside="0" occluded="0" keyframe="0" points="664.17,509.80" z_order="0">
    </points>
    <points frame="81" outside="0" occluded="0" keyframe="0" points="664.30,509.80" z_order="0">
    </points>
    <points frame="82" outside="0" occluded="0" keyframe="0" points="664.43,509.80" z_order="0">
    </points>
    <points frame="83" outside="0" occluded="0" keyframe="0" points="664.56,509.80" z_order="0">
    </points>
    <points frame="84" outside="0" occluded="0" keyframe="0" points="664.69,509.80" z_order="0">
    </points>
    <points frame="85" outside="0" occluded="0" keyframe="0" points="664.82,509.80" z_order="0">
    </points>
    <points frame="86" outside="0" occluded="0" keyframe="0" points="664.95,509.80" z_order="0">
    </points>
    <points frame="87" outside="0" occluded="0" keyframe="0" points="665.08,509.80" z_order="0">
    </points>
    <points frame="88" outside="0" occluded="0" keyframe="0" points="665.21,509.80" z_order="0">
    </points>
    <points frame="89" outside="0" occluded="0" keyframe="0" points="665.34,509.80" z_order="0">
    </points>
    <points frame="90" outside="0" occluded="0" keyframe="0" points="665.47,509.80" z_order="0">
    </points>
    <points frame="91" outside="0" occluded="0" keyframe="1" points="665.60,509.80" z_order="0">
    </points>
    <points frame="92" outside="0" occluded="0" keyframe="0" points="665.86,509.80" z_order="0">
    </points>
    <points frame="93" outside="0" occluded="0" keyframe="0" points="666.12,509.80" z_order="0">
    </points>
    <points frame="94" outside="0" occluded="0" keyframe="0" points="666.38,509.80" z_order="0">
    </points>
    <points frame="95" outside="0" occluded="0" keyframe="0" points="666.64,509.80" z_order="0">
    </points>
    <points frame="96" outside="0" occluded="0" keyframe="0" points="666.90,509.80" z_order="0">
    </points>
    <points frame="97" outside="0" occluded="0" keyframe="0" points="667.16,509.80" z_order="0">
    </points>
    <points frame="98" outside="0" occluded="0" keyframe="0" points="667.42,509.80" z_order="0">
    </points>
    <points frame="99" outside="0" occluded="0" keyframe="0" points="667.68,509.80" z_order="0">
    </points>
    <points frame="100" outside="0" occluded="0" keyframe="0" points="667.94,509.80" z_order="0">
    </points>
    <points frame="101" outside="0" occluded="0" keyframe="1" points="668.20,509.80" z_order="0">
    </points>
    <points frame="102" outside="0" occluded="0" keyframe="0" points="668.20,509.54" z_order="0">
    </points>
    <points frame="103" outside="0" occluded="0" keyframe="0" points="668.20,509.28" z_order="0">
    </points>
    <points frame="104" outside="0" occluded="0" keyframe="0" points="668.20,509.02" z_order="0">
    </points>
    <points frame="105" outside="0" occluded="0" keyframe="0" points="668.20,508.76" z_order="0">
    </points>
    <points frame="106" outside="0" occluded="0" keyframe="0" points="668.20,508.50" z_order="0">
    </points>
    <points frame="107" outside="0" occluded="0" keyframe="0" points="668.20,508.24" z_order="0">
    </points>
    <points frame="108" outside="0" occluded="0" keyframe="0" points="668.20,507.98" z_order="0">
    </points>
    <points frame="109" outside="0" occluded="0" keyframe="0" points="668.20,507.72" z_order="0">
    </points>
    <points frame="110" outside="0" occluded="0" keyframe="0" points="668.20,507.46" z_order="0">
    </points>
    <points frame="111" outside="0" occluded="0" keyframe="1" points="668.20,507.20" z_order="0">
    </points>
    <points frame="112" outside="0" occluded="0" keyframe="0" points="668.46,507.20" z_order="0">
    </points>
    <points frame="113" outside="0" occluded="0" keyframe="0" points="668.72,507.20" z_order="0">
    </points>
    <points frame="114" outside="0" occluded="0" keyframe="0" points="668.98,507.20" z_order="0">
    </points>
    <points frame="115" outside="0" occluded="0" keyframe="0" points="669.24,507.20" z_order="0">
    </points>
    <points frame="116" outside="0" occluded="0" keyframe="0" points="669.50,507.20" z_order="0">
    </points>
    <points frame="117" outside="0" occluded="0" keyframe="0" points="669.76,507.20" z_order="0">
    </points>
    <points frame="118" outside="0" occluded="0" keyframe="0" points="670.02,507.20" z_order="0">
    </points>
    <points frame="119" outside="0" occluded="0" keyframe="0" points="670.28,507.20" z_order="0">
    </points>
    <points frame="120" outside="0" occluded="0" keyframe="0" points="670.54,507.20" z_order="0">
    </points>
    <points frame="121" outside="0" occluded="0" keyframe="1" points="670.80,507.20" z_order="0">
    </points>
    <points frame="122" outside="0" occluded="0" keyframe="0" points="671.24,507.20" z_order="0">
    </points>
    <points frame="123" outside="0" occluded="0" keyframe="0" points="671.69,507.20" z_order="0">
    </points>
    <points frame="124" outside="0" occluded="0" keyframe="0" points="672.13,507.20" z_order="0">
    </points>
    <points frame="125" outside="0" occluded="0" keyframe="0" points="672.58,507.20" z_order="0">
    </points>
    <points frame="126" outside="0" occluded="0" keyframe="0" points="673.02,507.20" z_order="0">
    </points>
    <points frame="127" outside="0" occluded="0" keyframe="0" points="673.47,507.20" z_order="0">
    </points>
    <points frame="128" outside="0" occluded="0" keyframe="0" points="673.91,507.20" z_order="0">
    </points>
    <points frame="129" outside="0" occluded="0" keyframe="0" points="674.36,507.20" z_order="0">
    </points>
    <points frame="130" outside="0" occluded="0" keyframe="1" points="674.80,507.20" z_order="0">
    </points>
  </track>
</annotations>
