<?xml version="1.0" encoding="utf-8"?>
<annotations>
  <version>1.1</version>
  <meta>
    <task>
      <id>87</id>
      <name>D07_Dry-8</name>
      <size>166</size>
      <mode>interpolation</mode>
      <overlap>5</overlap>
      <bugtracker></bugtracker>
      <created>2021-11-20 02:29:10.641018+00:00</created>
      <updated>2021-11-20 15:42:30.847317+00:00</updated>
      <subset>default</subset>
      <start_frame>0</start_frame>
      <stop_frame>165</stop_frame>
      <frame_filter></frame_filter>
      <segments>
        <segment>
          <id>86</id>
          <start>0</start>
          <stop>165</stop>
          <url>http://localhost:8080/?id=86</url>
        </segment>
      </segments>
      <owner>
        <username>hubertachan</username>
        <email>hubertachan@gmail.com</email>
      </owner>
      <assignee></assignee>
      <labels>
        <label>
          <name>HB</name>
          <color>#3b0c73</color>
          <attributes>
          </attributes>
        </label>
        <label>
          <name>M</name>
          <color>#ff355e</color>
          <attributes>
          </attributes>
        </label>
      </labels>
      <original_size>
        <width>1068</width>
        <height>800</height>
      </original_size>
    </task>
    <dumped>2021-11-20 15:42:34.377767+00:00</dumped>
    <source>D07_Dry-8.avi</source>
  </meta>
  <track id="0" label="HB" source="manual">
    <points frame="0" outside="0" occluded="0" keyframe="1" points="709.64,575.51" z_order="0">
    </points>
    <points frame="1" outside="0" occluded="0" keyframe="0" points="708.71,574.85" z_order="0">
    </points>
    <points frame="2" outside="0" occluded="0" keyframe="0" points="707.79,574.19" z_order="0">
    </points>
    <points frame="3" outside="0" occluded="0" keyframe="0" points="706.87,573.53" z_order="0">
    </points>
    <points frame="4" outside="0" occluded="0" keyframe="0" points="705.94,572.87" z_order="0">
    </points>
    <points frame="5" outside="0" occluded="0" keyframe="0" points="705.02,572.21" z_order="0">
    </points>
    <points frame="6" outside="0" occluded="0" keyframe="0" points="704.09,571.54" z_order="0">
    </points>
    <points frame="7" outside="0" occluded="0" keyframe="0" points="703.17,570.88" z_order="0">
    </points>
    <points frame="8" outside="0" occluded="0" keyframe="0" points="702.25,570.22" z_order="0">
    </points>
    <points frame="9" outside="0" occluded="0" keyframe="0" points="701.32,569.56" z_order="0">
    </points>
    <points frame="10" outside="0" occluded="0" keyframe="1" points="700.40,568.90" z_order="0">
    </points>
    <points frame="11" outside="0" occluded="0" keyframe="0" points="701.72,569.03" z_order="0">
    </points>
    <points frame="12" outside="0" occluded="0" keyframe="0" points="703.04,569.16" z_order="0">
    </points>
    <points frame="13" outside="0" occluded="0" keyframe="0" points="704.36,569.29" z_order="0">
    </points>
    <points frame="14" outside="0" occluded="0" keyframe="0" points="705.68,569.42" z_order="0">
    </points>
    <points frame="15" outside="0" occluded="0" keyframe="0" points="707.00,569.55" z_order="0">
    </points>
    <points frame="16" outside="0" occluded="0" keyframe="0" points="708.32,569.68" z_order="0">
    </points>
    <points frame="17" outside="0" occluded="0" keyframe="0" points="709.64,569.81" z_order="0">
    </points>
    <points frame="18" outside="0" occluded="0" keyframe="0" points="710.96,569.94" z_order="0">
    </points>
    <points frame="19" outside="0" occluded="0" keyframe="0" points="712.28,570.07" z_order="0">
    </points>
    <points frame="20" outside="0" occluded="0" keyframe="1" points="713.60,570.20" z_order="0">
    </points>
    <points frame="21" outside="0" occluded="0" keyframe="0" points="714.13,570.46" z_order="0">
    </points>
    <points frame="22" outside="0" occluded="0" keyframe="0" points="714.66,570.72" z_order="0">
    </points>
    <points frame="23" outside="0" occluded="0" keyframe="0" points="715.19,570.98" z_order="0">
    </points>
    <points frame="24" outside="0" occluded="0" keyframe="0" points="715.72,571.24" z_order="0">
    </points>
    <points frame="25" outside="0" occluded="0" keyframe="0" points="716.25,571.50" z_order="0">
    </points>
    <points frame="26" outside="0" occluded="0" keyframe="0" points="716.78,571.76" z_order="0">
    </points>
    <points frame="27" outside="0" occluded="0" keyframe="0" points="717.31,572.02" z_order="0">
    </points>
    <points frame="28" outside="0" occluded="0" keyframe="0" points="717.84,572.28" z_order="0">
    </points>
    <points frame="29" outside="0" occluded="0" keyframe="0" points="718.37,572.54" z_order="0">
    </points>
    <points frame="30" outside="0" occluded="0" keyframe="1" points="718.90,572.80" z_order="0">
    </points>
    <points frame="31" outside="0" occluded="0" keyframe="0" points="715.73,572.67" z_order="0">
    </points>
    <points frame="32" outside="0" occluded="0" keyframe="0" points="712.56,572.54" z_order="0">
    </points>
    <points frame="33" outside="0" occluded="0" keyframe="0" points="709.39,572.41" z_order="0">
    </points>
    <points frame="34" outside="0" occluded="0" keyframe="0" points="706.22,572.28" z_order="0">
    </points>
    <points frame="35" outside="0" occluded="0" keyframe="0" points="703.05,572.15" z_order="0">
    </points>
    <points frame="36" outside="0" occluded="0" keyframe="0" points="699.88,572.02" z_order="0">
    </points>
    <points frame="37" outside="0" occluded="0" keyframe="0" points="696.71,571.89" z_order="0">
    </points>
    <points frame="38" outside="0" occluded="0" keyframe="0" points="693.54,571.76" z_order="0">
    </points>
    <points frame="39" outside="0" occluded="0" keyframe="0" points="690.37,571.63" z_order="0">
    </points>
    <points frame="40" outside="0" occluded="0" keyframe="1" points="687.20,571.50" z_order="0">
    </points>
    <points frame="41" outside="0" occluded="0" keyframe="0" points="688.65,571.90" z_order="0">
    </points>
    <points frame="42" outside="0" occluded="0" keyframe="0" points="690.10,572.30" z_order="0">
    </points>
    <points frame="43" outside="0" occluded="0" keyframe="0" points="691.55,572.70" z_order="0">
    </points>
    <points frame="44" outside="0" occluded="0" keyframe="0" points="693.00,573.10" z_order="0">
    </points>
    <points frame="45" outside="0" occluded="0" keyframe="0" points="694.45,573.50" z_order="0">
    </points>
    <points frame="46" outside="0" occluded="0" keyframe="0" points="695.90,573.90" z_order="0">
    </points>
    <points frame="47" outside="0" occluded="0" keyframe="0" points="697.35,574.30" z_order="0">
    </points>
    <points frame="48" outside="0" occluded="0" keyframe="0" points="698.80,574.70" z_order="0">
    </points>
    <points frame="49" outside="0" occluded="0" keyframe="0" points="700.25,575.10" z_order="0">
    </points>
    <points frame="50" outside="0" occluded="0" keyframe="1" points="701.70,575.50" z_order="0">
    </points>
    <points frame="51" outside="0" occluded="0" keyframe="0" points="700.91,575.50" z_order="0">
    </points>
    <points frame="52" outside="0" occluded="0" keyframe="0" points="700.12,575.50" z_order="0">
    </points>
    <points frame="53" outside="0" occluded="0" keyframe="0" points="699.33,575.50" z_order="0">
    </points>
    <points frame="54" outside="0" occluded="0" keyframe="0" points="698.54,575.50" z_order="0">
    </points>
    <points frame="55" outside="0" occluded="0" keyframe="0" points="697.75,575.50" z_order="0">
    </points>
    <points frame="56" outside="0" occluded="0" keyframe="0" points="696.96,575.50" z_order="0">
    </points>
    <points frame="57" outside="0" occluded="0" keyframe="0" points="696.17,575.50" z_order="0">
    </points>
    <points frame="58" outside="0" occluded="0" keyframe="0" points="695.38,575.50" z_order="0">
    </points>
    <points frame="59" outside="0" occluded="0" keyframe="0" points="694.59,575.50" z_order="0">
    </points>
    <points frame="60" outside="0" occluded="0" keyframe="1" points="693.80,575.50" z_order="0">
    </points>
    <points frame="61" outside="0" occluded="0" keyframe="0" points="690.90,573.52" z_order="0">
    </points>
    <points frame="62" outside="0" occluded="0" keyframe="0" points="688.00,571.54" z_order="0">
    </points>
    <points frame="63" outside="0" occluded="0" keyframe="0" points="685.10,569.56" z_order="0">
    </points>
    <points frame="64" outside="0" occluded="0" keyframe="0" points="682.20,567.58" z_order="0">
    </points>
    <points frame="65" outside="0" occluded="0" keyframe="0" points="679.30,565.60" z_order="0">
    </points>
    <points frame="66" outside="0" occluded="0" keyframe="0" points="676.40,563.62" z_order="0">
    </points>
    <points frame="67" outside="0" occluded="0" keyframe="0" points="673.50,561.64" z_order="0">
    </points>
    <points frame="68" outside="0" occluded="0" keyframe="0" points="670.60,559.66" z_order="0">
    </points>
    <points frame="69" outside="0" occluded="0" keyframe="0" points="667.70,557.68" z_order="0">
    </points>
    <points frame="70" outside="0" occluded="0" keyframe="1" points="664.80,555.70" z_order="0">
    </points>
    <points frame="71" outside="0" occluded="0" keyframe="0" points="667.57,556.36" z_order="0">
    </points>
    <points frame="72" outside="0" occluded="0" keyframe="0" points="670.34,557.02" z_order="0">
    </points>
    <points frame="73" outside="0" occluded="0" keyframe="0" points="673.11,557.68" z_order="0">
    </points>
    <points frame="74" outside="0" occluded="0" keyframe="0" points="675.88,558.34" z_order="0">
    </points>
    <points frame="75" outside="0" occluded="0" keyframe="0" points="678.65,559.00" z_order="0">
    </points>
    <points frame="76" outside="0" occluded="0" keyframe="0" points="681.42,559.66" z_order="0">
    </points>
    <points frame="77" outside="0" occluded="0" keyframe="0" points="684.19,560.32" z_order="0">
    </points>
    <points frame="78" outside="0" occluded="0" keyframe="0" points="686.96,560.98" z_order="0">
    </points>
    <points frame="79" outside="0" occluded="0" keyframe="0" points="689.73,561.64" z_order="0">
    </points>
    <points frame="80" outside="0" occluded="0" keyframe="1" points="692.50,562.30" z_order="0">
    </points>
    <points frame="81" outside="0" occluded="0" keyframe="0" points="693.16,562.56" z_order="0">
    </points>
    <points frame="82" outside="0" occluded="0" keyframe="0" points="693.82,562.82" z_order="0">
    </points>
    <points frame="83" outside="0" occluded="0" keyframe="0" points="694.48,563.08" z_order="0">
    </points>
    <points frame="84" outside="0" occluded="0" keyframe="0" points="695.14,563.34" z_order="0">
    </points>
    <points frame="85" outside="0" occluded="0" keyframe="0" points="695.80,563.60" z_order="0">
    </points>
    <points frame="86" outside="0" occluded="0" keyframe="0" points="696.46,563.86" z_order="0">
    </points>
    <points frame="87" outside="0" occluded="0" keyframe="0" points="697.12,564.12" z_order="0">
    </points>
    <points frame="88" outside="0" occluded="0" keyframe="0" points="697.78,564.38" z_order="0">
    </points>
    <points frame="89" outside="0" occluded="0" keyframe="0" points="698.44,564.64" z_order="0">
    </points>
    <points frame="90" outside="0" occluded="0" keyframe="1" points="699.10,564.90" z_order="0">
    </points>
    <points frame="91" outside="0" occluded="0" keyframe="0" points="701.08,565.43" z_order="0">
    </points>
    <points frame="92" outside="0" occluded="0" keyframe="0" points="703.06,565.96" z_order="0">
    </points>
    <points frame="93" outside="0" occluded="0" keyframe="0" points="705.04,566.49" z_order="0">
    </points>
    <points frame="94" outside="0" occluded="0" keyframe="0" points="707.02,567.02" z_order="0">
    </points>
    <points frame="95" outside="0" occluded="0" keyframe="0" points="709.00,567.55" z_order="0">
    </points>
    <points frame="96" outside="0" occluded="0" keyframe="0" points="710.98,568.08" z_order="0">
    </points>
    <points frame="97" outside="0" occluded="0" keyframe="0" points="712.96,568.61" z_order="0">
    </points>
    <points frame="98" outside="0" occluded="0" keyframe="0" points="714.94,569.14" z_order="0">
    </points>
    <points frame="99" outside="0" occluded="0" keyframe="0" points="716.92,569.67" z_order="0">
    </points>
    <points frame="100" outside="0" occluded="0" keyframe="1" points="718.90,570.20" z_order="0">
    </points>
    <points frame="101" outside="0" occluded="0" keyframe="0" points="718.90,570.20" z_order="0">
    </points>
    <points frame="102" outside="0" occluded="0" keyframe="0" points="718.90,570.20" z_order="0">
    </points>
    <points frame="103" outside="0" occluded="0" keyframe="0" points="718.90,570.20" z_order="0">
    </points>
    <points frame="104" outside="0" occluded="0" keyframe="0" points="718.90,570.20" z_order="0">
    </points>
    <points frame="105" outside="0" occluded="0" keyframe="0" points="718.90,570.20" z_order="0">
    </points>
    <points frame="106" outside="0" occluded="0" keyframe="0" points="718.90,570.20" z_order="0">
    </points>
    <points frame="107" outside="0" occluded="0" keyframe="0" points="718.90,570.20" z_order="0">
    </points>
    <points frame="108" outside="0" occluded="0" keyframe="0" points="718.90,570.20" z_order="0">
    </points>
    <points frame="109" outside="0" occluded="0" keyframe="0" points="718.90,570.20" z_order="0">
    </points>
    <points frame="110" outside="0" occluded="0" keyframe="0" points="718.90,570.20" z_order="0">
    </points>
    <points frame="111" outside="0" occluded="0" keyframe="0" points="718.90,570.20" z_order="0">
    </points>
    <points frame="112" outside="0" occluded="0" keyframe="0" points="718.90,570.20" z_order="0">
    </points>
    <points frame="113" outside="0" occluded="0" keyframe="0" points="718.90,570.20" z_order="0">
    </points>
    <points frame="114" outside="0" occluded="0" keyframe="0" points="718.90,570.20" z_order="0">
    </points>
    <points frame="115" outside="0" occluded="0" keyframe="0" points="718.90,570.20" z_order="0">
    </points>
    <points frame="116" outside="0" occluded="0" keyframe="0" points="718.90,570.20" z_order="0">
    </points>
    <points frame="117" outside="0" occluded="0" keyframe="0" points="718.90,570.20" z_order="0">
    </points>
    <points frame="118" outside="0" occluded="0" keyframe="0" points="718.90,570.20" z_order="0">
    </points>
    <points frame="119" outside="0" occluded="0" keyframe="0" points="718.90,570.20" z_order="0">
    </points>
    <points frame="120" outside="0" occluded="0" keyframe="0" points="718.90,570.20" z_order="0">
    </points>
    <points frame="121" outside="0" occluded="0" keyframe="0" points="718.90,570.20" z_order="0">
    </points>
    <points frame="122" outside="0" occluded="0" keyframe="0" points="718.90,570.20" z_order="0">
    </points>
    <points frame="123" outside="0" occluded="0" keyframe="0" points="718.90,570.20" z_order="0">
    </points>
    <points frame="124" outside="0" occluded="0" keyframe="0" points="718.90,570.20" z_order="0">
    </points>
    <points frame="125" outside="0" occluded="0" keyframe="0" points="718.90,570.20" z_order="0">
    </points>
    <points frame="126" outside="0" occluded="0" keyframe="0" points="718.90,570.20" z_order="0">
    </points>
    <points frame="127" outside="0" occluded="0" keyframe="0" points="718.90,570.20" z_order="0">
    </points>
    <points frame="128" outside="0" occluded="0" keyframe="0" points="718.90,570.20" z_order="0">
    </points>
    <points frame="129" outside="0" occluded="0" keyframe="0" points="718.90,570.20" z_order="0">
    </points>
    <points frame="130" outside="0" occluded="0" keyframe="0" points="718.90,570.20" z_order="0">
    </points>
    <points frame="131" outside="0" occluded="0" keyframe="0" points="718.90,570.20" z_order="0">
    </points>
    <points frame="132" outside="0" occluded="0" keyframe="0" points="718.90,570.20" z_order="0">
    </points>
    <points frame="133" outside="0" occluded="0" keyframe="0" points="718.90,570.20" z_order="0">
    </points>
    <points frame="134" outside="0" occluded="0" keyframe="0" points="718.90,570.20" z_order="0">
    </points>
    <points frame="135" outside="0" occluded="0" keyframe="0" points="718.90,570.20" z_order="0">
    </points>
    <points frame="136" outside="0" occluded="0" keyframe="0" points="718.90,570.20" z_order="0">
    </points>
    <points frame="137" outside="0" occluded="0" keyframe="0" points="718.90,570.20" z_order="0">
    </points>
    <points frame="138" outside="0" occluded="0" keyframe="0" points="718.90,570.20" z_order="0">
    </points>
    <points frame="139" outside="0" occluded="0" keyframe="0" points="718.90,570.20" z_order="0">
    </points>
    <points frame="140" outside="0" occluded="0" keyframe="0" points="718.90,570.20" z_order="0">
    </points>
    <points frame="141" outside="0" occluded="0" keyframe="0" points="718.90,570.20" z_order="0">
    </points>
    <points frame="142" outside="0" occluded="0" keyframe="0" points="718.90,570.20" z_order="0">
    </points>
    <points frame="143" outside="0" occluded="0" keyframe="0" points="718.90,570.20" z_order="0">
    </points>
    <points frame="144" outside="0" occluded="0" keyframe="0" points="718.90,570.20" z_order="0">
    </points>
    <points frame="145" outside="0" occluded="0" keyframe="0" points="718.90,570.20" z_order="0">
    </points>
    <points frame="146" outside="0" occluded="0" keyframe="0" points="718.90,570.20" z_order="0">
    </points>
    <points frame="147" outside="0" occluded="0" keyframe="0" points="718.90,570.20" z_order="0">
    </points>
    <points frame="148" outside="0" occluded="0" keyframe="0" points="718.90,570.20" z_order="0">
    </points>
    <points frame="149" outside="0" occluded="0" keyframe="0" points="718.90,570.20" z_order="0">
    </points>
    <points frame="150" outside="0" occluded="0" keyframe="0" points="718.90,570.20" z_order="0">
    </points>
    <points frame="151" outside="0" occluded="0" keyframe="0" points="718.90,570.20" z_order="0">
    </points>
    <points frame="152" outside="0" occluded="0" keyframe="0" points="718.90,570.20" z_order="0">
    </points>
    <points frame="153" outside="0" occluded="0" keyframe="0" points="718.90,570.20" z_order="0">
    </points>
    <points frame="154" outside="0" occluded="0" keyframe="0" points="718.90,570.20" z_order="0">
    </points>
    <points frame="155" outside="0" occluded="0" keyframe="0" points="718.90,570.20" z_order="0">
    </points>
    <points frame="156" outside="0" occluded="0" keyframe="0" points="718.90,570.20" z_order="0">
    </points>
    <points frame="157" outside="0" occluded="0" keyframe="0" points="718.90,570.20" z_order="0">
    </points>
    <points frame="158" outside="0" occluded="0" keyframe="0" points="718.90,570.20" z_order="0">
    </points>
    <points frame="159" outside="0" occluded="0" keyframe="0" points="718.90,570.20" z_order="0">
    </points>
    <points frame="160" outside="0" occluded="0" keyframe="0" points="718.90,570.20" z_order="0">
    </points>
    <points frame="161" outside="0" occluded="0" keyframe="0" points="718.90,570.20" z_order="0">
    </points>
    <points frame="162" outside="0" occluded="0" keyframe="0" points="718.90,570.20" z_order="0">
    </points>
    <points frame="163" outside="0" occluded="0" keyframe="0" points="718.90,570.20" z_order="0">
    </points>
    <points frame="164" outside="0" occluded="0" keyframe="0" points="718.90,570.20" z_order="0">
    </points>
    <points frame="165" outside="0" occluded="0" keyframe="0" points="718.90,570.20" z_order="0">
    </points>
  </track>
  <track id="1" label="M" source="manual">
    <points frame="0" outside="0" occluded="0" keyframe="1" points="441.41,639.72" z_order="0">
    </points>
    <points frame="1" outside="0" occluded="0" keyframe="0" points="441.64,639.62" z_order="0">
    </points>
    <points frame="2" outside="0" occluded="0" keyframe="0" points="441.87,639.51" z_order="0">
    </points>
    <points frame="3" outside="0" occluded="0" keyframe="0" points="442.10,639.41" z_order="0">
    </points>
    <points frame="4" outside="0" occluded="0" keyframe="0" points="442.33,639.31" z_order="0">
    </points>
    <points frame="5" outside="0" occluded="0" keyframe="0" points="442.56,639.20" z_order="0">
    </points>
    <points frame="6" outside="0" occluded="0" keyframe="0" points="442.79,639.10" z_order="0">
    </points>
    <points frame="7" outside="0" occluded="0" keyframe="0" points="443.02,639.00" z_order="0">
    </points>
    <points frame="8" outside="0" occluded="0" keyframe="0" points="443.25,638.89" z_order="0">
    </points>
    <points frame="9" outside="0" occluded="0" keyframe="0" points="443.48,638.79" z_order="0">
    </points>
    <points frame="10" outside="0" occluded="0" keyframe="0" points="443.71,638.69" z_order="0">
    </points>
    <points frame="11" outside="0" occluded="0" keyframe="0" points="443.94,638.58" z_order="0">
    </points>
    <points frame="12" outside="0" occluded="0" keyframe="0" points="444.17,638.48" z_order="0">
    </points>
    <points frame="13" outside="0" occluded="0" keyframe="0" points="444.40,638.38" z_order="0">
    </points>
    <points frame="14" outside="0" occluded="0" keyframe="0" points="444.63,638.27" z_order="0">
    </points>
    <points frame="15" outside="0" occluded="0" keyframe="0" points="444.86,638.17" z_order="0">
    </points>
    <points frame="16" outside="0" occluded="0" keyframe="0" points="445.09,638.07" z_order="0">
    </points>
    <points frame="17" outside="0" occluded="0" keyframe="0" points="445.32,637.96" z_order="0">
    </points>
    <points frame="18" outside="0" occluded="0" keyframe="0" points="445.55,637.86" z_order="0">
    </points>
    <points frame="19" outside="0" occluded="0" keyframe="0" points="445.78,637.76" z_order="0">
    </points>
    <points frame="20" outside="0" occluded="0" keyframe="0" points="446.01,637.65" z_order="0">
    </points>
    <points frame="21" outside="0" occluded="0" keyframe="0" points="446.25,637.55" z_order="0">
    </points>
    <points frame="22" outside="0" occluded="0" keyframe="0" points="446.48,637.45" z_order="0">
    </points>
    <points frame="23" outside="0" occluded="0" keyframe="0" points="446.71,637.34" z_order="0">
    </points>
    <points frame="24" outside="0" occluded="0" keyframe="0" points="446.94,637.24" z_order="0">
    </points>
    <points frame="25" outside="0" occluded="0" keyframe="0" points="447.17,637.14" z_order="0">
    </points>
    <points frame="26" outside="0" occluded="0" keyframe="0" points="447.40,637.03" z_order="0">
    </points>
    <points frame="27" outside="0" occluded="0" keyframe="0" points="447.63,636.93" z_order="0">
    </points>
    <points frame="28" outside="0" occluded="0" keyframe="0" points="447.86,636.83" z_order="0">
    </points>
    <points frame="29" outside="0" occluded="0" keyframe="0" points="448.09,636.72" z_order="0">
    </points>
    <points frame="30" outside="0" occluded="0" keyframe="0" points="448.32,636.62" z_order="0">
    </points>
    <points frame="31" outside="0" occluded="0" keyframe="0" points="448.55,636.52" z_order="0">
    </points>
    <points frame="32" outside="0" occluded="0" keyframe="0" points="448.78,636.41" z_order="0">
    </points>
    <points frame="33" outside="0" occluded="0" keyframe="0" points="449.01,636.31" z_order="0">
    </points>
    <points frame="34" outside="0" occluded="0" keyframe="0" points="449.24,636.21" z_order="0">
    </points>
    <points frame="35" outside="0" occluded="0" keyframe="0" points="449.47,636.10" z_order="0">
    </points>
    <points frame="36" outside="0" occluded="0" keyframe="1" points="449.70,636.00" z_order="0">
    </points>
    <points frame="37" outside="0" occluded="0" keyframe="0" points="449.39,635.64" z_order="0">
    </points>
    <points frame="38" outside="0" occluded="0" keyframe="0" points="449.08,635.28" z_order="0">
    </points>
    <points frame="39" outside="0" occluded="0" keyframe="0" points="448.77,634.92" z_order="0">
    </points>
    <points frame="40" outside="0" occluded="0" keyframe="0" points="448.46,634.56" z_order="0">
    </points>
    <points frame="41" outside="0" occluded="0" keyframe="0" points="448.15,634.20" z_order="0">
    </points>
    <points frame="42" outside="0" occluded="0" keyframe="0" points="447.84,633.84" z_order="0">
    </points>
    <points frame="43" outside="0" occluded="0" keyframe="0" points="447.53,633.48" z_order="0">
    </points>
    <points frame="44" outside="0" occluded="0" keyframe="0" points="447.22,633.12" z_order="0">
    </points>
    <points frame="45" outside="0" occluded="0" keyframe="0" points="446.91,632.76" z_order="0">
    </points>
    <points frame="46" outside="0" occluded="0" keyframe="1" points="446.60,632.40" z_order="0">
    </points>
    <points frame="47" outside="0" occluded="0" keyframe="0" points="446.41,632.55" z_order="0">
    </points>
    <points frame="48" outside="0" occluded="0" keyframe="0" points="446.22,632.70" z_order="0">
    </points>
    <points frame="49" outside="0" occluded="0" keyframe="0" points="446.03,632.85" z_order="0">
    </points>
    <points frame="50" outside="0" occluded="0" keyframe="0" points="445.84,633.00" z_order="0">
    </points>
    <points frame="51" outside="0" occluded="0" keyframe="0" points="445.65,633.15" z_order="0">
    </points>
    <points frame="52" outside="0" occluded="0" keyframe="0" points="445.46,633.30" z_order="0">
    </points>
    <points frame="53" outside="0" occluded="0" keyframe="0" points="445.27,633.45" z_order="0">
    </points>
    <points frame="54" outside="0" occluded="0" keyframe="0" points="445.08,633.60" z_order="0">
    </points>
    <points frame="55" outside="0" occluded="0" keyframe="0" points="444.89,633.75" z_order="0">
    </points>
    <points frame="56" outside="0" occluded="0" keyframe="1" points="444.70,633.90" z_order="0">
    </points>
    <points frame="57" outside="0" occluded="0" keyframe="0" points="445.95,633.80" z_order="0">
    </points>
    <points frame="58" outside="0" occluded="0" keyframe="0" points="447.20,633.70" z_order="0">
    </points>
    <points frame="59" outside="0" occluded="0" keyframe="0" points="448.45,633.60" z_order="0">
    </points>
    <points frame="60" outside="0" occluded="0" keyframe="0" points="449.70,633.50" z_order="0">
    </points>
    <points frame="61" outside="0" occluded="0" keyframe="0" points="450.95,633.40" z_order="0">
    </points>
    <points frame="62" outside="0" occluded="0" keyframe="0" points="452.20,633.30" z_order="0">
    </points>
    <points frame="63" outside="0" occluded="0" keyframe="0" points="453.45,633.20" z_order="0">
    </points>
    <points frame="64" outside="0" occluded="0" keyframe="0" points="454.70,633.10" z_order="0">
    </points>
    <points frame="65" outside="0" occluded="0" keyframe="0" points="455.95,633.00" z_order="0">
    </points>
    <points frame="66" outside="0" occluded="0" keyframe="1" points="457.20,632.90" z_order="0">
    </points>
    <points frame="67" outside="0" occluded="0" keyframe="0" points="457.87,633.08" z_order="0">
    </points>
    <points frame="68" outside="0" occluded="0" keyframe="0" points="458.54,633.26" z_order="0">
    </points>
    <points frame="69" outside="0" occluded="0" keyframe="0" points="459.21,633.44" z_order="0">
    </points>
    <points frame="70" outside="0" occluded="0" keyframe="0" points="459.88,633.62" z_order="0">
    </points>
    <points frame="71" outside="0" occluded="0" keyframe="0" points="460.55,633.80" z_order="0">
    </points>
    <points frame="72" outside="0" occluded="0" keyframe="0" points="461.22,633.98" z_order="0">
    </points>
    <points frame="73" outside="0" occluded="0" keyframe="0" points="461.89,634.16" z_order="0">
    </points>
    <points frame="74" outside="0" occluded="0" keyframe="0" points="462.56,634.34" z_order="0">
    </points>
    <points frame="75" outside="0" occluded="0" keyframe="0" points="463.23,634.52" z_order="0">
    </points>
    <points frame="76" outside="0" occluded="0" keyframe="1" points="463.90,634.70" z_order="0">
    </points>
    <points frame="77" outside="0" occluded="0" keyframe="0" points="461.77,634.57" z_order="0">
    </points>
    <points frame="78" outside="0" occluded="0" keyframe="0" points="459.64,634.44" z_order="0">
    </points>
    <points frame="79" outside="0" occluded="0" keyframe="0" points="457.51,634.31" z_order="0">
    </points>
    <points frame="80" outside="0" occluded="0" keyframe="0" points="455.38,634.18" z_order="0">
    </points>
    <points frame="81" outside="0" occluded="0" keyframe="0" points="453.25,634.05" z_order="0">
    </points>
    <points frame="82" outside="0" occluded="0" keyframe="0" points="451.12,633.92" z_order="0">
    </points>
    <points frame="83" outside="0" occluded="0" keyframe="0" points="448.99,633.79" z_order="0">
    </points>
    <points frame="84" outside="0" occluded="0" keyframe="0" points="446.86,633.66" z_order="0">
    </points>
    <points frame="85" outside="0" occluded="0" keyframe="0" points="444.73,633.53" z_order="0">
    </points>
    <points frame="86" outside="0" occluded="0" keyframe="1" points="442.60,633.40" z_order="0">
    </points>
    <points frame="87" outside="0" occluded="0" keyframe="0" points="442.54,633.40" z_order="0">
    </points>
    <points frame="88" outside="0" occluded="0" keyframe="0" points="442.47,633.40" z_order="0">
    </points>
    <points frame="89" outside="0" occluded="0" keyframe="0" points="442.41,633.40" z_order="0">
    </points>
    <points frame="90" outside="0" occluded="0" keyframe="0" points="442.35,633.40" z_order="0">
    </points>
    <points frame="91" outside="0" occluded="0" keyframe="0" points="442.28,633.40" z_order="0">
    </points>
    <points frame="92" outside="0" occluded="0" keyframe="0" points="442.22,633.40" z_order="0">
    </points>
    <points frame="93" outside="0" occluded="0" keyframe="0" points="442.16,633.40" z_order="0">
    </points>
    <points frame="94" outside="0" occluded="0" keyframe="0" points="442.09,633.40" z_order="0">
    </points>
    <points frame="95" outside="0" occluded="0" keyframe="0" points="442.03,633.40" z_order="0">
    </points>
    <points frame="96" outside="0" occluded="0" keyframe="0" points="441.97,633.40" z_order="0">
    </points>
    <points frame="97" outside="0" occluded="0" keyframe="0" points="441.90,633.40" z_order="0">
    </points>
    <points frame="98" outside="0" occluded="0" keyframe="0" points="441.84,633.40" z_order="0">
    </points>
    <points frame="99" outside="0" occluded="0" keyframe="0" points="441.78,633.40" z_order="0">
    </points>
    <points frame="100" outside="0" occluded="0" keyframe="0" points="441.71,633.40" z_order="0">
    </points>
    <points frame="101" outside="0" occluded="0" keyframe="0" points="441.65,633.40" z_order="0">
    </points>
    <points frame="102" outside="0" occluded="0" keyframe="0" points="441.59,633.40" z_order="0">
    </points>
    <points frame="103" outside="0" occluded="0" keyframe="0" points="441.52,633.40" z_order="0">
    </points>
    <points frame="104" outside="0" occluded="0" keyframe="0" points="441.46,633.40" z_order="0">
    </points>
    <points frame="105" outside="0" occluded="0" keyframe="0" points="441.40,633.40" z_order="0">
    </points>
    <points frame="106" outside="0" occluded="0" keyframe="0" points="441.33,633.40" z_order="0">
    </points>
    <points frame="107" outside="0" occluded="0" keyframe="0" points="441.27,633.40" z_order="0">
    </points>
    <points frame="108" outside="0" occluded="0" keyframe="0" points="441.21,633.40" z_order="0">
    </points>
    <points frame="109" outside="0" occluded="0" keyframe="0" points="441.14,633.40" z_order="0">
    </points>
    <points frame="110" outside="0" occluded="0" keyframe="0" points="441.08,633.40" z_order="0">
    </points>
    <points frame="111" outside="0" occluded="0" keyframe="0" points="441.02,633.40" z_order="0">
    </points>
    <points frame="112" outside="0" occluded="0" keyframe="0" points="440.95,633.40" z_order="0">
    </points>
    <points frame="113" outside="0" occluded="0" keyframe="0" points="440.89,633.40" z_order="0">
    </points>
    <points frame="114" outside="0" occluded="0" keyframe="0" points="440.83,633.40" z_order="0">
    </points>
    <points frame="115" outside="0" occluded="0" keyframe="0" points="440.76,633.40" z_order="0">
    </points>
    <points frame="116" outside="0" occluded="0" keyframe="0" points="440.70,633.40" z_order="0">
    </points>
    <points frame="117" outside="0" occluded="0" keyframe="0" points="440.64,633.40" z_order="0">
    </points>
    <points frame="118" outside="0" occluded="0" keyframe="0" points="440.57,633.40" z_order="0">
    </points>
    <points frame="119" outside="0" occluded="0" keyframe="0" points="440.51,633.40" z_order="0">
    </points>
    <points frame="120" outside="0" occluded="0" keyframe="0" points="440.45,633.40" z_order="0">
    </points>
    <points frame="121" outside="0" occluded="0" keyframe="0" points="440.38,633.40" z_order="0">
    </points>
    <points frame="122" outside="0" occluded="0" keyframe="0" points="440.32,633.40" z_order="0">
    </points>
    <points frame="123" outside="0" occluded="0" keyframe="0" points="440.26,633.40" z_order="0">
    </points>
    <points frame="124" outside="0" occluded="0" keyframe="0" points="440.19,633.40" z_order="0">
    </points>
    <points frame="125" outside="0" occluded="0" keyframe="0" points="440.13,633.40" z_order="0">
    </points>
    <points frame="126" outside="0" occluded="0" keyframe="0" points="440.07,633.40" z_order="0">
    </points>
    <points frame="127" outside="0" occluded="0" keyframe="0" points="440.00,633.40" z_order="0">
    </points>
    <points frame="128" outside="0" occluded="0" keyframe="0" points="439.94,633.40" z_order="0">
    </points>
    <points frame="129" outside="0" occluded="0" keyframe="0" points="439.88,633.40" z_order="0">
    </points>
    <points frame="130" outside="0" occluded="0" keyframe="0" points="439.81,633.40" z_order="0">
    </points>
    <points frame="131" outside="0" occluded="0" keyframe="0" points="439.75,633.40" z_order="0">
    </points>
    <points frame="132" outside="0" occluded="0" keyframe="0" points="439.69,633.40" z_order="0">
    </points>
    <points frame="133" outside="0" occluded="0" keyframe="0" points="439.62,633.40" z_order="0">
    </points>
    <points frame="134" outside="0" occluded="0" keyframe="0" points="439.56,633.40" z_order="0">
    </points>
    <points frame="135" outside="0" occluded="0" keyframe="0" points="439.50,633.40" z_order="0">
    </points>
    <points frame="136" outside="0" occluded="0" keyframe="0" points="439.43,633.40" z_order="0">
    </points>
    <points frame="137" outside="0" occluded="0" keyframe="0" points="439.37,633.40" z_order="0">
    </points>
    <points frame="138" outside="0" occluded="0" keyframe="0" points="439.31,633.40" z_order="0">
    </points>
    <points frame="139" outside="0" occluded="0" keyframe="0" points="439.24,633.40" z_order="0">
    </points>
    <points frame="140" outside="0" occluded="0" keyframe="0" points="439.18,633.40" z_order="0">
    </points>
    <points frame="141" outside="0" occluded="0" keyframe="0" points="439.12,633.40" z_order="0">
    </points>
    <points frame="142" outside="0" occluded="0" keyframe="0" points="439.05,633.40" z_order="0">
    </points>
    <points frame="143" outside="0" occluded="0" keyframe="0" points="438.99,633.40" z_order="0">
    </points>
    <points frame="144" outside="0" occluded="0" keyframe="0" points="438.93,633.40" z_order="0">
    </points>
    <points frame="145" outside="0" occluded="0" keyframe="0" points="438.86,633.40" z_order="0">
    </points>
    <points frame="146" outside="0" occluded="0" keyframe="1" points="438.80,633.40" z_order="0">
    </points>
    <points frame="147" outside="0" occluded="0" keyframe="0" points="438.80,633.40" z_order="0">
    </points>
    <points frame="148" outside="0" occluded="0" keyframe="0" points="438.80,633.40" z_order="0">
    </points>
    <points frame="149" outside="0" occluded="0" keyframe="0" points="438.80,633.40" z_order="0">
    </points>
    <points frame="150" outside="0" occluded="0" keyframe="0" points="438.80,633.40" z_order="0">
    </points>
    <points frame="151" outside="0" occluded="0" keyframe="0" points="438.80,633.40" z_order="0">
    </points>
    <points frame="152" outside="0" occluded="0" keyframe="0" points="438.80,633.40" z_order="0">
    </points>
    <points frame="153" outside="0" occluded="0" keyframe="0" points="438.80,633.40" z_order="0">
    </points>
    <points frame="154" outside="0" occluded="0" keyframe="0" points="438.80,633.40" z_order="0">
    </points>
    <points frame="155" outside="0" occluded="0" keyframe="0" points="438.80,633.40" z_order="0">
    </points>
    <points frame="156" outside="0" occluded="0" keyframe="0" points="438.80,633.40" z_order="0">
    </points>
    <points frame="157" outside="0" occluded="0" keyframe="0" points="438.80,633.40" z_order="0">
    </points>
    <points frame="158" outside="0" occluded="0" keyframe="0" points="438.80,633.40" z_order="0">
    </points>
    <points frame="159" outside="0" occluded="0" keyframe="0" points="438.80,633.40" z_order="0">
    </points>
    <points frame="160" outside="0" occluded="0" keyframe="0" points="438.80,633.40" z_order="0">
    </points>
    <points frame="161" outside="0" occluded="0" keyframe="0" points="438.80,633.40" z_order="0">
    </points>
    <points frame="162" outside="0" occluded="0" keyframe="0" points="438.80,633.40" z_order="0">
    </points>
    <points frame="163" outside="0" occluded="0" keyframe="0" points="438.80,633.40" z_order="0">
    </points>
    <points frame="164" outside="0" occluded="0" keyframe="0" points="438.80,633.40" z_order="0">
    </points>
    <points frame="165" outside="0" occluded="0" keyframe="0" points="438.80,633.40" z_order="0">
    </points>
  </track>
</annotations>
