<?xml version="1.0" encoding="utf-8"?>
<annotations>
  <version>1.1</version>
  <meta>
    <task>
      <id>107</id>
      <name>D01_Dry-1</name>
      <size>427</size>
      <mode>interpolation</mode>
      <overlap>5</overlap>
      <bugtracker></bugtracker>
      <created>2021-11-20 03:46:03.445056+00:00</created>
      <updated>2021-11-20 04:35:35.676709+00:00</updated>
      <subset>default</subset>
      <start_frame>0</start_frame>
      <stop_frame>426</stop_frame>
      <frame_filter></frame_filter>
      <segments>
        <segment>
          <id>106</id>
          <start>0</start>
          <stop>426</stop>
          <url>http://localhost:8080/?id=106</url>
        </segment>
      </segments>
      <owner>
        <username>hubertachan</username>
        <email>hubertachan@gmail.com</email>
      </owner>
      <assignee></assignee>
      <labels>
        <label>
          <name>HB</name>
          <color>#3b0c73</color>
          <attributes>
          </attributes>
        </label>
      </labels>
      <original_size>
        <width>1068</width>
        <height>800</height>
      </original_size>
    </task>
    <dumped>2021-11-20 04:35:59.940916+00:00</dumped>
    <source>D01_Dry- 1.avi</source>
  </meta>
  <track id="0" label="HB" source="manual">
    <points frame="200" outside="0" occluded="0" keyframe="1" points="664.39,561.16" z_order="0">
    </points>
    <points frame="201" outside="0" occluded="0" keyframe="0" points="665.93,561.94" z_order="0">
    </points>
    <points frame="202" outside="0" occluded="0" keyframe="0" points="667.47,562.71" z_order="0">
    </points>
    <points frame="203" outside="0" occluded="0" keyframe="0" points="669.01,563.48" z_order="0">
    </points>
    <points frame="204" outside="0" occluded="0" keyframe="0" points="670.55,564.26" z_order="0">
    </points>
    <points frame="205" outside="0" occluded="0" keyframe="0" points="672.09,565.03" z_order="0">
    </points>
    <points frame="206" outside="0" occluded="0" keyframe="0" points="673.64,565.80" z_order="0">
    </points>
    <points frame="207" outside="0" occluded="0" keyframe="0" points="675.18,566.58" z_order="0">
    </points>
    <points frame="208" outside="0" occluded="0" keyframe="0" points="676.72,567.35" z_order="0">
    </points>
    <points frame="209" outside="0" occluded="0" keyframe="0" points="678.26,568.13" z_order="0">
    </points>
    <points frame="210" outside="0" occluded="0" keyframe="1" points="679.80,568.90" z_order="0">
    </points>
    <points frame="211" outside="0" occluded="0" keyframe="0" points="680.60,568.56" z_order="0">
    </points>
    <points frame="212" outside="0" occluded="0" keyframe="0" points="681.40,568.21" z_order="0">
    </points>
    <points frame="213" outside="0" occluded="0" keyframe="0" points="682.20,567.87" z_order="0">
    </points>
    <points frame="214" outside="0" occluded="0" keyframe="0" points="683.00,567.52" z_order="0">
    </points>
    <points frame="215" outside="0" occluded="0" keyframe="0" points="683.80,567.18" z_order="0">
    </points>
    <points frame="216" outside="0" occluded="0" keyframe="0" points="684.60,566.83" z_order="0">
    </points>
    <points frame="217" outside="0" occluded="0" keyframe="0" points="685.40,566.49" z_order="0">
    </points>
    <points frame="218" outside="0" occluded="0" keyframe="0" points="686.20,566.14" z_order="0">
    </points>
    <points frame="219" outside="0" occluded="0" keyframe="1" points="687.00,565.80" z_order="0">
    </points>
    <points frame="220" outside="0" occluded="0" keyframe="1" points="684.40,568.90" z_order="0">
    </points>
    <points frame="221" outside="0" occluded="0" keyframe="0" points="680.20,566.83" z_order="0">
    </points>
    <points frame="222" outside="0" occluded="0" keyframe="0" points="676.00,564.77" z_order="0">
    </points>
    <points frame="223" outside="0" occluded="0" keyframe="1" points="671.80,562.70" z_order="0">
    </points>
    <points frame="224" outside="0" occluded="0" keyframe="0" points="677.35,564.35" z_order="0">
    </points>
    <points frame="225" outside="0" occluded="0" keyframe="1" points="682.90,566.00" z_order="0">
    </points>
    <points frame="226" outside="0" occluded="0" keyframe="0" points="686.60,566.60" z_order="0">
    </points>
    <points frame="227" outside="0" occluded="0" keyframe="1" points="690.30,567.20" z_order="0">
    </points>
    <points frame="228" outside="0" occluded="0" keyframe="0" points="686.27,567.77" z_order="0">
    </points>
    <points frame="229" outside="0" occluded="0" keyframe="0" points="682.23,568.33" z_order="0">
    </points>
    <points frame="230" outside="0" occluded="0" keyframe="1" points="678.20,568.90" z_order="0">
    </points>
    <points frame="231" outside="0" occluded="0" keyframe="0" points="680.28,565.77" z_order="0">
    </points>
    <points frame="232" outside="0" occluded="0" keyframe="0" points="682.35,562.65" z_order="0">
    </points>
    <points frame="233" outside="0" occluded="0" keyframe="0" points="684.43,559.52" z_order="0">
    </points>
    <points frame="234" outside="0" occluded="0" keyframe="1" points="686.50,556.40" z_order="0">
    </points>
    <points frame="235" outside="0" occluded="0" keyframe="0" points="681.52,557.72" z_order="0">
    </points>
    <points frame="236" outside="0" occluded="0" keyframe="0" points="676.53,559.03" z_order="0">
    </points>
    <points frame="237" outside="0" occluded="0" keyframe="0" points="671.55,560.35" z_order="0">
    </points>
    <points frame="238" outside="0" occluded="0" keyframe="0" points="666.57,561.67" z_order="0">
    </points>
    <points frame="239" outside="0" occluded="0" keyframe="0" points="661.58,562.98" z_order="0">
    </points>
    <points frame="240" outside="0" occluded="0" keyframe="1" points="656.60,564.30" z_order="0">
    </points>
    <points frame="241" outside="0" occluded="0" keyframe="0" points="648.75,553.85" z_order="0">
    </points>
    <points frame="242" outside="0" occluded="0" keyframe="1" points="640.90,543.40" z_order="0">
    </points>
    <points frame="243" outside="0" occluded="0" keyframe="0" points="632.65,545.90" z_order="0">
    </points>
    <points frame="244" outside="0" occluded="0" keyframe="1" points="624.40,548.40" z_order="0">
    </points>
    <points frame="245" outside="0" occluded="0" keyframe="1" points="631.70,553.50" z_order="0">
    </points>
    <points frame="246" outside="0" occluded="0" keyframe="0" points="632.20,555.95" z_order="0">
    </points>
    <points frame="247" outside="0" occluded="0" keyframe="1" points="632.70,558.40" z_order="0">
    </points>
    <points frame="248" outside="0" occluded="0" keyframe="1" points="636.20,560.90" z_order="0">
    </points>
    <points frame="249" outside="0" occluded="0" keyframe="0" points="654.85,563.35" z_order="0">
    </points>
    <points frame="250" outside="0" occluded="0" keyframe="1" points="673.50,565.80" z_order="0">
    </points>
    <points frame="251" outside="0" occluded="0" keyframe="0" points="676.12,566.88" z_order="0">
    </points>
    <points frame="252" outside="0" occluded="0" keyframe="0" points="678.74,567.96" z_order="0">
    </points>
    <points frame="253" outside="0" occluded="0" keyframe="0" points="681.36,569.04" z_order="0">
    </points>
    <points frame="254" outside="0" occluded="0" keyframe="0" points="683.98,570.12" z_order="0">
    </points>
    <points frame="255" outside="0" occluded="0" keyframe="0" points="686.60,571.20" z_order="0">
    </points>
    <points frame="256" outside="0" occluded="0" keyframe="0" points="689.22,572.28" z_order="0">
    </points>
    <points frame="257" outside="0" occluded="0" keyframe="0" points="691.84,573.36" z_order="0">
    </points>
    <points frame="258" outside="0" occluded="0" keyframe="0" points="694.46,574.44" z_order="0">
    </points>
    <points frame="259" outside="0" occluded="0" keyframe="0" points="697.08,575.52" z_order="0">
    </points>
    <points frame="260" outside="0" occluded="0" keyframe="1" points="699.70,576.60" z_order="0">
    </points>
    <points frame="261" outside="0" occluded="0" keyframe="0" points="698.73,571.03" z_order="0">
    </points>
    <points frame="262" outside="0" occluded="0" keyframe="0" points="697.75,565.45" z_order="0">
    </points>
    <points frame="263" outside="0" occluded="0" keyframe="0" points="696.78,559.88" z_order="0">
    </points>
    <points frame="264" outside="0" occluded="0" keyframe="1" points="695.80,554.30" z_order="0">
    </points>
    <points frame="265" outside="0" occluded="0" keyframe="0" points="696.70,558.02" z_order="0">
    </points>
    <points frame="266" outside="0" occluded="0" keyframe="0" points="697.60,561.73" z_order="0">
    </points>
    <points frame="267" outside="0" occluded="0" keyframe="0" points="698.50,565.45" z_order="0">
    </points>
    <points frame="268" outside="0" occluded="0" keyframe="0" points="699.40,569.17" z_order="0">
    </points>
    <points frame="269" outside="0" occluded="0" keyframe="0" points="700.30,572.88" z_order="0">
    </points>
    <points frame="270" outside="0" occluded="0" keyframe="1" points="701.20,576.60" z_order="0">
    </points>
    <points frame="271" outside="0" occluded="0" keyframe="0" points="701.05,576.60" z_order="0">
    </points>
    <points frame="272" outside="0" occluded="0" keyframe="0" points="700.90,576.60" z_order="0">
    </points>
    <points frame="273" outside="0" occluded="0" keyframe="0" points="700.75,576.60" z_order="0">
    </points>
    <points frame="274" outside="0" occluded="0" keyframe="0" points="700.60,576.60" z_order="0">
    </points>
    <points frame="275" outside="0" occluded="0" keyframe="0" points="700.45,576.60" z_order="0">
    </points>
    <points frame="276" outside="0" occluded="0" keyframe="0" points="700.30,576.60" z_order="0">
    </points>
    <points frame="277" outside="0" occluded="0" keyframe="0" points="700.15,576.60" z_order="0">
    </points>
    <points frame="278" outside="0" occluded="0" keyframe="0" points="700.00,576.60" z_order="0">
    </points>
    <points frame="279" outside="0" occluded="0" keyframe="0" points="699.85,576.60" z_order="0">
    </points>
    <points frame="280" outside="0" occluded="0" keyframe="1" points="699.70,576.60" z_order="0">
    </points>
    <points frame="281" outside="0" occluded="0" keyframe="0" points="699.47,576.37" z_order="0">
    </points>
    <points frame="282" outside="0" occluded="0" keyframe="0" points="699.24,576.14" z_order="0">
    </points>
    <points frame="283" outside="0" occluded="0" keyframe="0" points="699.01,575.91" z_order="0">
    </points>
    <points frame="284" outside="0" occluded="0" keyframe="0" points="698.78,575.68" z_order="0">
    </points>
    <points frame="285" outside="0" occluded="0" keyframe="0" points="698.55,575.45" z_order="0">
    </points>
    <points frame="286" outside="0" occluded="0" keyframe="0" points="698.32,575.22" z_order="0">
    </points>
    <points frame="287" outside="0" occluded="0" keyframe="0" points="698.09,574.99" z_order="0">
    </points>
    <points frame="288" outside="0" occluded="0" keyframe="0" points="697.86,574.76" z_order="0">
    </points>
    <points frame="289" outside="0" occluded="0" keyframe="0" points="697.63,574.53" z_order="0">
    </points>
    <points frame="290" outside="0" occluded="0" keyframe="0" points="697.40,574.30" z_order="0">
    </points>
    <points frame="291" outside="0" occluded="0" keyframe="0" points="697.17,574.07" z_order="0">
    </points>
    <points frame="292" outside="0" occluded="0" keyframe="0" points="696.94,573.84" z_order="0">
    </points>
    <points frame="293" outside="0" occluded="0" keyframe="0" points="696.71,573.61" z_order="0">
    </points>
    <points frame="294" outside="0" occluded="0" keyframe="0" points="696.48,573.38" z_order="0">
    </points>
    <points frame="295" outside="0" occluded="0" keyframe="0" points="696.25,573.15" z_order="0">
    </points>
    <points frame="296" outside="0" occluded="0" keyframe="0" points="696.02,572.92" z_order="0">
    </points>
    <points frame="297" outside="0" occluded="0" keyframe="0" points="695.79,572.69" z_order="0">
    </points>
    <points frame="298" outside="0" occluded="0" keyframe="0" points="695.56,572.46" z_order="0">
    </points>
    <points frame="299" outside="0" occluded="0" keyframe="0" points="695.33,572.23" z_order="0">
    </points>
    <points frame="300" outside="0" occluded="0" keyframe="1" points="695.10,572.00" z_order="0">
    </points>
    <points frame="301" outside="0" occluded="0" keyframe="0" points="695.41,572.00" z_order="0">
    </points>
    <points frame="302" outside="0" occluded="0" keyframe="0" points="695.72,572.00" z_order="0">
    </points>
    <points frame="303" outside="0" occluded="0" keyframe="0" points="696.03,572.00" z_order="0">
    </points>
    <points frame="304" outside="0" occluded="0" keyframe="0" points="696.34,572.00" z_order="0">
    </points>
    <points frame="305" outside="0" occluded="0" keyframe="0" points="696.65,572.00" z_order="0">
    </points>
    <points frame="306" outside="0" occluded="0" keyframe="0" points="696.96,572.00" z_order="0">
    </points>
    <points frame="307" outside="0" occluded="0" keyframe="0" points="697.27,572.00" z_order="0">
    </points>
    <points frame="308" outside="0" occluded="0" keyframe="0" points="697.58,572.00" z_order="0">
    </points>
    <points frame="309" outside="0" occluded="0" keyframe="0" points="697.89,572.00" z_order="0">
    </points>
    <points frame="310" outside="0" occluded="0" keyframe="1" points="698.20,572.00" z_order="0">
    </points>
    <points frame="311" outside="0" occluded="0" keyframe="0" points="698.35,572.00" z_order="0">
    </points>
    <points frame="312" outside="0" occluded="0" keyframe="0" points="698.50,572.00" z_order="0">
    </points>
    <points frame="313" outside="0" occluded="0" keyframe="0" points="698.65,572.00" z_order="0">
    </points>
    <points frame="314" outside="0" occluded="0" keyframe="0" points="698.80,572.00" z_order="0">
    </points>
    <points frame="315" outside="0" occluded="0" keyframe="0" points="698.95,572.00" z_order="0">
    </points>
    <points frame="316" outside="0" occluded="0" keyframe="0" points="699.10,572.00" z_order="0">
    </points>
    <points frame="317" outside="0" occluded="0" keyframe="0" points="699.25,572.00" z_order="0">
    </points>
    <points frame="318" outside="0" occluded="0" keyframe="0" points="699.40,572.00" z_order="0">
    </points>
    <points frame="319" outside="0" occluded="0" keyframe="0" points="699.55,572.00" z_order="0">
    </points>
    <points frame="320" outside="0" occluded="0" keyframe="1" points="699.70,572.00" z_order="0">
    </points>
    <points frame="321" outside="0" occluded="0" keyframe="0" points="700.32,572.00" z_order="0">
    </points>
    <points frame="322" outside="0" occluded="0" keyframe="0" points="700.94,572.00" z_order="0">
    </points>
    <points frame="323" outside="0" occluded="0" keyframe="0" points="701.56,572.00" z_order="0">
    </points>
    <points frame="324" outside="0" occluded="0" keyframe="0" points="702.18,572.00" z_order="0">
    </points>
    <points frame="325" outside="0" occluded="0" keyframe="0" points="702.80,572.00" z_order="0">
    </points>
    <points frame="326" outside="0" occluded="0" keyframe="0" points="703.42,572.00" z_order="0">
    </points>
    <points frame="327" outside="0" occluded="0" keyframe="0" points="704.04,572.00" z_order="0">
    </points>
    <points frame="328" outside="0" occluded="0" keyframe="0" points="704.66,572.00" z_order="0">
    </points>
    <points frame="329" outside="0" occluded="0" keyframe="0" points="705.28,572.00" z_order="0">
    </points>
    <points frame="330" outside="0" occluded="0" keyframe="1" points="705.90,572.00" z_order="0">
    </points>
    <points frame="331" outside="0" occluded="0" keyframe="0" points="704.51,571.69" z_order="0">
    </points>
    <points frame="332" outside="0" occluded="0" keyframe="0" points="703.12,571.38" z_order="0">
    </points>
    <points frame="333" outside="0" occluded="0" keyframe="0" points="701.73,571.07" z_order="0">
    </points>
    <points frame="334" outside="0" occluded="0" keyframe="0" points="700.34,570.76" z_order="0">
    </points>
    <points frame="335" outside="0" occluded="0" keyframe="0" points="698.95,570.45" z_order="0">
    </points>
    <points frame="336" outside="0" occluded="0" keyframe="0" points="697.56,570.14" z_order="0">
    </points>
    <points frame="337" outside="0" occluded="0" keyframe="0" points="696.17,569.83" z_order="0">
    </points>
    <points frame="338" outside="0" occluded="0" keyframe="0" points="694.78,569.52" z_order="0">
    </points>
    <points frame="339" outside="0" occluded="0" keyframe="0" points="693.39,569.21" z_order="0">
    </points>
    <points frame="340" outside="0" occluded="0" keyframe="1" points="692.00,568.90" z_order="0">
    </points>
    <points frame="341" outside="0" occluded="0" keyframe="0" points="691.72,568.00" z_order="0">
    </points>
    <points frame="342" outside="0" occluded="0" keyframe="0" points="691.45,567.10" z_order="0">
    </points>
    <points frame="343" outside="0" occluded="0" keyframe="0" points="691.17,566.20" z_order="0">
    </points>
    <points frame="344" outside="0" occluded="0" keyframe="1" points="690.90,565.30" z_order="0">
    </points>
    <points frame="345" outside="0" occluded="0" keyframe="0" points="692.12,565.90" z_order="0">
    </points>
    <points frame="346" outside="0" occluded="0" keyframe="0" points="693.33,566.50" z_order="0">
    </points>
    <points frame="347" outside="0" occluded="0" keyframe="0" points="694.55,567.10" z_order="0">
    </points>
    <points frame="348" outside="0" occluded="0" keyframe="0" points="695.77,567.70" z_order="0">
    </points>
    <points frame="349" outside="0" occluded="0" keyframe="0" points="696.98,568.30" z_order="0">
    </points>
    <points frame="350" outside="0" occluded="0" keyframe="1" points="698.20,568.90" z_order="0">
    </points>
    <points frame="351" outside="0" occluded="0" keyframe="0" points="697.28,568.59" z_order="0">
    </points>
    <points frame="352" outside="0" occluded="0" keyframe="0" points="696.36,568.28" z_order="0">
    </points>
    <points frame="353" outside="0" occluded="0" keyframe="0" points="695.44,567.97" z_order="0">
    </points>
    <points frame="354" outside="0" occluded="0" keyframe="0" points="694.52,567.66" z_order="0">
    </points>
    <points frame="355" outside="0" occluded="0" keyframe="0" points="693.60,567.35" z_order="0">
    </points>
    <points frame="356" outside="0" occluded="0" keyframe="0" points="692.68,567.04" z_order="0">
    </points>
    <points frame="357" outside="0" occluded="0" keyframe="0" points="691.76,566.73" z_order="0">
    </points>
    <points frame="358" outside="0" occluded="0" keyframe="0" points="690.84,566.42" z_order="0">
    </points>
    <points frame="359" outside="0" occluded="0" keyframe="0" points="689.92,566.11" z_order="0">
    </points>
    <points frame="360" outside="0" occluded="0" keyframe="1" points="689.00,565.80" z_order="0">
    </points>
    <points frame="361" outside="0" occluded="0" keyframe="0" points="686.15,564.90" z_order="0">
    </points>
    <points frame="362" outside="0" occluded="0" keyframe="0" points="683.30,564.00" z_order="0">
    </points>
    <points frame="363" outside="0" occluded="0" keyframe="0" points="680.45,563.10" z_order="0">
    </points>
    <points frame="364" outside="0" occluded="0" keyframe="1" points="677.60,562.20" z_order="0">
    </points>
    <points frame="365" outside="0" occluded="0" keyframe="0" points="678.47,562.80" z_order="0">
    </points>
    <points frame="366" outside="0" occluded="0" keyframe="0" points="679.33,563.40" z_order="0">
    </points>
    <points frame="367" outside="0" occluded="0" keyframe="0" points="680.20,564.00" z_order="0">
    </points>
    <points frame="368" outside="0" occluded="0" keyframe="0" points="681.07,564.60" z_order="0">
    </points>
    <points frame="369" outside="0" occluded="0" keyframe="0" points="681.93,565.20" z_order="0">
    </points>
    <points frame="370" outside="0" occluded="0" keyframe="1" points="682.80,565.80" z_order="0">
    </points>
    <points frame="371" outside="0" occluded="0" keyframe="0" points="682.88,565.80" z_order="0">
    </points>
    <points frame="372" outside="0" occluded="0" keyframe="0" points="682.95,565.80" z_order="0">
    </points>
    <points frame="373" outside="0" occluded="0" keyframe="0" points="683.03,565.80" z_order="0">
    </points>
    <points frame="374" outside="0" occluded="0" keyframe="1" points="683.10,565.80" z_order="0">
    </points>
    <points frame="375" outside="0" occluded="0" keyframe="0" points="683.57,565.80" z_order="0">
    </points>
    <points frame="376" outside="0" occluded="0" keyframe="0" points="684.03,565.80" z_order="0">
    </points>
    <points frame="377" outside="0" occluded="0" keyframe="0" points="684.50,565.80" z_order="0">
    </points>
    <points frame="378" outside="0" occluded="0" keyframe="0" points="684.97,565.80" z_order="0">
    </points>
    <points frame="379" outside="0" occluded="0" keyframe="0" points="685.43,565.80" z_order="0">
    </points>
    <points frame="380" outside="0" occluded="0" keyframe="1" points="685.90,565.80" z_order="0">
    </points>
    <points frame="381" outside="0" occluded="0" keyframe="0" points="686.32,565.35" z_order="0">
    </points>
    <points frame="382" outside="0" occluded="0" keyframe="0" points="686.75,564.90" z_order="0">
    </points>
    <points frame="383" outside="0" occluded="0" keyframe="0" points="687.18,564.45" z_order="0">
    </points>
    <points frame="384" outside="0" occluded="0" keyframe="1" points="687.60,564.00" z_order="0">
    </points>
    <points frame="385" outside="0" occluded="0" keyframe="0" points="686.55,564.30" z_order="0">
    </points>
    <points frame="386" outside="0" occluded="0" keyframe="0" points="685.50,564.60" z_order="0">
    </points>
    <points frame="387" outside="0" occluded="0" keyframe="0" points="684.45,564.90" z_order="0">
    </points>
    <points frame="388" outside="0" occluded="0" keyframe="0" points="683.40,565.20" z_order="0">
    </points>
    <points frame="389" outside="0" occluded="0" keyframe="0" points="682.35,565.50" z_order="0">
    </points>
    <points frame="390" outside="0" occluded="0" keyframe="1" points="681.30,565.80" z_order="0">
    </points>
    <points frame="391" outside="0" occluded="0" keyframe="0" points="680.00,565.58" z_order="0">
    </points>
    <points frame="392" outside="0" occluded="0" keyframe="0" points="678.70,565.35" z_order="0">
    </points>
    <points frame="393" outside="0" occluded="0" keyframe="0" points="677.40,565.12" z_order="0">
    </points>
    <points frame="394" outside="0" occluded="0" keyframe="1" points="676.10,564.90" z_order="0">
    </points>
    <points frame="395" outside="0" occluded="0" keyframe="0" points="675.17,565.05" z_order="0">
    </points>
    <points frame="396" outside="0" occluded="0" keyframe="0" points="674.23,565.20" z_order="0">
    </points>
    <points frame="397" outside="0" occluded="0" keyframe="0" points="673.30,565.35" z_order="0">
    </points>
    <points frame="398" outside="0" occluded="0" keyframe="0" points="672.37,565.50" z_order="0">
    </points>
    <points frame="399" outside="0" occluded="0" keyframe="0" points="671.43,565.65" z_order="0">
    </points>
    <points frame="400" outside="0" occluded="0" keyframe="1" points="670.50,565.80" z_order="0">
    </points>
    <points frame="401" outside="0" occluded="0" keyframe="0" points="672.45,565.95" z_order="0">
    </points>
    <points frame="402" outside="0" occluded="0" keyframe="0" points="674.40,566.10" z_order="0">
    </points>
    <points frame="403" outside="0" occluded="0" keyframe="0" points="676.35,566.25" z_order="0">
    </points>
    <points frame="404" outside="0" occluded="0" keyframe="1" points="678.30,566.40" z_order="0">
    </points>
    <points frame="405" outside="0" occluded="0" keyframe="0" points="678.87,566.56" z_order="0">
    </points>
    <points frame="406" outside="0" occluded="0" keyframe="0" points="679.44,566.72" z_order="0">
    </points>
    <points frame="407" outside="0" occluded="0" keyframe="0" points="680.01,566.88" z_order="0">
    </points>
    <points frame="408" outside="0" occluded="0" keyframe="0" points="680.58,567.04" z_order="0">
    </points>
    <points frame="409" outside="0" occluded="0" keyframe="0" points="681.15,567.20" z_order="0">
    </points>
    <points frame="410" outside="0" occluded="0" keyframe="0" points="681.72,567.36" z_order="0">
    </points>
    <points frame="411" outside="0" occluded="0" keyframe="0" points="682.29,567.52" z_order="0">
    </points>
    <points frame="412" outside="0" occluded="0" keyframe="0" points="682.86,567.68" z_order="0">
    </points>
    <points frame="413" outside="0" occluded="0" keyframe="0" points="683.43,567.84" z_order="0">
    </points>
    <points frame="414" outside="0" occluded="0" keyframe="1" points="684.00,568.00" z_order="0">
    </points>
    <points frame="415" outside="0" occluded="0" keyframe="0" points="684.10,564.15" z_order="0">
    </points>
    <points frame="416" outside="0" occluded="0" keyframe="1" points="684.20,560.30" z_order="0">
    </points>
    <points frame="417" outside="0" occluded="0" keyframe="0" points="685.00,562.45" z_order="0">
    </points>
    <points frame="418" outside="0" occluded="0" keyframe="0" points="685.80,564.60" z_order="0">
    </points>
    <points frame="419" outside="0" occluded="0" keyframe="0" points="686.60,566.75" z_order="0">
    </points>
    <points frame="420" outside="0" occluded="0" keyframe="1" points="687.40,568.90" z_order="0">
    </points>
    <points frame="421" outside="0" occluded="0" keyframe="0" points="686.37,568.90" z_order="0">
    </points>
    <points frame="422" outside="0" occluded="0" keyframe="0" points="685.33,568.90" z_order="0">
    </points>
    <points frame="423" outside="0" occluded="0" keyframe="0" points="684.30,568.90" z_order="0">
    </points>
    <points frame="424" outside="0" occluded="0" keyframe="0" points="683.27,568.90" z_order="0">
    </points>
    <points frame="425" outside="0" occluded="0" keyframe="0" points="682.23,568.90" z_order="0">
    </points>
    <points frame="426" outside="0" occluded="0" keyframe="1" points="681.20,568.90" z_order="0">
    </points>
  </track>
</annotations>
