<?xml version="1.0" encoding="utf-8"?>
<annotations>
  <version>1.1</version>
  <meta>
    <task>
      <id>93</id>
      <name>D07_5ML-L0-7</name>
      <size>518</size>
      <mode>interpolation</mode>
      <overlap>5</overlap>
      <bugtracker></bugtracker>
      <created>2021-11-20 02:50:00.721200+00:00</created>
      <updated>2021-11-20 15:44:20.643721+00:00</updated>
      <subset>default</subset>
      <start_frame>0</start_frame>
      <stop_frame>517</stop_frame>
      <frame_filter></frame_filter>
      <segments>
        <segment>
          <id>92</id>
          <start>0</start>
          <stop>517</stop>
          <url>http://localhost:8080/?id=92</url>
        </segment>
      </segments>
      <owner>
        <username>hubertachan</username>
        <email>hubertachan@gmail.com</email>
      </owner>
      <assignee></assignee>
      <labels>
        <label>
          <name>HB</name>
          <color>#3b0c73</color>
          <attributes>
          </attributes>
        </label>
        <label>
          <name>M</name>
          <color>#ff355e</color>
          <attributes>
          </attributes>
        </label>
      </labels>
      <original_size>
        <width>1068</width>
        <height>800</height>
      </original_size>
    </task>
    <dumped>2021-11-20 15:44:24.006120+00:00</dumped>
    <source>D07_5ML-L0-7.avi</source>
  </meta>
  <track id="0" label="HB" source="manual">
    <points frame="340" outside="0" occluded="0" keyframe="1" points="685.31,566.50" z_order="0">
    </points>
    <points frame="341" outside="0" occluded="0" keyframe="0" points="685.44,566.50" z_order="0">
    </points>
    <points frame="342" outside="0" occluded="0" keyframe="0" points="685.57,566.50" z_order="0">
    </points>
    <points frame="343" outside="0" occluded="0" keyframe="0" points="685.70,566.50" z_order="0">
    </points>
    <points frame="344" outside="0" occluded="0" keyframe="0" points="685.83,566.50" z_order="0">
    </points>
    <points frame="345" outside="0" occluded="0" keyframe="0" points="685.96,566.50" z_order="0">
    </points>
    <points frame="346" outside="0" occluded="0" keyframe="0" points="686.09,566.50" z_order="0">
    </points>
    <points frame="347" outside="0" occluded="0" keyframe="0" points="686.21,566.50" z_order="0">
    </points>
    <points frame="348" outside="0" occluded="0" keyframe="0" points="686.34,566.50" z_order="0">
    </points>
    <points frame="349" outside="0" occluded="0" keyframe="0" points="686.47,566.50" z_order="0">
    </points>
    <points frame="350" outside="0" occluded="0" keyframe="1" points="686.60,566.50" z_order="0">
    </points>
    <points frame="351" outside="0" occluded="0" keyframe="0" points="688.94,565.18" z_order="0">
    </points>
    <points frame="352" outside="0" occluded="0" keyframe="0" points="691.29,563.86" z_order="0">
    </points>
    <points frame="353" outside="0" occluded="0" keyframe="0" points="693.63,562.53" z_order="0">
    </points>
    <points frame="354" outside="0" occluded="0" keyframe="0" points="695.98,561.21" z_order="0">
    </points>
    <points frame="355" outside="0" occluded="0" keyframe="0" points="698.32,559.89" z_order="0">
    </points>
    <points frame="356" outside="0" occluded="0" keyframe="0" points="700.67,558.57" z_order="0">
    </points>
    <points frame="357" outside="0" occluded="0" keyframe="0" points="703.01,557.24" z_order="0">
    </points>
    <points frame="358" outside="0" occluded="0" keyframe="0" points="705.36,555.92" z_order="0">
    </points>
    <points frame="359" outside="0" occluded="0" keyframe="1" points="707.70,554.60" z_order="0">
    </points>
    <points frame="360" outside="0" occluded="0" keyframe="1" points="710.40,562.50" z_order="0">
    </points>
    <points frame="361" outside="0" occluded="0" keyframe="0" points="708.94,562.77" z_order="0">
    </points>
    <points frame="362" outside="0" occluded="0" keyframe="0" points="707.48,563.04" z_order="0">
    </points>
    <points frame="363" outside="0" occluded="0" keyframe="0" points="706.02,563.31" z_order="0">
    </points>
    <points frame="364" outside="0" occluded="0" keyframe="0" points="704.56,563.58" z_order="0">
    </points>
    <points frame="365" outside="0" occluded="0" keyframe="0" points="703.10,563.85" z_order="0">
    </points>
    <points frame="366" outside="0" occluded="0" keyframe="0" points="701.64,564.12" z_order="0">
    </points>
    <points frame="367" outside="0" occluded="0" keyframe="0" points="700.18,564.39" z_order="0">
    </points>
    <points frame="368" outside="0" occluded="0" keyframe="0" points="698.72,564.66" z_order="0">
    </points>
    <points frame="369" outside="0" occluded="0" keyframe="0" points="697.26,564.93" z_order="0">
    </points>
    <points frame="370" outside="0" occluded="0" keyframe="1" points="695.80,565.20" z_order="0">
    </points>
    <points frame="371" outside="0" occluded="0" keyframe="0" points="696.86,565.20" z_order="0">
    </points>
    <points frame="372" outside="0" occluded="0" keyframe="0" points="697.92,565.20" z_order="0">
    </points>
    <points frame="373" outside="0" occluded="0" keyframe="0" points="698.98,565.20" z_order="0">
    </points>
    <points frame="374" outside="0" occluded="0" keyframe="0" points="700.04,565.20" z_order="0">
    </points>
    <points frame="375" outside="0" occluded="0" keyframe="0" points="701.10,565.20" z_order="0">
    </points>
    <points frame="376" outside="0" occluded="0" keyframe="0" points="702.16,565.20" z_order="0">
    </points>
    <points frame="377" outside="0" occluded="0" keyframe="0" points="703.22,565.20" z_order="0">
    </points>
    <points frame="378" outside="0" occluded="0" keyframe="0" points="704.28,565.20" z_order="0">
    </points>
    <points frame="379" outside="0" occluded="0" keyframe="0" points="705.34,565.20" z_order="0">
    </points>
    <points frame="380" outside="0" occluded="0" keyframe="1" points="706.40,565.20" z_order="0">
    </points>
    <points frame="381" outside="0" occluded="0" keyframe="0" points="706.07,563.63" z_order="0">
    </points>
    <points frame="382" outside="0" occluded="0" keyframe="0" points="705.75,562.05" z_order="0">
    </points>
    <points frame="383" outside="0" occluded="0" keyframe="0" points="705.43,560.47" z_order="0">
    </points>
    <points frame="384" outside="0" occluded="0" keyframe="1" points="705.10,558.90" z_order="0">
    </points>
    <points frame="385" outside="0" occluded="0" keyframe="1" points="708.40,552.30" z_order="0">
    </points>
    <points frame="386" outside="0" occluded="0" keyframe="0" points="697.44,550.40" z_order="0">
    </points>
    <points frame="387" outside="0" occluded="0" keyframe="0" points="686.48,548.50" z_order="0">
    </points>
    <points frame="388" outside="0" occluded="0" keyframe="0" points="675.52,546.60" z_order="0">
    </points>
    <points frame="389" outside="0" occluded="0" keyframe="0" points="664.56,544.70" z_order="0">
    </points>
    <points frame="390" outside="0" occluded="0" keyframe="1" points="653.60,542.80" z_order="0">
    </points>
    <points frame="391" outside="0" occluded="0" keyframe="0" points="657.69,543.20" z_order="0">
    </points>
    <points frame="392" outside="0" occluded="0" keyframe="0" points="661.78,543.60" z_order="0">
    </points>
    <points frame="393" outside="0" occluded="0" keyframe="0" points="665.87,544.00" z_order="0">
    </points>
    <points frame="394" outside="0" occluded="0" keyframe="0" points="669.96,544.40" z_order="0">
    </points>
    <points frame="395" outside="0" occluded="0" keyframe="0" points="674.05,544.80" z_order="0">
    </points>
    <points frame="396" outside="0" occluded="0" keyframe="0" points="678.14,545.20" z_order="0">
    </points>
    <points frame="397" outside="0" occluded="0" keyframe="0" points="682.23,545.60" z_order="0">
    </points>
    <points frame="398" outside="0" occluded="0" keyframe="0" points="686.32,546.00" z_order="0">
    </points>
    <points frame="399" outside="0" occluded="0" keyframe="0" points="690.41,546.40" z_order="0">
    </points>
    <points frame="400" outside="0" occluded="0" keyframe="1" points="694.50,546.80" z_order="0">
    </points>
    <points frame="401" outside="0" occluded="0" keyframe="0" points="701.70,548.90" z_order="0">
    </points>
    <points frame="402" outside="0" occluded="0" keyframe="0" points="708.90,551.00" z_order="0">
    </points>
    <points frame="403" outside="0" occluded="0" keyframe="0" points="716.10,553.10" z_order="0">
    </points>
    <points frame="404" outside="0" occluded="0" keyframe="1" points="723.30,555.20" z_order="0">
    </points>
    <points frame="405" outside="0" occluded="0" keyframe="0" points="721.13,554.02" z_order="0">
    </points>
    <points frame="406" outside="0" occluded="0" keyframe="0" points="718.97,552.83" z_order="0">
    </points>
    <points frame="407" outside="0" occluded="0" keyframe="0" points="716.80,551.65" z_order="0">
    </points>
    <points frame="408" outside="0" occluded="0" keyframe="0" points="714.63,550.47" z_order="0">
    </points>
    <points frame="409" outside="0" occluded="0" keyframe="0" points="712.47,549.28" z_order="0">
    </points>
    <points frame="410" outside="0" occluded="0" keyframe="1" points="710.30,548.10" z_order="0">
    </points>
    <points frame="411" outside="0" occluded="0" keyframe="0" points="701.50,545.47" z_order="0">
    </points>
    <points frame="412" outside="0" occluded="0" keyframe="0" points="692.70,542.83" z_order="0">
    </points>
    <points frame="413" outside="0" occluded="0" keyframe="1" points="683.90,540.20" z_order="0">
    </points>
    <points frame="414" outside="0" occluded="0" keyframe="0" points="680.50,539.57" z_order="0">
    </points>
    <points frame="415" outside="0" occluded="0" keyframe="0" points="677.10,538.93" z_order="0">
    </points>
    <points frame="416" outside="0" occluded="0" keyframe="1" points="673.70,538.30" z_order="0">
    </points>
    <points frame="417" outside="0" occluded="0" keyframe="0" points="679.55,540.75" z_order="0">
    </points>
    <points frame="418" outside="0" occluded="0" keyframe="0" points="685.40,543.20" z_order="0">
    </points>
    <points frame="419" outside="0" occluded="0" keyframe="0" points="691.25,545.65" z_order="0">
    </points>
    <points frame="420" outside="0" occluded="0" keyframe="1" points="697.10,548.10" z_order="0">
    </points>
    <points frame="421" outside="0" occluded="0" keyframe="0" points="697.89,548.10" z_order="0">
    </points>
    <points frame="422" outside="0" occluded="0" keyframe="0" points="698.68,548.10" z_order="0">
    </points>
    <points frame="423" outside="0" occluded="0" keyframe="0" points="699.47,548.10" z_order="0">
    </points>
    <points frame="424" outside="0" occluded="0" keyframe="0" points="700.26,548.10" z_order="0">
    </points>
    <points frame="425" outside="0" occluded="0" keyframe="0" points="701.05,548.10" z_order="0">
    </points>
    <points frame="426" outside="0" occluded="0" keyframe="0" points="701.84,548.10" z_order="0">
    </points>
    <points frame="427" outside="0" occluded="0" keyframe="0" points="702.63,548.10" z_order="0">
    </points>
    <points frame="428" outside="0" occluded="0" keyframe="0" points="703.42,548.10" z_order="0">
    </points>
    <points frame="429" outside="0" occluded="0" keyframe="0" points="704.21,548.10" z_order="0">
    </points>
    <points frame="430" outside="0" occluded="0" keyframe="1" points="705.00,548.10" z_order="0">
    </points>
    <points frame="431" outside="0" occluded="0" keyframe="0" points="705.92,548.23" z_order="0">
    </points>
    <points frame="432" outside="0" occluded="0" keyframe="0" points="706.84,548.36" z_order="0">
    </points>
    <points frame="433" outside="0" occluded="0" keyframe="0" points="707.76,548.49" z_order="0">
    </points>
    <points frame="434" outside="0" occluded="0" keyframe="0" points="708.68,548.62" z_order="0">
    </points>
    <points frame="435" outside="0" occluded="0" keyframe="0" points="709.60,548.75" z_order="0">
    </points>
    <points frame="436" outside="0" occluded="0" keyframe="0" points="710.52,548.88" z_order="0">
    </points>
    <points frame="437" outside="0" occluded="0" keyframe="0" points="711.44,549.01" z_order="0">
    </points>
    <points frame="438" outside="0" occluded="0" keyframe="0" points="712.36,549.14" z_order="0">
    </points>
    <points frame="439" outside="0" occluded="0" keyframe="0" points="713.28,549.27" z_order="0">
    </points>
    <points frame="440" outside="0" occluded="0" keyframe="1" points="714.20,549.40" z_order="0">
    </points>
    <points frame="441" outside="0" occluded="0" keyframe="0" points="710.53,549.40" z_order="0">
    </points>
    <points frame="442" outside="0" occluded="0" keyframe="0" points="706.87,549.40" z_order="0">
    </points>
    <points frame="443" outside="0" occluded="0" keyframe="1" points="703.20,549.40" z_order="0">
    </points>
    <points frame="444" outside="0" occluded="0" keyframe="0" points="702.70,549.40" z_order="0">
    </points>
    <points frame="445" outside="0" occluded="0" keyframe="0" points="702.20,549.40" z_order="0">
    </points>
    <points frame="446" outside="0" occluded="0" keyframe="0" points="701.70,549.40" z_order="0">
    </points>
    <points frame="447" outside="0" occluded="0" keyframe="0" points="701.20,549.40" z_order="0">
    </points>
    <points frame="448" outside="0" occluded="0" keyframe="0" points="700.70,549.40" z_order="0">
    </points>
    <points frame="449" outside="0" occluded="0" keyframe="0" points="700.20,549.40" z_order="0">
    </points>
    <points frame="450" outside="0" occluded="0" keyframe="1" points="699.70,549.40" z_order="0">
    </points>
    <points frame="451" outside="0" occluded="0" keyframe="1" points="707.70,550.00" z_order="0">
    </points>
    <points frame="452" outside="0" occluded="0" keyframe="0" points="709.60,549.73" z_order="0">
    </points>
    <points frame="453" outside="0" occluded="0" keyframe="0" points="711.50,549.47" z_order="0">
    </points>
    <points frame="454" outside="0" occluded="0" keyframe="1" points="713.40,549.20" z_order="0">
    </points>
    <points frame="455" outside="0" occluded="0" keyframe="0" points="712.43,549.67" z_order="0">
    </points>
    <points frame="456" outside="0" occluded="0" keyframe="0" points="711.47,550.13" z_order="0">
    </points>
    <points frame="457" outside="0" occluded="0" keyframe="0" points="710.50,550.60" z_order="0">
    </points>
    <points frame="458" outside="0" occluded="0" keyframe="0" points="709.53,551.07" z_order="0">
    </points>
    <points frame="459" outside="0" occluded="0" keyframe="0" points="708.57,551.53" z_order="0">
    </points>
    <points frame="460" outside="0" occluded="0" keyframe="1" points="707.60,552.00" z_order="0">
    </points>
    <points frame="461" outside="0" occluded="0" keyframe="0" points="708.39,552.13" z_order="0">
    </points>
    <points frame="462" outside="0" occluded="0" keyframe="0" points="709.18,552.26" z_order="0">
    </points>
    <points frame="463" outside="0" occluded="0" keyframe="0" points="709.97,552.39" z_order="0">
    </points>
    <points frame="464" outside="0" occluded="0" keyframe="0" points="710.76,552.52" z_order="0">
    </points>
    <points frame="465" outside="0" occluded="0" keyframe="0" points="711.55,552.65" z_order="0">
    </points>
    <points frame="466" outside="0" occluded="0" keyframe="0" points="712.34,552.78" z_order="0">
    </points>
    <points frame="467" outside="0" occluded="0" keyframe="0" points="713.13,552.91" z_order="0">
    </points>
    <points frame="468" outside="0" occluded="0" keyframe="0" points="713.92,553.04" z_order="0">
    </points>
    <points frame="469" outside="0" occluded="0" keyframe="0" points="714.71,553.17" z_order="0">
    </points>
    <points frame="470" outside="0" occluded="0" keyframe="1" points="715.50,553.30" z_order="0">
    </points>
    <points frame="471" outside="0" occluded="0" keyframe="0" points="716.82,553.43" z_order="0">
    </points>
    <points frame="472" outside="0" occluded="0" keyframe="0" points="718.14,553.56" z_order="0">
    </points>
    <points frame="473" outside="0" occluded="0" keyframe="0" points="719.46,553.69" z_order="0">
    </points>
    <points frame="474" outside="0" occluded="0" keyframe="0" points="720.78,553.82" z_order="0">
    </points>
    <points frame="475" outside="0" occluded="0" keyframe="0" points="722.10,553.95" z_order="0">
    </points>
    <points frame="476" outside="0" occluded="0" keyframe="0" points="723.42,554.08" z_order="0">
    </points>
    <points frame="477" outside="0" occluded="0" keyframe="0" points="724.74,554.21" z_order="0">
    </points>
    <points frame="478" outside="0" occluded="0" keyframe="0" points="726.06,554.34" z_order="0">
    </points>
    <points frame="479" outside="0" occluded="0" keyframe="0" points="727.38,554.47" z_order="0">
    </points>
    <points frame="480" outside="0" occluded="0" keyframe="1" points="728.70,554.60" z_order="0">
    </points>
    <points frame="481" outside="0" occluded="0" keyframe="0" points="728.57,554.60" z_order="0">
    </points>
    <points frame="482" outside="0" occluded="0" keyframe="0" points="728.44,554.60" z_order="0">
    </points>
    <points frame="483" outside="0" occluded="0" keyframe="0" points="728.31,554.60" z_order="0">
    </points>
    <points frame="484" outside="0" occluded="0" keyframe="0" points="728.18,554.60" z_order="0">
    </points>
    <points frame="485" outside="0" occluded="0" keyframe="0" points="728.05,554.60" z_order="0">
    </points>
    <points frame="486" outside="0" occluded="0" keyframe="0" points="727.92,554.60" z_order="0">
    </points>
    <points frame="487" outside="0" occluded="0" keyframe="0" points="727.79,554.60" z_order="0">
    </points>
    <points frame="488" outside="0" occluded="0" keyframe="0" points="727.66,554.60" z_order="0">
    </points>
    <points frame="489" outside="0" occluded="0" keyframe="0" points="727.53,554.60" z_order="0">
    </points>
    <points frame="490" outside="0" occluded="0" keyframe="1" points="727.40,554.60" z_order="0">
    </points>
    <points frame="491" outside="0" occluded="0" keyframe="0" points="725.55,554.20" z_order="0">
    </points>
    <points frame="492" outside="0" occluded="0" keyframe="0" points="723.70,553.80" z_order="0">
    </points>
    <points frame="493" outside="0" occluded="0" keyframe="0" points="721.85,553.40" z_order="0">
    </points>
    <points frame="494" outside="0" occluded="0" keyframe="0" points="720.00,553.00" z_order="0">
    </points>
    <points frame="495" outside="0" occluded="0" keyframe="0" points="718.15,552.60" z_order="0">
    </points>
    <points frame="496" outside="0" occluded="0" keyframe="0" points="716.30,552.20" z_order="0">
    </points>
    <points frame="497" outside="0" occluded="0" keyframe="0" points="714.45,551.80" z_order="0">
    </points>
    <points frame="498" outside="0" occluded="0" keyframe="0" points="712.60,551.40" z_order="0">
    </points>
    <points frame="499" outside="0" occluded="0" keyframe="0" points="710.75,551.00" z_order="0">
    </points>
    <points frame="500" outside="0" occluded="0" keyframe="1" points="708.90,550.60" z_order="0">
    </points>
    <points frame="501" outside="0" occluded="0" keyframe="0" points="710.22,550.60" z_order="0">
    </points>
    <points frame="502" outside="0" occluded="0" keyframe="0" points="711.54,550.60" z_order="0">
    </points>
    <points frame="503" outside="0" occluded="0" keyframe="0" points="712.86,550.60" z_order="0">
    </points>
    <points frame="504" outside="0" occluded="0" keyframe="0" points="714.18,550.60" z_order="0">
    </points>
    <points frame="505" outside="0" occluded="0" keyframe="0" points="715.50,550.60" z_order="0">
    </points>
    <points frame="506" outside="0" occluded="0" keyframe="0" points="716.82,550.60" z_order="0">
    </points>
    <points frame="507" outside="0" occluded="0" keyframe="0" points="718.14,550.60" z_order="0">
    </points>
    <points frame="508" outside="0" occluded="0" keyframe="0" points="719.46,550.60" z_order="0">
    </points>
    <points frame="509" outside="0" occluded="0" keyframe="0" points="720.78,550.60" z_order="0">
    </points>
    <points frame="510" outside="0" occluded="0" keyframe="1" points="722.10,550.60" z_order="0">
    </points>
    <points frame="511" outside="0" occluded="0" keyframe="0" points="722.29,550.97" z_order="0">
    </points>
    <points frame="512" outside="0" occluded="0" keyframe="0" points="722.47,551.34" z_order="0">
    </points>
    <points frame="513" outside="0" occluded="0" keyframe="0" points="722.66,551.71" z_order="0">
    </points>
    <points frame="514" outside="0" occluded="0" keyframe="0" points="722.84,552.09" z_order="0">
    </points>
    <points frame="515" outside="0" occluded="0" keyframe="0" points="723.03,552.46" z_order="0">
    </points>
    <points frame="516" outside="0" occluded="0" keyframe="0" points="723.21,552.83" z_order="0">
    </points>
    <points frame="517" outside="0" occluded="0" keyframe="1" points="723.40,553.20" z_order="0">
    </points>
  </track>
  <track id="1" label="M" source="manual">
    <points frame="71" outside="0" occluded="0" keyframe="1" points="450.17,616.68" z_order="0">
    </points>
    <points frame="72" outside="0" occluded="0" keyframe="0" points="450.33,616.80" z_order="0">
    </points>
    <points frame="73" outside="0" occluded="0" keyframe="0" points="450.49,616.91" z_order="0">
    </points>
    <points frame="74" outside="0" occluded="0" keyframe="0" points="450.65,617.02" z_order="0">
    </points>
    <points frame="75" outside="0" occluded="0" keyframe="0" points="450.81,617.13" z_order="0">
    </points>
    <points frame="76" outside="0" occluded="0" keyframe="0" points="450.97,617.25" z_order="0">
    </points>
    <points frame="77" outside="0" occluded="0" keyframe="0" points="451.14,617.36" z_order="0">
    </points>
    <points frame="78" outside="0" occluded="0" keyframe="0" points="451.30,617.47" z_order="0">
    </points>
    <points frame="79" outside="0" occluded="0" keyframe="0" points="451.46,617.59" z_order="0">
    </points>
    <points frame="80" outside="0" occluded="0" keyframe="0" points="451.62,617.70" z_order="0">
    </points>
    <points frame="81" outside="0" occluded="0" keyframe="0" points="451.78,617.81" z_order="0">
    </points>
    <points frame="82" outside="0" occluded="0" keyframe="0" points="451.94,617.93" z_order="0">
    </points>
    <points frame="83" outside="0" occluded="0" keyframe="0" points="452.10,618.04" z_order="0">
    </points>
    <points frame="84" outside="0" occluded="0" keyframe="0" points="452.26,618.15" z_order="0">
    </points>
    <points frame="85" outside="0" occluded="0" keyframe="0" points="452.42,618.27" z_order="0">
    </points>
    <points frame="86" outside="0" occluded="0" keyframe="0" points="452.58,618.38" z_order="0">
    </points>
    <points frame="87" outside="0" occluded="0" keyframe="0" points="452.74,618.49" z_order="0">
    </points>
    <points frame="88" outside="0" occluded="0" keyframe="0" points="452.90,618.60" z_order="0">
    </points>
    <points frame="89" outside="0" occluded="0" keyframe="0" points="453.06,618.72" z_order="0">
    </points>
    <points frame="90" outside="0" occluded="0" keyframe="0" points="453.22,618.83" z_order="0">
    </points>
    <points frame="91" outside="0" occluded="0" keyframe="0" points="453.38,618.94" z_order="0">
    </points>
    <points frame="92" outside="0" occluded="0" keyframe="0" points="453.54,619.06" z_order="0">
    </points>
    <points frame="93" outside="0" occluded="0" keyframe="0" points="453.71,619.17" z_order="0">
    </points>
    <points frame="94" outside="0" occluded="0" keyframe="0" points="453.87,619.28" z_order="0">
    </points>
    <points frame="95" outside="0" occluded="0" keyframe="0" points="454.03,619.40" z_order="0">
    </points>
    <points frame="96" outside="0" occluded="0" keyframe="0" points="454.19,619.51" z_order="0">
    </points>
    <points frame="97" outside="0" occluded="0" keyframe="0" points="454.35,619.62" z_order="0">
    </points>
    <points frame="98" outside="0" occluded="0" keyframe="0" points="454.51,619.73" z_order="0">
    </points>
    <points frame="99" outside="0" occluded="0" keyframe="0" points="454.67,619.85" z_order="0">
    </points>
    <points frame="100" outside="0" occluded="0" keyframe="0" points="454.83,619.96" z_order="0">
    </points>
    <points frame="101" outside="0" occluded="0" keyframe="0" points="454.99,620.07" z_order="0">
    </points>
    <points frame="102" outside="0" occluded="0" keyframe="0" points="455.15,620.19" z_order="0">
    </points>
    <points frame="103" outside="0" occluded="0" keyframe="0" points="455.31,620.30" z_order="0">
    </points>
    <points frame="104" outside="0" occluded="0" keyframe="0" points="455.47,620.41" z_order="0">
    </points>
    <points frame="105" outside="0" occluded="0" keyframe="0" points="455.63,620.53" z_order="0">
    </points>
    <points frame="106" outside="0" occluded="0" keyframe="0" points="455.79,620.64" z_order="0">
    </points>
    <points frame="107" outside="0" occluded="0" keyframe="0" points="455.95,620.75" z_order="0">
    </points>
    <points frame="108" outside="0" occluded="0" keyframe="0" points="456.11,620.87" z_order="0">
    </points>
    <points frame="109" outside="0" occluded="0" keyframe="0" points="456.28,620.98" z_order="0">
    </points>
    <points frame="110" outside="0" occluded="0" keyframe="0" points="456.44,621.09" z_order="0">
    </points>
    <points frame="111" outside="0" occluded="0" keyframe="0" points="456.60,621.20" z_order="0">
    </points>
    <points frame="112" outside="0" occluded="0" keyframe="0" points="456.76,621.32" z_order="0">
    </points>
    <points frame="113" outside="0" occluded="0" keyframe="0" points="456.92,621.43" z_order="0">
    </points>
    <points frame="114" outside="0" occluded="0" keyframe="0" points="457.08,621.54" z_order="0">
    </points>
    <points frame="115" outside="0" occluded="0" keyframe="0" points="457.24,621.66" z_order="0">
    </points>
    <points frame="116" outside="0" occluded="0" keyframe="0" points="457.40,621.77" z_order="0">
    </points>
    <points frame="117" outside="0" occluded="0" keyframe="0" points="457.56,621.88" z_order="0">
    </points>
    <points frame="118" outside="0" occluded="0" keyframe="0" points="457.72,622.00" z_order="0">
    </points>
    <points frame="119" outside="0" occluded="0" keyframe="0" points="457.88,622.11" z_order="0">
    </points>
    <points frame="120" outside="0" occluded="0" keyframe="0" points="458.04,622.22" z_order="0">
    </points>
    <points frame="121" outside="0" occluded="0" keyframe="0" points="458.20,622.33" z_order="0">
    </points>
    <points frame="122" outside="0" occluded="0" keyframe="0" points="458.36,622.45" z_order="0">
    </points>
    <points frame="123" outside="0" occluded="0" keyframe="0" points="458.52,622.56" z_order="0">
    </points>
    <points frame="124" outside="0" occluded="0" keyframe="0" points="458.68,622.67" z_order="0">
    </points>
    <points frame="125" outside="0" occluded="0" keyframe="0" points="458.85,622.79" z_order="0">
    </points>
    <points frame="126" outside="0" occluded="0" keyframe="0" points="459.01,622.90" z_order="0">
    </points>
    <points frame="127" outside="0" occluded="0" keyframe="0" points="459.17,623.01" z_order="0">
    </points>
    <points frame="128" outside="0" occluded="0" keyframe="0" points="459.33,623.13" z_order="0">
    </points>
    <points frame="129" outside="0" occluded="0" keyframe="0" points="459.49,623.24" z_order="0">
    </points>
    <points frame="130" outside="0" occluded="0" keyframe="0" points="459.65,623.35" z_order="0">
    </points>
    <points frame="131" outside="0" occluded="0" keyframe="0" points="459.81,623.47" z_order="0">
    </points>
    <points frame="132" outside="0" occluded="0" keyframe="0" points="459.97,623.58" z_order="0">
    </points>
    <points frame="133" outside="0" occluded="0" keyframe="0" points="460.13,623.69" z_order="0">
    </points>
    <points frame="134" outside="0" occluded="0" keyframe="0" points="460.29,623.80" z_order="0">
    </points>
    <points frame="135" outside="0" occluded="0" keyframe="0" points="460.45,623.92" z_order="0">
    </points>
    <points frame="136" outside="0" occluded="0" keyframe="0" points="460.61,624.03" z_order="0">
    </points>
    <points frame="137" outside="0" occluded="0" keyframe="0" points="460.77,624.14" z_order="0">
    </points>
    <points frame="138" outside="0" occluded="0" keyframe="0" points="460.93,624.26" z_order="0">
    </points>
    <points frame="139" outside="0" occluded="0" keyframe="0" points="461.09,624.37" z_order="0">
    </points>
    <points frame="140" outside="0" occluded="0" keyframe="0" points="461.25,624.48" z_order="0">
    </points>
    <points frame="141" outside="0" occluded="0" keyframe="0" points="461.42,624.60" z_order="0">
    </points>
    <points frame="142" outside="0" occluded="0" keyframe="0" points="461.58,624.71" z_order="0">
    </points>
    <points frame="143" outside="0" occluded="0" keyframe="0" points="461.74,624.82" z_order="0">
    </points>
    <points frame="144" outside="0" occluded="0" keyframe="0" points="461.90,624.93" z_order="0">
    </points>
    <points frame="145" outside="0" occluded="0" keyframe="0" points="462.06,625.05" z_order="0">
    </points>
    <points frame="146" outside="0" occluded="0" keyframe="0" points="462.22,625.16" z_order="0">
    </points>
    <points frame="147" outside="0" occluded="0" keyframe="0" points="462.38,625.27" z_order="0">
    </points>
    <points frame="148" outside="0" occluded="0" keyframe="0" points="462.54,625.39" z_order="0">
    </points>
    <points frame="149" outside="0" occluded="0" keyframe="1" points="462.70,625.50" z_order="0">
    </points>
    <points frame="150" outside="0" occluded="0" keyframe="0" points="462.54,625.66" z_order="0">
    </points>
    <points frame="151" outside="0" occluded="0" keyframe="0" points="462.39,625.82" z_order="0">
    </points>
    <points frame="152" outside="0" occluded="0" keyframe="0" points="462.23,625.97" z_order="0">
    </points>
    <points frame="153" outside="0" occluded="0" keyframe="0" points="462.07,626.13" z_order="0">
    </points>
    <points frame="154" outside="0" occluded="0" keyframe="0" points="461.91,626.29" z_order="0">
    </points>
    <points frame="155" outside="0" occluded="0" keyframe="0" points="461.76,626.45" z_order="0">
    </points>
    <points frame="156" outside="0" occluded="0" keyframe="0" points="461.60,626.60" z_order="0">
    </points>
    <points frame="157" outside="0" occluded="0" keyframe="0" points="461.44,626.76" z_order="0">
    </points>
    <points frame="158" outside="0" occluded="0" keyframe="0" points="461.28,626.92" z_order="0">
    </points>
    <points frame="159" outside="0" occluded="0" keyframe="0" points="461.13,627.08" z_order="0">
    </points>
    <points frame="160" outside="0" occluded="0" keyframe="0" points="460.97,627.23" z_order="0">
    </points>
    <points frame="161" outside="0" occluded="0" keyframe="0" points="460.81,627.39" z_order="0">
    </points>
    <points frame="162" outside="0" occluded="0" keyframe="0" points="460.65,627.55" z_order="0">
    </points>
    <points frame="163" outside="0" occluded="0" keyframe="0" points="460.50,627.71" z_order="0">
    </points>
    <points frame="164" outside="0" occluded="0" keyframe="0" points="460.34,627.86" z_order="0">
    </points>
    <points frame="165" outside="0" occluded="0" keyframe="0" points="460.18,628.02" z_order="0">
    </points>
    <points frame="166" outside="0" occluded="0" keyframe="0" points="460.02,628.18" z_order="0">
    </points>
    <points frame="167" outside="0" occluded="0" keyframe="0" points="459.87,628.34" z_order="0">
    </points>
    <points frame="168" outside="0" occluded="0" keyframe="0" points="459.71,628.49" z_order="0">
    </points>
    <points frame="169" outside="0" occluded="0" keyframe="0" points="459.55,628.65" z_order="0">
    </points>
    <points frame="170" outside="0" occluded="0" keyframe="0" points="459.39,628.81" z_order="0">
    </points>
    <points frame="171" outside="0" occluded="0" keyframe="0" points="459.24,628.97" z_order="0">
    </points>
    <points frame="172" outside="0" occluded="0" keyframe="0" points="459.08,629.12" z_order="0">
    </points>
    <points frame="173" outside="0" occluded="0" keyframe="0" points="458.92,629.28" z_order="0">
    </points>
    <points frame="174" outside="0" occluded="0" keyframe="0" points="458.76,629.44" z_order="0">
    </points>
    <points frame="175" outside="0" occluded="0" keyframe="0" points="458.61,629.60" z_order="0">
    </points>
    <points frame="176" outside="0" occluded="0" keyframe="0" points="458.45,629.75" z_order="0">
    </points>
    <points frame="177" outside="0" occluded="0" keyframe="0" points="458.29,629.91" z_order="0">
    </points>
    <points frame="178" outside="0" occluded="0" keyframe="0" points="458.13,630.07" z_order="0">
    </points>
    <points frame="179" outside="0" occluded="0" keyframe="0" points="457.98,630.23" z_order="0">
    </points>
    <points frame="180" outside="0" occluded="0" keyframe="0" points="457.82,630.38" z_order="0">
    </points>
    <points frame="181" outside="0" occluded="0" keyframe="0" points="457.66,630.54" z_order="0">
    </points>
    <points frame="182" outside="0" occluded="0" keyframe="0" points="457.50,630.70" z_order="0">
    </points>
    <points frame="183" outside="0" occluded="0" keyframe="0" points="457.35,630.86" z_order="0">
    </points>
    <points frame="184" outside="0" occluded="0" keyframe="0" points="457.19,631.01" z_order="0">
    </points>
    <points frame="185" outside="0" occluded="0" keyframe="0" points="457.03,631.17" z_order="0">
    </points>
    <points frame="186" outside="0" occluded="0" keyframe="0" points="456.87,631.33" z_order="0">
    </points>
    <points frame="187" outside="0" occluded="0" keyframe="0" points="456.72,631.49" z_order="0">
    </points>
    <points frame="188" outside="0" occluded="0" keyframe="0" points="456.56,631.64" z_order="0">
    </points>
    <points frame="189" outside="0" occluded="0" keyframe="1" points="456.40,631.80" z_order="0">
    </points>
    <points frame="190" outside="0" occluded="0" keyframe="0" points="455.72,631.80" z_order="0">
    </points>
    <points frame="191" outside="0" occluded="0" keyframe="0" points="455.05,631.80" z_order="0">
    </points>
    <points frame="192" outside="0" occluded="0" keyframe="0" points="454.37,631.80" z_order="0">
    </points>
    <points frame="193" outside="0" occluded="0" keyframe="0" points="453.69,631.80" z_order="0">
    </points>
    <points frame="194" outside="0" occluded="0" keyframe="0" points="453.02,631.80" z_order="0">
    </points>
    <points frame="195" outside="0" occluded="0" keyframe="0" points="452.34,631.80" z_order="0">
    </points>
    <points frame="196" outside="0" occluded="0" keyframe="0" points="451.66,631.80" z_order="0">
    </points>
    <points frame="197" outside="0" occluded="0" keyframe="0" points="450.98,631.80" z_order="0">
    </points>
    <points frame="198" outside="0" occluded="0" keyframe="0" points="450.31,631.80" z_order="0">
    </points>
    <points frame="199" outside="0" occluded="0" keyframe="0" points="449.63,631.80" z_order="0">
    </points>
    <points frame="200" outside="0" occluded="0" keyframe="0" points="448.95,631.80" z_order="0">
    </points>
    <points frame="201" outside="0" occluded="0" keyframe="0" points="448.28,631.80" z_order="0">
    </points>
    <points frame="202" outside="0" occluded="0" keyframe="1" points="447.60,631.80" z_order="0">
    </points>
    <points frame="203" outside="0" occluded="0" keyframe="0" points="447.75,631.80" z_order="0">
    </points>
    <points frame="204" outside="0" occluded="0" keyframe="0" points="447.89,631.80" z_order="0">
    </points>
    <points frame="205" outside="0" occluded="0" keyframe="0" points="448.04,631.80" z_order="0">
    </points>
    <points frame="206" outside="0" occluded="0" keyframe="0" points="448.19,631.80" z_order="0">
    </points>
    <points frame="207" outside="0" occluded="0" keyframe="0" points="448.34,631.80" z_order="0">
    </points>
    <points frame="208" outside="0" occluded="0" keyframe="0" points="448.48,631.80" z_order="0">
    </points>
    <points frame="209" outside="0" occluded="0" keyframe="0" points="448.63,631.80" z_order="0">
    </points>
    <points frame="210" outside="0" occluded="0" keyframe="0" points="448.78,631.80" z_order="0">
    </points>
    <points frame="211" outside="0" occluded="0" keyframe="0" points="448.92,631.80" z_order="0">
    </points>
    <points frame="212" outside="0" occluded="0" keyframe="0" points="449.07,631.80" z_order="0">
    </points>
    <points frame="213" outside="0" occluded="0" keyframe="0" points="449.22,631.80" z_order="0">
    </points>
    <points frame="214" outside="0" occluded="0" keyframe="0" points="449.36,631.80" z_order="0">
    </points>
    <points frame="215" outside="0" occluded="0" keyframe="0" points="449.51,631.80" z_order="0">
    </points>
    <points frame="216" outside="0" occluded="0" keyframe="0" points="449.66,631.80" z_order="0">
    </points>
    <points frame="217" outside="0" occluded="0" keyframe="0" points="449.81,631.80" z_order="0">
    </points>
    <points frame="218" outside="0" occluded="0" keyframe="0" points="449.95,631.80" z_order="0">
    </points>
    <points frame="219" outside="0" occluded="0" keyframe="1" points="450.10,631.80" z_order="0">
    </points>
    <points frame="220" outside="0" occluded="0" keyframe="0" points="450.01,631.80" z_order="0">
    </points>
    <points frame="221" outside="0" occluded="0" keyframe="0" points="449.91,631.80" z_order="0">
    </points>
    <points frame="222" outside="0" occluded="0" keyframe="0" points="449.82,631.80" z_order="0">
    </points>
    <points frame="223" outside="0" occluded="0" keyframe="0" points="449.73,631.80" z_order="0">
    </points>
    <points frame="224" outside="0" occluded="0" keyframe="0" points="449.64,631.80" z_order="0">
    </points>
    <points frame="225" outside="0" occluded="0" keyframe="0" points="449.54,631.80" z_order="0">
    </points>
    <points frame="226" outside="0" occluded="0" keyframe="0" points="449.45,631.80" z_order="0">
    </points>
    <points frame="227" outside="0" occluded="0" keyframe="0" points="449.36,631.80" z_order="0">
    </points>
    <points frame="228" outside="0" occluded="0" keyframe="0" points="449.27,631.80" z_order="0">
    </points>
    <points frame="229" outside="0" occluded="0" keyframe="0" points="449.17,631.80" z_order="0">
    </points>
    <points frame="230" outside="0" occluded="0" keyframe="0" points="449.08,631.80" z_order="0">
    </points>
    <points frame="231" outside="0" occluded="0" keyframe="0" points="448.99,631.80" z_order="0">
    </points>
    <points frame="232" outside="0" occluded="0" keyframe="0" points="448.90,631.80" z_order="0">
    </points>
    <points frame="233" outside="0" occluded="0" keyframe="0" points="448.80,631.80" z_order="0">
    </points>
    <points frame="234" outside="0" occluded="0" keyframe="0" points="448.71,631.80" z_order="0">
    </points>
    <points frame="235" outside="0" occluded="0" keyframe="0" points="448.62,631.80" z_order="0">
    </points>
    <points frame="236" outside="0" occluded="0" keyframe="0" points="448.53,631.80" z_order="0">
    </points>
    <points frame="237" outside="0" occluded="0" keyframe="0" points="448.43,631.80" z_order="0">
    </points>
    <points frame="238" outside="0" occluded="0" keyframe="0" points="448.34,631.80" z_order="0">
    </points>
    <points frame="239" outside="0" occluded="0" keyframe="0" points="448.25,631.80" z_order="0">
    </points>
    <points frame="240" outside="0" occluded="0" keyframe="0" points="448.16,631.80" z_order="0">
    </points>
    <points frame="241" outside="0" occluded="0" keyframe="0" points="448.06,631.80" z_order="0">
    </points>
    <points frame="242" outside="0" occluded="0" keyframe="0" points="447.97,631.80" z_order="0">
    </points>
    <points frame="243" outside="0" occluded="0" keyframe="0" points="447.88,631.80" z_order="0">
    </points>
    <points frame="244" outside="0" occluded="0" keyframe="0" points="447.79,631.80" z_order="0">
    </points>
    <points frame="245" outside="0" occluded="0" keyframe="0" points="447.69,631.80" z_order="0">
    </points>
    <points frame="246" outside="0" occluded="0" keyframe="1" points="447.60,631.80" z_order="0">
    </points>
    <points frame="247" outside="0" occluded="0" keyframe="0" points="447.35,631.93" z_order="0">
    </points>
    <points frame="248" outside="0" occluded="0" keyframe="0" points="447.10,632.05" z_order="0">
    </points>
    <points frame="249" outside="0" occluded="0" keyframe="0" points="446.85,632.18" z_order="0">
    </points>
    <points frame="250" outside="0" occluded="0" keyframe="0" points="446.60,632.30" z_order="0">
    </points>
    <points frame="251" outside="0" occluded="0" keyframe="0" points="446.35,632.43" z_order="0">
    </points>
    <points frame="252" outside="0" occluded="0" keyframe="0" points="446.10,632.55" z_order="0">
    </points>
    <points frame="253" outside="0" occluded="0" keyframe="0" points="445.85,632.68" z_order="0">
    </points>
    <points frame="254" outside="0" occluded="0" keyframe="0" points="445.60,632.80" z_order="0">
    </points>
    <points frame="255" outside="0" occluded="0" keyframe="0" points="445.35,632.93" z_order="0">
    </points>
    <points frame="256" outside="0" occluded="0" keyframe="0" points="445.10,633.05" z_order="0">
    </points>
    <points frame="257" outside="0" occluded="0" keyframe="0" points="444.85,633.18" z_order="0">
    </points>
    <points frame="258" outside="0" occluded="0" keyframe="0" points="444.60,633.30" z_order="0">
    </points>
    <points frame="259" outside="0" occluded="0" keyframe="0" points="444.35,633.43" z_order="0">
    </points>
    <points frame="260" outside="0" occluded="0" keyframe="0" points="444.10,633.55" z_order="0">
    </points>
    <points frame="261" outside="0" occluded="0" keyframe="0" points="443.85,633.68" z_order="0">
    </points>
    <points frame="262" outside="0" occluded="0" keyframe="0" points="443.60,633.80" z_order="0">
    </points>
    <points frame="263" outside="0" occluded="0" keyframe="0" points="443.35,633.93" z_order="0">
    </points>
    <points frame="264" outside="0" occluded="0" keyframe="0" points="443.10,634.05" z_order="0">
    </points>
    <points frame="265" outside="0" occluded="0" keyframe="0" points="442.85,634.18" z_order="0">
    </points>
    <points frame="266" outside="0" occluded="0" keyframe="1" points="442.60,634.30" z_order="0">
    </points>
    <points frame="267" outside="0" occluded="0" keyframe="0" points="442.85,634.17" z_order="0">
    </points>
    <points frame="268" outside="0" occluded="0" keyframe="0" points="443.10,634.04" z_order="0">
    </points>
    <points frame="269" outside="0" occluded="0" keyframe="0" points="443.35,633.91" z_order="0">
    </points>
    <points frame="270" outside="0" occluded="0" keyframe="0" points="443.60,633.78" z_order="0">
    </points>
    <points frame="271" outside="0" occluded="0" keyframe="0" points="443.85,633.65" z_order="0">
    </points>
    <points frame="272" outside="0" occluded="0" keyframe="0" points="444.10,633.52" z_order="0">
    </points>
    <points frame="273" outside="0" occluded="0" keyframe="0" points="444.35,633.39" z_order="0">
    </points>
    <points frame="274" outside="0" occluded="0" keyframe="0" points="444.60,633.26" z_order="0">
    </points>
    <points frame="275" outside="0" occluded="0" keyframe="0" points="444.85,633.13" z_order="0">
    </points>
    <points frame="276" outside="0" occluded="0" keyframe="1" points="445.10,633.00" z_order="0">
    </points>
    <points frame="277" outside="0" occluded="0" keyframe="0" points="445.05,633.00" z_order="0">
    </points>
    <points frame="278" outside="0" occluded="0" keyframe="0" points="445.00,633.00" z_order="0">
    </points>
    <points frame="279" outside="0" occluded="0" keyframe="0" points="444.95,633.00" z_order="0">
    </points>
    <points frame="280" outside="0" occluded="0" keyframe="0" points="444.90,633.00" z_order="0">
    </points>
    <points frame="281" outside="0" occluded="0" keyframe="0" points="444.85,633.00" z_order="0">
    </points>
    <points frame="282" outside="0" occluded="0" keyframe="0" points="444.80,633.00" z_order="0">
    </points>
    <points frame="283" outside="0" occluded="0" keyframe="0" points="444.75,633.00" z_order="0">
    </points>
    <points frame="284" outside="0" occluded="0" keyframe="0" points="444.70,633.00" z_order="0">
    </points>
    <points frame="285" outside="0" occluded="0" keyframe="0" points="444.65,633.00" z_order="0">
    </points>
    <points frame="286" outside="0" occluded="0" keyframe="0" points="444.60,633.00" z_order="0">
    </points>
    <points frame="287" outside="0" occluded="0" keyframe="0" points="444.55,633.00" z_order="0">
    </points>
    <points frame="288" outside="0" occluded="0" keyframe="0" points="444.50,633.00" z_order="0">
    </points>
    <points frame="289" outside="0" occluded="0" keyframe="0" points="444.45,633.00" z_order="0">
    </points>
    <points frame="290" outside="0" occluded="0" keyframe="0" points="444.40,633.00" z_order="0">
    </points>
    <points frame="291" outside="0" occluded="0" keyframe="0" points="444.35,633.00" z_order="0">
    </points>
    <points frame="292" outside="0" occluded="0" keyframe="0" points="444.30,633.00" z_order="0">
    </points>
    <points frame="293" outside="0" occluded="0" keyframe="0" points="444.25,633.00" z_order="0">
    </points>
    <points frame="294" outside="0" occluded="0" keyframe="0" points="444.20,633.00" z_order="0">
    </points>
    <points frame="295" outside="0" occluded="0" keyframe="0" points="444.15,633.00" z_order="0">
    </points>
    <points frame="296" outside="0" occluded="0" keyframe="0" points="444.10,633.00" z_order="0">
    </points>
    <points frame="297" outside="0" occluded="0" keyframe="0" points="444.05,633.00" z_order="0">
    </points>
    <points frame="298" outside="0" occluded="0" keyframe="0" points="444.00,633.00" z_order="0">
    </points>
    <points frame="299" outside="0" occluded="0" keyframe="0" points="443.95,633.00" z_order="0">
    </points>
    <points frame="300" outside="0" occluded="0" keyframe="0" points="443.90,633.00" z_order="0">
    </points>
    <points frame="301" outside="0" occluded="0" keyframe="0" points="443.85,633.00" z_order="0">
    </points>
    <points frame="302" outside="0" occluded="0" keyframe="0" points="443.80,633.00" z_order="0">
    </points>
    <points frame="303" outside="0" occluded="0" keyframe="0" points="443.75,633.00" z_order="0">
    </points>
    <points frame="304" outside="0" occluded="0" keyframe="0" points="443.70,633.00" z_order="0">
    </points>
    <points frame="305" outside="0" occluded="0" keyframe="0" points="443.65,633.00" z_order="0">
    </points>
    <points frame="306" outside="0" occluded="0" keyframe="0" points="443.60,633.00" z_order="0">
    </points>
    <points frame="307" outside="0" occluded="0" keyframe="0" points="443.55,633.00" z_order="0">
    </points>
    <points frame="308" outside="0" occluded="0" keyframe="0" points="443.50,633.00" z_order="0">
    </points>
    <points frame="309" outside="0" occluded="0" keyframe="0" points="443.45,633.00" z_order="0">
    </points>
    <points frame="310" outside="0" occluded="0" keyframe="0" points="443.40,633.00" z_order="0">
    </points>
    <points frame="311" outside="0" occluded="0" keyframe="0" points="443.35,633.00" z_order="0">
    </points>
    <points frame="312" outside="0" occluded="0" keyframe="0" points="443.30,633.00" z_order="0">
    </points>
    <points frame="313" outside="0" occluded="0" keyframe="0" points="443.25,633.00" z_order="0">
    </points>
    <points frame="314" outside="0" occluded="0" keyframe="0" points="443.20,633.00" z_order="0">
    </points>
    <points frame="315" outside="0" occluded="0" keyframe="0" points="443.15,633.00" z_order="0">
    </points>
    <points frame="316" outside="0" occluded="0" keyframe="0" points="443.10,633.00" z_order="0">
    </points>
    <points frame="317" outside="0" occluded="0" keyframe="0" points="443.05,633.00" z_order="0">
    </points>
    <points frame="318" outside="0" occluded="0" keyframe="0" points="443.00,633.00" z_order="0">
    </points>
    <points frame="319" outside="0" occluded="0" keyframe="0" points="442.95,633.00" z_order="0">
    </points>
    <points frame="320" outside="0" occluded="0" keyframe="0" points="442.90,633.00" z_order="0">
    </points>
    <points frame="321" outside="0" occluded="0" keyframe="0" points="442.85,633.00" z_order="0">
    </points>
    <points frame="322" outside="0" occluded="0" keyframe="0" points="442.80,633.00" z_order="0">
    </points>
    <points frame="323" outside="0" occluded="0" keyframe="0" points="442.75,633.00" z_order="0">
    </points>
    <points frame="324" outside="0" occluded="0" keyframe="0" points="442.70,633.00" z_order="0">
    </points>
    <points frame="325" outside="0" occluded="0" keyframe="0" points="442.65,633.00" z_order="0">
    </points>
    <points frame="326" outside="0" occluded="0" keyframe="1" points="442.60,633.00" z_order="0">
    </points>
    <points frame="327" outside="0" occluded="0" keyframe="0" points="442.10,633.50" z_order="0">
    </points>
    <points frame="328" outside="0" occluded="0" keyframe="0" points="441.60,634.00" z_order="0">
    </points>
    <points frame="329" outside="0" occluded="0" keyframe="0" points="441.10,634.50" z_order="0">
    </points>
    <points frame="330" outside="0" occluded="0" keyframe="0" points="440.60,635.00" z_order="0">
    </points>
    <points frame="331" outside="0" occluded="0" keyframe="0" points="440.10,635.50" z_order="0">
    </points>
    <points frame="332" outside="0" occluded="0" keyframe="0" points="439.60,636.00" z_order="0">
    </points>
    <points frame="333" outside="0" occluded="0" keyframe="0" points="439.10,636.50" z_order="0">
    </points>
    <points frame="334" outside="0" occluded="0" keyframe="0" points="438.60,637.00" z_order="0">
    </points>
    <points frame="335" outside="0" occluded="0" keyframe="0" points="438.10,637.50" z_order="0">
    </points>
    <points frame="336" outside="0" occluded="0" keyframe="0" points="437.60,638.00" z_order="0">
    </points>
    <points frame="337" outside="0" occluded="0" keyframe="0" points="437.10,638.50" z_order="0">
    </points>
    <points frame="338" outside="0" occluded="0" keyframe="0" points="436.60,639.00" z_order="0">
    </points>
    <points frame="339" outside="0" occluded="0" keyframe="0" points="436.10,639.50" z_order="0">
    </points>
    <points frame="340" outside="0" occluded="0" keyframe="0" points="435.60,640.00" z_order="0">
    </points>
    <points frame="341" outside="0" occluded="0" keyframe="0" points="435.10,640.50" z_order="0">
    </points>
    <points frame="342" outside="0" occluded="0" keyframe="0" points="434.60,641.00" z_order="0">
    </points>
    <points frame="343" outside="0" occluded="0" keyframe="0" points="434.10,641.50" z_order="0">
    </points>
    <points frame="344" outside="0" occluded="0" keyframe="0" points="433.60,642.00" z_order="0">
    </points>
    <points frame="345" outside="0" occluded="0" keyframe="0" points="433.10,642.50" z_order="0">
    </points>
    <points frame="346" outside="0" occluded="0" keyframe="1" points="432.60,643.00" z_order="0">
    </points>
    <points frame="347" outside="0" occluded="0" keyframe="0" points="433.04,642.81" z_order="0">
    </points>
    <points frame="348" outside="0" occluded="0" keyframe="0" points="433.48,642.62" z_order="0">
    </points>
    <points frame="349" outside="0" occluded="0" keyframe="0" points="433.92,642.43" z_order="0">
    </points>
    <points frame="350" outside="0" occluded="0" keyframe="0" points="434.36,642.24" z_order="0">
    </points>
    <points frame="351" outside="0" occluded="0" keyframe="0" points="434.80,642.05" z_order="0">
    </points>
    <points frame="352" outside="0" occluded="0" keyframe="0" points="435.24,641.86" z_order="0">
    </points>
    <points frame="353" outside="0" occluded="0" keyframe="0" points="435.68,641.67" z_order="0">
    </points>
    <points frame="354" outside="0" occluded="0" keyframe="0" points="436.12,641.48" z_order="0">
    </points>
    <points frame="355" outside="0" occluded="0" keyframe="0" points="436.56,641.29" z_order="0">
    </points>
    <points frame="356" outside="0" occluded="0" keyframe="0" points="437.00,641.10" z_order="0">
    </points>
    <points frame="357" outside="0" occluded="0" keyframe="0" points="437.44,640.91" z_order="0">
    </points>
    <points frame="358" outside="0" occluded="0" keyframe="0" points="437.88,640.72" z_order="0">
    </points>
    <points frame="359" outside="0" occluded="0" keyframe="0" points="438.32,640.53" z_order="0">
    </points>
    <points frame="360" outside="0" occluded="0" keyframe="0" points="438.76,640.34" z_order="0">
    </points>
    <points frame="361" outside="0" occluded="0" keyframe="0" points="439.20,640.15" z_order="0">
    </points>
    <points frame="362" outside="0" occluded="0" keyframe="0" points="439.64,639.96" z_order="0">
    </points>
    <points frame="363" outside="0" occluded="0" keyframe="0" points="440.08,639.77" z_order="0">
    </points>
    <points frame="364" outside="0" occluded="0" keyframe="0" points="440.52,639.58" z_order="0">
    </points>
    <points frame="365" outside="0" occluded="0" keyframe="0" points="440.96,639.39" z_order="0">
    </points>
    <points frame="366" outside="0" occluded="0" keyframe="1" points="441.40,639.20" z_order="0">
    </points>
    <points frame="367" outside="0" occluded="0" keyframe="0" points="442.15,638.66" z_order="0">
    </points>
    <points frame="368" outside="0" occluded="0" keyframe="0" points="442.90,638.11" z_order="0">
    </points>
    <points frame="369" outside="0" occluded="0" keyframe="0" points="443.65,637.57" z_order="0">
    </points>
    <points frame="370" outside="0" occluded="0" keyframe="0" points="444.40,637.03" z_order="0">
    </points>
    <points frame="371" outside="0" occluded="0" keyframe="0" points="445.15,636.48" z_order="0">
    </points>
    <points frame="372" outside="0" occluded="0" keyframe="0" points="445.90,635.94" z_order="0">
    </points>
    <points frame="373" outside="0" occluded="0" keyframe="0" points="446.65,635.40" z_order="0">
    </points>
    <points frame="374" outside="0" occluded="0" keyframe="0" points="447.40,634.85" z_order="0">
    </points>
    <points frame="375" outside="0" occluded="0" keyframe="0" points="448.15,634.31" z_order="0">
    </points>
    <points frame="376" outside="0" occluded="0" keyframe="0" points="448.90,633.77" z_order="0">
    </points>
    <points frame="377" outside="0" occluded="0" keyframe="0" points="449.65,633.22" z_order="0">
    </points>
    <points frame="378" outside="0" occluded="0" keyframe="0" points="450.40,632.68" z_order="0">
    </points>
    <points frame="379" outside="0" occluded="0" keyframe="0" points="451.15,632.14" z_order="0">
    </points>
    <points frame="380" outside="0" occluded="0" keyframe="0" points="451.90,631.59" z_order="0">
    </points>
    <points frame="381" outside="0" occluded="0" keyframe="0" points="452.65,631.05" z_order="0">
    </points>
    <points frame="382" outside="0" occluded="0" keyframe="0" points="453.40,630.51" z_order="0">
    </points>
    <points frame="383" outside="0" occluded="0" keyframe="0" points="454.15,629.96" z_order="0">
    </points>
    <points frame="384" outside="0" occluded="0" keyframe="0" points="454.90,629.42" z_order="0">
    </points>
    <points frame="385" outside="0" occluded="0" keyframe="0" points="455.65,628.88" z_order="0">
    </points>
    <points frame="386" outside="0" occluded="0" keyframe="0" points="456.40,628.33" z_order="0">
    </points>
    <points frame="387" outside="0" occluded="0" keyframe="0" points="457.15,627.79" z_order="0">
    </points>
    <points frame="388" outside="0" occluded="0" keyframe="0" points="457.90,627.25" z_order="0">
    </points>
    <points frame="389" outside="0" occluded="0" keyframe="0" points="458.65,626.70" z_order="0">
    </points>
    <points frame="390" outside="0" occluded="0" keyframe="0" points="459.40,626.16" z_order="0">
    </points>
    <points frame="391" outside="0" occluded="0" keyframe="0" points="460.15,625.62" z_order="0">
    </points>
    <points frame="392" outside="0" occluded="0" keyframe="0" points="460.90,625.07" z_order="0">
    </points>
    <points frame="393" outside="0" occluded="0" keyframe="0" points="461.65,624.53" z_order="0">
    </points>
    <points frame="394" outside="0" occluded="0" keyframe="0" points="462.40,623.99" z_order="0">
    </points>
    <points frame="395" outside="0" occluded="0" keyframe="0" points="463.15,623.44" z_order="0">
    </points>
    <points frame="396" outside="0" occluded="0" keyframe="1" points="463.90,622.90" z_order="0">
    </points>
    <points frame="397" outside="0" occluded="0" keyframe="0" points="462.02,622.90" z_order="0">
    </points>
    <points frame="398" outside="0" occluded="0" keyframe="0" points="460.14,622.90" z_order="0">
    </points>
    <points frame="399" outside="0" occluded="0" keyframe="0" points="458.26,622.90" z_order="0">
    </points>
    <points frame="400" outside="0" occluded="0" keyframe="0" points="456.38,622.90" z_order="0">
    </points>
    <points frame="401" outside="0" occluded="0" keyframe="0" points="454.50,622.90" z_order="0">
    </points>
    <points frame="402" outside="0" occluded="0" keyframe="0" points="452.62,622.90" z_order="0">
    </points>
    <points frame="403" outside="0" occluded="0" keyframe="0" points="450.74,622.90" z_order="0">
    </points>
    <points frame="404" outside="0" occluded="0" keyframe="0" points="448.86,622.90" z_order="0">
    </points>
    <points frame="405" outside="0" occluded="0" keyframe="0" points="446.98,622.90" z_order="0">
    </points>
    <points frame="406" outside="0" occluded="0" keyframe="1" points="445.10,622.90" z_order="0">
    </points>
    <points frame="407" outside="0" occluded="0" keyframe="0" points="445.10,622.90" z_order="0">
    </points>
    <points frame="408" outside="0" occluded="0" keyframe="0" points="445.10,622.90" z_order="0">
    </points>
    <points frame="409" outside="0" occluded="0" keyframe="0" points="445.10,622.90" z_order="0">
    </points>
    <points frame="410" outside="0" occluded="0" keyframe="0" points="445.10,622.90" z_order="0">
    </points>
    <points frame="411" outside="0" occluded="0" keyframe="0" points="445.10,622.90" z_order="0">
    </points>
    <points frame="412" outside="0" occluded="0" keyframe="0" points="445.10,622.90" z_order="0">
    </points>
    <points frame="413" outside="0" occluded="0" keyframe="0" points="445.10,622.90" z_order="0">
    </points>
    <points frame="414" outside="0" occluded="0" keyframe="0" points="445.10,622.90" z_order="0">
    </points>
    <points frame="415" outside="0" occluded="0" keyframe="0" points="445.10,622.90" z_order="0">
    </points>
    <points frame="416" outside="0" occluded="0" keyframe="1" points="445.10,622.90" z_order="0">
    </points>
    <points frame="417" outside="0" occluded="0" keyframe="0" points="446.73,622.65" z_order="0">
    </points>
    <points frame="418" outside="0" occluded="0" keyframe="0" points="448.36,622.40" z_order="0">
    </points>
    <points frame="419" outside="0" occluded="0" keyframe="0" points="449.99,622.15" z_order="0">
    </points>
    <points frame="420" outside="0" occluded="0" keyframe="0" points="451.62,621.90" z_order="0">
    </points>
    <points frame="421" outside="0" occluded="0" keyframe="0" points="453.25,621.65" z_order="0">
    </points>
    <points frame="422" outside="0" occluded="0" keyframe="0" points="454.88,621.40" z_order="0">
    </points>
    <points frame="423" outside="0" occluded="0" keyframe="0" points="456.51,621.15" z_order="0">
    </points>
    <points frame="424" outside="0" occluded="0" keyframe="0" points="458.14,620.90" z_order="0">
    </points>
    <points frame="425" outside="0" occluded="0" keyframe="0" points="459.77,620.65" z_order="0">
    </points>
    <points frame="426" outside="0" occluded="0" keyframe="1" points="461.40,620.40" z_order="0">
    </points>
    <points frame="427" outside="0" occluded="0" keyframe="0" points="460.65,619.90" z_order="0">
    </points>
    <points frame="428" outside="0" occluded="0" keyframe="0" points="459.90,619.40" z_order="0">
    </points>
    <points frame="429" outside="0" occluded="0" keyframe="0" points="459.15,618.90" z_order="0">
    </points>
    <points frame="430" outside="0" occluded="0" keyframe="0" points="458.40,618.40" z_order="0">
    </points>
    <points frame="431" outside="0" occluded="0" keyframe="0" points="457.65,617.90" z_order="0">
    </points>
    <points frame="432" outside="0" occluded="0" keyframe="0" points="456.90,617.40" z_order="0">
    </points>
    <points frame="433" outside="0" occluded="0" keyframe="0" points="456.15,616.90" z_order="0">
    </points>
    <points frame="434" outside="0" occluded="0" keyframe="0" points="455.40,616.40" z_order="0">
    </points>
    <points frame="435" outside="0" occluded="0" keyframe="0" points="454.65,615.90" z_order="0">
    </points>
    <points frame="436" outside="0" occluded="0" keyframe="1" points="453.90,615.40" z_order="0">
    </points>
    <points frame="437" outside="0" occluded="0" keyframe="0" points="454.78,615.15" z_order="0">
    </points>
    <points frame="438" outside="0" occluded="0" keyframe="0" points="455.66,614.90" z_order="0">
    </points>
    <points frame="439" outside="0" occluded="0" keyframe="0" points="456.54,614.65" z_order="0">
    </points>
    <points frame="440" outside="0" occluded="0" keyframe="0" points="457.42,614.40" z_order="0">
    </points>
    <points frame="441" outside="0" occluded="0" keyframe="0" points="458.30,614.15" z_order="0">
    </points>
    <points frame="442" outside="0" occluded="0" keyframe="0" points="459.18,613.90" z_order="0">
    </points>
    <points frame="443" outside="0" occluded="0" keyframe="0" points="460.06,613.65" z_order="0">
    </points>
    <points frame="444" outside="0" occluded="0" keyframe="0" points="460.94,613.40" z_order="0">
    </points>
    <points frame="445" outside="0" occluded="0" keyframe="0" points="461.82,613.15" z_order="0">
    </points>
    <points frame="446" outside="0" occluded="0" keyframe="1" points="462.70,612.90" z_order="0">
    </points>
    <points frame="447" outside="0" occluded="0" keyframe="0" points="461.95,612.90" z_order="0">
    </points>
    <points frame="448" outside="0" occluded="0" keyframe="0" points="461.20,612.90" z_order="0">
    </points>
    <points frame="449" outside="0" occluded="0" keyframe="0" points="460.45,612.90" z_order="0">
    </points>
    <points frame="450" outside="0" occluded="0" keyframe="0" points="459.70,612.90" z_order="0">
    </points>
    <points frame="451" outside="0" occluded="0" keyframe="0" points="458.95,612.90" z_order="0">
    </points>
    <points frame="452" outside="0" occluded="0" keyframe="0" points="458.20,612.90" z_order="0">
    </points>
    <points frame="453" outside="0" occluded="0" keyframe="0" points="457.45,612.90" z_order="0">
    </points>
    <points frame="454" outside="0" occluded="0" keyframe="0" points="456.70,612.90" z_order="0">
    </points>
    <points frame="455" outside="0" occluded="0" keyframe="0" points="455.95,612.90" z_order="0">
    </points>
    <points frame="456" outside="0" occluded="0" keyframe="1" points="455.20,612.90" z_order="0">
    </points>
    <points frame="457" outside="0" occluded="0" keyframe="0" points="454.95,612.90" z_order="0">
    </points>
    <points frame="458" outside="0" occluded="0" keyframe="0" points="454.70,612.90" z_order="0">
    </points>
    <points frame="459" outside="0" occluded="0" keyframe="0" points="454.45,612.90" z_order="0">
    </points>
    <points frame="460" outside="0" occluded="0" keyframe="0" points="454.20,612.90" z_order="0">
    </points>
    <points frame="461" outside="0" occluded="0" keyframe="0" points="453.95,612.90" z_order="0">
    </points>
    <points frame="462" outside="0" occluded="0" keyframe="0" points="453.70,612.90" z_order="0">
    </points>
    <points frame="463" outside="0" occluded="0" keyframe="0" points="453.45,612.90" z_order="0">
    </points>
    <points frame="464" outside="0" occluded="0" keyframe="0" points="453.20,612.90" z_order="0">
    </points>
    <points frame="465" outside="0" occluded="0" keyframe="0" points="452.95,612.90" z_order="0">
    </points>
    <points frame="466" outside="0" occluded="0" keyframe="1" points="452.70,612.90" z_order="0">
    </points>
    <points frame="467" outside="0" occluded="0" keyframe="0" points="452.70,612.90" z_order="0">
    </points>
    <points frame="468" outside="0" occluded="0" keyframe="0" points="452.70,612.90" z_order="0">
    </points>
    <points frame="469" outside="0" occluded="0" keyframe="0" points="452.70,612.90" z_order="0">
    </points>
    <points frame="470" outside="0" occluded="0" keyframe="0" points="452.70,612.90" z_order="0">
    </points>
    <points frame="471" outside="0" occluded="0" keyframe="0" points="452.70,612.90" z_order="0">
    </points>
    <points frame="472" outside="0" occluded="0" keyframe="0" points="452.70,612.90" z_order="0">
    </points>
    <points frame="473" outside="0" occluded="0" keyframe="0" points="452.70,612.90" z_order="0">
    </points>
    <points frame="474" outside="0" occluded="0" keyframe="0" points="452.70,612.90" z_order="0">
    </points>
    <points frame="475" outside="0" occluded="0" keyframe="0" points="452.70,612.90" z_order="0">
    </points>
    <points frame="476" outside="0" occluded="0" keyframe="0" points="452.70,612.90" z_order="0">
    </points>
    <points frame="477" outside="0" occluded="0" keyframe="0" points="452.70,612.90" z_order="0">
    </points>
    <points frame="478" outside="0" occluded="0" keyframe="0" points="452.70,612.90" z_order="0">
    </points>
    <points frame="479" outside="0" occluded="0" keyframe="0" points="452.70,612.90" z_order="0">
    </points>
    <points frame="480" outside="0" occluded="0" keyframe="0" points="452.70,612.90" z_order="0">
    </points>
    <points frame="481" outside="0" occluded="0" keyframe="0" points="452.70,612.90" z_order="0">
    </points>
    <points frame="482" outside="0" occluded="0" keyframe="0" points="452.70,612.90" z_order="0">
    </points>
    <points frame="483" outside="0" occluded="0" keyframe="0" points="452.70,612.90" z_order="0">
    </points>
    <points frame="484" outside="0" occluded="0" keyframe="0" points="452.70,612.90" z_order="0">
    </points>
    <points frame="485" outside="0" occluded="0" keyframe="0" points="452.70,612.90" z_order="0">
    </points>
    <points frame="486" outside="0" occluded="0" keyframe="0" points="452.70,612.90" z_order="0">
    </points>
    <points frame="487" outside="0" occluded="0" keyframe="0" points="452.70,612.90" z_order="0">
    </points>
    <points frame="488" outside="0" occluded="0" keyframe="0" points="452.70,612.90" z_order="0">
    </points>
    <points frame="489" outside="0" occluded="0" keyframe="0" points="452.70,612.90" z_order="0">
    </points>
    <points frame="490" outside="0" occluded="0" keyframe="0" points="452.70,612.90" z_order="0">
    </points>
    <points frame="491" outside="0" occluded="0" keyframe="0" points="452.70,612.90" z_order="0">
    </points>
    <points frame="492" outside="0" occluded="0" keyframe="0" points="452.70,612.90" z_order="0">
    </points>
    <points frame="493" outside="0" occluded="0" keyframe="0" points="452.70,612.90" z_order="0">
    </points>
    <points frame="494" outside="0" occluded="0" keyframe="0" points="452.70,612.90" z_order="0">
    </points>
    <points frame="495" outside="0" occluded="0" keyframe="0" points="452.70,612.90" z_order="0">
    </points>
    <points frame="496" outside="0" occluded="0" keyframe="0" points="452.70,612.90" z_order="0">
    </points>
    <points frame="497" outside="0" occluded="0" keyframe="0" points="452.70,612.90" z_order="0">
    </points>
    <points frame="498" outside="0" occluded="0" keyframe="0" points="452.70,612.90" z_order="0">
    </points>
    <points frame="499" outside="0" occluded="0" keyframe="0" points="452.70,612.90" z_order="0">
    </points>
    <points frame="500" outside="0" occluded="0" keyframe="0" points="452.70,612.90" z_order="0">
    </points>
    <points frame="501" outside="0" occluded="0" keyframe="0" points="452.70,612.90" z_order="0">
    </points>
    <points frame="502" outside="0" occluded="0" keyframe="0" points="452.70,612.90" z_order="0">
    </points>
    <points frame="503" outside="0" occluded="0" keyframe="0" points="452.70,612.90" z_order="0">
    </points>
    <points frame="504" outside="0" occluded="0" keyframe="0" points="452.70,612.90" z_order="0">
    </points>
    <points frame="505" outside="0" occluded="0" keyframe="0" points="452.70,612.90" z_order="0">
    </points>
    <points frame="506" outside="0" occluded="0" keyframe="0" points="452.70,612.90" z_order="0">
    </points>
    <points frame="507" outside="0" occluded="0" keyframe="0" points="452.70,612.90" z_order="0">
    </points>
    <points frame="508" outside="0" occluded="0" keyframe="0" points="452.70,612.90" z_order="0">
    </points>
    <points frame="509" outside="0" occluded="0" keyframe="0" points="452.70,612.90" z_order="0">
    </points>
    <points frame="510" outside="0" occluded="0" keyframe="0" points="452.70,612.90" z_order="0">
    </points>
    <points frame="511" outside="0" occluded="0" keyframe="0" points="452.70,612.90" z_order="0">
    </points>
    <points frame="512" outside="0" occluded="0" keyframe="0" points="452.70,612.90" z_order="0">
    </points>
    <points frame="513" outside="0" occluded="0" keyframe="0" points="452.70,612.90" z_order="0">
    </points>
    <points frame="514" outside="0" occluded="0" keyframe="0" points="452.70,612.90" z_order="0">
    </points>
    <points frame="515" outside="0" occluded="0" keyframe="0" points="452.70,612.90" z_order="0">
    </points>
    <points frame="516" outside="0" occluded="0" keyframe="0" points="452.70,612.90" z_order="0">
    </points>
    <points frame="517" outside="0" occluded="0" keyframe="0" points="452.70,612.90" z_order="0">
    </points>
  </track>
</annotations>
