<?xml version="1.0" encoding="utf-8"?>
<annotations>
  <version>1.1</version>
  <meta>
    <task>
      <id>170</id>
      <name>D02_Dry-4.avi</name>
      <size>287</size>
      <mode>interpolation</mode>
      <overlap>5</overlap>
      <bugtracker></bugtracker>
      <created>2021-11-20 09:37:41.306651+00:00</created>
      <updated>2021-11-20 17:50:52.122765+00:00</updated>
      <subset>default</subset>
      <start_frame>0</start_frame>
      <stop_frame>286</stop_frame>
      <frame_filter></frame_filter>
      <segments>
        <segment>
          <id>169</id>
          <start>0</start>
          <stop>286</stop>
          <url>http://localhost:8080/?id=169</url>
        </segment>
      </segments>
      <owner>
        <username>hubertachan</username>
        <email>hubertachan@gmail.com</email>
      </owner>
      <assignee></assignee>
      <labels>
        <label>
          <name>HB</name>
          <color>#3b0c73</color>
          <attributes>
          </attributes>
        </label>
        <label>
          <name>M</name>
          <color>#ff355e</color>
          <attributes>
          </attributes>
        </label>
      </labels>
      <original_size>
        <width>1068</width>
        <height>800</height>
      </original_size>
    </task>
    <dumped>2021-11-20 17:50:55.956766+00:00</dumped>
    <source>D02_Dry-4.avi</source>
  </meta>
  <track id="0" label="HB" source="manual">
    <points frame="50" outside="0" occluded="0" keyframe="1" points="690.86,564.95" z_order="0">
    </points>
    <points frame="51" outside="0" occluded="0" keyframe="0" points="688.93,563.34" z_order="0">
    </points>
    <points frame="52" outside="0" occluded="0" keyframe="0" points="687.01,561.72" z_order="0">
    </points>
    <points frame="53" outside="0" occluded="0" keyframe="0" points="685.08,560.10" z_order="0">
    </points>
    <points frame="54" outside="0" occluded="0" keyframe="0" points="683.15,558.48" z_order="0">
    </points>
    <points frame="55" outside="0" occluded="0" keyframe="0" points="681.22,556.87" z_order="0">
    </points>
    <points frame="56" outside="0" occluded="0" keyframe="0" points="679.29,555.25" z_order="0">
    </points>
    <points frame="57" outside="0" occluded="0" keyframe="0" points="677.36,553.63" z_order="0">
    </points>
    <points frame="58" outside="0" occluded="0" keyframe="0" points="675.44,552.01" z_order="0">
    </points>
    <points frame="59" outside="0" occluded="0" keyframe="0" points="673.51,550.39" z_order="0">
    </points>
    <points frame="60" outside="0" occluded="0" keyframe="0" points="671.58,548.78" z_order="0">
    </points>
    <points frame="61" outside="0" occluded="0" keyframe="0" points="669.65,547.16" z_order="0">
    </points>
    <points frame="62" outside="0" occluded="0" keyframe="0" points="667.72,545.54" z_order="0">
    </points>
    <points frame="63" outside="0" occluded="0" keyframe="0" points="665.80,543.92" z_order="0">
    </points>
    <points frame="64" outside="0" occluded="0" keyframe="0" points="663.87,542.31" z_order="0">
    </points>
    <points frame="65" outside="0" occluded="0" keyframe="0" points="661.94,540.69" z_order="0">
    </points>
    <points frame="66" outside="0" occluded="0" keyframe="0" points="660.01,539.07" z_order="0">
    </points>
    <points frame="67" outside="0" occluded="0" keyframe="0" points="658.08,537.45" z_order="0">
    </points>
    <points frame="68" outside="0" occluded="0" keyframe="0" points="656.16,535.84" z_order="0">
    </points>
    <points frame="69" outside="0" occluded="0" keyframe="0" points="654.23,534.22" z_order="0">
    </points>
    <points frame="70" outside="0" occluded="0" keyframe="1" points="652.30,532.60" z_order="0">
    </points>
    <points frame="71" outside="0" occluded="0" keyframe="0" points="664.65,543.35" z_order="0">
    </points>
    <points frame="72" outside="0" occluded="0" keyframe="0" points="677.00,554.10" z_order="0">
    </points>
    <points frame="73" outside="0" occluded="0" keyframe="0" points="689.35,564.85" z_order="0">
    </points>
    <points frame="74" outside="0" occluded="0" keyframe="1" points="701.70,575.60" z_order="0">
    </points>
    <points frame="75" outside="0" occluded="0" keyframe="0" points="700.72,574.03" z_order="0">
    </points>
    <points frame="76" outside="0" occluded="0" keyframe="0" points="699.73,572.47" z_order="0">
    </points>
    <points frame="77" outside="0" occluded="0" keyframe="0" points="698.75,570.90" z_order="0">
    </points>
    <points frame="78" outside="0" occluded="0" keyframe="0" points="697.77,569.33" z_order="0">
    </points>
    <points frame="79" outside="0" occluded="0" keyframe="0" points="696.78,567.77" z_order="0">
    </points>
    <points frame="80" outside="0" occluded="0" keyframe="1" points="695.80,566.20" z_order="0">
    </points>
    <points frame="81" outside="0" occluded="0" keyframe="0" points="696.04,567.06" z_order="0">
    </points>
    <points frame="82" outside="0" occluded="0" keyframe="0" points="696.28,567.92" z_order="0">
    </points>
    <points frame="83" outside="0" occluded="0" keyframe="0" points="696.52,568.78" z_order="0">
    </points>
    <points frame="84" outside="0" occluded="0" keyframe="0" points="696.76,569.64" z_order="0">
    </points>
    <points frame="85" outside="0" occluded="0" keyframe="1" points="697.00,570.50" z_order="0">
    </points>
    <points frame="86" outside="0" occluded="0" keyframe="1" points="680.50,566.90" z_order="0">
    </points>
    <points frame="87" outside="0" occluded="0" keyframe="1" points="662.20,556.60" z_order="0">
    </points>
    <points frame="88" outside="0" occluded="0" keyframe="0" points="650.85,543.40" z_order="0">
    </points>
    <points frame="89" outside="0" occluded="0" keyframe="1" points="639.50,530.20" z_order="0">
    </points>
    <points frame="90" outside="0" occluded="0" keyframe="1" points="634.30,531.80" z_order="0">
    </points>
    <points frame="91" outside="0" occluded="0" keyframe="0" points="625.20,523.70" z_order="0">
    </points>
    <points frame="92" outside="0" occluded="0" keyframe="1" points="616.10,515.60" z_order="0">
    </points>
    <points frame="93" outside="0" occluded="0" keyframe="0" points="620.17,517.07" z_order="0">
    </points>
    <points frame="94" outside="0" occluded="0" keyframe="0" points="624.23,518.53" z_order="0">
    </points>
    <points frame="95" outside="0" occluded="0" keyframe="0" points="628.30,520.00" z_order="0">
    </points>
    <points frame="96" outside="0" occluded="0" keyframe="0" points="632.37,521.47" z_order="0">
    </points>
    <points frame="97" outside="0" occluded="0" keyframe="0" points="636.43,522.93" z_order="0">
    </points>
    <points frame="98" outside="0" occluded="0" keyframe="1" points="640.50,524.40" z_order="0">
    </points>
    <points frame="99" outside="0" occluded="0" keyframe="0" points="640.45,518.25" z_order="0">
    </points>
    <points frame="100" outside="0" occluded="0" keyframe="1" points="640.40,512.10" z_order="0">
    </points>
    <points frame="101" outside="0" occluded="0" keyframe="0" points="641.26,514.69" z_order="0">
    </points>
    <points frame="102" outside="0" occluded="0" keyframe="0" points="642.12,517.28" z_order="0">
    </points>
    <points frame="103" outside="0" occluded="0" keyframe="0" points="642.98,519.87" z_order="0">
    </points>
    <points frame="104" outside="0" occluded="0" keyframe="0" points="643.84,522.46" z_order="0">
    </points>
    <points frame="105" outside="0" occluded="0" keyframe="0" points="644.70,525.05" z_order="0">
    </points>
    <points frame="106" outside="0" occluded="0" keyframe="0" points="645.56,527.64" z_order="0">
    </points>
    <points frame="107" outside="0" occluded="0" keyframe="0" points="646.42,530.23" z_order="0">
    </points>
    <points frame="108" outside="0" occluded="0" keyframe="0" points="647.28,532.82" z_order="0">
    </points>
    <points frame="109" outside="0" occluded="0" keyframe="0" points="648.14,535.41" z_order="0">
    </points>
    <points frame="110" outside="0" occluded="0" keyframe="1" points="649.00,538.00" z_order="0">
    </points>
    <points frame="111" outside="0" occluded="0" keyframe="0" points="643.60,533.30" z_order="0">
    </points>
    <points frame="112" outside="0" occluded="0" keyframe="1" points="638.20,528.60" z_order="0">
    </points>
    <points frame="113" outside="0" occluded="0" keyframe="0" points="637.40,528.54" z_order="0">
    </points>
    <points frame="114" outside="0" occluded="0" keyframe="0" points="636.60,528.48" z_order="0">
    </points>
    <points frame="115" outside="0" occluded="0" keyframe="0" points="635.80,528.41" z_order="0">
    </points>
    <points frame="116" outside="0" occluded="0" keyframe="0" points="635.00,528.35" z_order="0">
    </points>
    <points frame="117" outside="0" occluded="0" keyframe="0" points="634.20,528.29" z_order="0">
    </points>
    <points frame="118" outside="0" occluded="0" keyframe="0" points="633.40,528.23" z_order="0">
    </points>
    <points frame="119" outside="0" occluded="0" keyframe="0" points="632.60,528.16" z_order="0">
    </points>
    <points frame="120" outside="0" occluded="0" keyframe="1" points="631.80,528.10" z_order="0">
    </points>
    <points frame="121" outside="0" occluded="0" keyframe="0" points="633.17,527.92" z_order="0">
    </points>
    <points frame="122" outside="0" occluded="0" keyframe="0" points="634.53,527.74" z_order="0">
    </points>
    <points frame="123" outside="0" occluded="0" keyframe="0" points="635.90,527.56" z_order="0">
    </points>
    <points frame="124" outside="0" occluded="0" keyframe="0" points="637.27,527.38" z_order="0">
    </points>
    <points frame="125" outside="0" occluded="0" keyframe="0" points="638.63,527.20" z_order="0">
    </points>
    <points frame="126" outside="0" occluded="0" keyframe="0" points="640.00,527.02" z_order="0">
    </points>
    <points frame="127" outside="0" occluded="0" keyframe="0" points="641.37,526.84" z_order="0">
    </points>
    <points frame="128" outside="0" occluded="0" keyframe="0" points="642.73,526.66" z_order="0">
    </points>
    <points frame="129" outside="0" occluded="0" keyframe="0" points="644.10,526.48" z_order="0">
    </points>
    <points frame="130" outside="0" occluded="0" keyframe="0" points="645.47,526.30" z_order="0">
    </points>
    <points frame="131" outside="0" occluded="0" keyframe="0" points="646.83,526.12" z_order="0">
    </points>
    <points frame="132" outside="0" occluded="0" keyframe="0" points="648.20,525.94" z_order="0">
    </points>
    <points frame="133" outside="0" occluded="0" keyframe="0" points="649.57,525.76" z_order="0">
    </points>
    <points frame="134" outside="0" occluded="0" keyframe="0" points="650.93,525.58" z_order="0">
    </points>
    <points frame="135" outside="0" occluded="0" keyframe="1" points="652.30,525.40" z_order="0">
    </points>
    <points frame="136" outside="0" occluded="0" keyframe="0" points="651.87,525.22" z_order="0">
    </points>
    <points frame="137" outside="0" occluded="0" keyframe="0" points="651.43,525.04" z_order="0">
    </points>
    <points frame="138" outside="0" occluded="0" keyframe="0" points="651.00,524.86" z_order="0">
    </points>
    <points frame="139" outside="0" occluded="0" keyframe="0" points="650.57,524.68" z_order="0">
    </points>
    <points frame="140" outside="0" occluded="0" keyframe="0" points="650.13,524.50" z_order="0">
    </points>
    <points frame="141" outside="0" occluded="0" keyframe="0" points="649.70,524.32" z_order="0">
    </points>
    <points frame="142" outside="0" occluded="0" keyframe="0" points="649.27,524.14" z_order="0">
    </points>
    <points frame="143" outside="0" occluded="0" keyframe="0" points="648.83,523.96" z_order="0">
    </points>
    <points frame="144" outside="0" occluded="0" keyframe="0" points="648.40,523.78" z_order="0">
    </points>
    <points frame="145" outside="0" occluded="0" keyframe="0" points="647.97,523.60" z_order="0">
    </points>
    <points frame="146" outside="0" occluded="0" keyframe="0" points="647.53,523.42" z_order="0">
    </points>
    <points frame="147" outside="0" occluded="0" keyframe="0" points="647.10,523.24" z_order="0">
    </points>
    <points frame="148" outside="0" occluded="0" keyframe="0" points="646.67,523.06" z_order="0">
    </points>
    <points frame="149" outside="0" occluded="0" keyframe="0" points="646.23,522.88" z_order="0">
    </points>
    <points frame="150" outside="0" occluded="0" keyframe="1" points="645.80,522.70" z_order="0">
    </points>
    <points frame="151" outside="0" occluded="0" keyframe="0" points="645.12,522.52" z_order="0">
    </points>
    <points frame="152" outside="0" occluded="0" keyframe="0" points="644.43,522.34" z_order="0">
    </points>
    <points frame="153" outside="0" occluded="0" keyframe="0" points="643.75,522.16" z_order="0">
    </points>
    <points frame="154" outside="0" occluded="0" keyframe="0" points="643.07,521.98" z_order="0">
    </points>
    <points frame="155" outside="0" occluded="0" keyframe="0" points="642.38,521.80" z_order="0">
    </points>
    <points frame="156" outside="0" occluded="0" keyframe="0" points="641.70,521.62" z_order="0">
    </points>
    <points frame="157" outside="0" occluded="0" keyframe="0" points="641.02,521.44" z_order="0">
    </points>
    <points frame="158" outside="0" occluded="0" keyframe="0" points="640.33,521.26" z_order="0">
    </points>
    <points frame="159" outside="0" occluded="0" keyframe="0" points="639.65,521.08" z_order="0">
    </points>
    <points frame="160" outside="0" occluded="0" keyframe="0" points="638.97,520.90" z_order="0">
    </points>
    <points frame="161" outside="0" occluded="0" keyframe="0" points="638.28,520.72" z_order="0">
    </points>
    <points frame="162" outside="0" occluded="0" keyframe="0" points="637.60,520.54" z_order="0">
    </points>
    <points frame="163" outside="0" occluded="0" keyframe="0" points="636.92,520.36" z_order="0">
    </points>
    <points frame="164" outside="0" occluded="0" keyframe="0" points="636.23,520.18" z_order="0">
    </points>
    <points frame="165" outside="0" occluded="0" keyframe="0" points="635.55,520.00" z_order="0">
    </points>
    <points frame="166" outside="0" occluded="0" keyframe="0" points="634.87,519.82" z_order="0">
    </points>
    <points frame="167" outside="0" occluded="0" keyframe="0" points="634.18,519.64" z_order="0">
    </points>
    <points frame="168" outside="0" occluded="0" keyframe="0" points="633.50,519.46" z_order="0">
    </points>
    <points frame="169" outside="0" occluded="0" keyframe="0" points="632.82,519.28" z_order="0">
    </points>
    <points frame="170" outside="0" occluded="0" keyframe="0" points="632.13,519.10" z_order="0">
    </points>
    <points frame="171" outside="0" occluded="0" keyframe="0" points="631.45,518.92" z_order="0">
    </points>
    <points frame="172" outside="0" occluded="0" keyframe="0" points="630.77,518.74" z_order="0">
    </points>
    <points frame="173" outside="0" occluded="0" keyframe="0" points="630.08,518.56" z_order="0">
    </points>
    <points frame="174" outside="0" occluded="0" keyframe="0" points="629.40,518.38" z_order="0">
    </points>
    <points frame="175" outside="0" occluded="0" keyframe="0" points="628.72,518.20" z_order="0">
    </points>
    <points frame="176" outside="0" occluded="0" keyframe="0" points="628.03,518.02" z_order="0">
    </points>
    <points frame="177" outside="0" occluded="0" keyframe="0" points="627.35,517.84" z_order="0">
    </points>
    <points frame="178" outside="0" occluded="0" keyframe="0" points="626.67,517.66" z_order="0">
    </points>
    <points frame="179" outside="0" occluded="0" keyframe="0" points="625.98,517.48" z_order="0">
    </points>
    <points frame="180" outside="0" occluded="0" keyframe="1" points="625.30,517.30" z_order="0">
    </points>
    <points frame="181" outside="0" occluded="0" keyframe="0" points="630.51,520.71" z_order="0">
    </points>
    <points frame="182" outside="0" occluded="0" keyframe="0" points="635.72,524.12" z_order="0">
    </points>
    <points frame="183" outside="0" occluded="0" keyframe="0" points="640.93,527.53" z_order="0">
    </points>
    <points frame="184" outside="0" occluded="0" keyframe="0" points="646.14,530.94" z_order="0">
    </points>
    <points frame="185" outside="0" occluded="0" keyframe="0" points="651.35,534.35" z_order="0">
    </points>
    <points frame="186" outside="0" occluded="0" keyframe="0" points="656.56,537.76" z_order="0">
    </points>
    <points frame="187" outside="0" occluded="0" keyframe="0" points="661.77,541.17" z_order="0">
    </points>
    <points frame="188" outside="0" occluded="0" keyframe="0" points="666.98,544.58" z_order="0">
    </points>
    <points frame="189" outside="0" occluded="0" keyframe="0" points="672.19,547.99" z_order="0">
    </points>
    <points frame="190" outside="0" occluded="0" keyframe="1" points="677.40,551.40" z_order="0">
    </points>
    <points frame="191" outside="0" occluded="0" keyframe="0" points="674.69,552.14" z_order="0">
    </points>
    <points frame="192" outside="0" occluded="0" keyframe="0" points="671.98,552.88" z_order="0">
    </points>
    <points frame="193" outside="0" occluded="0" keyframe="0" points="669.27,553.62" z_order="0">
    </points>
    <points frame="194" outside="0" occluded="0" keyframe="0" points="666.56,554.36" z_order="0">
    </points>
    <points frame="195" outside="0" occluded="0" keyframe="0" points="663.85,555.10" z_order="0">
    </points>
    <points frame="196" outside="0" occluded="0" keyframe="0" points="661.14,555.84" z_order="0">
    </points>
    <points frame="197" outside="0" occluded="0" keyframe="0" points="658.43,556.58" z_order="0">
    </points>
    <points frame="198" outside="0" occluded="0" keyframe="0" points="655.72,557.32" z_order="0">
    </points>
    <points frame="199" outside="0" occluded="0" keyframe="0" points="653.01,558.06" z_order="0">
    </points>
    <points frame="200" outside="0" occluded="0" keyframe="1" points="650.30,558.80" z_order="0">
    </points>
    <points frame="201" outside="0" occluded="0" keyframe="0" points="651.65,558.80" z_order="0">
    </points>
    <points frame="202" outside="0" occluded="0" keyframe="0" points="653.00,558.80" z_order="0">
    </points>
    <points frame="203" outside="0" occluded="0" keyframe="0" points="654.35,558.80" z_order="0">
    </points>
    <points frame="204" outside="0" occluded="0" keyframe="0" points="655.70,558.80" z_order="0">
    </points>
    <points frame="205" outside="0" occluded="0" keyframe="0" points="657.05,558.80" z_order="0">
    </points>
    <points frame="206" outside="0" occluded="0" keyframe="0" points="658.40,558.80" z_order="0">
    </points>
    <points frame="207" outside="0" occluded="0" keyframe="0" points="659.75,558.80" z_order="0">
    </points>
    <points frame="208" outside="0" occluded="0" keyframe="0" points="661.10,558.80" z_order="0">
    </points>
    <points frame="209" outside="0" occluded="0" keyframe="0" points="662.45,558.80" z_order="0">
    </points>
    <points frame="210" outside="0" occluded="0" keyframe="1" points="663.80,558.80" z_order="0">
    </points>
    <points frame="211" outside="0" occluded="0" keyframe="0" points="665.16,559.60" z_order="0">
    </points>
    <points frame="212" outside="0" occluded="0" keyframe="0" points="666.51,560.40" z_order="0">
    </points>
    <points frame="213" outside="0" occluded="0" keyframe="0" points="667.87,561.20" z_order="0">
    </points>
    <points frame="214" outside="0" occluded="0" keyframe="0" points="669.22,562.00" z_order="0">
    </points>
    <points frame="215" outside="0" occluded="0" keyframe="0" points="670.58,562.80" z_order="0">
    </points>
    <points frame="216" outside="0" occluded="0" keyframe="0" points="671.93,563.60" z_order="0">
    </points>
    <points frame="217" outside="0" occluded="0" keyframe="0" points="673.29,564.40" z_order="0">
    </points>
    <points frame="218" outside="0" occluded="0" keyframe="0" points="674.64,565.20" z_order="0">
    </points>
    <points frame="219" outside="0" occluded="0" keyframe="0" points="676.00,566.00" z_order="0">
    </points>
    <points frame="220" outside="0" occluded="0" keyframe="0" points="677.35,566.80" z_order="0">
    </points>
    <points frame="221" outside="0" occluded="0" keyframe="0" points="678.71,567.60" z_order="0">
    </points>
    <points frame="222" outside="0" occluded="0" keyframe="0" points="680.06,568.40" z_order="0">
    </points>
    <points frame="223" outside="0" occluded="0" keyframe="0" points="681.42,569.20" z_order="0">
    </points>
    <points frame="224" outside="0" occluded="0" keyframe="0" points="682.77,570.00" z_order="0">
    </points>
    <points frame="225" outside="0" occluded="0" keyframe="0" points="684.13,570.80" z_order="0">
    </points>
    <points frame="226" outside="0" occluded="0" keyframe="0" points="685.48,571.60" z_order="0">
    </points>
    <points frame="227" outside="0" occluded="0" keyframe="0" points="686.84,572.40" z_order="0">
    </points>
    <points frame="228" outside="0" occluded="0" keyframe="0" points="688.19,573.20" z_order="0">
    </points>
    <points frame="229" outside="0" occluded="0" keyframe="0" points="689.55,574.00" z_order="0">
    </points>
    <points frame="230" outside="0" occluded="0" keyframe="1" points="690.90,574.80" z_order="0">
    </points>
    <points frame="231" outside="0" occluded="0" keyframe="0" points="687.58,572.95" z_order="0">
    </points>
    <points frame="232" outside="0" occluded="0" keyframe="0" points="684.26,571.10" z_order="0">
    </points>
    <points frame="233" outside="0" occluded="0" keyframe="0" points="680.94,569.25" z_order="0">
    </points>
    <points frame="234" outside="0" occluded="0" keyframe="0" points="677.62,567.40" z_order="0">
    </points>
    <points frame="235" outside="0" occluded="0" keyframe="0" points="674.30,565.55" z_order="0">
    </points>
    <points frame="236" outside="0" occluded="0" keyframe="0" points="670.98,563.70" z_order="0">
    </points>
    <points frame="237" outside="0" occluded="0" keyframe="0" points="667.66,561.85" z_order="0">
    </points>
    <points frame="238" outside="0" occluded="0" keyframe="0" points="664.34,560.00" z_order="0">
    </points>
    <points frame="239" outside="0" occluded="0" keyframe="0" points="661.02,558.15" z_order="0">
    </points>
    <points frame="240" outside="0" occluded="0" keyframe="1" points="657.70,556.30" z_order="0">
    </points>
    <points frame="241" outside="0" occluded="0" keyframe="0" points="659.42,556.92" z_order="0">
    </points>
    <points frame="242" outside="0" occluded="0" keyframe="0" points="661.14,557.54" z_order="0">
    </points>
    <points frame="243" outside="0" occluded="0" keyframe="0" points="662.86,558.16" z_order="0">
    </points>
    <points frame="244" outside="0" occluded="0" keyframe="0" points="664.58,558.78" z_order="0">
    </points>
    <points frame="245" outside="0" occluded="0" keyframe="0" points="666.30,559.40" z_order="0">
    </points>
    <points frame="246" outside="0" occluded="0" keyframe="0" points="668.02,560.02" z_order="0">
    </points>
    <points frame="247" outside="0" occluded="0" keyframe="0" points="669.74,560.64" z_order="0">
    </points>
    <points frame="248" outside="0" occluded="0" keyframe="0" points="671.46,561.26" z_order="0">
    </points>
    <points frame="249" outside="0" occluded="0" keyframe="0" points="673.18,561.88" z_order="0">
    </points>
    <points frame="250" outside="0" occluded="0" keyframe="1" points="674.90,562.50" z_order="0">
    </points>
    <points frame="251" outside="0" occluded="0" keyframe="0" points="674.90,562.50" z_order="0">
    </points>
    <points frame="252" outside="0" occluded="0" keyframe="0" points="674.90,562.50" z_order="0">
    </points>
    <points frame="253" outside="0" occluded="0" keyframe="0" points="674.90,562.50" z_order="0">
    </points>
    <points frame="254" outside="0" occluded="0" keyframe="0" points="674.90,562.50" z_order="0">
    </points>
    <points frame="255" outside="0" occluded="0" keyframe="0" points="674.90,562.50" z_order="0">
    </points>
    <points frame="256" outside="0" occluded="0" keyframe="0" points="674.90,562.50" z_order="0">
    </points>
    <points frame="257" outside="0" occluded="0" keyframe="0" points="674.90,562.50" z_order="0">
    </points>
    <points frame="258" outside="0" occluded="0" keyframe="0" points="674.90,562.50" z_order="0">
    </points>
    <points frame="259" outside="0" occluded="0" keyframe="0" points="674.90,562.50" z_order="0">
    </points>
    <points frame="260" outside="0" occluded="0" keyframe="0" points="674.90,562.50" z_order="0">
    </points>
    <points frame="261" outside="0" occluded="0" keyframe="0" points="674.90,562.50" z_order="0">
    </points>
    <points frame="262" outside="0" occluded="0" keyframe="0" points="674.90,562.50" z_order="0">
    </points>
    <points frame="263" outside="0" occluded="0" keyframe="0" points="674.90,562.50" z_order="0">
    </points>
    <points frame="264" outside="0" occluded="0" keyframe="0" points="674.90,562.50" z_order="0">
    </points>
    <points frame="265" outside="0" occluded="0" keyframe="0" points="674.90,562.50" z_order="0">
    </points>
    <points frame="266" outside="0" occluded="0" keyframe="0" points="674.90,562.50" z_order="0">
    </points>
    <points frame="267" outside="0" occluded="0" keyframe="0" points="674.90,562.50" z_order="0">
    </points>
    <points frame="268" outside="0" occluded="0" keyframe="0" points="674.90,562.50" z_order="0">
    </points>
    <points frame="269" outside="0" occluded="0" keyframe="0" points="674.90,562.50" z_order="0">
    </points>
    <points frame="270" outside="0" occluded="0" keyframe="0" points="674.90,562.50" z_order="0">
    </points>
    <points frame="271" outside="0" occluded="0" keyframe="0" points="674.90,562.50" z_order="0">
    </points>
    <points frame="272" outside="0" occluded="0" keyframe="0" points="674.90,562.50" z_order="0">
    </points>
    <points frame="273" outside="0" occluded="0" keyframe="0" points="674.90,562.50" z_order="0">
    </points>
    <points frame="274" outside="0" occluded="0" keyframe="0" points="674.90,562.50" z_order="0">
    </points>
    <points frame="275" outside="0" occluded="0" keyframe="0" points="674.90,562.50" z_order="0">
    </points>
    <points frame="276" outside="0" occluded="0" keyframe="0" points="674.90,562.50" z_order="0">
    </points>
    <points frame="277" outside="0" occluded="0" keyframe="0" points="674.90,562.50" z_order="0">
    </points>
    <points frame="278" outside="0" occluded="0" keyframe="0" points="674.90,562.50" z_order="0">
    </points>
    <points frame="279" outside="0" occluded="0" keyframe="0" points="674.90,562.50" z_order="0">
    </points>
    <points frame="280" outside="0" occluded="0" keyframe="0" points="674.90,562.50" z_order="0">
    </points>
    <points frame="281" outside="0" occluded="0" keyframe="0" points="674.90,562.50" z_order="0">
    </points>
    <points frame="282" outside="0" occluded="0" keyframe="0" points="674.90,562.50" z_order="0">
    </points>
    <points frame="283" outside="0" occluded="0" keyframe="0" points="674.90,562.50" z_order="0">
    </points>
    <points frame="284" outside="0" occluded="0" keyframe="0" points="674.90,562.50" z_order="0">
    </points>
    <points frame="285" outside="0" occluded="0" keyframe="0" points="674.90,562.50" z_order="0">
    </points>
    <points frame="286" outside="0" occluded="0" keyframe="0" points="674.90,562.50" z_order="0">
    </points>
  </track>
  <track id="1" label="M" source="manual">
    <points frame="0" outside="0" occluded="0" keyframe="1" points="481.75,635.11" z_order="0">
    </points>
    <points frame="1" outside="0" occluded="0" keyframe="0" points="481.75,634.74" z_order="0">
    </points>
    <points frame="2" outside="0" occluded="0" keyframe="0" points="481.76,634.37" z_order="0">
    </points>
    <points frame="3" outside="0" occluded="0" keyframe="0" points="481.76,634.00" z_order="0">
    </points>
    <points frame="4" outside="0" occluded="0" keyframe="0" points="481.76,633.63" z_order="0">
    </points>
    <points frame="5" outside="0" occluded="0" keyframe="0" points="481.76,633.26" z_order="0">
    </points>
    <points frame="6" outside="0" occluded="0" keyframe="0" points="481.76,632.90" z_order="0">
    </points>
    <points frame="7" outside="0" occluded="0" keyframe="0" points="481.76,632.53" z_order="0">
    </points>
    <points frame="8" outside="0" occluded="0" keyframe="0" points="481.76,632.16" z_order="0">
    </points>
    <points frame="9" outside="0" occluded="0" keyframe="0" points="481.76,631.79" z_order="0">
    </points>
    <points frame="10" outside="0" occluded="0" keyframe="0" points="481.76,631.42" z_order="0">
    </points>
    <points frame="11" outside="0" occluded="0" keyframe="0" points="481.76,631.05" z_order="0">
    </points>
    <points frame="12" outside="0" occluded="0" keyframe="0" points="481.76,630.68" z_order="0">
    </points>
    <points frame="13" outside="0" occluded="0" keyframe="0" points="481.76,630.31" z_order="0">
    </points>
    <points frame="14" outside="0" occluded="0" keyframe="0" points="481.76,629.95" z_order="0">
    </points>
    <points frame="15" outside="0" occluded="0" keyframe="0" points="481.76,629.58" z_order="0">
    </points>
    <points frame="16" outside="0" occluded="0" keyframe="0" points="481.76,629.21" z_order="0">
    </points>
    <points frame="17" outside="0" occluded="0" keyframe="0" points="481.77,628.84" z_order="0">
    </points>
    <points frame="18" outside="0" occluded="0" keyframe="0" points="481.77,628.47" z_order="0">
    </points>
    <points frame="19" outside="0" occluded="0" keyframe="0" points="481.77,628.10" z_order="0">
    </points>
    <points frame="20" outside="0" occluded="0" keyframe="0" points="481.77,627.73" z_order="0">
    </points>
    <points frame="21" outside="0" occluded="0" keyframe="0" points="481.77,627.37" z_order="0">
    </points>
    <points frame="22" outside="0" occluded="0" keyframe="0" points="481.77,627.00" z_order="0">
    </points>
    <points frame="23" outside="0" occluded="0" keyframe="0" points="481.77,626.63" z_order="0">
    </points>
    <points frame="24" outside="0" occluded="0" keyframe="0" points="481.77,626.26" z_order="0">
    </points>
    <points frame="25" outside="0" occluded="0" keyframe="0" points="481.77,625.89" z_order="0">
    </points>
    <points frame="26" outside="0" occluded="0" keyframe="0" points="481.77,625.52" z_order="0">
    </points>
    <points frame="27" outside="0" occluded="0" keyframe="0" points="481.77,625.15" z_order="0">
    </points>
    <points frame="28" outside="0" occluded="0" keyframe="0" points="481.77,624.78" z_order="0">
    </points>
    <points frame="29" outside="0" occluded="0" keyframe="0" points="481.77,624.42" z_order="0">
    </points>
    <points frame="30" outside="0" occluded="0" keyframe="0" points="481.77,624.05" z_order="0">
    </points>
    <points frame="31" outside="0" occluded="0" keyframe="0" points="481.77,623.68" z_order="0">
    </points>
    <points frame="32" outside="0" occluded="0" keyframe="0" points="481.77,623.31" z_order="0">
    </points>
    <points frame="33" outside="0" occluded="0" keyframe="0" points="481.78,622.94" z_order="0">
    </points>
    <points frame="34" outside="0" occluded="0" keyframe="0" points="481.78,622.57" z_order="0">
    </points>
    <points frame="35" outside="0" occluded="0" keyframe="0" points="481.78,622.20" z_order="0">
    </points>
    <points frame="36" outside="0" occluded="0" keyframe="0" points="481.78,621.84" z_order="0">
    </points>
    <points frame="37" outside="0" occluded="0" keyframe="0" points="481.78,621.47" z_order="0">
    </points>
    <points frame="38" outside="0" occluded="0" keyframe="0" points="481.78,621.10" z_order="0">
    </points>
    <points frame="39" outside="0" occluded="0" keyframe="0" points="481.78,620.73" z_order="0">
    </points>
    <points frame="40" outside="0" occluded="0" keyframe="0" points="481.78,620.36" z_order="0">
    </points>
    <points frame="41" outside="0" occluded="0" keyframe="0" points="481.78,619.99" z_order="0">
    </points>
    <points frame="42" outside="0" occluded="0" keyframe="0" points="481.78,619.62" z_order="0">
    </points>
    <points frame="43" outside="0" occluded="0" keyframe="0" points="481.78,619.25" z_order="0">
    </points>
    <points frame="44" outside="0" occluded="0" keyframe="0" points="481.78,618.89" z_order="0">
    </points>
    <points frame="45" outside="0" occluded="0" keyframe="0" points="481.78,618.52" z_order="0">
    </points>
    <points frame="46" outside="0" occluded="0" keyframe="0" points="481.78,618.15" z_order="0">
    </points>
    <points frame="47" outside="0" occluded="0" keyframe="0" points="481.78,617.78" z_order="0">
    </points>
    <points frame="48" outside="0" occluded="0" keyframe="0" points="481.79,617.41" z_order="0">
    </points>
    <points frame="49" outside="0" occluded="0" keyframe="0" points="481.79,617.04" z_order="0">
    </points>
    <points frame="50" outside="0" occluded="0" keyframe="0" points="481.79,616.67" z_order="0">
    </points>
    <points frame="51" outside="0" occluded="0" keyframe="0" points="481.79,616.30" z_order="0">
    </points>
    <points frame="52" outside="0" occluded="0" keyframe="0" points="481.79,615.94" z_order="0">
    </points>
    <points frame="53" outside="0" occluded="0" keyframe="0" points="481.79,615.57" z_order="0">
    </points>
    <points frame="54" outside="0" occluded="0" keyframe="0" points="481.79,615.20" z_order="0">
    </points>
    <points frame="55" outside="0" occluded="0" keyframe="0" points="481.79,614.83" z_order="0">
    </points>
    <points frame="56" outside="0" occluded="0" keyframe="0" points="481.79,614.46" z_order="0">
    </points>
    <points frame="57" outside="0" occluded="0" keyframe="0" points="481.79,614.09" z_order="0">
    </points>
    <points frame="58" outside="0" occluded="0" keyframe="0" points="481.79,613.72" z_order="0">
    </points>
    <points frame="59" outside="0" occluded="0" keyframe="0" points="481.79,613.36" z_order="0">
    </points>
    <points frame="60" outside="0" occluded="0" keyframe="0" points="481.79,612.99" z_order="0">
    </points>
    <points frame="61" outside="0" occluded="0" keyframe="0" points="481.79,612.62" z_order="0">
    </points>
    <points frame="62" outside="0" occluded="0" keyframe="0" points="481.79,612.25" z_order="0">
    </points>
    <points frame="63" outside="0" occluded="0" keyframe="0" points="481.80,611.88" z_order="0">
    </points>
    <points frame="64" outside="0" occluded="0" keyframe="0" points="481.80,611.51" z_order="0">
    </points>
    <points frame="65" outside="0" occluded="0" keyframe="0" points="481.80,611.14" z_order="0">
    </points>
    <points frame="66" outside="0" occluded="0" keyframe="0" points="481.80,610.77" z_order="0">
    </points>
    <points frame="67" outside="0" occluded="0" keyframe="0" points="481.80,610.41" z_order="0">
    </points>
    <points frame="68" outside="0" occluded="0" keyframe="0" points="481.80,610.04" z_order="0">
    </points>
    <points frame="69" outside="0" occluded="0" keyframe="0" points="481.80,609.67" z_order="0">
    </points>
    <points frame="70" outside="0" occluded="0" keyframe="1" points="481.80,609.30" z_order="0">
    </points>
    <points frame="71" outside="0" occluded="0" keyframe="0" points="482.97,608.81" z_order="0">
    </points>
    <points frame="72" outside="0" occluded="0" keyframe="0" points="484.14,608.32" z_order="0">
    </points>
    <points frame="73" outside="0" occluded="0" keyframe="0" points="485.31,607.83" z_order="0">
    </points>
    <points frame="74" outside="0" occluded="0" keyframe="0" points="486.48,607.34" z_order="0">
    </points>
    <points frame="75" outside="0" occluded="0" keyframe="0" points="487.65,606.85" z_order="0">
    </points>
    <points frame="76" outside="0" occluded="0" keyframe="0" points="488.82,606.36" z_order="0">
    </points>
    <points frame="77" outside="0" occluded="0" keyframe="0" points="489.99,605.87" z_order="0">
    </points>
    <points frame="78" outside="0" occluded="0" keyframe="0" points="491.16,605.38" z_order="0">
    </points>
    <points frame="79" outside="0" occluded="0" keyframe="0" points="492.33,604.89" z_order="0">
    </points>
    <points frame="80" outside="0" occluded="0" keyframe="1" points="493.50,604.40" z_order="0">
    </points>
    <points frame="81" outside="0" occluded="0" keyframe="0" points="492.20,607.85" z_order="0">
    </points>
    <points frame="82" outside="0" occluded="0" keyframe="0" points="490.90,611.30" z_order="0">
    </points>
    <points frame="83" outside="0" occluded="0" keyframe="0" points="489.60,614.75" z_order="0">
    </points>
    <points frame="84" outside="0" occluded="0" keyframe="0" points="488.30,618.20" z_order="0">
    </points>
    <points frame="85" outside="0" occluded="0" keyframe="0" points="487.00,621.65" z_order="0">
    </points>
    <points frame="86" outside="0" occluded="0" keyframe="0" points="485.70,625.10" z_order="0">
    </points>
    <points frame="87" outside="0" occluded="0" keyframe="0" points="484.40,628.55" z_order="0">
    </points>
    <points frame="88" outside="0" occluded="0" keyframe="0" points="483.10,632.00" z_order="0">
    </points>
    <points frame="89" outside="0" occluded="0" keyframe="0" points="481.80,635.45" z_order="0">
    </points>
    <points frame="90" outside="0" occluded="0" keyframe="1" points="480.50,638.90" z_order="0">
    </points>
    <points frame="91" outside="0" occluded="0" keyframe="0" points="480.07,640.45" z_order="0">
    </points>
    <points frame="92" outside="0" occluded="0" keyframe="0" points="479.64,642.00" z_order="0">
    </points>
    <points frame="93" outside="0" occluded="0" keyframe="0" points="479.21,643.55" z_order="0">
    </points>
    <points frame="94" outside="0" occluded="0" keyframe="0" points="478.78,645.10" z_order="0">
    </points>
    <points frame="95" outside="0" occluded="0" keyframe="0" points="478.35,646.65" z_order="0">
    </points>
    <points frame="96" outside="0" occluded="0" keyframe="0" points="477.92,648.20" z_order="0">
    </points>
    <points frame="97" outside="0" occluded="0" keyframe="0" points="477.49,649.75" z_order="0">
    </points>
    <points frame="98" outside="0" occluded="0" keyframe="0" points="477.06,651.30" z_order="0">
    </points>
    <points frame="99" outside="0" occluded="0" keyframe="0" points="476.63,652.85" z_order="0">
    </points>
    <points frame="100" outside="0" occluded="0" keyframe="1" points="476.20,654.40" z_order="0">
    </points>
    <points frame="101" outside="0" occluded="0" keyframe="0" points="476.57,653.73" z_order="0">
    </points>
    <points frame="102" outside="0" occluded="0" keyframe="0" points="476.93,653.06" z_order="0">
    </points>
    <points frame="103" outside="0" occluded="0" keyframe="0" points="477.30,652.39" z_order="0">
    </points>
    <points frame="104" outside="0" occluded="0" keyframe="0" points="477.66,651.72" z_order="0">
    </points>
    <points frame="105" outside="0" occluded="0" keyframe="0" points="478.03,651.05" z_order="0">
    </points>
    <points frame="106" outside="0" occluded="0" keyframe="0" points="478.39,650.38" z_order="0">
    </points>
    <points frame="107" outside="0" occluded="0" keyframe="0" points="478.76,649.71" z_order="0">
    </points>
    <points frame="108" outside="0" occluded="0" keyframe="0" points="479.12,649.04" z_order="0">
    </points>
    <points frame="109" outside="0" occluded="0" keyframe="0" points="479.49,648.37" z_order="0">
    </points>
    <points frame="110" outside="0" occluded="0" keyframe="0" points="479.85,647.70" z_order="0">
    </points>
    <points frame="111" outside="0" occluded="0" keyframe="0" points="480.22,647.03" z_order="0">
    </points>
    <points frame="112" outside="0" occluded="0" keyframe="0" points="480.58,646.36" z_order="0">
    </points>
    <points frame="113" outside="0" occluded="0" keyframe="0" points="480.95,645.69" z_order="0">
    </points>
    <points frame="114" outside="0" occluded="0" keyframe="0" points="481.31,645.02" z_order="0">
    </points>
    <points frame="115" outside="0" occluded="0" keyframe="0" points="481.68,644.35" z_order="0">
    </points>
    <points frame="116" outside="0" occluded="0" keyframe="0" points="482.04,643.68" z_order="0">
    </points>
    <points frame="117" outside="0" occluded="0" keyframe="0" points="482.41,643.01" z_order="0">
    </points>
    <points frame="118" outside="0" occluded="0" keyframe="0" points="482.77,642.34" z_order="0">
    </points>
    <points frame="119" outside="0" occluded="0" keyframe="0" points="483.14,641.67" z_order="0">
    </points>
    <points frame="120" outside="0" occluded="0" keyframe="1" points="483.50,641.00" z_order="0">
    </points>
    <points frame="121" outside="0" occluded="0" keyframe="0" points="482.80,640.33" z_order="0">
    </points>
    <points frame="122" outside="0" occluded="0" keyframe="0" points="482.09,639.66" z_order="0">
    </points>
    <points frame="123" outside="0" occluded="0" keyframe="0" points="481.39,638.99" z_order="0">
    </points>
    <points frame="124" outside="0" occluded="0" keyframe="0" points="480.68,638.31" z_order="0">
    </points>
    <points frame="125" outside="0" occluded="0" keyframe="0" points="479.98,637.64" z_order="0">
    </points>
    <points frame="126" outside="0" occluded="0" keyframe="0" points="479.27,636.97" z_order="0">
    </points>
    <points frame="127" outside="0" occluded="0" keyframe="0" points="478.57,636.30" z_order="0">
    </points>
    <points frame="128" outside="0" occluded="0" keyframe="0" points="477.86,635.63" z_order="0">
    </points>
    <points frame="129" outside="0" occluded="0" keyframe="0" points="477.16,634.96" z_order="0">
    </points>
    <points frame="130" outside="0" occluded="0" keyframe="0" points="476.45,634.28" z_order="0">
    </points>
    <points frame="131" outside="0" occluded="0" keyframe="0" points="475.75,633.61" z_order="0">
    </points>
    <points frame="132" outside="0" occluded="0" keyframe="0" points="475.04,632.94" z_order="0">
    </points>
    <points frame="133" outside="0" occluded="0" keyframe="0" points="474.34,632.27" z_order="0">
    </points>
    <points frame="134" outside="0" occluded="0" keyframe="0" points="473.63,631.60" z_order="0">
    </points>
    <points frame="135" outside="0" occluded="0" keyframe="0" points="472.93,630.93" z_order="0">
    </points>
    <points frame="136" outside="0" occluded="0" keyframe="0" points="472.22,630.25" z_order="0">
    </points>
    <points frame="137" outside="0" occluded="0" keyframe="0" points="471.52,629.58" z_order="0">
    </points>
    <points frame="138" outside="0" occluded="0" keyframe="0" points="470.81,628.91" z_order="0">
    </points>
    <points frame="139" outside="0" occluded="0" keyframe="0" points="470.11,628.24" z_order="0">
    </points>
    <points frame="140" outside="0" occluded="0" keyframe="0" points="469.40,627.57" z_order="0">
    </points>
    <points frame="141" outside="0" occluded="0" keyframe="0" points="468.70,626.90" z_order="0">
    </points>
    <points frame="142" outside="0" occluded="0" keyframe="0" points="467.99,626.22" z_order="0">
    </points>
    <points frame="143" outside="0" occluded="0" keyframe="0" points="467.29,625.55" z_order="0">
    </points>
    <points frame="144" outside="0" occluded="0" keyframe="0" points="466.58,624.88" z_order="0">
    </points>
    <points frame="145" outside="0" occluded="0" keyframe="0" points="465.88,624.21" z_order="0">
    </points>
    <points frame="146" outside="0" occluded="0" keyframe="0" points="465.17,623.54" z_order="0">
    </points>
    <points frame="147" outside="0" occluded="0" keyframe="0" points="464.47,622.87" z_order="0">
    </points>
    <points frame="148" outside="0" occluded="0" keyframe="0" points="463.76,622.19" z_order="0">
    </points>
    <points frame="149" outside="0" occluded="0" keyframe="0" points="463.06,621.52" z_order="0">
    </points>
    <points frame="150" outside="0" occluded="0" keyframe="0" points="462.35,620.85" z_order="0">
    </points>
    <points frame="151" outside="0" occluded="0" keyframe="0" points="461.65,620.18" z_order="0">
    </points>
    <points frame="152" outside="0" occluded="0" keyframe="0" points="460.94,619.51" z_order="0">
    </points>
    <points frame="153" outside="0" occluded="0" keyframe="0" points="460.24,618.84" z_order="0">
    </points>
    <points frame="154" outside="0" occluded="0" keyframe="0" points="459.53,618.16" z_order="0">
    </points>
    <points frame="155" outside="0" occluded="0" keyframe="0" points="458.83,617.49" z_order="0">
    </points>
    <points frame="156" outside="0" occluded="0" keyframe="0" points="458.12,616.82" z_order="0">
    </points>
    <points frame="157" outside="0" occluded="0" keyframe="0" points="457.42,616.15" z_order="0">
    </points>
    <points frame="158" outside="0" occluded="0" keyframe="0" points="456.71,615.48" z_order="0">
    </points>
    <points frame="159" outside="0" occluded="0" keyframe="0" points="456.01,614.81" z_order="0">
    </points>
    <points frame="160" outside="0" occluded="0" keyframe="0" points="455.30,614.13" z_order="0">
    </points>
    <points frame="161" outside="0" occluded="0" keyframe="0" points="454.60,613.46" z_order="0">
    </points>
    <points frame="162" outside="0" occluded="0" keyframe="0" points="453.89,612.79" z_order="0">
    </points>
    <points frame="163" outside="0" occluded="0" keyframe="0" points="453.19,612.12" z_order="0">
    </points>
    <points frame="164" outside="0" occluded="0" keyframe="0" points="452.48,611.45" z_order="0">
    </points>
    <points frame="165" outside="0" occluded="0" keyframe="0" points="451.78,610.78" z_order="0">
    </points>
    <points frame="166" outside="0" occluded="0" keyframe="0" points="451.07,610.10" z_order="0">
    </points>
    <points frame="167" outside="0" occluded="0" keyframe="0" points="450.37,609.43" z_order="0">
    </points>
    <points frame="168" outside="0" occluded="0" keyframe="0" points="449.66,608.76" z_order="0">
    </points>
    <points frame="169" outside="0" occluded="0" keyframe="0" points="448.96,608.09" z_order="0">
    </points>
    <points frame="170" outside="0" occluded="0" keyframe="0" points="448.25,607.42" z_order="0">
    </points>
    <points frame="171" outside="0" occluded="0" keyframe="0" points="447.55,606.75" z_order="0">
    </points>
    <points frame="172" outside="0" occluded="0" keyframe="0" points="446.84,606.07" z_order="0">
    </points>
    <points frame="173" outside="0" occluded="0" keyframe="0" points="446.14,605.40" z_order="0">
    </points>
    <points frame="174" outside="0" occluded="0" keyframe="0" points="445.43,604.73" z_order="0">
    </points>
    <points frame="175" outside="0" occluded="0" keyframe="0" points="444.73,604.06" z_order="0">
    </points>
    <points frame="176" outside="0" occluded="0" keyframe="0" points="444.02,603.39" z_order="0">
    </points>
    <points frame="177" outside="0" occluded="0" keyframe="0" points="443.32,602.72" z_order="0">
    </points>
    <points frame="178" outside="0" occluded="0" keyframe="0" points="442.61,602.04" z_order="0">
    </points>
    <points frame="179" outside="0" occluded="0" keyframe="0" points="441.91,601.37" z_order="0">
    </points>
    <points frame="180" outside="0" occluded="0" keyframe="1" points="441.20,600.70" z_order="0">
    </points>
    <points frame="181" outside="0" occluded="0" keyframe="0" points="444.02,601.26" z_order="0">
    </points>
    <points frame="182" outside="0" occluded="0" keyframe="0" points="446.84,601.82" z_order="0">
    </points>
    <points frame="183" outside="0" occluded="0" keyframe="0" points="449.66,602.38" z_order="0">
    </points>
    <points frame="184" outside="0" occluded="0" keyframe="0" points="452.48,602.94" z_order="0">
    </points>
    <points frame="185" outside="0" occluded="0" keyframe="0" points="455.30,603.50" z_order="0">
    </points>
    <points frame="186" outside="0" occluded="0" keyframe="0" points="458.12,604.06" z_order="0">
    </points>
    <points frame="187" outside="0" occluded="0" keyframe="0" points="460.94,604.62" z_order="0">
    </points>
    <points frame="188" outside="0" occluded="0" keyframe="0" points="463.76,605.18" z_order="0">
    </points>
    <points frame="189" outside="0" occluded="0" keyframe="0" points="466.58,605.74" z_order="0">
    </points>
    <points frame="190" outside="0" occluded="0" keyframe="1" points="469.40,606.30" z_order="0">
    </points>
    <points frame="191" outside="0" occluded="0" keyframe="0" points="468.30,608.82" z_order="0">
    </points>
    <points frame="192" outside="0" occluded="0" keyframe="0" points="467.20,611.34" z_order="0">
    </points>
    <points frame="193" outside="0" occluded="0" keyframe="0" points="466.10,613.86" z_order="0">
    </points>
    <points frame="194" outside="0" occluded="0" keyframe="0" points="465.00,616.38" z_order="0">
    </points>
    <points frame="195" outside="0" occluded="0" keyframe="0" points="463.90,618.90" z_order="0">
    </points>
    <points frame="196" outside="0" occluded="0" keyframe="0" points="462.80,621.42" z_order="0">
    </points>
    <points frame="197" outside="0" occluded="0" keyframe="0" points="461.70,623.94" z_order="0">
    </points>
    <points frame="198" outside="0" occluded="0" keyframe="0" points="460.60,626.46" z_order="0">
    </points>
    <points frame="199" outside="0" occluded="0" keyframe="0" points="459.50,628.98" z_order="0">
    </points>
    <points frame="200" outside="0" occluded="0" keyframe="1" points="458.40,631.50" z_order="0">
    </points>
    <points frame="201" outside="0" occluded="0" keyframe="0" points="458.37,631.11" z_order="0">
    </points>
    <points frame="202" outside="0" occluded="0" keyframe="0" points="458.35,630.73" z_order="0">
    </points>
    <points frame="203" outside="0" occluded="0" keyframe="0" points="458.32,630.34" z_order="0">
    </points>
    <points frame="204" outside="0" occluded="0" keyframe="0" points="458.29,629.95" z_order="0">
    </points>
    <points frame="205" outside="0" occluded="0" keyframe="0" points="458.27,629.57" z_order="0">
    </points>
    <points frame="206" outside="0" occluded="0" keyframe="0" points="458.24,629.18" z_order="0">
    </points>
    <points frame="207" outside="0" occluded="0" keyframe="0" points="458.21,628.79" z_order="0">
    </points>
    <points frame="208" outside="0" occluded="0" keyframe="0" points="458.19,628.41" z_order="0">
    </points>
    <points frame="209" outside="0" occluded="0" keyframe="0" points="458.16,628.02" z_order="0">
    </points>
    <points frame="210" outside="0" occluded="0" keyframe="0" points="458.13,627.63" z_order="0">
    </points>
    <points frame="211" outside="0" occluded="0" keyframe="0" points="458.11,627.25" z_order="0">
    </points>
    <points frame="212" outside="0" occluded="0" keyframe="0" points="458.08,626.86" z_order="0">
    </points>
    <points frame="213" outside="0" occluded="0" keyframe="0" points="458.05,626.47" z_order="0">
    </points>
    <points frame="214" outside="0" occluded="0" keyframe="0" points="458.03,626.09" z_order="0">
    </points>
    <points frame="215" outside="0" occluded="0" keyframe="1" points="458.00,625.70" z_order="0">
    </points>
    <points frame="216" outside="0" occluded="0" keyframe="0" points="464.20,622.68" z_order="0">
    </points>
    <points frame="217" outside="0" occluded="0" keyframe="0" points="470.40,619.66" z_order="0">
    </points>
    <points frame="218" outside="0" occluded="0" keyframe="0" points="476.60,616.64" z_order="0">
    </points>
    <points frame="219" outside="0" occluded="0" keyframe="0" points="482.80,613.62" z_order="0">
    </points>
    <points frame="220" outside="0" occluded="0" keyframe="1" points="489.00,610.60" z_order="0">
    </points>
    <points frame="221" outside="0" occluded="0" keyframe="0" points="483.15,614.85" z_order="0">
    </points>
    <points frame="222" outside="0" occluded="0" keyframe="0" points="477.30,619.10" z_order="0">
    </points>
    <points frame="223" outside="0" occluded="0" keyframe="0" points="471.45,623.35" z_order="0">
    </points>
    <points frame="224" outside="0" occluded="0" keyframe="1" points="465.60,627.60" z_order="0">
    </points>
    <points frame="225" outside="0" occluded="0" keyframe="0" points="467.43,625.18" z_order="0">
    </points>
    <points frame="226" outside="0" occluded="0" keyframe="0" points="469.27,622.77" z_order="0">
    </points>
    <points frame="227" outside="0" occluded="0" keyframe="0" points="471.10,620.35" z_order="0">
    </points>
    <points frame="228" outside="0" occluded="0" keyframe="0" points="472.93,617.93" z_order="0">
    </points>
    <points frame="229" outside="0" occluded="0" keyframe="0" points="474.77,615.52" z_order="0">
    </points>
    <points frame="230" outside="0" occluded="0" keyframe="1" points="476.60,613.10" z_order="0">
    </points>
    <points frame="231" outside="0" occluded="0" keyframe="0" points="474.75,614.13" z_order="0">
    </points>
    <points frame="232" outside="0" occluded="0" keyframe="0" points="472.90,615.16" z_order="0">
    </points>
    <points frame="233" outside="0" occluded="0" keyframe="0" points="471.05,616.19" z_order="0">
    </points>
    <points frame="234" outside="0" occluded="0" keyframe="0" points="469.20,617.22" z_order="0">
    </points>
    <points frame="235" outside="0" occluded="0" keyframe="0" points="467.35,618.25" z_order="0">
    </points>
    <points frame="236" outside="0" occluded="0" keyframe="0" points="465.50,619.28" z_order="0">
    </points>
    <points frame="237" outside="0" occluded="0" keyframe="0" points="463.65,620.31" z_order="0">
    </points>
    <points frame="238" outside="0" occluded="0" keyframe="0" points="461.80,621.34" z_order="0">
    </points>
    <points frame="239" outside="0" occluded="0" keyframe="0" points="459.95,622.37" z_order="0">
    </points>
    <points frame="240" outside="0" occluded="0" keyframe="1" points="458.10,623.40" z_order="0">
    </points>
    <points frame="241" outside="0" occluded="0" keyframe="0" points="460.71,622.12" z_order="0">
    </points>
    <points frame="242" outside="0" occluded="0" keyframe="0" points="463.32,620.84" z_order="0">
    </points>
    <points frame="243" outside="0" occluded="0" keyframe="0" points="465.93,619.56" z_order="0">
    </points>
    <points frame="244" outside="0" occluded="0" keyframe="0" points="468.54,618.28" z_order="0">
    </points>
    <points frame="245" outside="0" occluded="0" keyframe="0" points="471.15,617.00" z_order="0">
    </points>
    <points frame="246" outside="0" occluded="0" keyframe="0" points="473.76,615.72" z_order="0">
    </points>
    <points frame="247" outside="0" occluded="0" keyframe="0" points="476.37,614.44" z_order="0">
    </points>
    <points frame="248" outside="0" occluded="0" keyframe="0" points="478.98,613.16" z_order="0">
    </points>
    <points frame="249" outside="0" occluded="0" keyframe="0" points="481.59,611.88" z_order="0">
    </points>
    <points frame="250" outside="0" occluded="0" keyframe="1" points="484.20,610.60" z_order="0">
    </points>
    <points frame="251" outside="0" occluded="0" keyframe="0" points="483.09,610.97" z_order="0">
    </points>
    <points frame="252" outside="0" occluded="0" keyframe="0" points="481.98,611.34" z_order="0">
    </points>
    <points frame="253" outside="0" occluded="0" keyframe="0" points="480.87,611.71" z_order="0">
    </points>
    <points frame="254" outside="0" occluded="0" keyframe="0" points="479.76,612.08" z_order="0">
    </points>
    <points frame="255" outside="0" occluded="0" keyframe="0" points="478.65,612.45" z_order="0">
    </points>
    <points frame="256" outside="0" occluded="0" keyframe="0" points="477.54,612.82" z_order="0">
    </points>
    <points frame="257" outside="0" occluded="0" keyframe="0" points="476.43,613.19" z_order="0">
    </points>
    <points frame="258" outside="0" occluded="0" keyframe="0" points="475.32,613.56" z_order="0">
    </points>
    <points frame="259" outside="0" occluded="0" keyframe="0" points="474.21,613.93" z_order="0">
    </points>
    <points frame="260" outside="0" occluded="0" keyframe="1" points="473.10,614.30" z_order="0">
    </points>
    <points frame="261" outside="0" occluded="0" keyframe="0" points="472.67,614.40" z_order="0">
    </points>
    <points frame="262" outside="0" occluded="0" keyframe="0" points="472.25,614.49" z_order="0">
    </points>
    <points frame="263" outside="0" occluded="0" keyframe="0" points="471.82,614.59" z_order="0">
    </points>
    <points frame="264" outside="0" occluded="0" keyframe="0" points="471.39,614.68" z_order="0">
    </points>
    <points frame="265" outside="0" occluded="0" keyframe="0" points="470.97,614.78" z_order="0">
    </points>
    <points frame="266" outside="0" occluded="0" keyframe="0" points="470.54,614.88" z_order="0">
    </points>
    <points frame="267" outside="0" occluded="0" keyframe="0" points="470.11,614.97" z_order="0">
    </points>
    <points frame="268" outside="0" occluded="0" keyframe="0" points="469.68,615.07" z_order="0">
    </points>
    <points frame="269" outside="0" occluded="0" keyframe="0" points="469.26,615.17" z_order="0">
    </points>
    <points frame="270" outside="0" occluded="0" keyframe="0" points="468.83,615.26" z_order="0">
    </points>
    <points frame="271" outside="0" occluded="0" keyframe="0" points="468.40,615.36" z_order="0">
    </points>
    <points frame="272" outside="0" occluded="0" keyframe="0" points="467.98,615.45" z_order="0">
    </points>
    <points frame="273" outside="0" occluded="0" keyframe="0" points="467.55,615.55" z_order="0">
    </points>
    <points frame="274" outside="0" occluded="0" keyframe="0" points="467.12,615.65" z_order="0">
    </points>
    <points frame="275" outside="0" occluded="0" keyframe="0" points="466.70,615.74" z_order="0">
    </points>
    <points frame="276" outside="0" occluded="0" keyframe="0" points="466.27,615.84" z_order="0">
    </points>
    <points frame="277" outside="0" occluded="0" keyframe="0" points="465.84,615.93" z_order="0">
    </points>
    <points frame="278" outside="0" occluded="0" keyframe="0" points="465.42,616.03" z_order="0">
    </points>
    <points frame="279" outside="0" occluded="0" keyframe="0" points="464.99,616.13" z_order="0">
    </points>
    <points frame="280" outside="0" occluded="0" keyframe="0" points="464.56,616.22" z_order="0">
    </points>
    <points frame="281" outside="0" occluded="0" keyframe="0" points="464.13,616.32" z_order="0">
    </points>
    <points frame="282" outside="0" occluded="0" keyframe="0" points="463.71,616.42" z_order="0">
    </points>
    <points frame="283" outside="0" occluded="0" keyframe="0" points="463.28,616.51" z_order="0">
    </points>
    <points frame="284" outside="0" occluded="0" keyframe="0" points="462.85,616.61" z_order="0">
    </points>
    <points frame="285" outside="0" occluded="0" keyframe="0" points="462.43,616.70" z_order="0">
    </points>
    <points frame="286" outside="0" occluded="0" keyframe="1" points="462.00,616.80" z_order="0">
    </points>
  </track>
</annotations>
