<?xml version="1.0" encoding="utf-8"?>
<annotations>
  <version>1.1</version>
  <meta>
    <task>
      <id>106</id>
      <name>D06_3ML-L1-5</name>
      <size>329</size>
      <mode>interpolation</mode>
      <overlap>5</overlap>
      <bugtracker></bugtracker>
      <created>2021-11-20 03:13:00.904786+00:00</created>
      <updated>2021-11-20 03:43:53.734371+00:00</updated>
      <subset>default</subset>
      <start_frame>0</start_frame>
      <stop_frame>328</stop_frame>
      <frame_filter></frame_filter>
      <segments>
        <segment>
          <id>105</id>
          <start>0</start>
          <stop>328</stop>
          <url>http://localhost:8080/?id=105</url>
        </segment>
      </segments>
      <owner>
        <username>hubertachan</username>
        <email>hubertachan@gmail.com</email>
      </owner>
      <assignee></assignee>
      <labels>
        <label>
          <name>HB</name>
          <color>#3b0c73</color>
          <attributes>
          </attributes>
        </label>
      </labels>
      <original_size>
        <width>1068</width>
        <height>800</height>
      </original_size>
    </task>
    <dumped>2021-11-20 03:43:56.722086+00:00</dumped>
    <source>D06_3ML-L1-5.avi</source>
  </meta>
  <track id="0" label="HB" source="manual">
    <points frame="140" outside="0" occluded="0" keyframe="1" points="614.28,539.59" z_order="0">
    </points>
    <points frame="141" outside="0" occluded="0" keyframe="0" points="610.87,540.35" z_order="0">
    </points>
    <points frame="142" outside="0" occluded="0" keyframe="0" points="607.47,541.11" z_order="0">
    </points>
    <points frame="143" outside="0" occluded="0" keyframe="0" points="604.06,541.87" z_order="0">
    </points>
    <points frame="144" outside="0" occluded="0" keyframe="0" points="600.65,542.63" z_order="0">
    </points>
    <points frame="145" outside="0" occluded="0" keyframe="0" points="597.24,543.39" z_order="0">
    </points>
    <points frame="146" outside="0" occluded="0" keyframe="0" points="593.83,544.16" z_order="0">
    </points>
    <points frame="147" outside="0" occluded="0" keyframe="0" points="590.42,544.92" z_order="0">
    </points>
    <points frame="148" outside="0" occluded="0" keyframe="0" points="587.02,545.68" z_order="0">
    </points>
    <points frame="149" outside="0" occluded="0" keyframe="0" points="583.61,546.44" z_order="0">
    </points>
    <points frame="150" outside="0" occluded="0" keyframe="1" points="580.20,547.20" z_order="0">
    </points>
    <points frame="151" outside="0" occluded="0" keyframe="0" points="580.87,545.84" z_order="0">
    </points>
    <points frame="152" outside="0" occluded="0" keyframe="0" points="581.54,544.49" z_order="0">
    </points>
    <points frame="153" outside="0" occluded="0" keyframe="0" points="582.21,543.13" z_order="0">
    </points>
    <points frame="154" outside="0" occluded="0" keyframe="0" points="582.89,541.77" z_order="0">
    </points>
    <points frame="155" outside="0" occluded="0" keyframe="0" points="583.56,540.41" z_order="0">
    </points>
    <points frame="156" outside="0" occluded="0" keyframe="0" points="584.23,539.06" z_order="0">
    </points>
    <points frame="157" outside="0" occluded="0" keyframe="1" points="584.90,537.70" z_order="0">
    </points>
    <points frame="158" outside="0" occluded="0" keyframe="0" points="586.97,535.52" z_order="0">
    </points>
    <points frame="159" outside="0" occluded="0" keyframe="0" points="589.04,533.33" z_order="0">
    </points>
    <points frame="160" outside="0" occluded="0" keyframe="0" points="591.11,531.15" z_order="0">
    </points>
    <points frame="161" outside="0" occluded="0" keyframe="0" points="593.18,528.96" z_order="0">
    </points>
    <points frame="162" outside="0" occluded="0" keyframe="0" points="595.25,526.78" z_order="0">
    </points>
    <points frame="163" outside="0" occluded="0" keyframe="0" points="597.32,524.59" z_order="0">
    </points>
    <points frame="164" outside="0" occluded="0" keyframe="0" points="599.38,522.41" z_order="0">
    </points>
    <points frame="165" outside="0" occluded="0" keyframe="0" points="601.45,520.22" z_order="0">
    </points>
    <points frame="166" outside="0" occluded="0" keyframe="0" points="603.52,518.04" z_order="0">
    </points>
    <points frame="167" outside="0" occluded="0" keyframe="0" points="605.59,515.85" z_order="0">
    </points>
    <points frame="168" outside="0" occluded="0" keyframe="0" points="607.66,513.67" z_order="0">
    </points>
    <points frame="169" outside="0" occluded="0" keyframe="0" points="609.73,511.48" z_order="0">
    </points>
    <points frame="170" outside="0" occluded="0" keyframe="1" points="611.80,509.30" z_order="0">
    </points>
    <points frame="171" outside="0" occluded="0" keyframe="0" points="612.05,510.31" z_order="0">
    </points>
    <points frame="172" outside="0" occluded="0" keyframe="0" points="612.30,511.32" z_order="0">
    </points>
    <points frame="173" outside="0" occluded="0" keyframe="0" points="612.55,512.33" z_order="0">
    </points>
    <points frame="174" outside="0" occluded="0" keyframe="0" points="612.80,513.34" z_order="0">
    </points>
    <points frame="175" outside="0" occluded="0" keyframe="0" points="613.05,514.35" z_order="0">
    </points>
    <points frame="176" outside="0" occluded="0" keyframe="0" points="613.30,515.36" z_order="0">
    </points>
    <points frame="177" outside="0" occluded="0" keyframe="0" points="613.55,516.37" z_order="0">
    </points>
    <points frame="178" outside="0" occluded="0" keyframe="0" points="613.80,517.38" z_order="0">
    </points>
    <points frame="179" outside="0" occluded="0" keyframe="0" points="614.05,518.39" z_order="0">
    </points>
    <points frame="180" outside="0" occluded="0" keyframe="1" points="614.30,519.40" z_order="0">
    </points>
    <points frame="181" outside="0" occluded="0" keyframe="0" points="600.10,516.57" z_order="0">
    </points>
    <points frame="182" outside="0" occluded="0" keyframe="0" points="585.90,513.73" z_order="0">
    </points>
    <points frame="183" outside="0" occluded="0" keyframe="1" points="571.70,510.90" z_order="0">
    </points>
    <points frame="184" outside="0" occluded="0" keyframe="0" points="576.68,511.75" z_order="0">
    </points>
    <points frame="185" outside="0" occluded="0" keyframe="0" points="581.65,512.60" z_order="0">
    </points>
    <points frame="186" outside="0" occluded="0" keyframe="0" points="586.63,513.45" z_order="0">
    </points>
    <points frame="187" outside="0" occluded="0" keyframe="1" points="591.60,514.30" z_order="0">
    </points>
    <points frame="188" outside="0" occluded="0" keyframe="0" points="599.17,520.20" z_order="0">
    </points>
    <points frame="189" outside="0" occluded="0" keyframe="0" points="606.73,526.10" z_order="0">
    </points>
    <points frame="190" outside="0" occluded="0" keyframe="1" points="614.30,532.00" z_order="0">
    </points>
    <points frame="191" outside="0" occluded="0" keyframe="0" points="617.08,530.74" z_order="0">
    </points>
    <points frame="192" outside="0" occluded="0" keyframe="0" points="619.86,529.48" z_order="0">
    </points>
    <points frame="193" outside="0" occluded="0" keyframe="0" points="622.64,528.22" z_order="0">
    </points>
    <points frame="194" outside="0" occluded="0" keyframe="0" points="625.42,526.96" z_order="0">
    </points>
    <points frame="195" outside="0" occluded="0" keyframe="0" points="628.20,525.70" z_order="0">
    </points>
    <points frame="196" outside="0" occluded="0" keyframe="0" points="630.98,524.44" z_order="0">
    </points>
    <points frame="197" outside="0" occluded="0" keyframe="0" points="633.76,523.18" z_order="0">
    </points>
    <points frame="198" outside="0" occluded="0" keyframe="0" points="636.54,521.92" z_order="0">
    </points>
    <points frame="199" outside="0" occluded="0" keyframe="0" points="639.32,520.66" z_order="0">
    </points>
    <points frame="200" outside="0" occluded="0" keyframe="1" points="642.10,519.40" z_order="0">
    </points>
    <points frame="201" outside="0" occluded="0" keyframe="0" points="640.57,518.74" z_order="0">
    </points>
    <points frame="202" outside="0" occluded="0" keyframe="0" points="639.04,518.07" z_order="0">
    </points>
    <points frame="203" outside="0" occluded="0" keyframe="0" points="637.51,517.41" z_order="0">
    </points>
    <points frame="204" outside="0" occluded="0" keyframe="0" points="635.98,516.75" z_order="0">
    </points>
    <points frame="205" outside="0" occluded="0" keyframe="0" points="634.44,516.09" z_order="0">
    </points>
    <points frame="206" outside="0" occluded="0" keyframe="0" points="632.91,515.43" z_order="0">
    </points>
    <points frame="207" outside="0" occluded="0" keyframe="0" points="631.38,514.76" z_order="0">
    </points>
    <points frame="208" outside="0" occluded="0" keyframe="0" points="629.85,514.10" z_order="0">
    </points>
    <points frame="209" outside="0" occluded="0" keyframe="0" points="628.32,513.44" z_order="0">
    </points>
    <points frame="210" outside="0" occluded="0" keyframe="0" points="626.79,512.78" z_order="0">
    </points>
    <points frame="211" outside="0" occluded="0" keyframe="0" points="625.26,512.11" z_order="0">
    </points>
    <points frame="212" outside="0" occluded="0" keyframe="0" points="623.73,511.45" z_order="0">
    </points>
    <points frame="213" outside="0" occluded="0" keyframe="0" points="622.19,510.79" z_order="0">
    </points>
    <points frame="214" outside="0" occluded="0" keyframe="0" points="620.66,510.13" z_order="0">
    </points>
    <points frame="215" outside="0" occluded="0" keyframe="0" points="619.13,509.46" z_order="0">
    </points>
    <points frame="216" outside="0" occluded="0" keyframe="1" points="617.60,508.80" z_order="0">
    </points>
    <points frame="217" outside="0" occluded="0" keyframe="0" points="619.16,509.88" z_order="0">
    </points>
    <points frame="218" outside="0" occluded="0" keyframe="0" points="620.73,510.96" z_order="0">
    </points>
    <points frame="219" outside="0" occluded="0" keyframe="0" points="622.29,512.05" z_order="0">
    </points>
    <points frame="220" outside="0" occluded="0" keyframe="0" points="623.85,513.13" z_order="0">
    </points>
    <points frame="221" outside="0" occluded="0" keyframe="0" points="625.42,514.21" z_order="0">
    </points>
    <points frame="222" outside="0" occluded="0" keyframe="0" points="626.98,515.29" z_order="0">
    </points>
    <points frame="223" outside="0" occluded="0" keyframe="0" points="628.55,516.37" z_order="0">
    </points>
    <points frame="224" outside="0" occluded="0" keyframe="0" points="630.11,517.45" z_order="0">
    </points>
    <points frame="225" outside="0" occluded="0" keyframe="0" points="631.67,518.54" z_order="0">
    </points>
    <points frame="226" outside="0" occluded="0" keyframe="0" points="633.24,519.62" z_order="0">
    </points>
    <points frame="227" outside="0" occluded="0" keyframe="1" points="634.80,520.70" z_order="0">
    </points>
    <points frame="228" outside="0" occluded="0" keyframe="0" points="627.97,520.27" z_order="0">
    </points>
    <points frame="229" outside="0" occluded="0" keyframe="0" points="621.13,519.83" z_order="0">
    </points>
    <points frame="230" outside="0" occluded="0" keyframe="1" points="614.30,519.40" z_order="0">
    </points>
    <points frame="231" outside="0" occluded="0" keyframe="0" points="607.43,518.45" z_order="0">
    </points>
    <points frame="232" outside="0" occluded="0" keyframe="0" points="600.55,517.50" z_order="0">
    </points>
    <points frame="233" outside="0" occluded="0" keyframe="0" points="593.68,516.55" z_order="0">
    </points>
    <points frame="234" outside="0" occluded="0" keyframe="1" points="586.80,515.60" z_order="0">
    </points>
    <points frame="235" outside="0" occluded="0" keyframe="0" points="592.02,516.23" z_order="0">
    </points>
    <points frame="236" outside="0" occluded="0" keyframe="0" points="597.23,516.87" z_order="0">
    </points>
    <points frame="237" outside="0" occluded="0" keyframe="0" points="602.45,517.50" z_order="0">
    </points>
    <points frame="238" outside="0" occluded="0" keyframe="0" points="607.67,518.13" z_order="0">
    </points>
    <points frame="239" outside="0" occluded="0" keyframe="0" points="612.88,518.77" z_order="0">
    </points>
    <points frame="240" outside="0" occluded="0" keyframe="1" points="618.10,519.40" z_order="0">
    </points>
    <points frame="241" outside="0" occluded="0" keyframe="0" points="621.13,519.02" z_order="0">
    </points>
    <points frame="242" outside="0" occluded="0" keyframe="0" points="624.16,518.64" z_order="0">
    </points>
    <points frame="243" outside="0" occluded="0" keyframe="0" points="627.19,518.26" z_order="0">
    </points>
    <points frame="244" outside="0" occluded="0" keyframe="0" points="630.22,517.88" z_order="0">
    </points>
    <points frame="245" outside="0" occluded="0" keyframe="0" points="633.25,517.50" z_order="0">
    </points>
    <points frame="246" outside="0" occluded="0" keyframe="0" points="636.28,517.12" z_order="0">
    </points>
    <points frame="247" outside="0" occluded="0" keyframe="0" points="639.31,516.74" z_order="0">
    </points>
    <points frame="248" outside="0" occluded="0" keyframe="0" points="642.34,516.36" z_order="0">
    </points>
    <points frame="249" outside="0" occluded="0" keyframe="0" points="645.37,515.98" z_order="0">
    </points>
    <points frame="250" outside="0" occluded="0" keyframe="1" points="648.40,515.60" z_order="0">
    </points>
    <points frame="251" outside="0" occluded="0" keyframe="0" points="647.52,515.60" z_order="0">
    </points>
    <points frame="252" outside="0" occluded="0" keyframe="0" points="646.64,515.60" z_order="0">
    </points>
    <points frame="253" outside="0" occluded="0" keyframe="0" points="645.76,515.60" z_order="0">
    </points>
    <points frame="254" outside="0" occluded="0" keyframe="0" points="644.88,515.60" z_order="0">
    </points>
    <points frame="255" outside="0" occluded="0" keyframe="0" points="644.00,515.60" z_order="0">
    </points>
    <points frame="256" outside="0" occluded="0" keyframe="0" points="643.12,515.60" z_order="0">
    </points>
    <points frame="257" outside="0" occluded="0" keyframe="0" points="642.24,515.60" z_order="0">
    </points>
    <points frame="258" outside="0" occluded="0" keyframe="0" points="641.36,515.60" z_order="0">
    </points>
    <points frame="259" outside="0" occluded="0" keyframe="0" points="640.48,515.60" z_order="0">
    </points>
    <points frame="260" outside="0" occluded="0" keyframe="1" points="639.60,515.60" z_order="0">
    </points>
    <points frame="261" outside="0" occluded="0" keyframe="0" points="638.72,515.60" z_order="0">
    </points>
    <points frame="262" outside="0" occluded="0" keyframe="0" points="637.84,515.60" z_order="0">
    </points>
    <points frame="263" outside="0" occluded="0" keyframe="0" points="636.96,515.60" z_order="0">
    </points>
    <points frame="264" outside="0" occluded="0" keyframe="0" points="636.08,515.60" z_order="0">
    </points>
    <points frame="265" outside="0" occluded="0" keyframe="0" points="635.20,515.60" z_order="0">
    </points>
    <points frame="266" outside="0" occluded="0" keyframe="0" points="634.32,515.60" z_order="0">
    </points>
    <points frame="267" outside="0" occluded="0" keyframe="0" points="633.44,515.60" z_order="0">
    </points>
    <points frame="268" outside="0" occluded="0" keyframe="0" points="632.56,515.60" z_order="0">
    </points>
    <points frame="269" outside="0" occluded="0" keyframe="0" points="631.68,515.60" z_order="0">
    </points>
    <points frame="270" outside="0" occluded="0" keyframe="1" points="630.80,515.60" z_order="0">
    </points>
    <points frame="271" outside="0" occluded="0" keyframe="0" points="630.17,515.73" z_order="0">
    </points>
    <points frame="272" outside="0" occluded="0" keyframe="0" points="629.54,515.86" z_order="0">
    </points>
    <points frame="273" outside="0" occluded="0" keyframe="0" points="628.91,515.99" z_order="0">
    </points>
    <points frame="274" outside="0" occluded="0" keyframe="0" points="628.28,516.12" z_order="0">
    </points>
    <points frame="275" outside="0" occluded="0" keyframe="0" points="627.65,516.25" z_order="0">
    </points>
    <points frame="276" outside="0" occluded="0" keyframe="0" points="627.02,516.38" z_order="0">
    </points>
    <points frame="277" outside="0" occluded="0" keyframe="0" points="626.39,516.51" z_order="0">
    </points>
    <points frame="278" outside="0" occluded="0" keyframe="0" points="625.76,516.64" z_order="0">
    </points>
    <points frame="279" outside="0" occluded="0" keyframe="0" points="625.13,516.77" z_order="0">
    </points>
    <points frame="280" outside="0" occluded="0" keyframe="1" points="624.50,516.90" z_order="0">
    </points>
    <points frame="281" outside="0" occluded="0" keyframe="0" points="623.42,517.72" z_order="0">
    </points>
    <points frame="282" outside="0" occluded="0" keyframe="0" points="622.35,518.54" z_order="0">
    </points>
    <points frame="283" outside="0" occluded="0" keyframe="0" points="621.27,519.36" z_order="0">
    </points>
    <points frame="284" outside="0" occluded="0" keyframe="0" points="620.20,520.18" z_order="0">
    </points>
    <points frame="285" outside="0" occluded="0" keyframe="0" points="619.12,521.00" z_order="0">
    </points>
    <points frame="286" outside="0" occluded="0" keyframe="0" points="618.05,521.82" z_order="0">
    </points>
    <points frame="287" outside="0" occluded="0" keyframe="0" points="616.98,522.64" z_order="0">
    </points>
    <points frame="288" outside="0" occluded="0" keyframe="0" points="615.90,523.46" z_order="0">
    </points>
    <points frame="289" outside="0" occluded="0" keyframe="0" points="614.83,524.28" z_order="0">
    </points>
    <points frame="290" outside="0" occluded="0" keyframe="0" points="613.75,525.10" z_order="0">
    </points>
    <points frame="291" outside="0" occluded="0" keyframe="0" points="612.67,525.92" z_order="0">
    </points>
    <points frame="292" outside="0" occluded="0" keyframe="0" points="611.60,526.74" z_order="0">
    </points>
    <points frame="293" outside="0" occluded="0" keyframe="0" points="610.52,527.56" z_order="0">
    </points>
    <points frame="294" outside="0" occluded="0" keyframe="0" points="609.45,528.38" z_order="0">
    </points>
    <points frame="295" outside="0" occluded="0" keyframe="0" points="608.38,529.20" z_order="0">
    </points>
    <points frame="296" outside="0" occluded="0" keyframe="0" points="607.30,530.02" z_order="0">
    </points>
    <points frame="297" outside="0" occluded="0" keyframe="0" points="606.23,530.84" z_order="0">
    </points>
    <points frame="298" outside="0" occluded="0" keyframe="0" points="605.15,531.66" z_order="0">
    </points>
    <points frame="299" outside="0" occluded="0" keyframe="0" points="604.08,532.48" z_order="0">
    </points>
    <points frame="300" outside="0" occluded="0" keyframe="1" points="603.00,533.30" z_order="0">
    </points>
    <points frame="301" outside="0" occluded="0" keyframe="0" points="602.24,533.30" z_order="0">
    </points>
    <points frame="302" outside="0" occluded="0" keyframe="0" points="601.48,533.30" z_order="0">
    </points>
    <points frame="303" outside="0" occluded="0" keyframe="0" points="600.72,533.30" z_order="0">
    </points>
    <points frame="304" outside="0" occluded="0" keyframe="0" points="599.96,533.30" z_order="0">
    </points>
    <points frame="305" outside="0" occluded="0" keyframe="0" points="599.20,533.30" z_order="0">
    </points>
    <points frame="306" outside="0" occluded="0" keyframe="0" points="598.44,533.30" z_order="0">
    </points>
    <points frame="307" outside="0" occluded="0" keyframe="0" points="597.68,533.30" z_order="0">
    </points>
    <points frame="308" outside="0" occluded="0" keyframe="0" points="596.92,533.30" z_order="0">
    </points>
    <points frame="309" outside="0" occluded="0" keyframe="0" points="596.16,533.30" z_order="0">
    </points>
    <points frame="310" outside="0" occluded="0" keyframe="1" points="595.40,533.30" z_order="0">
    </points>
    <points frame="311" outside="0" occluded="0" keyframe="0" points="598.43,531.91" z_order="0">
    </points>
    <points frame="312" outside="0" occluded="0" keyframe="0" points="601.46,530.52" z_order="0">
    </points>
    <points frame="313" outside="0" occluded="0" keyframe="0" points="604.49,529.13" z_order="0">
    </points>
    <points frame="314" outside="0" occluded="0" keyframe="0" points="607.52,527.74" z_order="0">
    </points>
    <points frame="315" outside="0" occluded="0" keyframe="0" points="610.55,526.35" z_order="0">
    </points>
    <points frame="316" outside="0" occluded="0" keyframe="0" points="613.58,524.96" z_order="0">
    </points>
    <points frame="317" outside="0" occluded="0" keyframe="0" points="616.61,523.57" z_order="0">
    </points>
    <points frame="318" outside="0" occluded="0" keyframe="0" points="619.64,522.18" z_order="0">
    </points>
    <points frame="319" outside="0" occluded="0" keyframe="0" points="622.67,520.79" z_order="0">
    </points>
    <points frame="320" outside="0" occluded="0" keyframe="1" points="625.70,519.40" z_order="0">
    </points>
    <points frame="321" outside="0" occluded="0" keyframe="0" points="625.39,519.24" z_order="0">
    </points>
    <points frame="322" outside="0" occluded="0" keyframe="0" points="625.08,519.07" z_order="0">
    </points>
    <points frame="323" outside="0" occluded="0" keyframe="0" points="624.76,518.91" z_order="0">
    </points>
    <points frame="324" outside="0" occluded="0" keyframe="0" points="624.45,518.75" z_order="0">
    </points>
    <points frame="325" outside="0" occluded="0" keyframe="0" points="624.14,518.59" z_order="0">
    </points>
    <points frame="326" outside="0" occluded="0" keyframe="0" points="623.83,518.43" z_order="0">
    </points>
    <points frame="327" outside="0" occluded="0" keyframe="0" points="623.51,518.26" z_order="0">
    </points>
    <points frame="328" outside="0" occluded="0" keyframe="1" points="623.20,518.10" z_order="0">
    </points>
  </track>
</annotations>
