<?xml version="1.0" encoding="utf-8"?>
<annotations>
  <version>1.1</version>
  <meta>
    <task>
      <id>193</id>
      <name>D08_5ML-L1-10</name>
      <size>348</size>
      <mode>interpolation</mode>
      <overlap>5</overlap>
      <bugtracker></bugtracker>
      <created>2021-11-20 16:01:47.903052+00:00</created>
      <updated>2021-11-20 16:48:02.630058+00:00</updated>
      <subset>default</subset>
      <start_frame>0</start_frame>
      <stop_frame>347</stop_frame>
      <frame_filter></frame_filter>
      <segments>
        <segment>
          <id>192</id>
          <start>0</start>
          <stop>347</stop>
          <url>http://localhost:8080/?id=192</url>
        </segment>
      </segments>
      <owner>
        <username>hubertachan</username>
        <email>hubertachan@gmail.com</email>
      </owner>
      <assignee></assignee>
      <labels>
        <label>
          <name>M</name>
          <color>#ff355e</color>
          <attributes>
          </attributes>
        </label>
        <label>
          <name>HB</name>
          <color>#3b0c73</color>
          <attributes>
          </attributes>
        </label>
      </labels>
      <original_size>
        <width>1068</width>
        <height>800</height>
      </original_size>
    </task>
    <dumped>2021-11-20 16:48:05.436530+00:00</dumped>
    <source>D08_5ML-L1-10.avi</source>
  </meta>
  <track id="0" label="M" source="manual">
    <points frame="1" outside="0" occluded="0" keyframe="1" points="461.94,638.80" z_order="0">
    </points>
    <points frame="2" outside="0" occluded="0" keyframe="0" points="462.10,638.70" z_order="0">
    </points>
    <points frame="3" outside="0" occluded="0" keyframe="0" points="462.26,638.59" z_order="0">
    </points>
    <points frame="4" outside="0" occluded="0" keyframe="0" points="462.42,638.49" z_order="0">
    </points>
    <points frame="5" outside="0" occluded="0" keyframe="0" points="462.58,638.38" z_order="0">
    </points>
    <points frame="6" outside="0" occluded="0" keyframe="0" points="462.74,638.28" z_order="0">
    </points>
    <points frame="7" outside="0" occluded="0" keyframe="0" points="462.90,638.17" z_order="0">
    </points>
    <points frame="8" outside="0" occluded="0" keyframe="0" points="463.06,638.07" z_order="0">
    </points>
    <points frame="9" outside="0" occluded="0" keyframe="0" points="463.22,637.96" z_order="0">
    </points>
    <points frame="10" outside="0" occluded="0" keyframe="0" points="463.38,637.86" z_order="0">
    </points>
    <points frame="11" outside="0" occluded="0" keyframe="0" points="463.54,637.75" z_order="0">
    </points>
    <points frame="12" outside="0" occluded="0" keyframe="0" points="463.70,637.65" z_order="0">
    </points>
    <points frame="13" outside="0" occluded="0" keyframe="0" points="463.86,637.55" z_order="0">
    </points>
    <points frame="14" outside="0" occluded="0" keyframe="0" points="464.02,637.44" z_order="0">
    </points>
    <points frame="15" outside="0" occluded="0" keyframe="0" points="464.19,637.34" z_order="0">
    </points>
    <points frame="16" outside="0" occluded="0" keyframe="0" points="464.35,637.23" z_order="0">
    </points>
    <points frame="17" outside="0" occluded="0" keyframe="0" points="464.51,637.13" z_order="0">
    </points>
    <points frame="18" outside="0" occluded="0" keyframe="0" points="464.67,637.02" z_order="0">
    </points>
    <points frame="19" outside="0" occluded="0" keyframe="0" points="464.83,636.92" z_order="0">
    </points>
    <points frame="20" outside="0" occluded="0" keyframe="0" points="464.99,636.81" z_order="0">
    </points>
    <points frame="21" outside="0" occluded="0" keyframe="0" points="465.15,636.71" z_order="0">
    </points>
    <points frame="22" outside="0" occluded="0" keyframe="0" points="465.31,636.60" z_order="0">
    </points>
    <points frame="23" outside="0" occluded="0" keyframe="0" points="465.47,636.50" z_order="0">
    </points>
    <points frame="24" outside="0" occluded="0" keyframe="0" points="465.63,636.40" z_order="0">
    </points>
    <points frame="25" outside="0" occluded="0" keyframe="0" points="465.79,636.29" z_order="0">
    </points>
    <points frame="26" outside="0" occluded="0" keyframe="0" points="465.95,636.19" z_order="0">
    </points>
    <points frame="27" outside="0" occluded="0" keyframe="0" points="466.11,636.08" z_order="0">
    </points>
    <points frame="28" outside="0" occluded="0" keyframe="0" points="466.27,635.98" z_order="0">
    </points>
    <points frame="29" outside="0" occluded="0" keyframe="0" points="466.43,635.87" z_order="0">
    </points>
    <points frame="30" outside="0" occluded="0" keyframe="0" points="466.59,635.77" z_order="0">
    </points>
    <points frame="31" outside="0" occluded="0" keyframe="0" points="466.75,635.66" z_order="0">
    </points>
    <points frame="32" outside="0" occluded="0" keyframe="0" points="466.91,635.56" z_order="0">
    </points>
    <points frame="33" outside="0" occluded="0" keyframe="0" points="467.07,635.45" z_order="0">
    </points>
    <points frame="34" outside="0" occluded="0" keyframe="0" points="467.23,635.35" z_order="0">
    </points>
    <points frame="35" outside="0" occluded="0" keyframe="0" points="467.40,635.25" z_order="0">
    </points>
    <points frame="36" outside="0" occluded="0" keyframe="0" points="467.56,635.14" z_order="0">
    </points>
    <points frame="37" outside="0" occluded="0" keyframe="0" points="467.72,635.04" z_order="0">
    </points>
    <points frame="38" outside="0" occluded="0" keyframe="0" points="467.88,634.93" z_order="0">
    </points>
    <points frame="39" outside="0" occluded="0" keyframe="0" points="468.04,634.83" z_order="0">
    </points>
    <points frame="40" outside="0" occluded="0" keyframe="0" points="468.20,634.72" z_order="0">
    </points>
    <points frame="41" outside="0" occluded="0" keyframe="0" points="468.36,634.62" z_order="0">
    </points>
    <points frame="42" outside="0" occluded="0" keyframe="0" points="468.52,634.51" z_order="0">
    </points>
    <points frame="43" outside="0" occluded="0" keyframe="0" points="468.68,634.41" z_order="0">
    </points>
    <points frame="44" outside="0" occluded="0" keyframe="0" points="468.84,634.30" z_order="0">
    </points>
    <points frame="45" outside="0" occluded="0" keyframe="1" points="469.00,634.20" z_order="0">
    </points>
    <points frame="46" outside="0" occluded="0" keyframe="0" points="469.43,634.22" z_order="0">
    </points>
    <points frame="47" outside="0" occluded="0" keyframe="0" points="469.86,634.24" z_order="0">
    </points>
    <points frame="48" outside="0" occluded="0" keyframe="0" points="470.29,634.26" z_order="0">
    </points>
    <points frame="49" outside="0" occluded="0" keyframe="0" points="470.72,634.28" z_order="0">
    </points>
    <points frame="50" outside="0" occluded="0" keyframe="0" points="471.15,634.30" z_order="0">
    </points>
    <points frame="51" outside="0" occluded="0" keyframe="0" points="471.58,634.32" z_order="0">
    </points>
    <points frame="52" outside="0" occluded="0" keyframe="0" points="472.01,634.34" z_order="0">
    </points>
    <points frame="53" outside="0" occluded="0" keyframe="0" points="472.44,634.36" z_order="0">
    </points>
    <points frame="54" outside="0" occluded="0" keyframe="0" points="472.87,634.38" z_order="0">
    </points>
    <points frame="55" outside="0" occluded="0" keyframe="1" points="473.30,634.40" z_order="0">
    </points>
    <points frame="56" outside="0" occluded="0" keyframe="0" points="471.25,634.30" z_order="0">
    </points>
    <points frame="57" outside="0" occluded="0" keyframe="0" points="469.20,634.20" z_order="0">
    </points>
    <points frame="58" outside="0" occluded="0" keyframe="0" points="467.15,634.10" z_order="0">
    </points>
    <points frame="59" outside="0" occluded="0" keyframe="0" points="465.10,634.00" z_order="0">
    </points>
    <points frame="60" outside="0" occluded="0" keyframe="0" points="463.05,633.90" z_order="0">
    </points>
    <points frame="61" outside="0" occluded="0" keyframe="0" points="461.00,633.80" z_order="0">
    </points>
    <points frame="62" outside="0" occluded="0" keyframe="0" points="458.95,633.70" z_order="0">
    </points>
    <points frame="63" outside="0" occluded="0" keyframe="0" points="456.90,633.60" z_order="0">
    </points>
    <points frame="64" outside="0" occluded="0" keyframe="0" points="454.85,633.50" z_order="0">
    </points>
    <points frame="65" outside="0" occluded="0" keyframe="1" points="452.80,633.40" z_order="0">
    </points>
    <points frame="66" outside="0" occluded="0" keyframe="0" points="452.17,634.65" z_order="0">
    </points>
    <points frame="67" outside="0" occluded="0" keyframe="0" points="451.54,635.90" z_order="0">
    </points>
    <points frame="68" outside="0" occluded="0" keyframe="0" points="450.91,637.15" z_order="0">
    </points>
    <points frame="69" outside="0" occluded="0" keyframe="0" points="450.28,638.40" z_order="0">
    </points>
    <points frame="70" outside="0" occluded="0" keyframe="0" points="449.65,639.65" z_order="0">
    </points>
    <points frame="71" outside="0" occluded="0" keyframe="0" points="449.02,640.90" z_order="0">
    </points>
    <points frame="72" outside="0" occluded="0" keyframe="0" points="448.39,642.15" z_order="0">
    </points>
    <points frame="73" outside="0" occluded="0" keyframe="0" points="447.76,643.40" z_order="0">
    </points>
    <points frame="74" outside="0" occluded="0" keyframe="0" points="447.13,644.65" z_order="0">
    </points>
    <points frame="75" outside="0" occluded="0" keyframe="1" points="446.50,645.90" z_order="0">
    </points>
    <points frame="76" outside="0" occluded="0" keyframe="0" points="446.27,646.13" z_order="0">
    </points>
    <points frame="77" outside="0" occluded="0" keyframe="0" points="446.04,646.36" z_order="0">
    </points>
    <points frame="78" outside="0" occluded="0" keyframe="0" points="445.81,646.59" z_order="0">
    </points>
    <points frame="79" outside="0" occluded="0" keyframe="0" points="445.58,646.82" z_order="0">
    </points>
    <points frame="80" outside="0" occluded="0" keyframe="0" points="445.35,647.05" z_order="0">
    </points>
    <points frame="81" outside="0" occluded="0" keyframe="0" points="445.12,647.28" z_order="0">
    </points>
    <points frame="82" outside="0" occluded="0" keyframe="0" points="444.89,647.51" z_order="0">
    </points>
    <points frame="83" outside="0" occluded="0" keyframe="0" points="444.66,647.74" z_order="0">
    </points>
    <points frame="84" outside="0" occluded="0" keyframe="0" points="444.43,647.97" z_order="0">
    </points>
    <points frame="85" outside="0" occluded="0" keyframe="1" points="444.20,648.20" z_order="0">
    </points>
    <points frame="86" outside="0" occluded="0" keyframe="0" points="444.29,648.22" z_order="0">
    </points>
    <points frame="87" outside="0" occluded="0" keyframe="0" points="444.38,648.24" z_order="0">
    </points>
    <points frame="88" outside="0" occluded="0" keyframe="0" points="444.48,648.26" z_order="0">
    </points>
    <points frame="89" outside="0" occluded="0" keyframe="0" points="444.57,648.28" z_order="0">
    </points>
    <points frame="90" outside="0" occluded="0" keyframe="0" points="444.66,648.29" z_order="0">
    </points>
    <points frame="91" outside="0" occluded="0" keyframe="0" points="444.75,648.31" z_order="0">
    </points>
    <points frame="92" outside="0" occluded="0" keyframe="0" points="444.84,648.33" z_order="0">
    </points>
    <points frame="93" outside="0" occluded="0" keyframe="0" points="444.94,648.35" z_order="0">
    </points>
    <points frame="94" outside="0" occluded="0" keyframe="0" points="445.03,648.37" z_order="0">
    </points>
    <points frame="95" outside="0" occluded="0" keyframe="0" points="445.12,648.39" z_order="0">
    </points>
    <points frame="96" outside="0" occluded="0" keyframe="0" points="445.21,648.41" z_order="0">
    </points>
    <points frame="97" outside="0" occluded="0" keyframe="0" points="445.31,648.43" z_order="0">
    </points>
    <points frame="98" outside="0" occluded="0" keyframe="0" points="445.40,648.45" z_order="0">
    </points>
    <points frame="99" outside="0" occluded="0" keyframe="0" points="445.49,648.47" z_order="0">
    </points>
    <points frame="100" outside="0" occluded="0" keyframe="0" points="445.58,648.48" z_order="0">
    </points>
    <points frame="101" outside="0" occluded="0" keyframe="0" points="445.67,648.50" z_order="0">
    </points>
    <points frame="102" outside="0" occluded="0" keyframe="0" points="445.77,648.52" z_order="0">
    </points>
    <points frame="103" outside="0" occluded="0" keyframe="0" points="445.86,648.54" z_order="0">
    </points>
    <points frame="104" outside="0" occluded="0" keyframe="0" points="445.95,648.56" z_order="0">
    </points>
    <points frame="105" outside="0" occluded="0" keyframe="0" points="446.04,648.58" z_order="0">
    </points>
    <points frame="106" outside="0" occluded="0" keyframe="0" points="446.13,648.60" z_order="0">
    </points>
    <points frame="107" outside="0" occluded="0" keyframe="0" points="446.23,648.62" z_order="0">
    </points>
    <points frame="108" outside="0" occluded="0" keyframe="0" points="446.32,648.64" z_order="0">
    </points>
    <points frame="109" outside="0" occluded="0" keyframe="0" points="446.41,648.65" z_order="0">
    </points>
    <points frame="110" outside="0" occluded="0" keyframe="0" points="446.50,648.67" z_order="0">
    </points>
    <points frame="111" outside="0" occluded="0" keyframe="0" points="446.59,648.69" z_order="0">
    </points>
    <points frame="112" outside="0" occluded="0" keyframe="0" points="446.69,648.71" z_order="0">
    </points>
    <points frame="113" outside="0" occluded="0" keyframe="0" points="446.78,648.73" z_order="0">
    </points>
    <points frame="114" outside="0" occluded="0" keyframe="0" points="446.87,648.75" z_order="0">
    </points>
    <points frame="115" outside="0" occluded="0" keyframe="0" points="446.96,648.77" z_order="0">
    </points>
    <points frame="116" outside="0" occluded="0" keyframe="0" points="447.06,648.79" z_order="0">
    </points>
    <points frame="117" outside="0" occluded="0" keyframe="0" points="447.15,648.81" z_order="0">
    </points>
    <points frame="118" outside="0" occluded="0" keyframe="0" points="447.24,648.83" z_order="0">
    </points>
    <points frame="119" outside="0" occluded="0" keyframe="0" points="447.33,648.84" z_order="0">
    </points>
    <points frame="120" outside="0" occluded="0" keyframe="0" points="447.42,648.86" z_order="0">
    </points>
    <points frame="121" outside="0" occluded="0" keyframe="0" points="447.52,648.88" z_order="0">
    </points>
    <points frame="122" outside="0" occluded="0" keyframe="0" points="447.61,648.90" z_order="0">
    </points>
    <points frame="123" outside="0" occluded="0" keyframe="0" points="447.70,648.92" z_order="0">
    </points>
    <points frame="124" outside="0" occluded="0" keyframe="0" points="447.79,648.94" z_order="0">
    </points>
    <points frame="125" outside="0" occluded="0" keyframe="0" points="447.88,648.96" z_order="0">
    </points>
    <points frame="126" outside="0" occluded="0" keyframe="0" points="447.98,648.98" z_order="0">
    </points>
    <points frame="127" outside="0" occluded="0" keyframe="0" points="448.07,649.00" z_order="0">
    </points>
    <points frame="128" outside="0" occluded="0" keyframe="0" points="448.16,649.01" z_order="0">
    </points>
    <points frame="129" outside="0" occluded="0" keyframe="0" points="448.25,649.03" z_order="0">
    </points>
    <points frame="130" outside="0" occluded="0" keyframe="0" points="448.34,649.05" z_order="0">
    </points>
    <points frame="131" outside="0" occluded="0" keyframe="0" points="448.44,649.07" z_order="0">
    </points>
    <points frame="132" outside="0" occluded="0" keyframe="0" points="448.53,649.09" z_order="0">
    </points>
    <points frame="133" outside="0" occluded="0" keyframe="0" points="448.62,649.11" z_order="0">
    </points>
    <points frame="134" outside="0" occluded="0" keyframe="0" points="448.71,649.13" z_order="0">
    </points>
    <points frame="135" outside="0" occluded="0" keyframe="0" points="448.81,649.15" z_order="0">
    </points>
    <points frame="136" outside="0" occluded="0" keyframe="0" points="448.90,649.17" z_order="0">
    </points>
    <points frame="137" outside="0" occluded="0" keyframe="0" points="448.99,649.19" z_order="0">
    </points>
    <points frame="138" outside="0" occluded="0" keyframe="0" points="449.08,649.20" z_order="0">
    </points>
    <points frame="139" outside="0" occluded="0" keyframe="0" points="449.17,649.22" z_order="0">
    </points>
    <points frame="140" outside="0" occluded="0" keyframe="0" points="449.27,649.24" z_order="0">
    </points>
    <points frame="141" outside="0" occluded="0" keyframe="0" points="449.36,649.26" z_order="0">
    </points>
    <points frame="142" outside="0" occluded="0" keyframe="0" points="449.45,649.28" z_order="0">
    </points>
    <points frame="143" outside="0" occluded="0" keyframe="0" points="449.54,649.30" z_order="0">
    </points>
    <points frame="144" outside="0" occluded="0" keyframe="0" points="449.63,649.32" z_order="0">
    </points>
    <points frame="145" outside="0" occluded="0" keyframe="0" points="449.73,649.34" z_order="0">
    </points>
    <points frame="146" outside="0" occluded="0" keyframe="0" points="449.82,649.36" z_order="0">
    </points>
    <points frame="147" outside="0" occluded="0" keyframe="0" points="449.91,649.37" z_order="0">
    </points>
    <points frame="148" outside="0" occluded="0" keyframe="0" points="450.00,649.39" z_order="0">
    </points>
    <points frame="149" outside="0" occluded="0" keyframe="0" points="450.09,649.41" z_order="0">
    </points>
    <points frame="150" outside="0" occluded="0" keyframe="0" points="450.19,649.43" z_order="0">
    </points>
    <points frame="151" outside="0" occluded="0" keyframe="0" points="450.28,649.45" z_order="0">
    </points>
    <points frame="152" outside="0" occluded="0" keyframe="0" points="450.37,649.47" z_order="0">
    </points>
    <points frame="153" outside="0" occluded="0" keyframe="0" points="450.46,649.49" z_order="0">
    </points>
    <points frame="154" outside="0" occluded="0" keyframe="0" points="450.56,649.51" z_order="0">
    </points>
    <points frame="155" outside="0" occluded="0" keyframe="0" points="450.65,649.53" z_order="0">
    </points>
    <points frame="156" outside="0" occluded="0" keyframe="0" points="450.74,649.55" z_order="0">
    </points>
    <points frame="157" outside="0" occluded="0" keyframe="0" points="450.83,649.56" z_order="0">
    </points>
    <points frame="158" outside="0" occluded="0" keyframe="0" points="450.92,649.58" z_order="0">
    </points>
    <points frame="159" outside="0" occluded="0" keyframe="0" points="451.02,649.60" z_order="0">
    </points>
    <points frame="160" outside="0" occluded="0" keyframe="0" points="451.11,649.62" z_order="0">
    </points>
    <points frame="161" outside="0" occluded="0" keyframe="0" points="451.20,649.64" z_order="0">
    </points>
    <points frame="162" outside="0" occluded="0" keyframe="0" points="451.29,649.66" z_order="0">
    </points>
    <points frame="163" outside="0" occluded="0" keyframe="0" points="451.38,649.68" z_order="0">
    </points>
    <points frame="164" outside="0" occluded="0" keyframe="0" points="451.48,649.70" z_order="0">
    </points>
    <points frame="165" outside="0" occluded="0" keyframe="0" points="451.57,649.72" z_order="0">
    </points>
    <points frame="166" outside="0" occluded="0" keyframe="0" points="451.66,649.73" z_order="0">
    </points>
    <points frame="167" outside="0" occluded="0" keyframe="0" points="451.75,649.75" z_order="0">
    </points>
    <points frame="168" outside="0" occluded="0" keyframe="0" points="451.84,649.77" z_order="0">
    </points>
    <points frame="169" outside="0" occluded="0" keyframe="0" points="451.94,649.79" z_order="0">
    </points>
    <points frame="170" outside="0" occluded="0" keyframe="0" points="452.03,649.81" z_order="0">
    </points>
    <points frame="171" outside="0" occluded="0" keyframe="0" points="452.12,649.83" z_order="0">
    </points>
    <points frame="172" outside="0" occluded="0" keyframe="0" points="452.21,649.85" z_order="0">
    </points>
    <points frame="173" outside="0" occluded="0" keyframe="0" points="452.31,649.87" z_order="0">
    </points>
    <points frame="174" outside="0" occluded="0" keyframe="0" points="452.40,649.89" z_order="0">
    </points>
    <points frame="175" outside="0" occluded="0" keyframe="0" points="452.49,649.91" z_order="0">
    </points>
    <points frame="176" outside="0" occluded="0" keyframe="0" points="452.58,649.92" z_order="0">
    </points>
    <points frame="177" outside="0" occluded="0" keyframe="0" points="452.67,649.94" z_order="0">
    </points>
    <points frame="178" outside="0" occluded="0" keyframe="0" points="452.77,649.96" z_order="0">
    </points>
    <points frame="179" outside="0" occluded="0" keyframe="0" points="452.86,649.98" z_order="0">
    </points>
    <points frame="180" outside="0" occluded="0" keyframe="0" points="452.95,650.00" z_order="0">
    </points>
    <points frame="181" outside="0" occluded="0" keyframe="0" points="453.04,650.02" z_order="0">
    </points>
    <points frame="182" outside="0" occluded="0" keyframe="0" points="453.13,650.04" z_order="0">
    </points>
    <points frame="183" outside="0" occluded="0" keyframe="0" points="453.23,650.06" z_order="0">
    </points>
    <points frame="184" outside="0" occluded="0" keyframe="0" points="453.32,650.08" z_order="0">
    </points>
    <points frame="185" outside="0" occluded="0" keyframe="0" points="453.41,650.09" z_order="0">
    </points>
    <points frame="186" outside="0" occluded="0" keyframe="0" points="453.50,650.11" z_order="0">
    </points>
    <points frame="187" outside="0" occluded="0" keyframe="0" points="453.59,650.13" z_order="0">
    </points>
    <points frame="188" outside="0" occluded="0" keyframe="0" points="453.69,650.15" z_order="0">
    </points>
    <points frame="189" outside="0" occluded="0" keyframe="0" points="453.78,650.17" z_order="0">
    </points>
    <points frame="190" outside="0" occluded="0" keyframe="0" points="453.87,650.19" z_order="0">
    </points>
    <points frame="191" outside="0" occluded="0" keyframe="0" points="453.96,650.21" z_order="0">
    </points>
    <points frame="192" outside="0" occluded="0" keyframe="0" points="454.06,650.23" z_order="0">
    </points>
    <points frame="193" outside="0" occluded="0" keyframe="0" points="454.15,650.25" z_order="0">
    </points>
    <points frame="194" outside="0" occluded="0" keyframe="0" points="454.24,650.27" z_order="0">
    </points>
    <points frame="195" outside="0" occluded="0" keyframe="0" points="454.33,650.28" z_order="0">
    </points>
    <points frame="196" outside="0" occluded="0" keyframe="0" points="454.42,650.30" z_order="0">
    </points>
    <points frame="197" outside="0" occluded="0" keyframe="0" points="454.52,650.32" z_order="0">
    </points>
    <points frame="198" outside="0" occluded="0" keyframe="0" points="454.61,650.34" z_order="0">
    </points>
    <points frame="199" outside="0" occluded="0" keyframe="0" points="454.70,650.36" z_order="0">
    </points>
    <points frame="200" outside="0" occluded="0" keyframe="0" points="454.79,650.38" z_order="0">
    </points>
    <points frame="201" outside="0" occluded="0" keyframe="0" points="454.88,650.40" z_order="0">
    </points>
    <points frame="202" outside="0" occluded="0" keyframe="0" points="454.98,650.42" z_order="0">
    </points>
    <points frame="203" outside="0" occluded="0" keyframe="0" points="455.07,650.44" z_order="0">
    </points>
    <points frame="204" outside="0" occluded="0" keyframe="0" points="455.16,650.45" z_order="0">
    </points>
    <points frame="205" outside="0" occluded="0" keyframe="0" points="455.25,650.47" z_order="0">
    </points>
    <points frame="206" outside="0" occluded="0" keyframe="0" points="455.34,650.49" z_order="0">
    </points>
    <points frame="207" outside="0" occluded="0" keyframe="0" points="455.44,650.51" z_order="0">
    </points>
    <points frame="208" outside="0" occluded="0" keyframe="0" points="455.53,650.53" z_order="0">
    </points>
    <points frame="209" outside="0" occluded="0" keyframe="0" points="455.62,650.55" z_order="0">
    </points>
    <points frame="210" outside="0" occluded="0" keyframe="0" points="455.71,650.57" z_order="0">
    </points>
    <points frame="211" outside="0" occluded="0" keyframe="0" points="455.81,650.59" z_order="0">
    </points>
    <points frame="212" outside="0" occluded="0" keyframe="0" points="455.90,650.61" z_order="0">
    </points>
    <points frame="213" outside="0" occluded="0" keyframe="0" points="455.99,650.63" z_order="0">
    </points>
    <points frame="214" outside="0" occluded="0" keyframe="0" points="456.08,650.64" z_order="0">
    </points>
    <points frame="215" outside="0" occluded="0" keyframe="0" points="456.17,650.66" z_order="0">
    </points>
    <points frame="216" outside="0" occluded="0" keyframe="0" points="456.27,650.68" z_order="0">
    </points>
    <points frame="217" outside="0" occluded="0" keyframe="0" points="456.36,650.70" z_order="0">
    </points>
    <points frame="218" outside="0" occluded="0" keyframe="0" points="456.45,650.72" z_order="0">
    </points>
    <points frame="219" outside="0" occluded="0" keyframe="0" points="456.54,650.74" z_order="0">
    </points>
    <points frame="220" outside="0" occluded="0" keyframe="0" points="456.63,650.76" z_order="0">
    </points>
    <points frame="221" outside="0" occluded="0" keyframe="0" points="456.73,650.78" z_order="0">
    </points>
    <points frame="222" outside="0" occluded="0" keyframe="0" points="456.82,650.80" z_order="0">
    </points>
    <points frame="223" outside="0" occluded="0" keyframe="0" points="456.91,650.81" z_order="0">
    </points>
    <points frame="224" outside="0" occluded="0" keyframe="0" points="457.00,650.83" z_order="0">
    </points>
    <points frame="225" outside="0" occluded="0" keyframe="0" points="457.09,650.85" z_order="0">
    </points>
    <points frame="226" outside="0" occluded="0" keyframe="0" points="457.19,650.87" z_order="0">
    </points>
    <points frame="227" outside="0" occluded="0" keyframe="0" points="457.28,650.89" z_order="0">
    </points>
    <points frame="228" outside="0" occluded="0" keyframe="0" points="457.37,650.91" z_order="0">
    </points>
    <points frame="229" outside="0" occluded="0" keyframe="0" points="457.46,650.93" z_order="0">
    </points>
    <points frame="230" outside="0" occluded="0" keyframe="0" points="457.56,650.95" z_order="0">
    </points>
    <points frame="231" outside="0" occluded="0" keyframe="0" points="457.65,650.97" z_order="0">
    </points>
    <points frame="232" outside="0" occluded="0" keyframe="0" points="457.74,650.99" z_order="0">
    </points>
    <points frame="233" outside="0" occluded="0" keyframe="0" points="457.83,651.00" z_order="0">
    </points>
    <points frame="234" outside="0" occluded="0" keyframe="0" points="457.92,651.02" z_order="0">
    </points>
    <points frame="235" outside="0" occluded="0" keyframe="0" points="458.02,651.04" z_order="0">
    </points>
    <points frame="236" outside="0" occluded="0" keyframe="0" points="458.11,651.06" z_order="0">
    </points>
    <points frame="237" outside="0" occluded="0" keyframe="0" points="458.20,651.08" z_order="0">
    </points>
    <points frame="238" outside="0" occluded="0" keyframe="0" points="458.29,651.10" z_order="0">
    </points>
    <points frame="239" outside="0" occluded="0" keyframe="0" points="458.38,651.12" z_order="0">
    </points>
    <points frame="240" outside="0" occluded="0" keyframe="0" points="458.48,651.14" z_order="0">
    </points>
    <points frame="241" outside="0" occluded="0" keyframe="0" points="458.57,651.16" z_order="0">
    </points>
    <points frame="242" outside="0" occluded="0" keyframe="0" points="458.66,651.17" z_order="0">
    </points>
    <points frame="243" outside="0" occluded="0" keyframe="0" points="458.75,651.19" z_order="0">
    </points>
    <points frame="244" outside="0" occluded="0" keyframe="0" points="458.84,651.21" z_order="0">
    </points>
    <points frame="245" outside="0" occluded="0" keyframe="0" points="458.94,651.23" z_order="0">
    </points>
    <points frame="246" outside="0" occluded="0" keyframe="0" points="459.03,651.25" z_order="0">
    </points>
    <points frame="247" outside="0" occluded="0" keyframe="0" points="459.12,651.27" z_order="0">
    </points>
    <points frame="248" outside="0" occluded="0" keyframe="0" points="459.21,651.29" z_order="0">
    </points>
    <points frame="249" outside="0" occluded="0" keyframe="0" points="459.31,651.31" z_order="0">
    </points>
    <points frame="250" outside="0" occluded="0" keyframe="0" points="459.40,651.33" z_order="0">
    </points>
    <points frame="251" outside="0" occluded="0" keyframe="0" points="459.49,651.35" z_order="0">
    </points>
    <points frame="252" outside="0" occluded="0" keyframe="0" points="459.58,651.36" z_order="0">
    </points>
    <points frame="253" outside="0" occluded="0" keyframe="0" points="459.67,651.38" z_order="0">
    </points>
    <points frame="254" outside="0" occluded="0" keyframe="0" points="459.77,651.40" z_order="0">
    </points>
    <points frame="255" outside="0" occluded="0" keyframe="0" points="459.86,651.42" z_order="0">
    </points>
    <points frame="256" outside="0" occluded="0" keyframe="0" points="459.95,651.44" z_order="0">
    </points>
    <points frame="257" outside="0" occluded="0" keyframe="0" points="460.04,651.46" z_order="0">
    </points>
    <points frame="258" outside="0" occluded="0" keyframe="0" points="460.13,651.48" z_order="0">
    </points>
    <points frame="259" outside="0" occluded="0" keyframe="0" points="460.23,651.50" z_order="0">
    </points>
    <points frame="260" outside="0" occluded="0" keyframe="0" points="460.32,651.52" z_order="0">
    </points>
    <points frame="261" outside="0" occluded="0" keyframe="0" points="460.41,651.53" z_order="0">
    </points>
    <points frame="262" outside="0" occluded="0" keyframe="0" points="460.50,651.55" z_order="0">
    </points>
    <points frame="263" outside="0" occluded="0" keyframe="0" points="460.59,651.57" z_order="0">
    </points>
    <points frame="264" outside="0" occluded="0" keyframe="0" points="460.69,651.59" z_order="0">
    </points>
    <points frame="265" outside="0" occluded="0" keyframe="0" points="460.78,651.61" z_order="0">
    </points>
    <points frame="266" outside="0" occluded="0" keyframe="0" points="460.87,651.63" z_order="0">
    </points>
    <points frame="267" outside="0" occluded="0" keyframe="0" points="460.96,651.65" z_order="0">
    </points>
    <points frame="268" outside="0" occluded="0" keyframe="0" points="461.06,651.67" z_order="0">
    </points>
    <points frame="269" outside="0" occluded="0" keyframe="0" points="461.15,651.69" z_order="0">
    </points>
    <points frame="270" outside="0" occluded="0" keyframe="0" points="461.24,651.71" z_order="0">
    </points>
    <points frame="271" outside="0" occluded="0" keyframe="0" points="461.33,651.72" z_order="0">
    </points>
    <points frame="272" outside="0" occluded="0" keyframe="0" points="461.42,651.74" z_order="0">
    </points>
    <points frame="273" outside="0" occluded="0" keyframe="0" points="461.52,651.76" z_order="0">
    </points>
    <points frame="274" outside="0" occluded="0" keyframe="0" points="461.61,651.78" z_order="0">
    </points>
    <points frame="275" outside="0" occluded="0" keyframe="1" points="461.70,651.80" z_order="0">
    </points>
    <points frame="276" outside="0" occluded="0" keyframe="0" points="462.76,650.55" z_order="0">
    </points>
    <points frame="277" outside="0" occluded="0" keyframe="0" points="463.82,649.30" z_order="0">
    </points>
    <points frame="278" outside="0" occluded="0" keyframe="0" points="464.88,648.05" z_order="0">
    </points>
    <points frame="279" outside="0" occluded="0" keyframe="0" points="465.94,646.80" z_order="0">
    </points>
    <points frame="280" outside="0" occluded="0" keyframe="0" points="467.00,645.55" z_order="0">
    </points>
    <points frame="281" outside="0" occluded="0" keyframe="0" points="468.06,644.30" z_order="0">
    </points>
    <points frame="282" outside="0" occluded="0" keyframe="0" points="469.12,643.05" z_order="0">
    </points>
    <points frame="283" outside="0" occluded="0" keyframe="0" points="470.18,641.80" z_order="0">
    </points>
    <points frame="284" outside="0" occluded="0" keyframe="0" points="471.24,640.55" z_order="0">
    </points>
    <points frame="285" outside="0" occluded="0" keyframe="1" points="472.30,639.30" z_order="0">
    </points>
    <points frame="286" outside="0" occluded="0" keyframe="0" points="469.35,640.44" z_order="0">
    </points>
    <points frame="287" outside="0" occluded="0" keyframe="0" points="466.40,641.58" z_order="0">
    </points>
    <points frame="288" outside="0" occluded="0" keyframe="0" points="463.45,642.72" z_order="0">
    </points>
    <points frame="289" outside="0" occluded="0" keyframe="0" points="460.50,643.86" z_order="0">
    </points>
    <points frame="290" outside="0" occluded="0" keyframe="0" points="457.55,645.00" z_order="0">
    </points>
    <points frame="291" outside="0" occluded="0" keyframe="0" points="454.60,646.14" z_order="0">
    </points>
    <points frame="292" outside="0" occluded="0" keyframe="0" points="451.65,647.28" z_order="0">
    </points>
    <points frame="293" outside="0" occluded="0" keyframe="0" points="448.70,648.42" z_order="0">
    </points>
    <points frame="294" outside="0" occluded="0" keyframe="0" points="445.75,649.56" z_order="0">
    </points>
    <points frame="295" outside="0" occluded="0" keyframe="1" points="442.80,650.70" z_order="0">
    </points>
    <points frame="296" outside="0" occluded="0" keyframe="0" points="442.19,651.01" z_order="0">
    </points>
    <points frame="297" outside="0" occluded="0" keyframe="0" points="441.58,651.32" z_order="0">
    </points>
    <points frame="298" outside="0" occluded="0" keyframe="0" points="440.97,651.63" z_order="0">
    </points>
    <points frame="299" outside="0" occluded="0" keyframe="0" points="440.36,651.94" z_order="0">
    </points>
    <points frame="300" outside="0" occluded="0" keyframe="0" points="439.75,652.25" z_order="0">
    </points>
    <points frame="301" outside="0" occluded="0" keyframe="0" points="439.14,652.56" z_order="0">
    </points>
    <points frame="302" outside="0" occluded="0" keyframe="0" points="438.53,652.87" z_order="0">
    </points>
    <points frame="303" outside="0" occluded="0" keyframe="0" points="437.92,653.18" z_order="0">
    </points>
    <points frame="304" outside="0" occluded="0" keyframe="0" points="437.31,653.49" z_order="0">
    </points>
    <points frame="305" outside="0" occluded="0" keyframe="1" points="436.70,653.80" z_order="0">
    </points>
    <points frame="306" outside="0" occluded="0" keyframe="0" points="436.70,653.63" z_order="0">
    </points>
    <points frame="307" outside="0" occluded="0" keyframe="0" points="436.70,653.45" z_order="0">
    </points>
    <points frame="308" outside="0" occluded="0" keyframe="0" points="436.70,653.28" z_order="0">
    </points>
    <points frame="309" outside="0" occluded="0" keyframe="0" points="436.70,653.10" z_order="0">
    </points>
    <points frame="310" outside="0" occluded="0" keyframe="0" points="436.70,652.93" z_order="0">
    </points>
    <points frame="311" outside="0" occluded="0" keyframe="0" points="436.70,652.75" z_order="0">
    </points>
    <points frame="312" outside="0" occluded="0" keyframe="0" points="436.70,652.58" z_order="0">
    </points>
    <points frame="313" outside="0" occluded="0" keyframe="0" points="436.70,652.40" z_order="0">
    </points>
    <points frame="314" outside="0" occluded="0" keyframe="0" points="436.70,652.23" z_order="0">
    </points>
    <points frame="315" outside="0" occluded="0" keyframe="0" points="436.70,652.05" z_order="0">
    </points>
    <points frame="316" outside="0" occluded="0" keyframe="0" points="436.70,651.88" z_order="0">
    </points>
    <points frame="317" outside="0" occluded="0" keyframe="0" points="436.70,651.70" z_order="0">
    </points>
    <points frame="318" outside="0" occluded="0" keyframe="0" points="436.70,651.53" z_order="0">
    </points>
    <points frame="319" outside="0" occluded="0" keyframe="0" points="436.70,651.35" z_order="0">
    </points>
    <points frame="320" outside="0" occluded="0" keyframe="0" points="436.70,651.18" z_order="0">
    </points>
    <points frame="321" outside="0" occluded="0" keyframe="0" points="436.70,651.00" z_order="0">
    </points>
    <points frame="322" outside="0" occluded="0" keyframe="0" points="436.70,650.83" z_order="0">
    </points>
    <points frame="323" outside="0" occluded="0" keyframe="0" points="436.70,650.65" z_order="0">
    </points>
    <points frame="324" outside="0" occluded="0" keyframe="0" points="436.70,650.48" z_order="0">
    </points>
    <points frame="325" outside="0" occluded="0" keyframe="1" points="436.70,650.30" z_order="0">
    </points>
    <points frame="326" outside="0" occluded="0" keyframe="0" points="437.04,649.95" z_order="0">
    </points>
    <points frame="327" outside="0" occluded="0" keyframe="0" points="437.38,649.60" z_order="0">
    </points>
    <points frame="328" outside="0" occluded="0" keyframe="0" points="437.72,649.25" z_order="0">
    </points>
    <points frame="329" outside="0" occluded="0" keyframe="0" points="438.06,648.90" z_order="0">
    </points>
    <points frame="330" outside="0" occluded="0" keyframe="0" points="438.40,648.55" z_order="0">
    </points>
    <points frame="331" outside="0" occluded="0" keyframe="0" points="438.74,648.20" z_order="0">
    </points>
    <points frame="332" outside="0" occluded="0" keyframe="0" points="439.08,647.85" z_order="0">
    </points>
    <points frame="333" outside="0" occluded="0" keyframe="0" points="439.42,647.50" z_order="0">
    </points>
    <points frame="334" outside="0" occluded="0" keyframe="0" points="439.76,647.15" z_order="0">
    </points>
    <points frame="335" outside="0" occluded="0" keyframe="0" points="440.10,646.80" z_order="0">
    </points>
    <points frame="336" outside="0" occluded="0" keyframe="0" points="440.44,646.45" z_order="0">
    </points>
    <points frame="337" outside="0" occluded="0" keyframe="0" points="440.78,646.10" z_order="0">
    </points>
    <points frame="338" outside="0" occluded="0" keyframe="0" points="441.12,645.75" z_order="0">
    </points>
    <points frame="339" outside="0" occluded="0" keyframe="0" points="441.46,645.40" z_order="0">
    </points>
    <points frame="340" outside="0" occluded="0" keyframe="0" points="441.80,645.05" z_order="0">
    </points>
    <points frame="341" outside="0" occluded="0" keyframe="0" points="442.14,644.70" z_order="0">
    </points>
    <points frame="342" outside="0" occluded="0" keyframe="0" points="442.48,644.35" z_order="0">
    </points>
    <points frame="343" outside="0" occluded="0" keyframe="0" points="442.82,644.00" z_order="0">
    </points>
    <points frame="344" outside="0" occluded="0" keyframe="0" points="443.16,643.65" z_order="0">
    </points>
    <points frame="345" outside="0" occluded="0" keyframe="1" points="443.50,643.30" z_order="0">
    </points>
    <points frame="346" outside="0" occluded="0" keyframe="0" points="442.85,641.05" z_order="0">
    </points>
    <points frame="347" outside="0" occluded="0" keyframe="1" points="442.20,638.80" z_order="0">
    </points>
  </track>
  <track id="1" label="HB" source="manual">
    <points frame="0" outside="0" occluded="0" keyframe="1" points="672.52,504.65" z_order="0">
    </points>
    <points frame="1" outside="0" occluded="0" keyframe="0" points="670.80,504.52" z_order="0">
    </points>
    <points frame="2" outside="0" occluded="0" keyframe="0" points="669.08,504.40" z_order="0">
    </points>
    <points frame="3" outside="0" occluded="0" keyframe="0" points="667.36,504.27" z_order="0">
    </points>
    <points frame="4" outside="0" occluded="0" keyframe="0" points="665.63,504.15" z_order="0">
    </points>
    <points frame="5" outside="0" occluded="0" keyframe="0" points="663.91,504.02" z_order="0">
    </points>
    <points frame="6" outside="0" occluded="0" keyframe="0" points="662.19,503.90" z_order="0">
    </points>
    <points frame="7" outside="0" occluded="0" keyframe="0" points="660.47,503.77" z_order="0">
    </points>
    <points frame="8" outside="0" occluded="0" keyframe="0" points="658.74,503.65" z_order="0">
    </points>
    <points frame="9" outside="0" occluded="0" keyframe="0" points="657.02,503.52" z_order="0">
    </points>
    <points frame="10" outside="0" occluded="0" keyframe="1" points="655.30,503.40" z_order="0">
    </points>
    <points frame="11" outside="0" occluded="0" keyframe="0" points="655.92,503.28" z_order="0">
    </points>
    <points frame="12" outside="0" occluded="0" keyframe="0" points="656.53,503.16" z_order="0">
    </points>
    <points frame="13" outside="0" occluded="0" keyframe="0" points="657.15,503.04" z_order="0">
    </points>
    <points frame="14" outside="0" occluded="0" keyframe="0" points="657.76,502.92" z_order="0">
    </points>
    <points frame="15" outside="0" occluded="0" keyframe="0" points="658.38,502.80" z_order="0">
    </points>
    <points frame="16" outside="0" occluded="0" keyframe="0" points="658.99,502.68" z_order="0">
    </points>
    <points frame="17" outside="0" occluded="0" keyframe="0" points="659.61,502.56" z_order="0">
    </points>
    <points frame="18" outside="0" occluded="0" keyframe="0" points="660.22,502.44" z_order="0">
    </points>
    <points frame="19" outside="0" occluded="0" keyframe="0" points="660.84,502.32" z_order="0">
    </points>
    <points frame="20" outside="0" occluded="0" keyframe="0" points="661.45,502.20" z_order="0">
    </points>
    <points frame="21" outside="0" occluded="0" keyframe="0" points="662.07,502.08" z_order="0">
    </points>
    <points frame="22" outside="0" occluded="0" keyframe="0" points="662.68,501.96" z_order="0">
    </points>
    <points frame="23" outside="0" occluded="0" keyframe="0" points="663.30,501.84" z_order="0">
    </points>
    <points frame="24" outside="0" occluded="0" keyframe="0" points="663.91,501.72" z_order="0">
    </points>
    <points frame="25" outside="0" occluded="0" keyframe="0" points="664.53,501.60" z_order="0">
    </points>
    <points frame="26" outside="0" occluded="0" keyframe="0" points="665.14,501.48" z_order="0">
    </points>
    <points frame="27" outside="0" occluded="0" keyframe="0" points="665.76,501.36" z_order="0">
    </points>
    <points frame="28" outside="0" occluded="0" keyframe="0" points="666.37,501.24" z_order="0">
    </points>
    <points frame="29" outside="0" occluded="0" keyframe="0" points="666.99,501.12" z_order="0">
    </points>
    <points frame="30" outside="0" occluded="0" keyframe="1" points="667.60,501.00" z_order="0">
    </points>
    <points frame="31" outside="0" occluded="0" keyframe="0" points="666.25,501.37" z_order="0">
    </points>
    <points frame="32" outside="0" occluded="0" keyframe="0" points="664.90,501.74" z_order="0">
    </points>
    <points frame="33" outside="0" occluded="0" keyframe="0" points="663.55,502.11" z_order="0">
    </points>
    <points frame="34" outside="0" occluded="0" keyframe="0" points="662.20,502.48" z_order="0">
    </points>
    <points frame="35" outside="0" occluded="0" keyframe="0" points="660.85,502.85" z_order="0">
    </points>
    <points frame="36" outside="0" occluded="0" keyframe="0" points="659.50,503.22" z_order="0">
    </points>
    <points frame="37" outside="0" occluded="0" keyframe="0" points="658.15,503.59" z_order="0">
    </points>
    <points frame="38" outside="0" occluded="0" keyframe="0" points="656.80,503.96" z_order="0">
    </points>
    <points frame="39" outside="0" occluded="0" keyframe="0" points="655.45,504.33" z_order="0">
    </points>
    <points frame="40" outside="0" occluded="0" keyframe="1" points="654.10,504.70" z_order="0">
    </points>
    <points frame="41" outside="0" occluded="0" keyframe="0" points="654.84,504.70" z_order="0">
    </points>
    <points frame="42" outside="0" occluded="0" keyframe="0" points="655.58,504.70" z_order="0">
    </points>
    <points frame="43" outside="0" occluded="0" keyframe="0" points="656.32,504.70" z_order="0">
    </points>
    <points frame="44" outside="0" occluded="0" keyframe="0" points="657.06,504.70" z_order="0">
    </points>
    <points frame="45" outside="0" occluded="0" keyframe="0" points="657.80,504.70" z_order="0">
    </points>
    <points frame="46" outside="0" occluded="0" keyframe="0" points="658.54,504.70" z_order="0">
    </points>
    <points frame="47" outside="0" occluded="0" keyframe="0" points="659.28,504.70" z_order="0">
    </points>
    <points frame="48" outside="0" occluded="0" keyframe="0" points="660.02,504.70" z_order="0">
    </points>
    <points frame="49" outside="0" occluded="0" keyframe="0" points="660.76,504.70" z_order="0">
    </points>
    <points frame="50" outside="0" occluded="0" keyframe="1" points="661.50,504.70" z_order="0">
    </points>
    <points frame="51" outside="0" occluded="0" keyframe="0" points="656.50,499.95" z_order="0">
    </points>
    <points frame="52" outside="0" occluded="0" keyframe="1" points="651.50,495.20" z_order="0">
    </points>
    <points frame="53" outside="0" occluded="0" keyframe="1" points="644.60,490.50" z_order="0">
    </points>
    <points frame="54" outside="0" occluded="0" keyframe="1" points="625.90,497.30" z_order="0">
    </points>
    <points frame="55" outside="0" occluded="0" keyframe="1" points="626.20,497.00" z_order="0">
    </points>
    <points frame="56" outside="0" occluded="0" keyframe="1" points="631.00,495.40" z_order="0">
    </points>
    <points frame="57" outside="0" occluded="0" keyframe="0" points="630.85,497.95" z_order="0">
    </points>
    <points frame="58" outside="0" occluded="0" keyframe="1" points="630.70,500.50" z_order="0">
    </points>
    <points frame="59" outside="0" occluded="0" keyframe="0" points="630.70,500.75" z_order="0">
    </points>
    <points frame="60" outside="0" occluded="0" keyframe="1" points="630.70,501.00" z_order="0">
    </points>
    <points frame="61" outside="0" occluded="0" keyframe="1" points="641.40,501.10" z_order="0">
    </points>
    <points frame="62" outside="0" occluded="0" keyframe="0" points="644.43,506.57" z_order="0">
    </points>
    <points frame="63" outside="0" occluded="0" keyframe="0" points="647.47,512.03" z_order="0">
    </points>
    <points frame="64" outside="0" occluded="0" keyframe="1" points="650.50,517.50" z_order="0">
    </points>
    <points frame="65" outside="0" occluded="0" keyframe="0" points="648.63,514.95" z_order="0">
    </points>
    <points frame="66" outside="0" occluded="0" keyframe="0" points="646.77,512.40" z_order="0">
    </points>
    <points frame="67" outside="0" occluded="0" keyframe="0" points="644.90,509.85" z_order="0">
    </points>
    <points frame="68" outside="0" occluded="0" keyframe="0" points="643.03,507.30" z_order="0">
    </points>
    <points frame="69" outside="0" occluded="0" keyframe="0" points="641.17,504.75" z_order="0">
    </points>
    <points frame="70" outside="0" occluded="0" keyframe="1" points="639.30,502.20" z_order="0">
    </points>
    <points frame="71" outside="0" occluded="0" keyframe="0" points="637.70,502.20" z_order="0">
    </points>
    <points frame="72" outside="0" occluded="0" keyframe="0" points="636.10,502.20" z_order="0">
    </points>
    <points frame="73" outside="0" occluded="0" keyframe="0" points="634.50,502.20" z_order="0">
    </points>
    <points frame="74" outside="0" occluded="0" keyframe="0" points="632.90,502.20" z_order="0">
    </points>
    <points frame="75" outside="0" occluded="0" keyframe="0" points="631.30,502.20" z_order="0">
    </points>
    <points frame="76" outside="0" occluded="0" keyframe="0" points="629.70,502.20" z_order="0">
    </points>
    <points frame="77" outside="0" occluded="0" keyframe="0" points="628.10,502.20" z_order="0">
    </points>
    <points frame="78" outside="0" occluded="0" keyframe="0" points="626.50,502.20" z_order="0">
    </points>
    <points frame="79" outside="0" occluded="0" keyframe="0" points="624.90,502.20" z_order="0">
    </points>
    <points frame="80" outside="0" occluded="0" keyframe="1" points="623.30,502.20" z_order="0">
    </points>
    <points frame="81" outside="0" occluded="0" keyframe="0" points="622.68,502.08" z_order="0">
    </points>
    <points frame="82" outside="0" occluded="0" keyframe="0" points="622.06,501.96" z_order="0">
    </points>
    <points frame="83" outside="0" occluded="0" keyframe="0" points="621.44,501.84" z_order="0">
    </points>
    <points frame="84" outside="0" occluded="0" keyframe="0" points="620.82,501.72" z_order="0">
    </points>
    <points frame="85" outside="0" occluded="0" keyframe="0" points="620.20,501.60" z_order="0">
    </points>
    <points frame="86" outside="0" occluded="0" keyframe="0" points="619.58,501.48" z_order="0">
    </points>
    <points frame="87" outside="0" occluded="0" keyframe="0" points="618.96,501.36" z_order="0">
    </points>
    <points frame="88" outside="0" occluded="0" keyframe="0" points="618.34,501.24" z_order="0">
    </points>
    <points frame="89" outside="0" occluded="0" keyframe="0" points="617.72,501.12" z_order="0">
    </points>
    <points frame="90" outside="0" occluded="0" keyframe="1" points="617.10,501.00" z_order="0">
    </points>
    <points frame="91" outside="0" occluded="0" keyframe="0" points="617.04,501.12" z_order="0">
    </points>
    <points frame="92" outside="0" occluded="0" keyframe="0" points="616.98,501.25" z_order="0">
    </points>
    <points frame="93" outside="0" occluded="0" keyframe="0" points="616.92,501.38" z_order="0">
    </points>
    <points frame="94" outside="0" occluded="0" keyframe="0" points="616.86,501.50" z_order="0">
    </points>
    <points frame="95" outside="0" occluded="0" keyframe="0" points="616.80,501.62" z_order="0">
    </points>
    <points frame="96" outside="0" occluded="0" keyframe="0" points="616.74,501.75" z_order="0">
    </points>
    <points frame="97" outside="0" occluded="0" keyframe="0" points="616.68,501.88" z_order="0">
    </points>
    <points frame="98" outside="0" occluded="0" keyframe="0" points="616.62,502.00" z_order="0">
    </points>
    <points frame="99" outside="0" occluded="0" keyframe="0" points="616.56,502.12" z_order="0">
    </points>
    <points frame="100" outside="0" occluded="0" keyframe="0" points="616.50,502.25" z_order="0">
    </points>
    <points frame="101" outside="0" occluded="0" keyframe="0" points="616.44,502.38" z_order="0">
    </points>
    <points frame="102" outside="0" occluded="0" keyframe="0" points="616.38,502.50" z_order="0">
    </points>
    <points frame="103" outside="0" occluded="0" keyframe="0" points="616.32,502.62" z_order="0">
    </points>
    <points frame="104" outside="0" occluded="0" keyframe="0" points="616.26,502.75" z_order="0">
    </points>
    <points frame="105" outside="0" occluded="0" keyframe="0" points="616.20,502.88" z_order="0">
    </points>
    <points frame="106" outside="0" occluded="0" keyframe="0" points="616.14,503.00" z_order="0">
    </points>
    <points frame="107" outside="0" occluded="0" keyframe="0" points="616.08,503.12" z_order="0">
    </points>
    <points frame="108" outside="0" occluded="0" keyframe="0" points="616.02,503.25" z_order="0">
    </points>
    <points frame="109" outside="0" occluded="0" keyframe="0" points="615.96,503.38" z_order="0">
    </points>
    <points frame="110" outside="0" occluded="0" keyframe="1" points="615.90,503.50" z_order="0">
    </points>
    <points frame="111" outside="0" occluded="0" keyframe="0" points="615.98,503.13" z_order="0">
    </points>
    <points frame="112" outside="0" occluded="0" keyframe="0" points="616.06,502.77" z_order="0">
    </points>
    <points frame="113" outside="0" occluded="0" keyframe="0" points="616.13,502.40" z_order="0">
    </points>
    <points frame="114" outside="0" occluded="0" keyframe="0" points="616.21,502.03" z_order="0">
    </points>
    <points frame="115" outside="0" occluded="0" keyframe="0" points="616.29,501.67" z_order="0">
    </points>
    <points frame="116" outside="0" occluded="0" keyframe="0" points="616.37,501.30" z_order="0">
    </points>
    <points frame="117" outside="0" occluded="0" keyframe="0" points="616.44,500.93" z_order="0">
    </points>
    <points frame="118" outside="0" occluded="0" keyframe="0" points="616.52,500.57" z_order="0">
    </points>
    <points frame="119" outside="0" occluded="0" keyframe="0" points="616.60,500.20" z_order="0">
    </points>
    <points frame="120" outside="0" occluded="0" keyframe="0" points="616.68,499.83" z_order="0">
    </points>
    <points frame="121" outside="0" occluded="0" keyframe="0" points="616.76,499.47" z_order="0">
    </points>
    <points frame="122" outside="0" occluded="0" keyframe="0" points="616.83,499.10" z_order="0">
    </points>
    <points frame="123" outside="0" occluded="0" keyframe="0" points="616.91,498.73" z_order="0">
    </points>
    <points frame="124" outside="0" occluded="0" keyframe="0" points="616.99,498.37" z_order="0">
    </points>
    <points frame="125" outside="0" occluded="0" keyframe="0" points="617.07,498.00" z_order="0">
    </points>
    <points frame="126" outside="0" occluded="0" keyframe="0" points="617.14,497.63" z_order="0">
    </points>
    <points frame="127" outside="0" occluded="0" keyframe="0" points="617.22,497.27" z_order="0">
    </points>
    <points frame="128" outside="0" occluded="0" keyframe="1" points="617.30,496.90" z_order="0">
    </points>
    <points frame="129" outside="0" occluded="0" keyframe="0" points="615.33,498.07" z_order="0">
    </points>
    <points frame="130" outside="0" occluded="0" keyframe="0" points="613.37,499.23" z_order="0">
    </points>
    <points frame="131" outside="0" occluded="0" keyframe="0" points="611.40,500.40" z_order="0">
    </points>
    <points frame="132" outside="0" occluded="0" keyframe="0" points="609.43,501.57" z_order="0">
    </points>
    <points frame="133" outside="0" occluded="0" keyframe="0" points="607.47,502.73" z_order="0">
    </points>
    <points frame="134" outside="0" occluded="0" keyframe="0" points="605.50,503.90" z_order="0">
    </points>
    <points frame="135" outside="0" occluded="0" keyframe="0" points="603.53,505.07" z_order="0">
    </points>
    <points frame="136" outside="0" occluded="0" keyframe="0" points="601.57,506.23" z_order="0">
    </points>
    <points frame="137" outside="0" occluded="0" keyframe="0" points="599.60,507.40" z_order="0">
    </points>
    <points frame="138" outside="0" occluded="0" keyframe="0" points="597.63,508.57" z_order="0">
    </points>
    <points frame="139" outside="0" occluded="0" keyframe="0" points="595.67,509.73" z_order="0">
    </points>
    <points frame="140" outside="0" occluded="0" keyframe="1" points="593.70,510.90" z_order="0">
    </points>
    <points frame="141" outside="0" occluded="0" keyframe="0" points="594.19,511.15" z_order="0">
    </points>
    <points frame="142" outside="0" occluded="0" keyframe="0" points="594.68,511.40" z_order="0">
    </points>
    <points frame="143" outside="0" occluded="0" keyframe="0" points="595.17,511.65" z_order="0">
    </points>
    <points frame="144" outside="0" occluded="0" keyframe="0" points="595.66,511.90" z_order="0">
    </points>
    <points frame="145" outside="0" occluded="0" keyframe="0" points="596.15,512.15" z_order="0">
    </points>
    <points frame="146" outside="0" occluded="0" keyframe="0" points="596.64,512.40" z_order="0">
    </points>
    <points frame="147" outside="0" occluded="0" keyframe="0" points="597.13,512.65" z_order="0">
    </points>
    <points frame="148" outside="0" occluded="0" keyframe="0" points="597.62,512.90" z_order="0">
    </points>
    <points frame="149" outside="0" occluded="0" keyframe="0" points="598.11,513.15" z_order="0">
    </points>
    <points frame="150" outside="0" occluded="0" keyframe="1" points="598.60,513.40" z_order="0">
    </points>
    <points frame="151" outside="0" occluded="0" keyframe="0" points="596.88,513.40" z_order="0">
    </points>
    <points frame="152" outside="0" occluded="0" keyframe="0" points="595.16,513.40" z_order="0">
    </points>
    <points frame="153" outside="0" occluded="0" keyframe="0" points="593.44,513.40" z_order="0">
    </points>
    <points frame="154" outside="0" occluded="0" keyframe="0" points="591.72,513.40" z_order="0">
    </points>
    <points frame="155" outside="0" occluded="0" keyframe="0" points="590.00,513.40" z_order="0">
    </points>
    <points frame="156" outside="0" occluded="0" keyframe="0" points="588.28,513.40" z_order="0">
    </points>
    <points frame="157" outside="0" occluded="0" keyframe="0" points="586.56,513.40" z_order="0">
    </points>
    <points frame="158" outside="0" occluded="0" keyframe="0" points="584.84,513.40" z_order="0">
    </points>
    <points frame="159" outside="0" occluded="0" keyframe="0" points="583.12,513.40" z_order="0">
    </points>
    <points frame="160" outside="0" occluded="0" keyframe="1" points="581.40,513.40" z_order="0">
    </points>
    <points frame="161" outside="0" occluded="0" keyframe="0" points="581.03,513.40" z_order="0">
    </points>
    <points frame="162" outside="0" occluded="0" keyframe="0" points="580.66,513.40" z_order="0">
    </points>
    <points frame="163" outside="0" occluded="0" keyframe="0" points="580.29,513.40" z_order="0">
    </points>
    <points frame="164" outside="0" occluded="0" keyframe="0" points="579.92,513.40" z_order="0">
    </points>
    <points frame="165" outside="0" occluded="0" keyframe="0" points="579.55,513.40" z_order="0">
    </points>
    <points frame="166" outside="0" occluded="0" keyframe="0" points="579.18,513.40" z_order="0">
    </points>
    <points frame="167" outside="0" occluded="0" keyframe="0" points="578.81,513.40" z_order="0">
    </points>
    <points frame="168" outside="0" occluded="0" keyframe="0" points="578.44,513.40" z_order="0">
    </points>
    <points frame="169" outside="0" occluded="0" keyframe="0" points="578.07,513.40" z_order="0">
    </points>
    <points frame="170" outside="0" occluded="0" keyframe="1" points="577.70,513.40" z_order="0">
    </points>
    <points frame="171" outside="0" occluded="0" keyframe="0" points="577.82,513.40" z_order="0">
    </points>
    <points frame="172" outside="0" occluded="0" keyframe="0" points="577.94,513.40" z_order="0">
    </points>
    <points frame="173" outside="0" occluded="0" keyframe="0" points="578.06,513.40" z_order="0">
    </points>
    <points frame="174" outside="0" occluded="0" keyframe="0" points="578.18,513.40" z_order="0">
    </points>
    <points frame="175" outside="0" occluded="0" keyframe="0" points="578.30,513.40" z_order="0">
    </points>
    <points frame="176" outside="0" occluded="0" keyframe="0" points="578.42,513.40" z_order="0">
    </points>
    <points frame="177" outside="0" occluded="0" keyframe="0" points="578.54,513.40" z_order="0">
    </points>
    <points frame="178" outside="0" occluded="0" keyframe="0" points="578.66,513.40" z_order="0">
    </points>
    <points frame="179" outside="0" occluded="0" keyframe="0" points="578.78,513.40" z_order="0">
    </points>
    <points frame="180" outside="0" occluded="0" keyframe="1" points="578.90,513.40" z_order="0">
    </points>
    <points frame="181" outside="0" occluded="0" keyframe="0" points="580.38,513.40" z_order="0">
    </points>
    <points frame="182" outside="0" occluded="0" keyframe="0" points="581.86,513.40" z_order="0">
    </points>
    <points frame="183" outside="0" occluded="0" keyframe="0" points="583.34,513.40" z_order="0">
    </points>
    <points frame="184" outside="0" occluded="0" keyframe="0" points="584.82,513.40" z_order="0">
    </points>
    <points frame="185" outside="0" occluded="0" keyframe="0" points="586.30,513.40" z_order="0">
    </points>
    <points frame="186" outside="0" occluded="0" keyframe="0" points="587.78,513.40" z_order="0">
    </points>
    <points frame="187" outside="0" occluded="0" keyframe="0" points="589.26,513.40" z_order="0">
    </points>
    <points frame="188" outside="0" occluded="0" keyframe="0" points="590.74,513.40" z_order="0">
    </points>
    <points frame="189" outside="0" occluded="0" keyframe="0" points="592.22,513.40" z_order="0">
    </points>
    <points frame="190" outside="0" occluded="0" keyframe="1" points="593.70,513.40" z_order="0">
    </points>
    <points frame="191" outside="0" occluded="0" keyframe="0" points="594.81,513.40" z_order="0">
    </points>
    <points frame="192" outside="0" occluded="0" keyframe="0" points="595.92,513.40" z_order="0">
    </points>
    <points frame="193" outside="0" occluded="0" keyframe="0" points="597.03,513.40" z_order="0">
    </points>
    <points frame="194" outside="0" occluded="0" keyframe="0" points="598.14,513.40" z_order="0">
    </points>
    <points frame="195" outside="0" occluded="0" keyframe="0" points="599.25,513.40" z_order="0">
    </points>
    <points frame="196" outside="0" occluded="0" keyframe="0" points="600.36,513.40" z_order="0">
    </points>
    <points frame="197" outside="0" occluded="0" keyframe="0" points="601.47,513.40" z_order="0">
    </points>
    <points frame="198" outside="0" occluded="0" keyframe="0" points="602.58,513.40" z_order="0">
    </points>
    <points frame="199" outside="0" occluded="0" keyframe="0" points="603.69,513.40" z_order="0">
    </points>
    <points frame="200" outside="0" occluded="0" keyframe="1" points="604.80,513.40" z_order="0">
    </points>
    <points frame="201" outside="0" occluded="0" keyframe="0" points="603.45,514.26" z_order="0">
    </points>
    <points frame="202" outside="0" occluded="0" keyframe="0" points="602.10,515.12" z_order="0">
    </points>
    <points frame="203" outside="0" occluded="0" keyframe="0" points="600.75,515.98" z_order="0">
    </points>
    <points frame="204" outside="0" occluded="0" keyframe="0" points="599.40,516.84" z_order="0">
    </points>
    <points frame="205" outside="0" occluded="0" keyframe="0" points="598.05,517.70" z_order="0">
    </points>
    <points frame="206" outside="0" occluded="0" keyframe="0" points="596.70,518.56" z_order="0">
    </points>
    <points frame="207" outside="0" occluded="0" keyframe="0" points="595.35,519.42" z_order="0">
    </points>
    <points frame="208" outside="0" occluded="0" keyframe="0" points="594.00,520.28" z_order="0">
    </points>
    <points frame="209" outside="0" occluded="0" keyframe="0" points="592.65,521.14" z_order="0">
    </points>
    <points frame="210" outside="0" occluded="0" keyframe="1" points="591.30,522.00" z_order="0">
    </points>
    <points frame="211" outside="0" occluded="0" keyframe="0" points="591.67,521.88" z_order="0">
    </points>
    <points frame="212" outside="0" occluded="0" keyframe="0" points="592.04,521.76" z_order="0">
    </points>
    <points frame="213" outside="0" occluded="0" keyframe="0" points="592.41,521.64" z_order="0">
    </points>
    <points frame="214" outside="0" occluded="0" keyframe="0" points="592.78,521.52" z_order="0">
    </points>
    <points frame="215" outside="0" occluded="0" keyframe="0" points="593.15,521.40" z_order="0">
    </points>
    <points frame="216" outside="0" occluded="0" keyframe="0" points="593.52,521.28" z_order="0">
    </points>
    <points frame="217" outside="0" occluded="0" keyframe="0" points="593.89,521.16" z_order="0">
    </points>
    <points frame="218" outside="0" occluded="0" keyframe="0" points="594.26,521.04" z_order="0">
    </points>
    <points frame="219" outside="0" occluded="0" keyframe="0" points="594.63,520.92" z_order="0">
    </points>
    <points frame="220" outside="0" occluded="0" keyframe="1" points="595.00,520.80" z_order="0">
    </points>
    <points frame="221" outside="0" occluded="0" keyframe="0" points="597.09,520.80" z_order="0">
    </points>
    <points frame="222" outside="0" occluded="0" keyframe="0" points="599.18,520.80" z_order="0">
    </points>
    <points frame="223" outside="0" occluded="0" keyframe="0" points="601.27,520.80" z_order="0">
    </points>
    <points frame="224" outside="0" occluded="0" keyframe="0" points="603.36,520.80" z_order="0">
    </points>
    <points frame="225" outside="0" occluded="0" keyframe="0" points="605.45,520.80" z_order="0">
    </points>
    <points frame="226" outside="0" occluded="0" keyframe="0" points="607.54,520.80" z_order="0">
    </points>
    <points frame="227" outside="0" occluded="0" keyframe="0" points="609.63,520.80" z_order="0">
    </points>
    <points frame="228" outside="0" occluded="0" keyframe="0" points="611.72,520.80" z_order="0">
    </points>
    <points frame="229" outside="0" occluded="0" keyframe="0" points="613.81,520.80" z_order="0">
    </points>
    <points frame="230" outside="0" occluded="0" keyframe="1" points="615.90,520.80" z_order="0">
    </points>
    <points frame="231" outside="0" occluded="0" keyframe="0" points="615.90,520.43" z_order="0">
    </points>
    <points frame="232" outside="0" occluded="0" keyframe="0" points="615.90,520.06" z_order="0">
    </points>
    <points frame="233" outside="0" occluded="0" keyframe="0" points="615.90,519.69" z_order="0">
    </points>
    <points frame="234" outside="0" occluded="0" keyframe="0" points="615.90,519.32" z_order="0">
    </points>
    <points frame="235" outside="0" occluded="0" keyframe="0" points="615.90,518.95" z_order="0">
    </points>
    <points frame="236" outside="0" occluded="0" keyframe="0" points="615.90,518.58" z_order="0">
    </points>
    <points frame="237" outside="0" occluded="0" keyframe="0" points="615.90,518.21" z_order="0">
    </points>
    <points frame="238" outside="0" occluded="0" keyframe="0" points="615.90,517.84" z_order="0">
    </points>
    <points frame="239" outside="0" occluded="0" keyframe="0" points="615.90,517.47" z_order="0">
    </points>
    <points frame="240" outside="0" occluded="0" keyframe="1" points="615.90,517.10" z_order="0">
    </points>
    <points frame="241" outside="0" occluded="0" keyframe="0" points="613.68,517.10" z_order="0">
    </points>
    <points frame="242" outside="0" occluded="0" keyframe="0" points="611.46,517.10" z_order="0">
    </points>
    <points frame="243" outside="0" occluded="0" keyframe="0" points="609.24,517.10" z_order="0">
    </points>
    <points frame="244" outside="0" occluded="0" keyframe="0" points="607.02,517.10" z_order="0">
    </points>
    <points frame="245" outside="0" occluded="0" keyframe="0" points="604.80,517.10" z_order="0">
    </points>
    <points frame="246" outside="0" occluded="0" keyframe="0" points="602.58,517.10" z_order="0">
    </points>
    <points frame="247" outside="0" occluded="0" keyframe="0" points="600.36,517.10" z_order="0">
    </points>
    <points frame="248" outside="0" occluded="0" keyframe="0" points="598.14,517.10" z_order="0">
    </points>
    <points frame="249" outside="0" occluded="0" keyframe="0" points="595.92,517.10" z_order="0">
    </points>
    <points frame="250" outside="0" occluded="0" keyframe="1" points="593.70,517.10" z_order="0">
    </points>
    <points frame="251" outside="0" occluded="0" keyframe="0" points="586.94,515.50" z_order="0">
    </points>
    <points frame="252" outside="0" occluded="0" keyframe="0" points="580.18,513.90" z_order="0">
    </points>
    <points frame="253" outside="0" occluded="0" keyframe="0" points="573.42,512.30" z_order="0">
    </points>
    <points frame="254" outside="0" occluded="0" keyframe="0" points="566.66,510.70" z_order="0">
    </points>
    <points frame="255" outside="0" occluded="0" keyframe="1" points="559.90,509.10" z_order="0">
    </points>
    <points frame="256" outside="0" occluded="0" keyframe="0" points="562.98,509.96" z_order="0">
    </points>
    <points frame="257" outside="0" occluded="0" keyframe="0" points="566.06,510.82" z_order="0">
    </points>
    <points frame="258" outside="0" occluded="0" keyframe="0" points="569.14,511.68" z_order="0">
    </points>
    <points frame="259" outside="0" occluded="0" keyframe="0" points="572.22,512.54" z_order="0">
    </points>
    <points frame="260" outside="0" occluded="0" keyframe="1" points="575.30,513.40" z_order="0">
    </points>
    <points frame="261" outside="0" occluded="0" keyframe="0" points="580.57,513.27" z_order="0">
    </points>
    <points frame="262" outside="0" occluded="0" keyframe="0" points="585.83,513.13" z_order="0">
    </points>
    <points frame="263" outside="0" occluded="0" keyframe="1" points="591.10,513.00" z_order="0">
    </points>
    <points frame="264" outside="0" occluded="0" keyframe="0" points="591.83,512.89" z_order="0">
    </points>
    <points frame="265" outside="0" occluded="0" keyframe="0" points="592.56,512.77" z_order="0">
    </points>
    <points frame="266" outside="0" occluded="0" keyframe="0" points="593.29,512.66" z_order="0">
    </points>
    <points frame="267" outside="0" occluded="0" keyframe="0" points="594.01,512.54" z_order="0">
    </points>
    <points frame="268" outside="0" occluded="0" keyframe="0" points="594.74,512.43" z_order="0">
    </points>
    <points frame="269" outside="0" occluded="0" keyframe="0" points="595.47,512.31" z_order="0">
    </points>
    <points frame="270" outside="0" occluded="0" keyframe="1" points="596.20,512.20" z_order="0">
    </points>
    <points frame="271" outside="0" occluded="0" keyframe="0" points="595.09,511.95" z_order="0">
    </points>
    <points frame="272" outside="0" occluded="0" keyframe="0" points="593.98,511.70" z_order="0">
    </points>
    <points frame="273" outside="0" occluded="0" keyframe="0" points="592.87,511.45" z_order="0">
    </points>
    <points frame="274" outside="0" occluded="0" keyframe="0" points="591.76,511.20" z_order="0">
    </points>
    <points frame="275" outside="0" occluded="0" keyframe="0" points="590.65,510.95" z_order="0">
    </points>
    <points frame="276" outside="0" occluded="0" keyframe="0" points="589.54,510.70" z_order="0">
    </points>
    <points frame="277" outside="0" occluded="0" keyframe="0" points="588.43,510.45" z_order="0">
    </points>
    <points frame="278" outside="0" occluded="0" keyframe="0" points="587.32,510.20" z_order="0">
    </points>
    <points frame="279" outside="0" occluded="0" keyframe="0" points="586.21,509.95" z_order="0">
    </points>
    <points frame="280" outside="0" occluded="0" keyframe="1" points="585.10,509.70" z_order="0">
    </points>
    <points frame="281" outside="0" occluded="0" keyframe="0" points="577.83,510.25" z_order="0">
    </points>
    <points frame="282" outside="0" occluded="0" keyframe="0" points="570.55,510.80" z_order="0">
    </points>
    <points frame="283" outside="0" occluded="0" keyframe="0" points="563.28,511.35" z_order="0">
    </points>
    <points frame="284" outside="0" occluded="0" keyframe="1" points="556.00,511.90" z_order="0">
    </points>
    <points frame="285" outside="0" occluded="0" keyframe="1" points="570.30,514.00" z_order="0">
    </points>
    <points frame="286" outside="0" occluded="0" keyframe="0" points="590.83,516.83" z_order="0">
    </points>
    <points frame="287" outside="0" occluded="0" keyframe="0" points="611.37,519.67" z_order="0">
    </points>
    <points frame="288" outside="0" occluded="0" keyframe="1" points="631.90,522.50" z_order="0">
    </points>
    <points frame="289" outside="0" occluded="0" keyframe="1" points="634.40,525.30" z_order="0">
    </points>
    <points frame="290" outside="0" occluded="0" keyframe="1" points="638.10,528.20" z_order="0">
    </points>
    <points frame="291" outside="0" occluded="0" keyframe="0" points="638.70,528.20" z_order="0">
    </points>
    <points frame="292" outside="0" occluded="0" keyframe="0" points="639.30,528.20" z_order="0">
    </points>
    <points frame="293" outside="0" occluded="0" keyframe="0" points="639.90,528.20" z_order="0">
    </points>
    <points frame="294" outside="0" occluded="0" keyframe="0" points="640.50,528.20" z_order="0">
    </points>
    <points frame="295" outside="0" occluded="0" keyframe="1" points="641.10,528.20" z_order="0">
    </points>
    <points frame="296" outside="0" occluded="0" keyframe="0" points="639.02,528.20" z_order="0">
    </points>
    <points frame="297" outside="0" occluded="0" keyframe="0" points="636.94,528.20" z_order="0">
    </points>
    <points frame="298" outside="0" occluded="0" keyframe="0" points="634.86,528.20" z_order="0">
    </points>
    <points frame="299" outside="0" occluded="0" keyframe="0" points="632.78,528.20" z_order="0">
    </points>
    <points frame="300" outside="0" occluded="0" keyframe="1" points="630.70,528.20" z_order="0">
    </points>
    <points frame="301" outside="0" occluded="0" keyframe="0" points="632.18,528.20" z_order="0">
    </points>
    <points frame="302" outside="0" occluded="0" keyframe="0" points="633.66,528.20" z_order="0">
    </points>
    <points frame="303" outside="0" occluded="0" keyframe="0" points="635.14,528.20" z_order="0">
    </points>
    <points frame="304" outside="0" occluded="0" keyframe="0" points="636.62,528.20" z_order="0">
    </points>
    <points frame="305" outside="0" occluded="0" keyframe="0" points="638.10,528.20" z_order="0">
    </points>
    <points frame="306" outside="0" occluded="0" keyframe="0" points="639.58,528.20" z_order="0">
    </points>
    <points frame="307" outside="0" occluded="0" keyframe="0" points="641.06,528.20" z_order="0">
    </points>
    <points frame="308" outside="0" occluded="0" keyframe="0" points="642.54,528.20" z_order="0">
    </points>
    <points frame="309" outside="0" occluded="0" keyframe="0" points="644.02,528.20" z_order="0">
    </points>
    <points frame="310" outside="0" occluded="0" keyframe="1" points="645.50,528.20" z_order="0">
    </points>
    <points frame="311" outside="0" occluded="0" keyframe="0" points="645.13,528.20" z_order="0">
    </points>
    <points frame="312" outside="0" occluded="0" keyframe="0" points="644.76,528.20" z_order="0">
    </points>
    <points frame="313" outside="0" occluded="0" keyframe="0" points="644.39,528.20" z_order="0">
    </points>
    <points frame="314" outside="0" occluded="0" keyframe="0" points="644.02,528.20" z_order="0">
    </points>
    <points frame="315" outside="0" occluded="0" keyframe="0" points="643.65,528.20" z_order="0">
    </points>
    <points frame="316" outside="0" occluded="0" keyframe="0" points="643.28,528.20" z_order="0">
    </points>
    <points frame="317" outside="0" occluded="0" keyframe="0" points="642.91,528.20" z_order="0">
    </points>
    <points frame="318" outside="0" occluded="0" keyframe="0" points="642.54,528.20" z_order="0">
    </points>
    <points frame="319" outside="0" occluded="0" keyframe="0" points="642.17,528.20" z_order="0">
    </points>
    <points frame="320" outside="0" occluded="0" keyframe="1" points="641.80,528.20" z_order="0">
    </points>
    <points frame="321" outside="0" occluded="0" keyframe="0" points="642.45,528.20" z_order="0">
    </points>
    <points frame="322" outside="0" occluded="0" keyframe="0" points="643.11,528.20" z_order="0">
    </points>
    <points frame="323" outside="0" occluded="0" keyframe="0" points="643.76,528.20" z_order="0">
    </points>
    <points frame="324" outside="0" occluded="0" keyframe="0" points="644.41,528.20" z_order="0">
    </points>
    <points frame="325" outside="0" occluded="0" keyframe="0" points="645.06,528.20" z_order="0">
    </points>
    <points frame="326" outside="0" occluded="0" keyframe="0" points="645.72,528.20" z_order="0">
    </points>
    <points frame="327" outside="0" occluded="0" keyframe="0" points="646.37,528.20" z_order="0">
    </points>
    <points frame="328" outside="0" occluded="0" keyframe="0" points="647.02,528.20" z_order="0">
    </points>
    <points frame="329" outside="0" occluded="0" keyframe="0" points="647.68,528.20" z_order="0">
    </points>
    <points frame="330" outside="0" occluded="0" keyframe="0" points="648.33,528.20" z_order="0">
    </points>
    <points frame="331" outside="0" occluded="0" keyframe="0" points="648.98,528.20" z_order="0">
    </points>
    <points frame="332" outside="0" occluded="0" keyframe="0" points="649.64,528.20" z_order="0">
    </points>
    <points frame="333" outside="0" occluded="0" keyframe="0" points="650.29,528.20" z_order="0">
    </points>
    <points frame="334" outside="0" occluded="0" keyframe="0" points="650.94,528.20" z_order="0">
    </points>
    <points frame="335" outside="0" occluded="0" keyframe="0" points="651.59,528.20" z_order="0">
    </points>
    <points frame="336" outside="0" occluded="0" keyframe="0" points="652.25,528.20" z_order="0">
    </points>
    <points frame="337" outside="0" occluded="0" keyframe="1" points="652.90,528.20" z_order="0">
    </points>
    <points frame="338" outside="0" occluded="0" keyframe="0" points="653.64,528.20" z_order="0">
    </points>
    <points frame="339" outside="0" occluded="0" keyframe="0" points="654.38,528.20" z_order="0">
    </points>
    <points frame="340" outside="0" occluded="0" keyframe="0" points="655.12,528.20" z_order="0">
    </points>
    <points frame="341" outside="0" occluded="0" keyframe="0" points="655.86,528.20" z_order="0">
    </points>
    <points frame="342" outside="0" occluded="0" keyframe="0" points="656.60,528.20" z_order="0">
    </points>
    <points frame="343" outside="0" occluded="0" keyframe="0" points="657.34,528.20" z_order="0">
    </points>
    <points frame="344" outside="0" occluded="0" keyframe="0" points="658.08,528.20" z_order="0">
    </points>
    <points frame="345" outside="0" occluded="0" keyframe="0" points="658.82,528.20" z_order="0">
    </points>
    <points frame="346" outside="0" occluded="0" keyframe="0" points="659.56,528.20" z_order="0">
    </points>
    <points frame="347" outside="0" occluded="0" keyframe="1" points="660.30,528.20" z_order="0">
    </points>
  </track>
</annotations>
