<?xml version="1.0" encoding="utf-8"?>
<annotations>
  <version>1.1</version>
  <meta>
    <task>
      <id>97</id>
      <name>D06_Dry-2</name>
      <size>182</size>
      <mode>interpolation</mode>
      <overlap>5</overlap>
      <bugtracker></bugtracker>
      <created>2021-11-20 03:11:10.233770+00:00</created>
      <updated>2021-11-20 13:16:05.598989+00:00</updated>
      <subset>default</subset>
      <start_frame>0</start_frame>
      <stop_frame>181</stop_frame>
      <frame_filter></frame_filter>
      <segments>
        <segment>
          <id>96</id>
          <start>0</start>
          <stop>181</stop>
          <url>http://localhost:8080/?id=96</url>
        </segment>
      </segments>
      <owner>
        <username>hubertachan</username>
        <email>hubertachan@gmail.com</email>
      </owner>
      <assignee></assignee>
      <labels>
        <label>
          <name>HB</name>
          <color>#3b0c73</color>
          <attributes>
          </attributes>
        </label>
        <label>
          <name>M</name>
          <color>#ff355e</color>
          <attributes>
          </attributes>
        </label>
      </labels>
      <original_size>
        <width>1068</width>
        <height>800</height>
      </original_size>
    </task>
    <dumped>2021-11-20 13:16:15.481892+00:00</dumped>
    <source>D06_Dry-2.avi</source>
  </meta>
  <track id="0" label="HB" source="manual">
    <points frame="30" outside="0" occluded="0" keyframe="1" points="598.13,559.16" z_order="0">
    </points>
    <points frame="31" outside="0" occluded="0" keyframe="0" points="597.34,558.37" z_order="0">
    </points>
    <points frame="32" outside="0" occluded="0" keyframe="0" points="596.56,557.58" z_order="0">
    </points>
    <points frame="33" outside="0" occluded="0" keyframe="0" points="595.77,556.79" z_order="0">
    </points>
    <points frame="34" outside="0" occluded="0" keyframe="0" points="594.99,555.99" z_order="0">
    </points>
    <points frame="35" outside="0" occluded="0" keyframe="1" points="594.20,555.20" z_order="0">
    </points>
    <points frame="36" outside="0" occluded="0" keyframe="0" points="595.08,554.37" z_order="0">
    </points>
    <points frame="37" outside="0" occluded="0" keyframe="0" points="595.97,553.54" z_order="0">
    </points>
    <points frame="38" outside="0" occluded="0" keyframe="0" points="596.85,552.71" z_order="0">
    </points>
    <points frame="39" outside="0" occluded="0" keyframe="0" points="597.74,551.88" z_order="0">
    </points>
    <points frame="40" outside="0" occluded="0" keyframe="0" points="598.62,551.05" z_order="0">
    </points>
    <points frame="41" outside="0" occluded="0" keyframe="0" points="599.51,550.22" z_order="0">
    </points>
    <points frame="42" outside="0" occluded="0" keyframe="0" points="600.39,549.38" z_order="0">
    </points>
    <points frame="43" outside="0" occluded="0" keyframe="0" points="601.28,548.55" z_order="0">
    </points>
    <points frame="44" outside="0" occluded="0" keyframe="0" points="602.16,547.72" z_order="0">
    </points>
    <points frame="45" outside="0" occluded="0" keyframe="0" points="603.05,546.89" z_order="0">
    </points>
    <points frame="46" outside="0" occluded="0" keyframe="0" points="603.93,546.06" z_order="0">
    </points>
    <points frame="47" outside="0" occluded="0" keyframe="0" points="604.82,545.23" z_order="0">
    </points>
    <points frame="48" outside="0" occluded="0" keyframe="1" points="605.70,544.40" z_order="0">
    </points>
    <points frame="49" outside="0" occluded="0" keyframe="1" points="619.30,546.00" z_order="0">
    </points>
    <points frame="50" outside="0" occluded="0" keyframe="1" points="624.50,541.30" z_order="0">
    </points>
    <points frame="51" outside="0" occluded="0" keyframe="0" points="631.15,538.65" z_order="0">
    </points>
    <points frame="52" outside="0" occluded="0" keyframe="1" points="637.80,536.00" z_order="0">
    </points>
    <points frame="53" outside="0" occluded="0" keyframe="1" points="637.20,534.70" z_order="0">
    </points>
    <points frame="54" outside="0" occluded="0" keyframe="0" points="636.59,533.39" z_order="0">
    </points>
    <points frame="55" outside="0" occluded="0" keyframe="0" points="635.97,532.07" z_order="0">
    </points>
    <points frame="56" outside="0" occluded="0" keyframe="0" points="635.36,530.76" z_order="0">
    </points>
    <points frame="57" outside="0" occluded="0" keyframe="0" points="634.74,529.44" z_order="0">
    </points>
    <points frame="58" outside="0" occluded="0" keyframe="0" points="634.13,528.13" z_order="0">
    </points>
    <points frame="59" outside="0" occluded="0" keyframe="0" points="633.51,526.81" z_order="0">
    </points>
    <points frame="60" outside="0" occluded="0" keyframe="1" points="632.90,525.50" z_order="0">
    </points>
    <points frame="61" outside="0" occluded="0" keyframe="0" points="635.20,524.77" z_order="0">
    </points>
    <points frame="62" outside="0" occluded="0" keyframe="0" points="637.50,524.03" z_order="0">
    </points>
    <points frame="63" outside="0" occluded="0" keyframe="1" points="639.80,523.30" z_order="0">
    </points>
    <points frame="64" outside="0" occluded="0" keyframe="0" points="642.80,525.55" z_order="0">
    </points>
    <points frame="65" outside="0" occluded="0" keyframe="1" points="645.80,527.80" z_order="0">
    </points>
    <points frame="66" outside="0" occluded="0" keyframe="1" points="642.60,530.10" z_order="0">
    </points>
    <points frame="67" outside="0" occluded="0" keyframe="0" points="640.70,532.38" z_order="0">
    </points>
    <points frame="68" outside="0" occluded="0" keyframe="0" points="638.80,534.65" z_order="0">
    </points>
    <points frame="69" outside="0" occluded="0" keyframe="0" points="636.90,536.93" z_order="0">
    </points>
    <points frame="70" outside="0" occluded="0" keyframe="1" points="635.00,539.20" z_order="0">
    </points>
    <points frame="71" outside="0" occluded="0" keyframe="1" points="630.70,539.90" z_order="0">
    </points>
    <points frame="72" outside="0" occluded="0" keyframe="1" points="619.50,534.30" z_order="0">
    </points>
    <points frame="73" outside="0" occluded="0" keyframe="1" points="600.20,529.50" z_order="0">
    </points>
    <points frame="74" outside="0" occluded="0" keyframe="1" points="595.50,528.80" z_order="0">
    </points>
    <points frame="75" outside="0" occluded="0" keyframe="0" points="599.80,530.73" z_order="0">
    </points>
    <points frame="76" outside="0" occluded="0" keyframe="0" points="604.10,532.65" z_order="0">
    </points>
    <points frame="77" outside="0" occluded="0" keyframe="0" points="608.40,534.58" z_order="0">
    </points>
    <points frame="78" outside="0" occluded="0" keyframe="1" points="612.70,536.50" z_order="0">
    </points>
    <points frame="79" outside="0" occluded="0" keyframe="0" points="612.75,530.45" z_order="0">
    </points>
    <points frame="80" outside="0" occluded="0" keyframe="1" points="612.80,524.40" z_order="0">
    </points>
    <points frame="81" outside="0" occluded="0" keyframe="1" points="627.00,529.90" z_order="0">
    </points>
    <points frame="82" outside="0" occluded="0" keyframe="1" points="631.50,513.10" z_order="0">
    </points>
    <points frame="83" outside="0" occluded="0" keyframe="0" points="637.20,523.75" z_order="0">
    </points>
    <points frame="84" outside="0" occluded="0" keyframe="1" points="642.90,534.40" z_order="0">
    </points>
    <points frame="85" outside="0" occluded="0" keyframe="1" points="646.00,534.50" z_order="0">
    </points>
    <points frame="86" outside="0" occluded="0" keyframe="0" points="646.52,534.60" z_order="0">
    </points>
    <points frame="87" outside="0" occluded="0" keyframe="0" points="647.04,534.70" z_order="0">
    </points>
    <points frame="88" outside="0" occluded="0" keyframe="0" points="647.56,534.80" z_order="0">
    </points>
    <points frame="89" outside="0" occluded="0" keyframe="0" points="648.08,534.90" z_order="0">
    </points>
    <points frame="90" outside="0" occluded="0" keyframe="1" points="648.60,535.00" z_order="0">
    </points>
    <points frame="91" outside="0" occluded="0" keyframe="0" points="648.44,534.64" z_order="0">
    </points>
    <points frame="92" outside="0" occluded="0" keyframe="0" points="648.29,534.29" z_order="0">
    </points>
    <points frame="93" outside="0" occluded="0" keyframe="0" points="648.13,533.93" z_order="0">
    </points>
    <points frame="94" outside="0" occluded="0" keyframe="0" points="647.98,533.58" z_order="0">
    </points>
    <points frame="95" outside="0" occluded="0" keyframe="0" points="647.82,533.22" z_order="0">
    </points>
    <points frame="96" outside="0" occluded="0" keyframe="0" points="647.67,532.87" z_order="0">
    </points>
    <points frame="97" outside="0" occluded="0" keyframe="0" points="647.51,532.51" z_order="0">
    </points>
    <points frame="98" outside="0" occluded="0" keyframe="0" points="647.36,532.16" z_order="0">
    </points>
    <points frame="99" outside="0" occluded="0" keyframe="1" points="647.20,531.80" z_order="0">
    </points>
    <points frame="100" outside="0" occluded="0" keyframe="0" points="647.94,531.73" z_order="0">
    </points>
    <points frame="101" outside="0" occluded="0" keyframe="0" points="648.68,531.66" z_order="0">
    </points>
    <points frame="102" outside="0" occluded="0" keyframe="0" points="649.41,531.59" z_order="0">
    </points>
    <points frame="103" outside="0" occluded="0" keyframe="0" points="650.15,531.53" z_order="0">
    </points>
    <points frame="104" outside="0" occluded="0" keyframe="0" points="650.89,531.46" z_order="0">
    </points>
    <points frame="105" outside="0" occluded="0" keyframe="0" points="651.63,531.39" z_order="0">
    </points>
    <points frame="106" outside="0" occluded="0" keyframe="0" points="652.36,531.32" z_order="0">
    </points>
    <points frame="107" outside="0" occluded="0" keyframe="0" points="653.10,531.25" z_order="0">
    </points>
    <points frame="108" outside="0" occluded="0" keyframe="0" points="653.84,531.18" z_order="0">
    </points>
    <points frame="109" outside="0" occluded="0" keyframe="0" points="654.58,531.11" z_order="0">
    </points>
    <points frame="110" outside="0" occluded="0" keyframe="0" points="655.31,531.04" z_order="0">
    </points>
    <points frame="111" outside="0" occluded="0" keyframe="0" points="656.05,530.98" z_order="0">
    </points>
    <points frame="112" outside="0" occluded="0" keyframe="0" points="656.79,530.91" z_order="0">
    </points>
    <points frame="113" outside="0" occluded="0" keyframe="0" points="657.53,530.84" z_order="0">
    </points>
    <points frame="114" outside="0" occluded="0" keyframe="0" points="658.26,530.77" z_order="0">
    </points>
    <points frame="115" outside="0" occluded="0" keyframe="1" points="659.00,530.70" z_order="0">
    </points>
    <points frame="116" outside="0" occluded="0" keyframe="0" points="655.59,532.60" z_order="0">
    </points>
    <points frame="117" outside="0" occluded="0" keyframe="0" points="652.18,534.50" z_order="0">
    </points>
    <points frame="118" outside="0" occluded="0" keyframe="0" points="648.76,536.40" z_order="0">
    </points>
    <points frame="119" outside="0" occluded="0" keyframe="0" points="645.35,538.30" z_order="0">
    </points>
    <points frame="120" outside="0" occluded="0" keyframe="0" points="641.94,540.20" z_order="0">
    </points>
    <points frame="121" outside="0" occluded="0" keyframe="0" points="638.53,542.10" z_order="0">
    </points>
    <points frame="122" outside="0" occluded="0" keyframe="0" points="635.11,544.00" z_order="0">
    </points>
    <points frame="123" outside="0" occluded="0" keyframe="1" points="631.70,545.90" z_order="0">
    </points>
    <points frame="124" outside="0" occluded="0" keyframe="0" points="635.91,544.34" z_order="0">
    </points>
    <points frame="125" outside="0" occluded="0" keyframe="0" points="640.13,542.79" z_order="0">
    </points>
    <points frame="126" outside="0" occluded="0" keyframe="0" points="644.34,541.23" z_order="0">
    </points>
    <points frame="127" outside="0" occluded="0" keyframe="0" points="648.56,539.67" z_order="0">
    </points>
    <points frame="128" outside="0" occluded="0" keyframe="0" points="652.77,538.11" z_order="0">
    </points>
    <points frame="129" outside="0" occluded="0" keyframe="0" points="656.99,536.56" z_order="0">
    </points>
    <points frame="130" outside="0" occluded="0" keyframe="1" points="661.20,535.00" z_order="0">
    </points>
    <points frame="131" outside="0" occluded="0" keyframe="0" points="657.93,535.11" z_order="0">
    </points>
    <points frame="132" outside="0" occluded="0" keyframe="0" points="654.66,535.22" z_order="0">
    </points>
    <points frame="133" outside="0" occluded="0" keyframe="0" points="651.39,535.33" z_order="0">
    </points>
    <points frame="134" outside="0" occluded="0" keyframe="0" points="648.12,535.44" z_order="0">
    </points>
    <points frame="135" outside="0" occluded="0" keyframe="0" points="644.85,535.55" z_order="0">
    </points>
    <points frame="136" outside="0" occluded="0" keyframe="0" points="641.58,535.66" z_order="0">
    </points>
    <points frame="137" outside="0" occluded="0" keyframe="0" points="638.31,535.77" z_order="0">
    </points>
    <points frame="138" outside="0" occluded="0" keyframe="0" points="635.04,535.88" z_order="0">
    </points>
    <points frame="139" outside="0" occluded="0" keyframe="0" points="631.77,535.99" z_order="0">
    </points>
    <points frame="140" outside="0" occluded="0" keyframe="1" points="628.50,536.10" z_order="0">
    </points>
    <points frame="141" outside="0" occluded="0" keyframe="0" points="632.43,536.77" z_order="0">
    </points>
    <points frame="142" outside="0" occluded="0" keyframe="0" points="636.37,537.43" z_order="0">
    </points>
    <points frame="143" outside="0" occluded="0" keyframe="1" points="640.30,538.10" z_order="0">
    </points>
    <points frame="144" outside="0" occluded="0" keyframe="1" points="663.90,541.60" z_order="0">
    </points>
    <points frame="145" outside="0" occluded="0" keyframe="0" points="657.82,542.97" z_order="0">
    </points>
    <points frame="146" outside="0" occluded="0" keyframe="0" points="651.73,544.33" z_order="0">
    </points>
    <points frame="147" outside="0" occluded="0" keyframe="0" points="645.65,545.70" z_order="0">
    </points>
    <points frame="148" outside="0" occluded="0" keyframe="0" points="639.57,547.07" z_order="0">
    </points>
    <points frame="149" outside="0" occluded="0" keyframe="0" points="633.48,548.43" z_order="0">
    </points>
    <points frame="150" outside="0" occluded="0" keyframe="1" points="627.40,549.80" z_order="0">
    </points>
    <points frame="151" outside="0" occluded="0" keyframe="0" points="626.24,549.91" z_order="0">
    </points>
    <points frame="152" outside="0" occluded="0" keyframe="0" points="625.08,550.02" z_order="0">
    </points>
    <points frame="153" outside="0" occluded="0" keyframe="0" points="623.92,550.13" z_order="0">
    </points>
    <points frame="154" outside="0" occluded="0" keyframe="0" points="622.76,550.24" z_order="0">
    </points>
    <points frame="155" outside="0" occluded="0" keyframe="0" points="621.60,550.35" z_order="0">
    </points>
    <points frame="156" outside="0" occluded="0" keyframe="0" points="620.44,550.46" z_order="0">
    </points>
    <points frame="157" outside="0" occluded="0" keyframe="0" points="619.28,550.57" z_order="0">
    </points>
    <points frame="158" outside="0" occluded="0" keyframe="0" points="618.12,550.68" z_order="0">
    </points>
    <points frame="159" outside="0" occluded="0" keyframe="0" points="616.96,550.79" z_order="0">
    </points>
    <points frame="160" outside="0" occluded="0" keyframe="1" points="615.80,550.90" z_order="0">
    </points>
    <points frame="161" outside="0" occluded="0" keyframe="0" points="615.59,550.90" z_order="0">
    </points>
    <points frame="162" outside="0" occluded="0" keyframe="0" points="615.38,550.90" z_order="0">
    </points>
    <points frame="163" outside="0" occluded="0" keyframe="0" points="615.17,550.90" z_order="0">
    </points>
    <points frame="164" outside="0" occluded="0" keyframe="0" points="614.96,550.90" z_order="0">
    </points>
    <points frame="165" outside="0" occluded="0" keyframe="0" points="614.75,550.90" z_order="0">
    </points>
    <points frame="166" outside="0" occluded="0" keyframe="0" points="614.54,550.90" z_order="0">
    </points>
    <points frame="167" outside="0" occluded="0" keyframe="0" points="614.33,550.90" z_order="0">
    </points>
    <points frame="168" outside="0" occluded="0" keyframe="0" points="614.12,550.90" z_order="0">
    </points>
    <points frame="169" outside="0" occluded="0" keyframe="0" points="613.91,550.90" z_order="0">
    </points>
    <points frame="170" outside="0" occluded="0" keyframe="1" points="613.70,550.90" z_order="0">
    </points>
    <points frame="171" outside="0" occluded="0" keyframe="0" points="614.75,550.69" z_order="0">
    </points>
    <points frame="172" outside="0" occluded="0" keyframe="0" points="615.80,550.48" z_order="0">
    </points>
    <points frame="173" outside="0" occluded="0" keyframe="0" points="616.85,550.27" z_order="0">
    </points>
    <points frame="174" outside="0" occluded="0" keyframe="0" points="617.90,550.06" z_order="0">
    </points>
    <points frame="175" outside="0" occluded="0" keyframe="0" points="618.95,549.85" z_order="0">
    </points>
    <points frame="176" outside="0" occluded="0" keyframe="0" points="620.00,549.64" z_order="0">
    </points>
    <points frame="177" outside="0" occluded="0" keyframe="0" points="621.05,549.43" z_order="0">
    </points>
    <points frame="178" outside="0" occluded="0" keyframe="0" points="622.10,549.22" z_order="0">
    </points>
    <points frame="179" outside="0" occluded="0" keyframe="0" points="623.15,549.01" z_order="0">
    </points>
    <points frame="180" outside="0" occluded="0" keyframe="1" points="624.20,548.80" z_order="0">
    </points>
    <points frame="181" outside="0" occluded="0" keyframe="1" points="623.10,549.90" z_order="0">
    </points>
  </track>
  <track id="1" label="M" source="manual">
    <points frame="23" outside="0" occluded="0" keyframe="1" points="460.70,673.54" z_order="0">
    </points>
    <points frame="24" outside="0" occluded="0" keyframe="0" points="461.29,673.33" z_order="0">
    </points>
    <points frame="25" outside="0" occluded="0" keyframe="0" points="461.87,673.12" z_order="0">
    </points>
    <points frame="26" outside="0" occluded="0" keyframe="0" points="462.45,672.91" z_order="0">
    </points>
    <points frame="27" outside="0" occluded="0" keyframe="0" points="463.04,672.71" z_order="0">
    </points>
    <points frame="28" outside="0" occluded="0" keyframe="0" points="463.62,672.50" z_order="0">
    </points>
    <points frame="29" outside="0" occluded="0" keyframe="0" points="464.20,672.29" z_order="0">
    </points>
    <points frame="30" outside="0" occluded="0" keyframe="0" points="464.79,672.08" z_order="0">
    </points>
    <points frame="31" outside="0" occluded="0" keyframe="0" points="465.37,671.87" z_order="0">
    </points>
    <points frame="32" outside="0" occluded="0" keyframe="0" points="465.95,671.67" z_order="0">
    </points>
    <points frame="33" outside="0" occluded="0" keyframe="0" points="466.54,671.46" z_order="0">
    </points>
    <points frame="34" outside="0" occluded="0" keyframe="0" points="467.12,671.25" z_order="0">
    </points>
    <points frame="35" outside="0" occluded="0" keyframe="0" points="467.70,671.04" z_order="0">
    </points>
    <points frame="36" outside="0" occluded="0" keyframe="0" points="468.29,670.83" z_order="0">
    </points>
    <points frame="37" outside="0" occluded="0" keyframe="0" points="468.87,670.63" z_order="0">
    </points>
    <points frame="38" outside="0" occluded="0" keyframe="0" points="469.45,670.42" z_order="0">
    </points>
    <points frame="39" outside="0" occluded="0" keyframe="0" points="470.04,670.21" z_order="0">
    </points>
    <points frame="40" outside="0" occluded="0" keyframe="0" points="470.62,670.00" z_order="0">
    </points>
    <points frame="41" outside="0" occluded="0" keyframe="0" points="471.20,669.79" z_order="0">
    </points>
    <points frame="42" outside="0" occluded="0" keyframe="0" points="471.78,669.59" z_order="0">
    </points>
    <points frame="43" outside="0" occluded="0" keyframe="0" points="472.37,669.38" z_order="0">
    </points>
    <points frame="44" outside="0" occluded="0" keyframe="0" points="472.95,669.17" z_order="0">
    </points>
    <points frame="45" outside="0" occluded="0" keyframe="0" points="473.53,668.96" z_order="0">
    </points>
    <points frame="46" outside="0" occluded="0" keyframe="0" points="474.12,668.76" z_order="0">
    </points>
    <points frame="47" outside="0" occluded="0" keyframe="0" points="474.70,668.55" z_order="0">
    </points>
    <points frame="48" outside="0" occluded="0" keyframe="0" points="475.28,668.34" z_order="0">
    </points>
    <points frame="49" outside="0" occluded="0" keyframe="0" points="475.87,668.13" z_order="0">
    </points>
    <points frame="50" outside="0" occluded="0" keyframe="0" points="476.45,667.92" z_order="0">
    </points>
    <points frame="51" outside="0" occluded="0" keyframe="0" points="477.03,667.72" z_order="0">
    </points>
    <points frame="52" outside="0" occluded="0" keyframe="0" points="477.62,667.51" z_order="0">
    </points>
    <points frame="53" outside="0" occluded="0" keyframe="1" points="478.20,667.30" z_order="0">
    </points>
    <points frame="54" outside="0" occluded="0" keyframe="0" points="478.58,667.01" z_order="0">
    </points>
    <points frame="55" outside="0" occluded="0" keyframe="0" points="478.95,666.71" z_order="0">
    </points>
    <points frame="56" outside="0" occluded="0" keyframe="0" points="479.33,666.42" z_order="0">
    </points>
    <points frame="57" outside="0" occluded="0" keyframe="0" points="479.71,666.13" z_order="0">
    </points>
    <points frame="58" outside="0" occluded="0" keyframe="0" points="480.08,665.83" z_order="0">
    </points>
    <points frame="59" outside="0" occluded="0" keyframe="0" points="480.46,665.54" z_order="0">
    </points>
    <points frame="60" outside="0" occluded="0" keyframe="0" points="480.84,665.25" z_order="0">
    </points>
    <points frame="61" outside="0" occluded="0" keyframe="0" points="481.21,664.95" z_order="0">
    </points>
    <points frame="62" outside="0" occluded="0" keyframe="0" points="481.59,664.66" z_order="0">
    </points>
    <points frame="63" outside="0" occluded="0" keyframe="0" points="481.97,664.37" z_order="0">
    </points>
    <points frame="64" outside="0" occluded="0" keyframe="0" points="482.34,664.07" z_order="0">
    </points>
    <points frame="65" outside="0" occluded="0" keyframe="0" points="482.72,663.78" z_order="0">
    </points>
    <points frame="66" outside="0" occluded="0" keyframe="0" points="483.10,663.49" z_order="0">
    </points>
    <points frame="67" outside="0" occluded="0" keyframe="0" points="483.47,663.19" z_order="0">
    </points>
    <points frame="68" outside="0" occluded="0" keyframe="0" points="483.85,662.90" z_order="0">
    </points>
    <points frame="69" outside="0" occluded="0" keyframe="0" points="484.23,662.61" z_order="0">
    </points>
    <points frame="70" outside="0" occluded="0" keyframe="0" points="484.60,662.31" z_order="0">
    </points>
    <points frame="71" outside="0" occluded="0" keyframe="0" points="484.98,662.02" z_order="0">
    </points>
    <points frame="72" outside="0" occluded="0" keyframe="0" points="485.36,661.73" z_order="0">
    </points>
    <points frame="73" outside="0" occluded="0" keyframe="0" points="485.73,661.43" z_order="0">
    </points>
    <points frame="74" outside="0" occluded="0" keyframe="0" points="486.11,661.14" z_order="0">
    </points>
    <points frame="75" outside="0" occluded="0" keyframe="0" points="486.49,660.85" z_order="0">
    </points>
    <points frame="76" outside="0" occluded="0" keyframe="0" points="486.86,660.55" z_order="0">
    </points>
    <points frame="77" outside="0" occluded="0" keyframe="0" points="487.24,660.26" z_order="0">
    </points>
    <points frame="78" outside="0" occluded="0" keyframe="0" points="487.62,659.97" z_order="0">
    </points>
    <points frame="79" outside="0" occluded="0" keyframe="0" points="487.99,659.67" z_order="0">
    </points>
    <points frame="80" outside="0" occluded="0" keyframe="0" points="488.37,659.38" z_order="0">
    </points>
    <points frame="81" outside="0" occluded="0" keyframe="0" points="488.75,659.09" z_order="0">
    </points>
    <points frame="82" outside="0" occluded="0" keyframe="0" points="489.12,658.79" z_order="0">
    </points>
    <points frame="83" outside="0" occluded="0" keyframe="1" points="489.50,658.50" z_order="0">
    </points>
    <points frame="84" outside="0" occluded="0" keyframe="0" points="489.88,657.87" z_order="0">
    </points>
    <points frame="85" outside="0" occluded="0" keyframe="0" points="490.26,657.24" z_order="0">
    </points>
    <points frame="86" outside="0" occluded="0" keyframe="0" points="490.64,656.61" z_order="0">
    </points>
    <points frame="87" outside="0" occluded="0" keyframe="0" points="491.02,655.98" z_order="0">
    </points>
    <points frame="88" outside="0" occluded="0" keyframe="0" points="491.40,655.35" z_order="0">
    </points>
    <points frame="89" outside="0" occluded="0" keyframe="0" points="491.78,654.72" z_order="0">
    </points>
    <points frame="90" outside="0" occluded="0" keyframe="0" points="492.16,654.09" z_order="0">
    </points>
    <points frame="91" outside="0" occluded="0" keyframe="0" points="492.54,653.46" z_order="0">
    </points>
    <points frame="92" outside="0" occluded="0" keyframe="0" points="492.92,652.83" z_order="0">
    </points>
    <points frame="93" outside="0" occluded="0" keyframe="1" points="493.30,652.20" z_order="0">
    </points>
    <points frame="94" outside="0" occluded="0" keyframe="0" points="492.17,652.58" z_order="0">
    </points>
    <points frame="95" outside="0" occluded="0" keyframe="0" points="491.04,652.96" z_order="0">
    </points>
    <points frame="96" outside="0" occluded="0" keyframe="0" points="489.91,653.34" z_order="0">
    </points>
    <points frame="97" outside="0" occluded="0" keyframe="0" points="488.78,653.72" z_order="0">
    </points>
    <points frame="98" outside="0" occluded="0" keyframe="0" points="487.65,654.10" z_order="0">
    </points>
    <points frame="99" outside="0" occluded="0" keyframe="0" points="486.52,654.48" z_order="0">
    </points>
    <points frame="100" outside="0" occluded="0" keyframe="0" points="485.39,654.86" z_order="0">
    </points>
    <points frame="101" outside="0" occluded="0" keyframe="0" points="484.26,655.24" z_order="0">
    </points>
    <points frame="102" outside="0" occluded="0" keyframe="0" points="483.13,655.62" z_order="0">
    </points>
    <points frame="103" outside="0" occluded="0" keyframe="1" points="482.00,656.00" z_order="0">
    </points>
    <points frame="104" outside="0" occluded="0" keyframe="0" points="482.00,656.00" z_order="0">
    </points>
    <points frame="105" outside="0" occluded="0" keyframe="0" points="482.00,656.00" z_order="0">
    </points>
    <points frame="106" outside="0" occluded="0" keyframe="0" points="482.00,656.00" z_order="0">
    </points>
    <points frame="107" outside="0" occluded="0" keyframe="0" points="482.00,656.00" z_order="0">
    </points>
    <points frame="108" outside="0" occluded="0" keyframe="0" points="482.00,656.00" z_order="0">
    </points>
    <points frame="109" outside="0" occluded="0" keyframe="0" points="482.00,656.00" z_order="0">
    </points>
    <points frame="110" outside="0" occluded="0" keyframe="0" points="482.00,656.00" z_order="0">
    </points>
    <points frame="111" outside="0" occluded="0" keyframe="0" points="482.00,656.00" z_order="0">
    </points>
    <points frame="112" outside="0" occluded="0" keyframe="0" points="482.00,656.00" z_order="0">
    </points>
    <points frame="113" outside="0" occluded="0" keyframe="1" points="482.00,656.00" z_order="0">
    </points>
    <points frame="114" outside="0" occluded="0" keyframe="0" points="481.94,655.94" z_order="0">
    </points>
    <points frame="115" outside="0" occluded="0" keyframe="0" points="481.88,655.88" z_order="0">
    </points>
    <points frame="116" outside="0" occluded="0" keyframe="0" points="481.81,655.81" z_order="0">
    </points>
    <points frame="117" outside="0" occluded="0" keyframe="0" points="481.75,655.75" z_order="0">
    </points>
    <points frame="118" outside="0" occluded="0" keyframe="0" points="481.69,655.69" z_order="0">
    </points>
    <points frame="119" outside="0" occluded="0" keyframe="0" points="481.62,655.62" z_order="0">
    </points>
    <points frame="120" outside="0" occluded="0" keyframe="0" points="481.56,655.56" z_order="0">
    </points>
    <points frame="121" outside="0" occluded="0" keyframe="0" points="481.50,655.50" z_order="0">
    </points>
    <points frame="122" outside="0" occluded="0" keyframe="0" points="481.44,655.44" z_order="0">
    </points>
    <points frame="123" outside="0" occluded="0" keyframe="0" points="481.38,655.38" z_order="0">
    </points>
    <points frame="124" outside="0" occluded="0" keyframe="0" points="481.31,655.31" z_order="0">
    </points>
    <points frame="125" outside="0" occluded="0" keyframe="0" points="481.25,655.25" z_order="0">
    </points>
    <points frame="126" outside="0" occluded="0" keyframe="0" points="481.19,655.19" z_order="0">
    </points>
    <points frame="127" outside="0" occluded="0" keyframe="0" points="481.12,655.12" z_order="0">
    </points>
    <points frame="128" outside="0" occluded="0" keyframe="0" points="481.06,655.06" z_order="0">
    </points>
    <points frame="129" outside="0" occluded="0" keyframe="0" points="481.00,655.00" z_order="0">
    </points>
    <points frame="130" outside="0" occluded="0" keyframe="0" points="480.94,654.94" z_order="0">
    </points>
    <points frame="131" outside="0" occluded="0" keyframe="0" points="480.88,654.88" z_order="0">
    </points>
    <points frame="132" outside="0" occluded="0" keyframe="0" points="480.81,654.81" z_order="0">
    </points>
    <points frame="133" outside="0" occluded="0" keyframe="0" points="480.75,654.75" z_order="0">
    </points>
    <points frame="134" outside="0" occluded="0" keyframe="0" points="480.69,654.69" z_order="0">
    </points>
    <points frame="135" outside="0" occluded="0" keyframe="0" points="480.62,654.62" z_order="0">
    </points>
    <points frame="136" outside="0" occluded="0" keyframe="0" points="480.56,654.56" z_order="0">
    </points>
    <points frame="137" outside="0" occluded="0" keyframe="0" points="480.50,654.50" z_order="0">
    </points>
    <points frame="138" outside="0" occluded="0" keyframe="0" points="480.44,654.44" z_order="0">
    </points>
    <points frame="139" outside="0" occluded="0" keyframe="0" points="480.38,654.38" z_order="0">
    </points>
    <points frame="140" outside="0" occluded="0" keyframe="0" points="480.31,654.31" z_order="0">
    </points>
    <points frame="141" outside="0" occluded="0" keyframe="0" points="480.25,654.25" z_order="0">
    </points>
    <points frame="142" outside="0" occluded="0" keyframe="0" points="480.19,654.19" z_order="0">
    </points>
    <points frame="143" outside="0" occluded="0" keyframe="0" points="480.12,654.12" z_order="0">
    </points>
    <points frame="144" outside="0" occluded="0" keyframe="0" points="480.06,654.06" z_order="0">
    </points>
    <points frame="145" outside="0" occluded="0" keyframe="0" points="480.00,654.00" z_order="0">
    </points>
    <points frame="146" outside="0" occluded="0" keyframe="0" points="479.94,653.94" z_order="0">
    </points>
    <points frame="147" outside="0" occluded="0" keyframe="0" points="479.88,653.88" z_order="0">
    </points>
    <points frame="148" outside="0" occluded="0" keyframe="0" points="479.81,653.81" z_order="0">
    </points>
    <points frame="149" outside="0" occluded="0" keyframe="0" points="479.75,653.75" z_order="0">
    </points>
    <points frame="150" outside="0" occluded="0" keyframe="0" points="479.69,653.69" z_order="0">
    </points>
    <points frame="151" outside="0" occluded="0" keyframe="0" points="479.62,653.62" z_order="0">
    </points>
    <points frame="152" outside="0" occluded="0" keyframe="0" points="479.56,653.56" z_order="0">
    </points>
    <points frame="153" outside="0" occluded="0" keyframe="1" points="479.50,653.50" z_order="0">
    </points>
    <points frame="154" outside="0" occluded="0" keyframe="0" points="478.75,652.25" z_order="0">
    </points>
    <points frame="155" outside="0" occluded="0" keyframe="0" points="478.00,651.00" z_order="0">
    </points>
    <points frame="156" outside="0" occluded="0" keyframe="0" points="477.25,649.75" z_order="0">
    </points>
    <points frame="157" outside="0" occluded="0" keyframe="0" points="476.50,648.50" z_order="0">
    </points>
    <points frame="158" outside="0" occluded="0" keyframe="0" points="475.75,647.25" z_order="0">
    </points>
    <points frame="159" outside="0" occluded="0" keyframe="0" points="475.00,646.00" z_order="0">
    </points>
    <points frame="160" outside="0" occluded="0" keyframe="0" points="474.25,644.75" z_order="0">
    </points>
    <points frame="161" outside="0" occluded="0" keyframe="0" points="473.50,643.50" z_order="0">
    </points>
    <points frame="162" outside="0" occluded="0" keyframe="0" points="472.75,642.25" z_order="0">
    </points>
    <points frame="163" outside="0" occluded="0" keyframe="1" points="472.00,641.00" z_order="0">
    </points>
    <points frame="164" outside="0" occluded="0" keyframe="0" points="472.79,640.84" z_order="0">
    </points>
    <points frame="165" outside="0" occluded="0" keyframe="0" points="473.58,640.68" z_order="0">
    </points>
    <points frame="166" outside="0" occluded="0" keyframe="0" points="474.36,640.51" z_order="0">
    </points>
    <points frame="167" outside="0" occluded="0" keyframe="0" points="475.15,640.35" z_order="0">
    </points>
    <points frame="168" outside="0" occluded="0" keyframe="0" points="475.94,640.19" z_order="0">
    </points>
    <points frame="169" outside="0" occluded="0" keyframe="0" points="476.73,640.03" z_order="0">
    </points>
    <points frame="170" outside="0" occluded="0" keyframe="0" points="477.51,639.86" z_order="0">
    </points>
    <points frame="171" outside="0" occluded="0" keyframe="1" points="478.30,639.70" z_order="0">
    </points>
    <points frame="172" outside="0" occluded="0" keyframe="0" points="478.30,639.70" z_order="0">
    </points>
    <points frame="173" outside="0" occluded="0" keyframe="0" points="478.30,639.70" z_order="0">
    </points>
    <points frame="174" outside="0" occluded="0" keyframe="0" points="478.30,639.70" z_order="0">
    </points>
    <points frame="175" outside="0" occluded="0" keyframe="0" points="478.30,639.70" z_order="0">
    </points>
    <points frame="176" outside="0" occluded="0" keyframe="0" points="478.30,639.70" z_order="0">
    </points>
    <points frame="177" outside="0" occluded="0" keyframe="0" points="478.30,639.70" z_order="0">
    </points>
    <points frame="178" outside="0" occluded="0" keyframe="0" points="478.30,639.70" z_order="0">
    </points>
    <points frame="179" outside="0" occluded="0" keyframe="0" points="478.30,639.70" z_order="0">
    </points>
    <points frame="180" outside="0" occluded="0" keyframe="0" points="478.30,639.70" z_order="0">
    </points>
    <points frame="181" outside="0" occluded="0" keyframe="0" points="478.30,639.70" z_order="0">
    </points>
  </track>
</annotations>
