<?xml version="1.0" encoding="utf-8"?>
<annotations>
  <version>1.1</version>
  <meta>
    <task>
      <id>103</id>
      <name>D06_3ML-L1-2</name>
      <size>267</size>
      <mode>interpolation</mode>
      <overlap>5</overlap>
      <bugtracker></bugtracker>
      <created>2021-11-20 03:12:25.452607+00:00</created>
      <updated>2021-11-20 13:37:31.375380+00:00</updated>
      <subset>default</subset>
      <start_frame>0</start_frame>
      <stop_frame>266</stop_frame>
      <frame_filter></frame_filter>
      <segments>
        <segment>
          <id>102</id>
          <start>0</start>
          <stop>266</stop>
          <url>http://localhost:8080/?id=102</url>
        </segment>
      </segments>
      <owner>
        <username>hubertachan</username>
        <email>hubertachan@gmail.com</email>
      </owner>
      <assignee></assignee>
      <labels>
        <label>
          <name>HB</name>
          <color>#3b0c73</color>
          <attributes>
          </attributes>
        </label>
        <label>
          <name>M</name>
          <color>#ff355e</color>
          <attributes>
          </attributes>
        </label>
      </labels>
      <original_size>
        <width>1068</width>
        <height>800</height>
      </original_size>
    </task>
    <dumped>2021-11-20 13:37:34.238600+00:00</dumped>
    <source>D06_3ML-L1-2.avi</source>
  </meta>
  <track id="0" label="HB" source="manual">
    <points frame="110" outside="0" occluded="0" keyframe="1" points="605.42,537.17" z_order="0">
    </points>
    <points frame="111" outside="0" occluded="0" keyframe="0" points="604.79,537.04" z_order="0">
    </points>
    <points frame="112" outside="0" occluded="0" keyframe="0" points="604.16,536.92" z_order="0">
    </points>
    <points frame="113" outside="0" occluded="0" keyframe="0" points="603.52,536.79" z_order="0">
    </points>
    <points frame="114" outside="0" occluded="0" keyframe="0" points="602.89,536.66" z_order="0">
    </points>
    <points frame="115" outside="0" occluded="0" keyframe="0" points="602.26,536.54" z_order="0">
    </points>
    <points frame="116" outside="0" occluded="0" keyframe="0" points="601.63,536.41" z_order="0">
    </points>
    <points frame="117" outside="0" occluded="0" keyframe="0" points="601.00,536.28" z_order="0">
    </points>
    <points frame="118" outside="0" occluded="0" keyframe="0" points="600.36,536.15" z_order="0">
    </points>
    <points frame="119" outside="0" occluded="0" keyframe="0" points="599.73,536.03" z_order="0">
    </points>
    <points frame="120" outside="0" occluded="0" keyframe="1" points="599.10,535.90" z_order="0">
    </points>
    <points frame="121" outside="0" occluded="0" keyframe="0" points="597.96,536.03" z_order="0">
    </points>
    <points frame="122" outside="0" occluded="0" keyframe="0" points="596.82,536.16" z_order="0">
    </points>
    <points frame="123" outside="0" occluded="0" keyframe="0" points="595.68,536.29" z_order="0">
    </points>
    <points frame="124" outside="0" occluded="0" keyframe="0" points="594.54,536.42" z_order="0">
    </points>
    <points frame="125" outside="0" occluded="0" keyframe="0" points="593.40,536.55" z_order="0">
    </points>
    <points frame="126" outside="0" occluded="0" keyframe="0" points="592.26,536.68" z_order="0">
    </points>
    <points frame="127" outside="0" occluded="0" keyframe="0" points="591.12,536.81" z_order="0">
    </points>
    <points frame="128" outside="0" occluded="0" keyframe="0" points="589.98,536.94" z_order="0">
    </points>
    <points frame="129" outside="0" occluded="0" keyframe="0" points="588.84,537.07" z_order="0">
    </points>
    <points frame="130" outside="0" occluded="0" keyframe="1" points="587.70,537.20" z_order="0">
    </points>
    <points frame="131" outside="0" occluded="0" keyframe="0" points="591.32,535.57" z_order="0">
    </points>
    <points frame="132" outside="0" occluded="0" keyframe="0" points="594.94,533.93" z_order="0">
    </points>
    <points frame="133" outside="0" occluded="0" keyframe="0" points="598.57,532.30" z_order="0">
    </points>
    <points frame="134" outside="0" occluded="0" keyframe="0" points="602.19,530.67" z_order="0">
    </points>
    <points frame="135" outside="0" occluded="0" keyframe="0" points="605.81,529.03" z_order="0">
    </points>
    <points frame="136" outside="0" occluded="0" keyframe="0" points="609.43,527.40" z_order="0">
    </points>
    <points frame="137" outside="0" occluded="0" keyframe="0" points="613.06,525.77" z_order="0">
    </points>
    <points frame="138" outside="0" occluded="0" keyframe="0" points="616.68,524.13" z_order="0">
    </points>
    <points frame="139" outside="0" occluded="0" keyframe="1" points="620.30,522.50" z_order="0">
    </points>
    <points frame="140" outside="0" occluded="0" keyframe="1" points="615.50,532.10" z_order="0">
    </points>
    <points frame="141" outside="0" occluded="0" keyframe="0" points="616.89,531.72" z_order="0">
    </points>
    <points frame="142" outside="0" occluded="0" keyframe="0" points="618.28,531.34" z_order="0">
    </points>
    <points frame="143" outside="0" occluded="0" keyframe="0" points="619.67,530.96" z_order="0">
    </points>
    <points frame="144" outside="0" occluded="0" keyframe="0" points="621.06,530.58" z_order="0">
    </points>
    <points frame="145" outside="0" occluded="0" keyframe="0" points="622.45,530.20" z_order="0">
    </points>
    <points frame="146" outside="0" occluded="0" keyframe="0" points="623.84,529.82" z_order="0">
    </points>
    <points frame="147" outside="0" occluded="0" keyframe="0" points="625.23,529.44" z_order="0">
    </points>
    <points frame="148" outside="0" occluded="0" keyframe="0" points="626.62,529.06" z_order="0">
    </points>
    <points frame="149" outside="0" occluded="0" keyframe="0" points="628.01,528.68" z_order="0">
    </points>
    <points frame="150" outside="0" occluded="0" keyframe="1" points="629.40,528.30" z_order="0">
    </points>
    <points frame="151" outside="0" occluded="0" keyframe="0" points="622.57,526.34" z_order="0">
    </points>
    <points frame="152" outside="0" occluded="0" keyframe="0" points="615.74,524.39" z_order="0">
    </points>
    <points frame="153" outside="0" occluded="0" keyframe="0" points="608.91,522.43" z_order="0">
    </points>
    <points frame="154" outside="0" occluded="0" keyframe="0" points="602.09,520.47" z_order="0">
    </points>
    <points frame="155" outside="0" occluded="0" keyframe="0" points="595.26,518.51" z_order="0">
    </points>
    <points frame="156" outside="0" occluded="0" keyframe="0" points="588.43,516.56" z_order="0">
    </points>
    <points frame="157" outside="0" occluded="0" keyframe="1" points="581.60,514.60" z_order="0">
    </points>
    <points frame="158" outside="0" occluded="0" keyframe="0" points="587.43,517.47" z_order="0">
    </points>
    <points frame="159" outside="0" occluded="0" keyframe="0" points="593.27,520.33" z_order="0">
    </points>
    <points frame="160" outside="0" occluded="0" keyframe="1" points="599.10,523.20" z_order="0">
    </points>
    <points frame="161" outside="0" occluded="0" keyframe="0" points="602.77,522.95" z_order="0">
    </points>
    <points frame="162" outside="0" occluded="0" keyframe="0" points="606.44,522.70" z_order="0">
    </points>
    <points frame="163" outside="0" occluded="0" keyframe="0" points="610.11,522.45" z_order="0">
    </points>
    <points frame="164" outside="0" occluded="0" keyframe="0" points="613.78,522.20" z_order="0">
    </points>
    <points frame="165" outside="0" occluded="0" keyframe="0" points="617.45,521.95" z_order="0">
    </points>
    <points frame="166" outside="0" occluded="0" keyframe="0" points="621.12,521.70" z_order="0">
    </points>
    <points frame="167" outside="0" occluded="0" keyframe="0" points="624.79,521.45" z_order="0">
    </points>
    <points frame="168" outside="0" occluded="0" keyframe="0" points="628.46,521.20" z_order="0">
    </points>
    <points frame="169" outside="0" occluded="0" keyframe="0" points="632.13,520.95" z_order="0">
    </points>
    <points frame="170" outside="0" occluded="0" keyframe="1" points="635.80,520.70" z_order="0">
    </points>
    <points frame="171" outside="0" occluded="0" keyframe="0" points="637.19,520.70" z_order="0">
    </points>
    <points frame="172" outside="0" occluded="0" keyframe="0" points="638.58,520.70" z_order="0">
    </points>
    <points frame="173" outside="0" occluded="0" keyframe="0" points="639.97,520.70" z_order="0">
    </points>
    <points frame="174" outside="0" occluded="0" keyframe="0" points="641.36,520.70" z_order="0">
    </points>
    <points frame="175" outside="0" occluded="0" keyframe="0" points="642.75,520.70" z_order="0">
    </points>
    <points frame="176" outside="0" occluded="0" keyframe="0" points="644.14,520.70" z_order="0">
    </points>
    <points frame="177" outside="0" occluded="0" keyframe="0" points="645.53,520.70" z_order="0">
    </points>
    <points frame="178" outside="0" occluded="0" keyframe="0" points="646.92,520.70" z_order="0">
    </points>
    <points frame="179" outside="0" occluded="0" keyframe="0" points="648.31,520.70" z_order="0">
    </points>
    <points frame="180" outside="0" occluded="0" keyframe="1" points="649.70,520.70" z_order="0">
    </points>
    <points frame="181" outside="0" occluded="0" keyframe="0" points="648.69,520.45" z_order="0">
    </points>
    <points frame="182" outside="0" occluded="0" keyframe="0" points="647.68,520.20" z_order="0">
    </points>
    <points frame="183" outside="0" occluded="0" keyframe="0" points="646.67,519.95" z_order="0">
    </points>
    <points frame="184" outside="0" occluded="0" keyframe="0" points="645.66,519.70" z_order="0">
    </points>
    <points frame="185" outside="0" occluded="0" keyframe="0" points="644.65,519.45" z_order="0">
    </points>
    <points frame="186" outside="0" occluded="0" keyframe="0" points="643.64,519.20" z_order="0">
    </points>
    <points frame="187" outside="0" occluded="0" keyframe="0" points="642.63,518.95" z_order="0">
    </points>
    <points frame="188" outside="0" occluded="0" keyframe="0" points="641.62,518.70" z_order="0">
    </points>
    <points frame="189" outside="0" occluded="0" keyframe="0" points="640.61,518.45" z_order="0">
    </points>
    <points frame="190" outside="0" occluded="0" keyframe="1" points="639.60,518.20" z_order="0">
    </points>
    <points frame="191" outside="0" occluded="0" keyframe="0" points="639.73,518.20" z_order="0">
    </points>
    <points frame="192" outside="0" occluded="0" keyframe="0" points="639.86,518.20" z_order="0">
    </points>
    <points frame="193" outside="0" occluded="0" keyframe="0" points="639.99,518.20" z_order="0">
    </points>
    <points frame="194" outside="0" occluded="0" keyframe="0" points="640.12,518.20" z_order="0">
    </points>
    <points frame="195" outside="0" occluded="0" keyframe="0" points="640.25,518.20" z_order="0">
    </points>
    <points frame="196" outside="0" occluded="0" keyframe="0" points="640.38,518.20" z_order="0">
    </points>
    <points frame="197" outside="0" occluded="0" keyframe="0" points="640.51,518.20" z_order="0">
    </points>
    <points frame="198" outside="0" occluded="0" keyframe="0" points="640.64,518.20" z_order="0">
    </points>
    <points frame="199" outside="0" occluded="0" keyframe="0" points="640.77,518.20" z_order="0">
    </points>
    <points frame="200" outside="0" occluded="0" keyframe="1" points="640.90,518.20" z_order="0">
    </points>
    <points frame="201" outside="0" occluded="0" keyframe="0" points="642.92,519.72" z_order="0">
    </points>
    <points frame="202" outside="0" occluded="0" keyframe="0" points="644.94,521.24" z_order="0">
    </points>
    <points frame="203" outside="0" occluded="0" keyframe="0" points="646.96,522.76" z_order="0">
    </points>
    <points frame="204" outside="0" occluded="0" keyframe="0" points="648.98,524.28" z_order="0">
    </points>
    <points frame="205" outside="0" occluded="0" keyframe="0" points="651.00,525.80" z_order="0">
    </points>
    <points frame="206" outside="0" occluded="0" keyframe="0" points="653.02,527.32" z_order="0">
    </points>
    <points frame="207" outside="0" occluded="0" keyframe="0" points="655.04,528.84" z_order="0">
    </points>
    <points frame="208" outside="0" occluded="0" keyframe="0" points="657.06,530.36" z_order="0">
    </points>
    <points frame="209" outside="0" occluded="0" keyframe="0" points="659.08,531.88" z_order="0">
    </points>
    <points frame="210" outside="0" occluded="0" keyframe="1" points="661.10,533.40" z_order="0">
    </points>
    <points frame="211" outside="0" occluded="0" keyframe="0" points="661.86,533.53" z_order="0">
    </points>
    <points frame="212" outside="0" occluded="0" keyframe="0" points="662.62,533.66" z_order="0">
    </points>
    <points frame="213" outside="0" occluded="0" keyframe="0" points="663.38,533.79" z_order="0">
    </points>
    <points frame="214" outside="0" occluded="0" keyframe="0" points="664.14,533.92" z_order="0">
    </points>
    <points frame="215" outside="0" occluded="0" keyframe="0" points="664.90,534.05" z_order="0">
    </points>
    <points frame="216" outside="0" occluded="0" keyframe="0" points="665.66,534.18" z_order="0">
    </points>
    <points frame="217" outside="0" occluded="0" keyframe="0" points="666.42,534.31" z_order="0">
    </points>
    <points frame="218" outside="0" occluded="0" keyframe="0" points="667.18,534.44" z_order="0">
    </points>
    <points frame="219" outside="0" occluded="0" keyframe="0" points="667.94,534.57" z_order="0">
    </points>
    <points frame="220" outside="0" occluded="0" keyframe="1" points="668.70,534.70" z_order="0">
    </points>
    <points frame="221" outside="0" occluded="0" keyframe="0" points="664.66,534.70" z_order="0">
    </points>
    <points frame="222" outside="0" occluded="0" keyframe="0" points="660.62,534.70" z_order="0">
    </points>
    <points frame="223" outside="0" occluded="0" keyframe="0" points="656.58,534.70" z_order="0">
    </points>
    <points frame="224" outside="0" occluded="0" keyframe="0" points="652.54,534.70" z_order="0">
    </points>
    <points frame="225" outside="0" occluded="0" keyframe="0" points="648.50,534.70" z_order="0">
    </points>
    <points frame="226" outside="0" occluded="0" keyframe="0" points="644.46,534.70" z_order="0">
    </points>
    <points frame="227" outside="0" occluded="0" keyframe="0" points="640.42,534.70" z_order="0">
    </points>
    <points frame="228" outside="0" occluded="0" keyframe="0" points="636.38,534.70" z_order="0">
    </points>
    <points frame="229" outside="0" occluded="0" keyframe="0" points="632.34,534.70" z_order="0">
    </points>
    <points frame="230" outside="0" occluded="0" keyframe="1" points="628.30,534.70" z_order="0">
    </points>
    <points frame="231" outside="0" occluded="0" keyframe="0" points="626.91,535.21" z_order="0">
    </points>
    <points frame="232" outside="0" occluded="0" keyframe="0" points="625.52,535.72" z_order="0">
    </points>
    <points frame="233" outside="0" occluded="0" keyframe="0" points="624.13,536.23" z_order="0">
    </points>
    <points frame="234" outside="0" occluded="0" keyframe="0" points="622.74,536.74" z_order="0">
    </points>
    <points frame="235" outside="0" occluded="0" keyframe="0" points="621.35,537.25" z_order="0">
    </points>
    <points frame="236" outside="0" occluded="0" keyframe="0" points="619.96,537.76" z_order="0">
    </points>
    <points frame="237" outside="0" occluded="0" keyframe="0" points="618.57,538.27" z_order="0">
    </points>
    <points frame="238" outside="0" occluded="0" keyframe="0" points="617.18,538.78" z_order="0">
    </points>
    <points frame="239" outside="0" occluded="0" keyframe="0" points="615.79,539.29" z_order="0">
    </points>
    <points frame="240" outside="0" occluded="0" keyframe="1" points="614.40,539.80" z_order="0">
    </points>
    <points frame="241" outside="0" occluded="0" keyframe="0" points="613.39,539.93" z_order="0">
    </points>
    <points frame="242" outside="0" occluded="0" keyframe="0" points="612.38,540.06" z_order="0">
    </points>
    <points frame="243" outside="0" occluded="0" keyframe="0" points="611.37,540.19" z_order="0">
    </points>
    <points frame="244" outside="0" occluded="0" keyframe="0" points="610.36,540.32" z_order="0">
    </points>
    <points frame="245" outside="0" occluded="0" keyframe="0" points="609.35,540.45" z_order="0">
    </points>
    <points frame="246" outside="0" occluded="0" keyframe="0" points="608.34,540.58" z_order="0">
    </points>
    <points frame="247" outside="0" occluded="0" keyframe="0" points="607.33,540.71" z_order="0">
    </points>
    <points frame="248" outside="0" occluded="0" keyframe="0" points="606.32,540.84" z_order="0">
    </points>
    <points frame="249" outside="0" occluded="0" keyframe="0" points="605.31,540.97" z_order="0">
    </points>
    <points frame="250" outside="0" occluded="0" keyframe="1" points="604.30,541.10" z_order="0">
    </points>
    <points frame="251" outside="0" occluded="0" keyframe="0" points="610.37,541.10" z_order="0">
    </points>
    <points frame="252" outside="0" occluded="0" keyframe="0" points="616.44,541.10" z_order="0">
    </points>
    <points frame="253" outside="0" occluded="0" keyframe="0" points="622.51,541.10" z_order="0">
    </points>
    <points frame="254" outside="0" occluded="0" keyframe="0" points="628.58,541.10" z_order="0">
    </points>
    <points frame="255" outside="0" occluded="0" keyframe="0" points="634.65,541.10" z_order="0">
    </points>
    <points frame="256" outside="0" occluded="0" keyframe="0" points="640.72,541.10" z_order="0">
    </points>
    <points frame="257" outside="0" occluded="0" keyframe="0" points="646.79,541.10" z_order="0">
    </points>
    <points frame="258" outside="0" occluded="0" keyframe="0" points="652.86,541.10" z_order="0">
    </points>
    <points frame="259" outside="0" occluded="0" keyframe="0" points="658.93,541.10" z_order="0">
    </points>
    <points frame="260" outside="0" occluded="0" keyframe="1" points="665.00,541.10" z_order="0">
    </points>
    <points frame="261" outside="0" occluded="0" keyframe="0" points="661.62,536.68" z_order="0">
    </points>
    <points frame="262" outside="0" occluded="0" keyframe="0" points="658.23,532.27" z_order="0">
    </points>
    <points frame="263" outside="0" occluded="0" keyframe="0" points="654.85,527.85" z_order="0">
    </points>
    <points frame="264" outside="0" occluded="0" keyframe="0" points="651.47,523.43" z_order="0">
    </points>
    <points frame="265" outside="0" occluded="0" keyframe="0" points="648.08,519.02" z_order="0">
    </points>
    <points frame="266" outside="0" occluded="0" keyframe="1" points="644.70,514.60" z_order="0">
    </points>
  </track>
  <track id="1" label="M" source="manual">
    <points frame="113" outside="0" occluded="0" keyframe="1" points="456.43,630.45" z_order="0">
    </points>
    <points frame="114" outside="0" occluded="0" keyframe="0" points="456.83,630.53" z_order="0">
    </points>
    <points frame="115" outside="0" occluded="0" keyframe="0" points="457.23,630.60" z_order="0">
    </points>
    <points frame="116" outside="0" occluded="0" keyframe="0" points="457.64,630.68" z_order="0">
    </points>
    <points frame="117" outside="0" occluded="0" keyframe="0" points="458.04,630.75" z_order="0">
    </points>
    <points frame="118" outside="0" occluded="0" keyframe="0" points="458.44,630.83" z_order="0">
    </points>
    <points frame="119" outside="0" occluded="0" keyframe="0" points="458.84,630.90" z_order="0">
    </points>
    <points frame="120" outside="0" occluded="0" keyframe="0" points="459.24,630.98" z_order="0">
    </points>
    <points frame="121" outside="0" occluded="0" keyframe="0" points="459.64,631.05" z_order="0">
    </points>
    <points frame="122" outside="0" occluded="0" keyframe="0" points="460.04,631.13" z_order="0">
    </points>
    <points frame="123" outside="0" occluded="0" keyframe="0" points="460.45,631.20" z_order="0">
    </points>
    <points frame="124" outside="0" occluded="0" keyframe="0" points="460.85,631.28" z_order="0">
    </points>
    <points frame="125" outside="0" occluded="0" keyframe="0" points="461.25,631.35" z_order="0">
    </points>
    <points frame="126" outside="0" occluded="0" keyframe="0" points="461.65,631.43" z_order="0">
    </points>
    <points frame="127" outside="0" occluded="0" keyframe="0" points="462.05,631.50" z_order="0">
    </points>
    <points frame="128" outside="0" occluded="0" keyframe="0" points="462.45,631.58" z_order="0">
    </points>
    <points frame="129" outside="0" occluded="0" keyframe="0" points="462.85,631.65" z_order="0">
    </points>
    <points frame="130" outside="0" occluded="0" keyframe="0" points="463.25,631.73" z_order="0">
    </points>
    <points frame="131" outside="0" occluded="0" keyframe="0" points="463.66,631.80" z_order="0">
    </points>
    <points frame="132" outside="0" occluded="0" keyframe="0" points="464.06,631.88" z_order="0">
    </points>
    <points frame="133" outside="0" occluded="0" keyframe="0" points="464.46,631.95" z_order="0">
    </points>
    <points frame="134" outside="0" occluded="0" keyframe="0" points="464.86,632.03" z_order="0">
    </points>
    <points frame="135" outside="0" occluded="0" keyframe="0" points="465.26,632.10" z_order="0">
    </points>
    <points frame="136" outside="0" occluded="0" keyframe="0" points="465.66,632.18" z_order="0">
    </points>
    <points frame="137" outside="0" occluded="0" keyframe="0" points="466.06,632.25" z_order="0">
    </points>
    <points frame="138" outside="0" occluded="0" keyframe="0" points="466.47,632.33" z_order="0">
    </points>
    <points frame="139" outside="0" occluded="0" keyframe="0" points="466.87,632.40" z_order="0">
    </points>
    <points frame="140" outside="0" occluded="0" keyframe="0" points="467.27,632.48" z_order="0">
    </points>
    <points frame="141" outside="0" occluded="0" keyframe="0" points="467.67,632.55" z_order="0">
    </points>
    <points frame="142" outside="0" occluded="0" keyframe="0" points="468.07,632.63" z_order="0">
    </points>
    <points frame="143" outside="0" occluded="0" keyframe="0" points="468.47,632.70" z_order="0">
    </points>
    <points frame="144" outside="0" occluded="0" keyframe="0" points="468.87,632.78" z_order="0">
    </points>
    <points frame="145" outside="0" occluded="0" keyframe="0" points="469.28,632.85" z_order="0">
    </points>
    <points frame="146" outside="0" occluded="0" keyframe="0" points="469.68,632.93" z_order="0">
    </points>
    <points frame="147" outside="0" occluded="0" keyframe="0" points="470.08,633.00" z_order="0">
    </points>
    <points frame="148" outside="0" occluded="0" keyframe="0" points="470.48,633.08" z_order="0">
    </points>
    <points frame="149" outside="0" occluded="0" keyframe="0" points="470.88,633.15" z_order="0">
    </points>
    <points frame="150" outside="0" occluded="0" keyframe="0" points="471.28,633.23" z_order="0">
    </points>
    <points frame="151" outside="0" occluded="0" keyframe="0" points="471.68,633.30" z_order="0">
    </points>
    <points frame="152" outside="0" occluded="0" keyframe="0" points="472.08,633.38" z_order="0">
    </points>
    <points frame="153" outside="0" occluded="0" keyframe="0" points="472.49,633.45" z_order="0">
    </points>
    <points frame="154" outside="0" occluded="0" keyframe="0" points="472.89,633.53" z_order="0">
    </points>
    <points frame="155" outside="0" occluded="0" keyframe="0" points="473.29,633.60" z_order="0">
    </points>
    <points frame="156" outside="0" occluded="0" keyframe="0" points="473.69,633.68" z_order="0">
    </points>
    <points frame="157" outside="0" occluded="0" keyframe="0" points="474.09,633.75" z_order="0">
    </points>
    <points frame="158" outside="0" occluded="0" keyframe="0" points="474.49,633.83" z_order="0">
    </points>
    <points frame="159" outside="0" occluded="0" keyframe="0" points="474.89,633.90" z_order="0">
    </points>
    <points frame="160" outside="0" occluded="0" keyframe="0" points="475.30,633.98" z_order="0">
    </points>
    <points frame="161" outside="0" occluded="0" keyframe="0" points="475.70,634.05" z_order="0">
    </points>
    <points frame="162" outside="0" occluded="0" keyframe="0" points="476.10,634.13" z_order="0">
    </points>
    <points frame="163" outside="0" occluded="0" keyframe="1" points="476.50,634.20" z_order="0">
    </points>
    <points frame="164" outside="0" occluded="0" keyframe="0" points="476.88,633.82" z_order="0">
    </points>
    <points frame="165" outside="0" occluded="0" keyframe="0" points="477.26,633.44" z_order="0">
    </points>
    <points frame="166" outside="0" occluded="0" keyframe="0" points="477.64,633.06" z_order="0">
    </points>
    <points frame="167" outside="0" occluded="0" keyframe="0" points="478.02,632.68" z_order="0">
    </points>
    <points frame="168" outside="0" occluded="0" keyframe="0" points="478.40,632.30" z_order="0">
    </points>
    <points frame="169" outside="0" occluded="0" keyframe="0" points="478.78,631.92" z_order="0">
    </points>
    <points frame="170" outside="0" occluded="0" keyframe="0" points="479.16,631.54" z_order="0">
    </points>
    <points frame="171" outside="0" occluded="0" keyframe="0" points="479.54,631.16" z_order="0">
    </points>
    <points frame="172" outside="0" occluded="0" keyframe="0" points="479.92,630.78" z_order="0">
    </points>
    <points frame="173" outside="0" occluded="0" keyframe="1" points="480.30,630.40" z_order="0">
    </points>
    <points frame="174" outside="0" occluded="0" keyframe="0" points="480.21,630.37" z_order="0">
    </points>
    <points frame="175" outside="0" occluded="0" keyframe="0" points="480.11,630.34" z_order="0">
    </points>
    <points frame="176" outside="0" occluded="0" keyframe="0" points="480.02,630.30" z_order="0">
    </points>
    <points frame="177" outside="0" occluded="0" keyframe="0" points="479.92,630.27" z_order="0">
    </points>
    <points frame="178" outside="0" occluded="0" keyframe="0" points="479.83,630.24" z_order="0">
    </points>
    <points frame="179" outside="0" occluded="0" keyframe="0" points="479.73,630.21" z_order="0">
    </points>
    <points frame="180" outside="0" occluded="0" keyframe="0" points="479.64,630.17" z_order="0">
    </points>
    <points frame="181" outside="0" occluded="0" keyframe="0" points="479.54,630.14" z_order="0">
    </points>
    <points frame="182" outside="0" occluded="0" keyframe="0" points="479.45,630.11" z_order="0">
    </points>
    <points frame="183" outside="0" occluded="0" keyframe="0" points="479.35,630.08" z_order="0">
    </points>
    <points frame="184" outside="0" occluded="0" keyframe="0" points="479.26,630.04" z_order="0">
    </points>
    <points frame="185" outside="0" occluded="0" keyframe="0" points="479.16,630.01" z_order="0">
    </points>
    <points frame="186" outside="0" occluded="0" keyframe="0" points="479.07,629.98" z_order="0">
    </points>
    <points frame="187" outside="0" occluded="0" keyframe="0" points="478.97,629.95" z_order="0">
    </points>
    <points frame="188" outside="0" occluded="0" keyframe="0" points="478.88,629.91" z_order="0">
    </points>
    <points frame="189" outside="0" occluded="0" keyframe="0" points="478.78,629.88" z_order="0">
    </points>
    <points frame="190" outside="0" occluded="0" keyframe="0" points="478.69,629.85" z_order="0">
    </points>
    <points frame="191" outside="0" occluded="0" keyframe="0" points="478.59,629.82" z_order="0">
    </points>
    <points frame="192" outside="0" occluded="0" keyframe="0" points="478.50,629.78" z_order="0">
    </points>
    <points frame="193" outside="0" occluded="0" keyframe="0" points="478.40,629.75" z_order="0">
    </points>
    <points frame="194" outside="0" occluded="0" keyframe="0" points="478.31,629.72" z_order="0">
    </points>
    <points frame="195" outside="0" occluded="0" keyframe="0" points="478.21,629.69" z_order="0">
    </points>
    <points frame="196" outside="0" occluded="0" keyframe="0" points="478.12,629.65" z_order="0">
    </points>
    <points frame="197" outside="0" occluded="0" keyframe="0" points="478.02,629.62" z_order="0">
    </points>
    <points frame="198" outside="0" occluded="0" keyframe="0" points="477.93,629.59" z_order="0">
    </points>
    <points frame="199" outside="0" occluded="0" keyframe="0" points="477.83,629.56" z_order="0">
    </points>
    <points frame="200" outside="0" occluded="0" keyframe="0" points="477.74,629.52" z_order="0">
    </points>
    <points frame="201" outside="0" occluded="0" keyframe="0" points="477.64,629.49" z_order="0">
    </points>
    <points frame="202" outside="0" occluded="0" keyframe="0" points="477.55,629.46" z_order="0">
    </points>
    <points frame="203" outside="0" occluded="0" keyframe="0" points="477.45,629.43" z_order="0">
    </points>
    <points frame="204" outside="0" occluded="0" keyframe="0" points="477.36,629.39" z_order="0">
    </points>
    <points frame="205" outside="0" occluded="0" keyframe="0" points="477.26,629.36" z_order="0">
    </points>
    <points frame="206" outside="0" occluded="0" keyframe="0" points="477.17,629.33" z_order="0">
    </points>
    <points frame="207" outside="0" occluded="0" keyframe="0" points="477.07,629.30" z_order="0">
    </points>
    <points frame="208" outside="0" occluded="0" keyframe="0" points="476.98,629.26" z_order="0">
    </points>
    <points frame="209" outside="0" occluded="0" keyframe="0" points="476.88,629.23" z_order="0">
    </points>
    <points frame="210" outside="0" occluded="0" keyframe="0" points="476.79,629.20" z_order="0">
    </points>
    <points frame="211" outside="0" occluded="0" keyframe="0" points="476.69,629.17" z_order="0">
    </points>
    <points frame="212" outside="0" occluded="0" keyframe="0" points="476.60,629.13" z_order="0">
    </points>
    <points frame="213" outside="0" occluded="0" keyframe="1" points="476.50,629.10" z_order="0">
    </points>
    <points frame="214" outside="0" occluded="0" keyframe="0" points="477.00,626.60" z_order="0">
    </points>
    <points frame="215" outside="0" occluded="0" keyframe="0" points="477.50,624.10" z_order="0">
    </points>
    <points frame="216" outside="0" occluded="0" keyframe="0" points="478.00,621.60" z_order="0">
    </points>
    <points frame="217" outside="0" occluded="0" keyframe="0" points="478.50,619.10" z_order="0">
    </points>
    <points frame="218" outside="0" occluded="0" keyframe="0" points="479.00,616.60" z_order="0">
    </points>
    <points frame="219" outside="0" occluded="0" keyframe="0" points="479.50,614.10" z_order="0">
    </points>
    <points frame="220" outside="0" occluded="0" keyframe="0" points="480.00,611.60" z_order="0">
    </points>
    <points frame="221" outside="0" occluded="0" keyframe="0" points="480.50,609.10" z_order="0">
    </points>
    <points frame="222" outside="0" occluded="0" keyframe="0" points="481.00,606.60" z_order="0">
    </points>
    <points frame="223" outside="0" occluded="0" keyframe="1" points="481.50,604.10" z_order="0">
    </points>
    <points frame="224" outside="0" occluded="0" keyframe="0" points="479.25,605.85" z_order="0">
    </points>
    <points frame="225" outside="0" occluded="0" keyframe="0" points="477.00,607.60" z_order="0">
    </points>
    <points frame="226" outside="0" occluded="0" keyframe="0" points="474.75,609.35" z_order="0">
    </points>
    <points frame="227" outside="0" occluded="0" keyframe="0" points="472.50,611.10" z_order="0">
    </points>
    <points frame="228" outside="0" occluded="0" keyframe="0" points="470.25,612.85" z_order="0">
    </points>
    <points frame="229" outside="0" occluded="0" keyframe="0" points="468.00,614.60" z_order="0">
    </points>
    <points frame="230" outside="0" occluded="0" keyframe="0" points="465.75,616.35" z_order="0">
    </points>
    <points frame="231" outside="0" occluded="0" keyframe="0" points="463.50,618.10" z_order="0">
    </points>
    <points frame="232" outside="0" occluded="0" keyframe="0" points="461.25,619.85" z_order="0">
    </points>
    <points frame="233" outside="0" occluded="0" keyframe="1" points="459.00,621.60" z_order="0">
    </points>
    <points frame="234" outside="0" occluded="0" keyframe="0" points="459.75,621.56" z_order="0">
    </points>
    <points frame="235" outside="0" occluded="0" keyframe="0" points="460.50,621.51" z_order="0">
    </points>
    <points frame="236" outside="0" occluded="0" keyframe="0" points="461.25,621.47" z_order="0">
    </points>
    <points frame="237" outside="0" occluded="0" keyframe="0" points="462.00,621.43" z_order="0">
    </points>
    <points frame="238" outside="0" occluded="0" keyframe="0" points="462.75,621.38" z_order="0">
    </points>
    <points frame="239" outside="0" occluded="0" keyframe="0" points="463.50,621.34" z_order="0">
    </points>
    <points frame="240" outside="0" occluded="0" keyframe="0" points="464.25,621.30" z_order="0">
    </points>
    <points frame="241" outside="0" occluded="0" keyframe="0" points="465.00,621.25" z_order="0">
    </points>
    <points frame="242" outside="0" occluded="0" keyframe="0" points="465.75,621.21" z_order="0">
    </points>
    <points frame="243" outside="0" occluded="0" keyframe="0" points="466.50,621.17" z_order="0">
    </points>
    <points frame="244" outside="0" occluded="0" keyframe="0" points="467.25,621.12" z_order="0">
    </points>
    <points frame="245" outside="0" occluded="0" keyframe="0" points="468.00,621.08" z_order="0">
    </points>
    <points frame="246" outside="0" occluded="0" keyframe="0" points="468.75,621.04" z_order="0">
    </points>
    <points frame="247" outside="0" occluded="0" keyframe="0" points="469.50,620.99" z_order="0">
    </points>
    <points frame="248" outside="0" occluded="0" keyframe="0" points="470.25,620.95" z_order="0">
    </points>
    <points frame="249" outside="0" occluded="0" keyframe="0" points="471.00,620.91" z_order="0">
    </points>
    <points frame="250" outside="0" occluded="0" keyframe="0" points="471.75,620.86" z_order="0">
    </points>
    <points frame="251" outside="0" occluded="0" keyframe="0" points="472.50,620.82" z_order="0">
    </points>
    <points frame="252" outside="0" occluded="0" keyframe="0" points="473.25,620.78" z_order="0">
    </points>
    <points frame="253" outside="0" occluded="0" keyframe="0" points="474.00,620.73" z_order="0">
    </points>
    <points frame="254" outside="0" occluded="0" keyframe="0" points="474.75,620.69" z_order="0">
    </points>
    <points frame="255" outside="0" occluded="0" keyframe="0" points="475.50,620.65" z_order="0">
    </points>
    <points frame="256" outside="0" occluded="0" keyframe="0" points="476.25,620.60" z_order="0">
    </points>
    <points frame="257" outside="0" occluded="0" keyframe="0" points="477.00,620.56" z_order="0">
    </points>
    <points frame="258" outside="0" occluded="0" keyframe="0" points="477.75,620.52" z_order="0">
    </points>
    <points frame="259" outside="0" occluded="0" keyframe="0" points="478.50,620.47" z_order="0">
    </points>
    <points frame="260" outside="0" occluded="0" keyframe="0" points="479.25,620.43" z_order="0">
    </points>
    <points frame="261" outside="0" occluded="0" keyframe="0" points="480.00,620.39" z_order="0">
    </points>
    <points frame="262" outside="0" occluded="0" keyframe="0" points="480.75,620.34" z_order="0">
    </points>
    <points frame="263" outside="0" occluded="0" keyframe="1" points="481.50,620.30" z_order="0">
    </points>
    <points frame="264" outside="0" occluded="0" keyframe="0" points="481.50,620.30" z_order="0">
    </points>
    <points frame="265" outside="0" occluded="0" keyframe="0" points="481.50,620.30" z_order="0">
    </points>
    <points frame="266" outside="0" occluded="0" keyframe="0" points="481.50,620.30" z_order="0">
    </points>
  </track>
</annotations>
