<?xml version="1.0" encoding="utf-8"?>
<annotations>
  <version>1.1</version>
  <meta>
    <task>
      <id>176</id>
      <name>D02_5ML-L0-5.avi</name>
      <size>463</size>
      <mode>interpolation</mode>
      <overlap>5</overlap>
      <bugtracker></bugtracker>
      <created>2021-11-20 09:38:39.475172+00:00</created>
      <updated>2021-11-20 18:16:03.951387+00:00</updated>
      <subset>default</subset>
      <start_frame>0</start_frame>
      <stop_frame>462</stop_frame>
      <frame_filter></frame_filter>
      <segments>
        <segment>
          <id>175</id>
          <start>0</start>
          <stop>462</stop>
          <url>http://localhost:8080/?id=175</url>
        </segment>
      </segments>
      <owner>
        <username>hubertachan</username>
        <email>hubertachan@gmail.com</email>
      </owner>
      <assignee></assignee>
      <labels>
        <label>
          <name>HB</name>
          <color>#3b0c73</color>
          <attributes>
          </attributes>
        </label>
        <label>
          <name>M</name>
          <color>#ff355e</color>
          <attributes>
          </attributes>
        </label>
      </labels>
      <original_size>
        <width>1068</width>
        <height>800</height>
      </original_size>
    </task>
    <dumped>2021-11-20 18:16:06.592624+00:00</dumped>
    <source>D02_5ML-L0-5.avi</source>
  </meta>
  <track id="0" label="M" source="manual">
    <points frame="260" outside="0" occluded="0" keyframe="1" points="479.87,650.83" z_order="0">
    </points>
    <points frame="261" outside="0" occluded="0" keyframe="0" points="480.18,650.30" z_order="0">
    </points>
    <points frame="262" outside="0" occluded="0" keyframe="0" points="480.48,649.77" z_order="0">
    </points>
    <points frame="263" outside="0" occluded="0" keyframe="0" points="480.79,649.24" z_order="0">
    </points>
    <points frame="264" outside="0" occluded="0" keyframe="0" points="481.10,648.72" z_order="0">
    </points>
    <points frame="265" outside="0" occluded="0" keyframe="0" points="481.41,648.19" z_order="0">
    </points>
    <points frame="266" outside="0" occluded="0" keyframe="0" points="481.71,647.66" z_order="0">
    </points>
    <points frame="267" outside="0" occluded="0" keyframe="0" points="482.02,647.13" z_order="0">
    </points>
    <points frame="268" outside="0" occluded="0" keyframe="0" points="482.33,646.61" z_order="0">
    </points>
    <points frame="269" outside="0" occluded="0" keyframe="0" points="482.64,646.08" z_order="0">
    </points>
    <points frame="270" outside="0" occluded="0" keyframe="0" points="482.95,645.55" z_order="0">
    </points>
    <points frame="271" outside="0" occluded="0" keyframe="0" points="483.25,645.02" z_order="0">
    </points>
    <points frame="272" outside="0" occluded="0" keyframe="0" points="483.56,644.50" z_order="0">
    </points>
    <points frame="273" outside="0" occluded="0" keyframe="0" points="483.87,643.97" z_order="0">
    </points>
    <points frame="274" outside="0" occluded="0" keyframe="0" points="484.18,643.44" z_order="0">
    </points>
    <points frame="275" outside="0" occluded="0" keyframe="0" points="484.48,642.91" z_order="0">
    </points>
    <points frame="276" outside="0" occluded="0" keyframe="0" points="484.79,642.39" z_order="0">
    </points>
    <points frame="277" outside="0" occluded="0" keyframe="0" points="485.10,641.86" z_order="0">
    </points>
    <points frame="278" outside="0" occluded="0" keyframe="0" points="485.41,641.33" z_order="0">
    </points>
    <points frame="279" outside="0" occluded="0" keyframe="0" points="485.71,640.80" z_order="0">
    </points>
    <points frame="280" outside="0" occluded="0" keyframe="0" points="486.02,640.28" z_order="0">
    </points>
    <points frame="281" outside="0" occluded="0" keyframe="0" points="486.33,639.75" z_order="0">
    </points>
    <points frame="282" outside="0" occluded="0" keyframe="0" points="486.64,639.22" z_order="0">
    </points>
    <points frame="283" outside="0" occluded="0" keyframe="0" points="486.95,638.69" z_order="0">
    </points>
    <points frame="284" outside="0" occluded="0" keyframe="0" points="487.25,638.17" z_order="0">
    </points>
    <points frame="285" outside="0" occluded="0" keyframe="0" points="487.56,637.64" z_order="0">
    </points>
    <points frame="286" outside="0" occluded="0" keyframe="0" points="487.87,637.11" z_order="0">
    </points>
    <points frame="287" outside="0" occluded="0" keyframe="0" points="488.18,636.58" z_order="0">
    </points>
    <points frame="288" outside="0" occluded="0" keyframe="0" points="488.48,636.06" z_order="0">
    </points>
    <points frame="289" outside="0" occluded="0" keyframe="0" points="488.79,635.53" z_order="0">
    </points>
    <points frame="290" outside="0" occluded="0" keyframe="1" points="489.10,635.00" z_order="0">
    </points>
    <points frame="291" outside="0" occluded="0" keyframe="0" points="489.21,634.86" z_order="0">
    </points>
    <points frame="292" outside="0" occluded="0" keyframe="0" points="489.33,634.71" z_order="0">
    </points>
    <points frame="293" outside="0" occluded="0" keyframe="0" points="489.44,634.57" z_order="0">
    </points>
    <points frame="294" outside="0" occluded="0" keyframe="0" points="489.56,634.43" z_order="0">
    </points>
    <points frame="295" outside="0" occluded="0" keyframe="0" points="489.67,634.28" z_order="0">
    </points>
    <points frame="296" outside="0" occluded="0" keyframe="0" points="489.79,634.14" z_order="0">
    </points>
    <points frame="297" outside="0" occluded="0" keyframe="0" points="489.90,634.00" z_order="0">
    </points>
    <points frame="298" outside="0" occluded="0" keyframe="0" points="490.02,633.85" z_order="0">
    </points>
    <points frame="299" outside="0" occluded="0" keyframe="0" points="490.13,633.71" z_order="0">
    </points>
    <points frame="300" outside="0" occluded="0" keyframe="0" points="490.24,633.57" z_order="0">
    </points>
    <points frame="301" outside="0" occluded="0" keyframe="0" points="490.36,633.42" z_order="0">
    </points>
    <points frame="302" outside="0" occluded="0" keyframe="0" points="490.47,633.28" z_order="0">
    </points>
    <points frame="303" outside="0" occluded="0" keyframe="0" points="490.59,633.14" z_order="0">
    </points>
    <points frame="304" outside="0" occluded="0" keyframe="0" points="490.70,632.99" z_order="0">
    </points>
    <points frame="305" outside="0" occluded="0" keyframe="0" points="490.82,632.85" z_order="0">
    </points>
    <points frame="306" outside="0" occluded="0" keyframe="0" points="490.93,632.71" z_order="0">
    </points>
    <points frame="307" outside="0" occluded="0" keyframe="0" points="491.05,632.56" z_order="0">
    </points>
    <points frame="308" outside="0" occluded="0" keyframe="0" points="491.16,632.42" z_order="0">
    </points>
    <points frame="309" outside="0" occluded="0" keyframe="0" points="491.27,632.28" z_order="0">
    </points>
    <points frame="310" outside="0" occluded="0" keyframe="0" points="491.39,632.13" z_order="0">
    </points>
    <points frame="311" outside="0" occluded="0" keyframe="0" points="491.50,631.99" z_order="0">
    </points>
    <points frame="312" outside="0" occluded="0" keyframe="0" points="491.62,631.85" z_order="0">
    </points>
    <points frame="313" outside="0" occluded="0" keyframe="0" points="491.73,631.70" z_order="0">
    </points>
    <points frame="314" outside="0" occluded="0" keyframe="0" points="491.85,631.56" z_order="0">
    </points>
    <points frame="315" outside="0" occluded="0" keyframe="0" points="491.96,631.42" z_order="0">
    </points>
    <points frame="316" outside="0" occluded="0" keyframe="0" points="492.08,631.27" z_order="0">
    </points>
    <points frame="317" outside="0" occluded="0" keyframe="0" points="492.19,631.13" z_order="0">
    </points>
    <points frame="318" outside="0" occluded="0" keyframe="0" points="492.30,630.99" z_order="0">
    </points>
    <points frame="319" outside="0" occluded="0" keyframe="0" points="492.42,630.84" z_order="0">
    </points>
    <points frame="320" outside="0" occluded="0" keyframe="0" points="492.53,630.70" z_order="0">
    </points>
    <points frame="321" outside="0" occluded="0" keyframe="0" points="492.65,630.56" z_order="0">
    </points>
    <points frame="322" outside="0" occluded="0" keyframe="0" points="492.76,630.41" z_order="0">
    </points>
    <points frame="323" outside="0" occluded="0" keyframe="0" points="492.88,630.27" z_order="0">
    </points>
    <points frame="324" outside="0" occluded="0" keyframe="0" points="492.99,630.13" z_order="0">
    </points>
    <points frame="325" outside="0" occluded="0" keyframe="0" points="493.11,629.98" z_order="0">
    </points>
    <points frame="326" outside="0" occluded="0" keyframe="0" points="493.22,629.84" z_order="0">
    </points>
    <points frame="327" outside="0" occluded="0" keyframe="0" points="493.33,629.70" z_order="0">
    </points>
    <points frame="328" outside="0" occluded="0" keyframe="0" points="493.45,629.55" z_order="0">
    </points>
    <points frame="329" outside="0" occluded="0" keyframe="0" points="493.56,629.41" z_order="0">
    </points>
    <points frame="330" outside="0" occluded="0" keyframe="0" points="493.68,629.27" z_order="0">
    </points>
    <points frame="331" outside="0" occluded="0" keyframe="0" points="493.79,629.12" z_order="0">
    </points>
    <points frame="332" outside="0" occluded="0" keyframe="0" points="493.91,628.98" z_order="0">
    </points>
    <points frame="333" outside="0" occluded="0" keyframe="0" points="494.02,628.84" z_order="0">
    </points>
    <points frame="334" outside="0" occluded="0" keyframe="0" points="494.14,628.69" z_order="0">
    </points>
    <points frame="335" outside="0" occluded="0" keyframe="0" points="494.25,628.55" z_order="0">
    </points>
    <points frame="336" outside="0" occluded="0" keyframe="0" points="494.36,628.41" z_order="0">
    </points>
    <points frame="337" outside="0" occluded="0" keyframe="0" points="494.48,628.26" z_order="0">
    </points>
    <points frame="338" outside="0" occluded="0" keyframe="0" points="494.59,628.12" z_order="0">
    </points>
    <points frame="339" outside="0" occluded="0" keyframe="0" points="494.71,627.98" z_order="0">
    </points>
    <points frame="340" outside="0" occluded="0" keyframe="0" points="494.82,627.83" z_order="0">
    </points>
    <points frame="341" outside="0" occluded="0" keyframe="0" points="494.94,627.69" z_order="0">
    </points>
    <points frame="342" outside="0" occluded="0" keyframe="0" points="495.05,627.55" z_order="0">
    </points>
    <points frame="343" outside="0" occluded="0" keyframe="0" points="495.17,627.40" z_order="0">
    </points>
    <points frame="344" outside="0" occluded="0" keyframe="0" points="495.28,627.26" z_order="0">
    </points>
    <points frame="345" outside="0" occluded="0" keyframe="0" points="495.39,627.12" z_order="0">
    </points>
    <points frame="346" outside="0" occluded="0" keyframe="0" points="495.51,626.97" z_order="0">
    </points>
    <points frame="347" outside="0" occluded="0" keyframe="0" points="495.62,626.83" z_order="0">
    </points>
    <points frame="348" outside="0" occluded="0" keyframe="0" points="495.74,626.69" z_order="0">
    </points>
    <points frame="349" outside="0" occluded="0" keyframe="0" points="495.85,626.54" z_order="0">
    </points>
    <points frame="350" outside="0" occluded="0" keyframe="0" points="495.97,626.40" z_order="0">
    </points>
    <points frame="351" outside="0" occluded="0" keyframe="0" points="496.08,626.26" z_order="0">
    </points>
    <points frame="352" outside="0" occluded="0" keyframe="0" points="496.20,626.11" z_order="0">
    </points>
    <points frame="353" outside="0" occluded="0" keyframe="0" points="496.31,625.97" z_order="0">
    </points>
    <points frame="354" outside="0" occluded="0" keyframe="0" points="496.42,625.83" z_order="0">
    </points>
    <points frame="355" outside="0" occluded="0" keyframe="0" points="496.54,625.68" z_order="0">
    </points>
    <points frame="356" outside="0" occluded="0" keyframe="0" points="496.65,625.54" z_order="0">
    </points>
    <points frame="357" outside="0" occluded="0" keyframe="0" points="496.77,625.40" z_order="0">
    </points>
    <points frame="358" outside="0" occluded="0" keyframe="0" points="496.88,625.25" z_order="0">
    </points>
    <points frame="359" outside="0" occluded="0" keyframe="0" points="497.00,625.11" z_order="0">
    </points>
    <points frame="360" outside="0" occluded="0" keyframe="0" points="497.11,624.97" z_order="0">
    </points>
    <points frame="361" outside="0" occluded="0" keyframe="0" points="497.23,624.82" z_order="0">
    </points>
    <points frame="362" outside="0" occluded="0" keyframe="0" points="497.34,624.68" z_order="0">
    </points>
    <points frame="363" outside="0" occluded="0" keyframe="0" points="497.45,624.54" z_order="0">
    </points>
    <points frame="364" outside="0" occluded="0" keyframe="0" points="497.57,624.39" z_order="0">
    </points>
    <points frame="365" outside="0" occluded="0" keyframe="0" points="497.68,624.25" z_order="0">
    </points>
    <points frame="366" outside="0" occluded="0" keyframe="0" points="497.80,624.11" z_order="0">
    </points>
    <points frame="367" outside="0" occluded="0" keyframe="0" points="497.91,623.96" z_order="0">
    </points>
    <points frame="368" outside="0" occluded="0" keyframe="0" points="498.03,623.82" z_order="0">
    </points>
    <points frame="369" outside="0" occluded="0" keyframe="0" points="498.14,623.68" z_order="0">
    </points>
    <points frame="370" outside="0" occluded="0" keyframe="0" points="498.26,623.53" z_order="0">
    </points>
    <points frame="371" outside="0" occluded="0" keyframe="0" points="498.37,623.39" z_order="0">
    </points>
    <points frame="372" outside="0" occluded="0" keyframe="0" points="498.48,623.25" z_order="0">
    </points>
    <points frame="373" outside="0" occluded="0" keyframe="0" points="498.60,623.10" z_order="0">
    </points>
    <points frame="374" outside="0" occluded="0" keyframe="0" points="498.71,622.96" z_order="0">
    </points>
    <points frame="375" outside="0" occluded="0" keyframe="0" points="498.83,622.82" z_order="0">
    </points>
    <points frame="376" outside="0" occluded="0" keyframe="0" points="498.94,622.67" z_order="0">
    </points>
    <points frame="377" outside="0" occluded="0" keyframe="0" points="499.06,622.53" z_order="0">
    </points>
    <points frame="378" outside="0" occluded="0" keyframe="0" points="499.17,622.39" z_order="0">
    </points>
    <points frame="379" outside="0" occluded="0" keyframe="0" points="499.29,622.24" z_order="0">
    </points>
    <points frame="380" outside="0" occluded="0" keyframe="1" points="499.40,622.10" z_order="0">
    </points>
    <points frame="381" outside="0" occluded="0" keyframe="0" points="502.59,621.81" z_order="0">
    </points>
    <points frame="382" outside="0" occluded="0" keyframe="0" points="505.78,621.52" z_order="0">
    </points>
    <points frame="383" outside="0" occluded="0" keyframe="0" points="508.97,621.23" z_order="0">
    </points>
    <points frame="384" outside="0" occluded="0" keyframe="0" points="512.16,620.94" z_order="0">
    </points>
    <points frame="385" outside="0" occluded="0" keyframe="0" points="515.35,620.65" z_order="0">
    </points>
    <points frame="386" outside="0" occluded="0" keyframe="0" points="518.54,620.36" z_order="0">
    </points>
    <points frame="387" outside="0" occluded="0" keyframe="0" points="521.73,620.07" z_order="0">
    </points>
    <points frame="388" outside="0" occluded="0" keyframe="0" points="524.92,619.78" z_order="0">
    </points>
    <points frame="389" outside="0" occluded="0" keyframe="0" points="528.11,619.49" z_order="0">
    </points>
    <points frame="390" outside="0" occluded="0" keyframe="1" points="531.30,619.20" z_order="0">
    </points>
    <points frame="391" outside="0" occluded="0" keyframe="0" points="529.85,619.86" z_order="0">
    </points>
    <points frame="392" outside="0" occluded="0" keyframe="0" points="528.39,620.52" z_order="0">
    </points>
    <points frame="393" outside="0" occluded="0" keyframe="0" points="526.94,621.18" z_order="0">
    </points>
    <points frame="394" outside="0" occluded="0" keyframe="0" points="525.49,621.84" z_order="0">
    </points>
    <points frame="395" outside="0" occluded="0" keyframe="0" points="524.03,622.50" z_order="0">
    </points>
    <points frame="396" outside="0" occluded="0" keyframe="0" points="522.58,623.16" z_order="0">
    </points>
    <points frame="397" outside="0" occluded="0" keyframe="0" points="521.13,623.82" z_order="0">
    </points>
    <points frame="398" outside="0" occluded="0" keyframe="0" points="519.67,624.48" z_order="0">
    </points>
    <points frame="399" outside="0" occluded="0" keyframe="0" points="518.22,625.14" z_order="0">
    </points>
    <points frame="400" outside="0" occluded="0" keyframe="0" points="516.77,625.80" z_order="0">
    </points>
    <points frame="401" outside="0" occluded="0" keyframe="0" points="515.31,626.46" z_order="0">
    </points>
    <points frame="402" outside="0" occluded="0" keyframe="0" points="513.86,627.12" z_order="0">
    </points>
    <points frame="403" outside="0" occluded="0" keyframe="0" points="512.41,627.78" z_order="0">
    </points>
    <points frame="404" outside="0" occluded="0" keyframe="0" points="510.95,628.44" z_order="0">
    </points>
    <points frame="405" outside="0" occluded="0" keyframe="0" points="509.50,629.10" z_order="0">
    </points>
    <points frame="406" outside="0" occluded="0" keyframe="0" points="508.05,629.76" z_order="0">
    </points>
    <points frame="407" outside="0" occluded="0" keyframe="0" points="506.59,630.42" z_order="0">
    </points>
    <points frame="408" outside="0" occluded="0" keyframe="0" points="505.14,631.08" z_order="0">
    </points>
    <points frame="409" outside="0" occluded="0" keyframe="0" points="503.69,631.74" z_order="0">
    </points>
    <points frame="410" outside="0" occluded="0" keyframe="0" points="502.23,632.40" z_order="0">
    </points>
    <points frame="411" outside="0" occluded="0" keyframe="0" points="500.78,633.06" z_order="0">
    </points>
    <points frame="412" outside="0" occluded="0" keyframe="0" points="499.33,633.72" z_order="0">
    </points>
    <points frame="413" outside="0" occluded="0" keyframe="0" points="497.87,634.38" z_order="0">
    </points>
    <points frame="414" outside="0" occluded="0" keyframe="0" points="496.42,635.04" z_order="0">
    </points>
    <points frame="415" outside="0" occluded="0" keyframe="0" points="494.97,635.70" z_order="0">
    </points>
    <points frame="416" outside="0" occluded="0" keyframe="0" points="493.51,636.36" z_order="0">
    </points>
    <points frame="417" outside="0" occluded="0" keyframe="0" points="492.06,637.02" z_order="0">
    </points>
    <points frame="418" outside="0" occluded="0" keyframe="0" points="490.61,637.68" z_order="0">
    </points>
    <points frame="419" outside="0" occluded="0" keyframe="0" points="489.15,638.34" z_order="0">
    </points>
    <points frame="420" outside="0" occluded="0" keyframe="1" points="487.70,639.00" z_order="0">
    </points>
    <points frame="421" outside="0" occluded="0" keyframe="0" points="487.24,640.12" z_order="0">
    </points>
    <points frame="422" outside="0" occluded="0" keyframe="0" points="486.78,641.24" z_order="0">
    </points>
    <points frame="423" outside="0" occluded="0" keyframe="0" points="486.32,642.36" z_order="0">
    </points>
    <points frame="424" outside="0" occluded="0" keyframe="0" points="485.86,643.48" z_order="0">
    </points>
    <points frame="425" outside="0" occluded="0" keyframe="0" points="485.40,644.60" z_order="0">
    </points>
    <points frame="426" outside="0" occluded="0" keyframe="0" points="484.94,645.72" z_order="0">
    </points>
    <points frame="427" outside="0" occluded="0" keyframe="0" points="484.48,646.84" z_order="0">
    </points>
    <points frame="428" outside="0" occluded="0" keyframe="0" points="484.02,647.96" z_order="0">
    </points>
    <points frame="429" outside="0" occluded="0" keyframe="0" points="483.56,649.08" z_order="0">
    </points>
    <points frame="430" outside="0" occluded="0" keyframe="1" points="483.10,650.20" z_order="0">
    </points>
    <points frame="431" outside="0" occluded="0" keyframe="0" points="485.28,648.42" z_order="0">
    </points>
    <points frame="432" outside="0" occluded="0" keyframe="0" points="487.46,646.64" z_order="0">
    </points>
    <points frame="433" outside="0" occluded="0" keyframe="0" points="489.64,644.86" z_order="0">
    </points>
    <points frame="434" outside="0" occluded="0" keyframe="0" points="491.82,643.08" z_order="0">
    </points>
    <points frame="435" outside="0" occluded="0" keyframe="0" points="494.00,641.30" z_order="0">
    </points>
    <points frame="436" outside="0" occluded="0" keyframe="0" points="496.18,639.52" z_order="0">
    </points>
    <points frame="437" outside="0" occluded="0" keyframe="0" points="498.36,637.74" z_order="0">
    </points>
    <points frame="438" outside="0" occluded="0" keyframe="0" points="500.54,635.96" z_order="0">
    </points>
    <points frame="439" outside="0" occluded="0" keyframe="0" points="502.72,634.18" z_order="0">
    </points>
    <points frame="440" outside="0" occluded="0" keyframe="1" points="504.90,632.40" z_order="0">
    </points>
    <points frame="441" outside="0" occluded="0" keyframe="0" points="503.71,632.93" z_order="0">
    </points>
    <points frame="442" outside="0" occluded="0" keyframe="0" points="502.52,633.46" z_order="0">
    </points>
    <points frame="443" outside="0" occluded="0" keyframe="0" points="501.33,633.99" z_order="0">
    </points>
    <points frame="444" outside="0" occluded="0" keyframe="0" points="500.14,634.52" z_order="0">
    </points>
    <points frame="445" outside="0" occluded="0" keyframe="0" points="498.95,635.05" z_order="0">
    </points>
    <points frame="446" outside="0" occluded="0" keyframe="0" points="497.76,635.58" z_order="0">
    </points>
    <points frame="447" outside="0" occluded="0" keyframe="0" points="496.57,636.11" z_order="0">
    </points>
    <points frame="448" outside="0" occluded="0" keyframe="0" points="495.38,636.64" z_order="0">
    </points>
    <points frame="449" outside="0" occluded="0" keyframe="0" points="494.19,637.17" z_order="0">
    </points>
    <points frame="450" outside="0" occluded="0" keyframe="1" points="493.00,637.70" z_order="0">
    </points>
    <points frame="451" outside="0" occluded="0" keyframe="0" points="494.98,636.93" z_order="0">
    </points>
    <points frame="452" outside="0" occluded="0" keyframe="0" points="496.97,636.17" z_order="0">
    </points>
    <points frame="453" outside="0" occluded="0" keyframe="0" points="498.95,635.40" z_order="0">
    </points>
    <points frame="454" outside="0" occluded="0" keyframe="0" points="500.93,634.63" z_order="0">
    </points>
    <points frame="455" outside="0" occluded="0" keyframe="0" points="502.92,633.87" z_order="0">
    </points>
    <points frame="456" outside="0" occluded="0" keyframe="0" points="504.90,633.10" z_order="0">
    </points>
    <points frame="457" outside="0" occluded="0" keyframe="0" points="506.88,632.33" z_order="0">
    </points>
    <points frame="458" outside="0" occluded="0" keyframe="0" points="508.87,631.57" z_order="0">
    </points>
    <points frame="459" outside="0" occluded="0" keyframe="0" points="510.85,630.80" z_order="0">
    </points>
    <points frame="460" outside="0" occluded="0" keyframe="0" points="512.83,630.03" z_order="0">
    </points>
    <points frame="461" outside="0" occluded="0" keyframe="0" points="514.82,629.27" z_order="0">
    </points>
    <points frame="462" outside="0" occluded="0" keyframe="1" points="516.80,628.50" z_order="0">
    </points>
  </track>
  <track id="1" label="HB" source="manual">
    <points frame="260" outside="0" occluded="0" keyframe="1" points="654.12,522.77" z_order="0">
    </points>
    <points frame="261" outside="0" occluded="0" keyframe="0" points="655.05,525.02" z_order="0">
    </points>
    <points frame="262" outside="0" occluded="0" keyframe="0" points="655.98,527.26" z_order="0">
    </points>
    <points frame="263" outside="0" occluded="0" keyframe="0" points="656.91,529.50" z_order="0">
    </points>
    <points frame="264" outside="0" occluded="0" keyframe="0" points="657.84,531.74" z_order="0">
    </points>
    <points frame="265" outside="0" occluded="0" keyframe="0" points="658.76,533.99" z_order="0">
    </points>
    <points frame="266" outside="0" occluded="0" keyframe="0" points="659.69,536.23" z_order="0">
    </points>
    <points frame="267" outside="0" occluded="0" keyframe="0" points="660.62,538.47" z_order="0">
    </points>
    <points frame="268" outside="0" occluded="0" keyframe="0" points="661.55,540.71" z_order="0">
    </points>
    <points frame="269" outside="0" occluded="0" keyframe="0" points="662.47,542.96" z_order="0">
    </points>
    <points frame="270" outside="0" occluded="0" keyframe="1" points="663.40,545.20" z_order="0">
    </points>
    <points frame="271" outside="0" occluded="0" keyframe="0" points="666.59,547.20" z_order="0">
    </points>
    <points frame="272" outside="0" occluded="0" keyframe="0" points="669.78,549.20" z_order="0">
    </points>
    <points frame="273" outside="0" occluded="0" keyframe="0" points="672.97,551.20" z_order="0">
    </points>
    <points frame="274" outside="0" occluded="0" keyframe="0" points="676.16,553.20" z_order="0">
    </points>
    <points frame="275" outside="0" occluded="0" keyframe="0" points="679.34,555.20" z_order="0">
    </points>
    <points frame="276" outside="0" occluded="0" keyframe="0" points="682.53,557.20" z_order="0">
    </points>
    <points frame="277" outside="0" occluded="0" keyframe="0" points="685.72,559.20" z_order="0">
    </points>
    <points frame="278" outside="0" occluded="0" keyframe="0" points="688.91,561.20" z_order="0">
    </points>
    <points frame="279" outside="0" occluded="0" keyframe="1" points="692.10,563.20" z_order="0">
    </points>
    <points frame="280" outside="0" occluded="0" keyframe="1" points="679.20,563.70" z_order="0">
    </points>
    <points frame="281" outside="0" occluded="0" keyframe="1" points="704.70,564.40" z_order="0">
    </points>
    <points frame="282" outside="0" occluded="0" keyframe="0" points="702.31,563.59" z_order="0">
    </points>
    <points frame="283" outside="0" occluded="0" keyframe="0" points="699.92,562.78" z_order="0">
    </points>
    <points frame="284" outside="0" occluded="0" keyframe="0" points="697.53,561.97" z_order="0">
    </points>
    <points frame="285" outside="0" occluded="0" keyframe="0" points="695.14,561.16" z_order="0">
    </points>
    <points frame="286" outside="0" occluded="0" keyframe="0" points="692.76,560.34" z_order="0">
    </points>
    <points frame="287" outside="0" occluded="0" keyframe="0" points="690.37,559.53" z_order="0">
    </points>
    <points frame="288" outside="0" occluded="0" keyframe="0" points="687.98,558.72" z_order="0">
    </points>
    <points frame="289" outside="0" occluded="0" keyframe="0" points="685.59,557.91" z_order="0">
    </points>
    <points frame="290" outside="0" occluded="0" keyframe="1" points="683.20,557.10" z_order="0">
    </points>
    <points frame="291" outside="0" occluded="0" keyframe="0" points="684.34,556.56" z_order="0">
    </points>
    <points frame="292" outside="0" occluded="0" keyframe="0" points="685.47,556.03" z_order="0">
    </points>
    <points frame="293" outside="0" occluded="0" keyframe="0" points="686.61,555.49" z_order="0">
    </points>
    <points frame="294" outside="0" occluded="0" keyframe="0" points="687.75,554.95" z_order="0">
    </points>
    <points frame="295" outside="0" occluded="0" keyframe="0" points="688.88,554.42" z_order="0">
    </points>
    <points frame="296" outside="0" occluded="0" keyframe="0" points="690.02,553.88" z_order="0">
    </points>
    <points frame="297" outside="0" occluded="0" keyframe="0" points="691.15,553.35" z_order="0">
    </points>
    <points frame="298" outside="0" occluded="0" keyframe="0" points="692.29,552.81" z_order="0">
    </points>
    <points frame="299" outside="0" occluded="0" keyframe="0" points="693.43,552.27" z_order="0">
    </points>
    <points frame="300" outside="0" occluded="0" keyframe="0" points="694.56,551.74" z_order="0">
    </points>
    <points frame="301" outside="0" occluded="0" keyframe="1" points="695.70,551.20" z_order="0">
    </points>
    <points frame="302" outside="0" occluded="0" keyframe="0" points="691.43,546.10" z_order="0">
    </points>
    <points frame="303" outside="0" occluded="0" keyframe="0" points="687.15,541.00" z_order="0">
    </points>
    <points frame="304" outside="0" occluded="0" keyframe="0" points="682.88,535.90" z_order="0">
    </points>
    <points frame="305" outside="0" occluded="0" keyframe="0" points="678.60,530.80" z_order="0">
    </points>
    <points frame="306" outside="0" occluded="0" keyframe="0" points="674.33,525.70" z_order="0">
    </points>
    <points frame="307" outside="0" occluded="0" keyframe="0" points="670.05,520.60" z_order="0">
    </points>
    <points frame="308" outside="0" occluded="0" keyframe="0" points="665.78,515.50" z_order="0">
    </points>
    <points frame="309" outside="0" occluded="0" keyframe="1" points="661.50,510.40" z_order="0">
    </points>
    <points frame="310" outside="0" occluded="0" keyframe="1" points="668.70,539.90" z_order="0">
    </points>
    <points frame="311" outside="0" occluded="0" keyframe="0" points="662.63,539.50" z_order="0">
    </points>
    <points frame="312" outside="0" occluded="0" keyframe="0" points="656.56,539.10" z_order="0">
    </points>
    <points frame="313" outside="0" occluded="0" keyframe="0" points="650.49,538.70" z_order="0">
    </points>
    <points frame="314" outside="0" occluded="0" keyframe="0" points="644.42,538.30" z_order="0">
    </points>
    <points frame="315" outside="0" occluded="0" keyframe="0" points="638.35,537.90" z_order="0">
    </points>
    <points frame="316" outside="0" occluded="0" keyframe="0" points="632.28,537.50" z_order="0">
    </points>
    <points frame="317" outside="0" occluded="0" keyframe="0" points="626.21,537.10" z_order="0">
    </points>
    <points frame="318" outside="0" occluded="0" keyframe="0" points="620.14,536.70" z_order="0">
    </points>
    <points frame="319" outside="0" occluded="0" keyframe="0" points="614.07,536.30" z_order="0">
    </points>
    <points frame="320" outside="0" occluded="0" keyframe="1" points="608.00,535.90" z_order="0">
    </points>
    <points frame="321" outside="0" occluded="0" keyframe="0" points="597.03,528.53" z_order="0">
    </points>
    <points frame="322" outside="0" occluded="0" keyframe="0" points="586.07,521.17" z_order="0">
    </points>
    <points frame="323" outside="0" occluded="0" keyframe="1" points="575.10,513.80" z_order="0">
    </points>
    <points frame="324" outside="0" occluded="0" keyframe="0" points="594.33,524.69" z_order="0">
    </points>
    <points frame="325" outside="0" occluded="0" keyframe="0" points="613.56,535.57" z_order="0">
    </points>
    <points frame="326" outside="0" occluded="0" keyframe="0" points="632.79,546.46" z_order="0">
    </points>
    <points frame="327" outside="0" occluded="0" keyframe="0" points="652.01,557.34" z_order="0">
    </points>
    <points frame="328" outside="0" occluded="0" keyframe="0" points="671.24,568.23" z_order="0">
    </points>
    <points frame="329" outside="0" occluded="0" keyframe="0" points="690.47,579.11" z_order="0">
    </points>
    <points frame="330" outside="0" occluded="0" keyframe="1" points="709.70,590.00" z_order="0">
    </points>
    <points frame="331" outside="0" occluded="0" keyframe="0" points="698.13,580.06" z_order="0">
    </points>
    <points frame="332" outside="0" occluded="0" keyframe="0" points="686.56,570.11" z_order="0">
    </points>
    <points frame="333" outside="0" occluded="0" keyframe="0" points="674.99,560.17" z_order="0">
    </points>
    <points frame="334" outside="0" occluded="0" keyframe="0" points="663.41,550.23" z_order="0">
    </points>
    <points frame="335" outside="0" occluded="0" keyframe="0" points="651.84,540.29" z_order="0">
    </points>
    <points frame="336" outside="0" occluded="0" keyframe="0" points="640.27,530.34" z_order="0">
    </points>
    <points frame="337" outside="0" occluded="0" keyframe="1" points="628.70,520.40" z_order="0">
    </points>
    <points frame="338" outside="0" occluded="0" keyframe="0" points="641.63,529.97" z_order="0">
    </points>
    <points frame="339" outside="0" occluded="0" keyframe="0" points="654.57,539.53" z_order="0">
    </points>
    <points frame="340" outside="0" occluded="0" keyframe="1" points="667.50,549.10" z_order="0">
    </points>
    <points frame="341" outside="0" occluded="0" keyframe="0" points="678.60,558.48" z_order="0">
    </points>
    <points frame="342" outside="0" occluded="0" keyframe="0" points="689.70,567.85" z_order="0">
    </points>
    <points frame="343" outside="0" occluded="0" keyframe="0" points="700.80,577.23" z_order="0">
    </points>
    <points frame="344" outside="0" occluded="0" keyframe="1" points="711.90,586.60" z_order="0">
    </points>
    <points frame="345" outside="0" occluded="0" keyframe="0" points="707.58,584.97" z_order="0">
    </points>
    <points frame="346" outside="0" occluded="0" keyframe="0" points="703.27,583.33" z_order="0">
    </points>
    <points frame="347" outside="0" occluded="0" keyframe="0" points="698.95,581.70" z_order="0">
    </points>
    <points frame="348" outside="0" occluded="0" keyframe="0" points="694.63,580.07" z_order="0">
    </points>
    <points frame="349" outside="0" occluded="0" keyframe="0" points="690.32,578.43" z_order="0">
    </points>
    <points frame="350" outside="0" occluded="0" keyframe="1" points="686.00,576.80" z_order="0">
    </points>
    <points frame="351" outside="0" occluded="0" keyframe="0" points="686.66,576.27" z_order="0">
    </points>
    <points frame="352" outside="0" occluded="0" keyframe="0" points="687.32,575.74" z_order="0">
    </points>
    <points frame="353" outside="0" occluded="0" keyframe="0" points="687.98,575.21" z_order="0">
    </points>
    <points frame="354" outside="0" occluded="0" keyframe="0" points="688.64,574.68" z_order="0">
    </points>
    <points frame="355" outside="0" occluded="0" keyframe="0" points="689.30,574.15" z_order="0">
    </points>
    <points frame="356" outside="0" occluded="0" keyframe="0" points="689.96,573.62" z_order="0">
    </points>
    <points frame="357" outside="0" occluded="0" keyframe="0" points="690.62,573.09" z_order="0">
    </points>
    <points frame="358" outside="0" occluded="0" keyframe="0" points="691.28,572.56" z_order="0">
    </points>
    <points frame="359" outside="0" occluded="0" keyframe="0" points="691.94,572.03" z_order="0">
    </points>
    <points frame="360" outside="0" occluded="0" keyframe="1" points="692.60,571.50" z_order="0">
    </points>
    <points frame="361" outside="0" occluded="0" keyframe="0" points="695.90,571.90" z_order="0">
    </points>
    <points frame="362" outside="0" occluded="0" keyframe="0" points="699.20,572.30" z_order="0">
    </points>
    <points frame="363" outside="0" occluded="0" keyframe="0" points="702.50,572.70" z_order="0">
    </points>
    <points frame="364" outside="0" occluded="0" keyframe="0" points="705.80,573.10" z_order="0">
    </points>
    <points frame="365" outside="0" occluded="0" keyframe="0" points="709.10,573.50" z_order="0">
    </points>
    <points frame="366" outside="0" occluded="0" keyframe="0" points="712.40,573.90" z_order="0">
    </points>
    <points frame="367" outside="0" occluded="0" keyframe="0" points="715.70,574.30" z_order="0">
    </points>
    <points frame="368" outside="0" occluded="0" keyframe="0" points="719.00,574.70" z_order="0">
    </points>
    <points frame="369" outside="0" occluded="0" keyframe="0" points="722.30,575.10" z_order="0">
    </points>
    <points frame="370" outside="0" occluded="0" keyframe="1" points="725.60,575.50" z_order="0">
    </points>
    <points frame="371" outside="0" occluded="0" keyframe="0" points="725.34,574.97" z_order="0">
    </points>
    <points frame="372" outside="0" occluded="0" keyframe="0" points="725.08,574.44" z_order="0">
    </points>
    <points frame="373" outside="0" occluded="0" keyframe="0" points="724.82,573.91" z_order="0">
    </points>
    <points frame="374" outside="0" occluded="0" keyframe="0" points="724.56,573.38" z_order="0">
    </points>
    <points frame="375" outside="0" occluded="0" keyframe="0" points="724.30,572.85" z_order="0">
    </points>
    <points frame="376" outside="0" occluded="0" keyframe="0" points="724.04,572.32" z_order="0">
    </points>
    <points frame="377" outside="0" occluded="0" keyframe="0" points="723.78,571.79" z_order="0">
    </points>
    <points frame="378" outside="0" occluded="0" keyframe="0" points="723.52,571.26" z_order="0">
    </points>
    <points frame="379" outside="0" occluded="0" keyframe="0" points="723.26,570.73" z_order="0">
    </points>
    <points frame="380" outside="0" occluded="0" keyframe="1" points="723.00,570.20" z_order="0">
    </points>
    <points frame="381" outside="0" occluded="0" keyframe="0" points="724.45,570.73" z_order="0">
    </points>
    <points frame="382" outside="0" occluded="0" keyframe="0" points="725.90,571.26" z_order="0">
    </points>
    <points frame="383" outside="0" occluded="0" keyframe="0" points="727.35,571.79" z_order="0">
    </points>
    <points frame="384" outside="0" occluded="0" keyframe="0" points="728.80,572.32" z_order="0">
    </points>
    <points frame="385" outside="0" occluded="0" keyframe="0" points="730.25,572.85" z_order="0">
    </points>
    <points frame="386" outside="0" occluded="0" keyframe="0" points="731.70,573.38" z_order="0">
    </points>
    <points frame="387" outside="0" occluded="0" keyframe="0" points="733.15,573.91" z_order="0">
    </points>
    <points frame="388" outside="0" occluded="0" keyframe="0" points="734.60,574.44" z_order="0">
    </points>
    <points frame="389" outside="0" occluded="0" keyframe="0" points="736.05,574.97" z_order="0">
    </points>
    <points frame="390" outside="0" occluded="0" keyframe="1" points="737.50,575.50" z_order="0">
    </points>
    <points frame="391" outside="0" occluded="0" keyframe="0" points="736.84,575.37" z_order="0">
    </points>
    <points frame="392" outside="0" occluded="0" keyframe="0" points="736.18,575.24" z_order="0">
    </points>
    <points frame="393" outside="0" occluded="0" keyframe="0" points="735.52,575.11" z_order="0">
    </points>
    <points frame="394" outside="0" occluded="0" keyframe="0" points="734.86,574.98" z_order="0">
    </points>
    <points frame="395" outside="0" occluded="0" keyframe="0" points="734.20,574.85" z_order="0">
    </points>
    <points frame="396" outside="0" occluded="0" keyframe="0" points="733.54,574.72" z_order="0">
    </points>
    <points frame="397" outside="0" occluded="0" keyframe="0" points="732.88,574.59" z_order="0">
    </points>
    <points frame="398" outside="0" occluded="0" keyframe="0" points="732.22,574.46" z_order="0">
    </points>
    <points frame="399" outside="0" occluded="0" keyframe="0" points="731.56,574.33" z_order="0">
    </points>
    <points frame="400" outside="0" occluded="0" keyframe="1" points="730.90,574.20" z_order="0">
    </points>
    <points frame="401" outside="0" occluded="0" keyframe="0" points="732.22,574.33" z_order="0">
    </points>
    <points frame="402" outside="0" occluded="0" keyframe="0" points="733.54,574.46" z_order="0">
    </points>
    <points frame="403" outside="0" occluded="0" keyframe="0" points="734.86,574.59" z_order="0">
    </points>
    <points frame="404" outside="0" occluded="0" keyframe="0" points="736.18,574.72" z_order="0">
    </points>
    <points frame="405" outside="0" occluded="0" keyframe="0" points="737.50,574.85" z_order="0">
    </points>
    <points frame="406" outside="0" occluded="0" keyframe="0" points="738.82,574.98" z_order="0">
    </points>
    <points frame="407" outside="0" occluded="0" keyframe="0" points="740.14,575.11" z_order="0">
    </points>
    <points frame="408" outside="0" occluded="0" keyframe="0" points="741.46,575.24" z_order="0">
    </points>
    <points frame="409" outside="0" occluded="0" keyframe="0" points="742.78,575.37" z_order="0">
    </points>
    <points frame="410" outside="0" occluded="0" keyframe="1" points="744.10,575.50" z_order="0">
    </points>
    <points frame="411" outside="0" occluded="0" keyframe="0" points="738.56,575.10" z_order="0">
    </points>
    <points frame="412" outside="0" occluded="0" keyframe="0" points="733.02,574.70" z_order="0">
    </points>
    <points frame="413" outside="0" occluded="0" keyframe="0" points="727.48,574.30" z_order="0">
    </points>
    <points frame="414" outside="0" occluded="0" keyframe="0" points="721.94,573.90" z_order="0">
    </points>
    <points frame="415" outside="0" occluded="0" keyframe="0" points="716.40,573.50" z_order="0">
    </points>
    <points frame="416" outside="0" occluded="0" keyframe="0" points="710.86,573.10" z_order="0">
    </points>
    <points frame="417" outside="0" occluded="0" keyframe="0" points="705.32,572.70" z_order="0">
    </points>
    <points frame="418" outside="0" occluded="0" keyframe="0" points="699.78,572.30" z_order="0">
    </points>
    <points frame="419" outside="0" occluded="0" keyframe="0" points="694.24,571.90" z_order="0">
    </points>
    <points frame="420" outside="0" occluded="0" keyframe="1" points="688.70,571.50" z_order="0">
    </points>
    <points frame="421" outside="0" occluded="0" keyframe="0" points="688.30,571.11" z_order="0">
    </points>
    <points frame="422" outside="0" occluded="0" keyframe="0" points="687.90,570.72" z_order="0">
    </points>
    <points frame="423" outside="0" occluded="0" keyframe="0" points="687.50,570.33" z_order="0">
    </points>
    <points frame="424" outside="0" occluded="0" keyframe="0" points="687.10,569.94" z_order="0">
    </points>
    <points frame="425" outside="0" occluded="0" keyframe="0" points="686.70,569.55" z_order="0">
    </points>
    <points frame="426" outside="0" occluded="0" keyframe="0" points="686.30,569.16" z_order="0">
    </points>
    <points frame="427" outside="0" occluded="0" keyframe="0" points="685.90,568.77" z_order="0">
    </points>
    <points frame="428" outside="0" occluded="0" keyframe="0" points="685.50,568.38" z_order="0">
    </points>
    <points frame="429" outside="0" occluded="0" keyframe="0" points="685.10,567.99" z_order="0">
    </points>
    <points frame="430" outside="0" occluded="0" keyframe="1" points="684.70,567.60" z_order="0">
    </points>
    <points frame="431" outside="0" occluded="0" keyframe="0" points="686.02,567.34" z_order="0">
    </points>
    <points frame="432" outside="0" occluded="0" keyframe="0" points="687.34,567.08" z_order="0">
    </points>
    <points frame="433" outside="0" occluded="0" keyframe="0" points="688.66,566.82" z_order="0">
    </points>
    <points frame="434" outside="0" occluded="0" keyframe="0" points="689.98,566.56" z_order="0">
    </points>
    <points frame="435" outside="0" occluded="0" keyframe="0" points="691.30,566.30" z_order="0">
    </points>
    <points frame="436" outside="0" occluded="0" keyframe="0" points="692.62,566.04" z_order="0">
    </points>
    <points frame="437" outside="0" occluded="0" keyframe="0" points="693.94,565.78" z_order="0">
    </points>
    <points frame="438" outside="0" occluded="0" keyframe="0" points="695.26,565.52" z_order="0">
    </points>
    <points frame="439" outside="0" occluded="0" keyframe="0" points="696.58,565.26" z_order="0">
    </points>
    <points frame="440" outside="0" occluded="0" keyframe="1" points="697.90,565.00" z_order="0">
    </points>
    <points frame="441" outside="0" occluded="0" keyframe="0" points="697.37,564.27" z_order="0">
    </points>
    <points frame="442" outside="0" occluded="0" keyframe="0" points="696.84,563.55" z_order="0">
    </points>
    <points frame="443" outside="0" occluded="0" keyframe="0" points="696.31,562.83" z_order="0">
    </points>
    <points frame="444" outside="0" occluded="0" keyframe="0" points="695.78,562.10" z_order="0">
    </points>
    <points frame="445" outside="0" occluded="0" keyframe="0" points="695.25,561.38" z_order="0">
    </points>
    <points frame="446" outside="0" occluded="0" keyframe="0" points="694.72,560.65" z_order="0">
    </points>
    <points frame="447" outside="0" occluded="0" keyframe="0" points="694.19,559.92" z_order="0">
    </points>
    <points frame="448" outside="0" occluded="0" keyframe="0" points="693.66,559.20" z_order="0">
    </points>
    <points frame="449" outside="0" occluded="0" keyframe="0" points="693.13,558.48" z_order="0">
    </points>
    <points frame="450" outside="0" occluded="0" keyframe="0" points="692.60,557.75" z_order="0">
    </points>
    <points frame="451" outside="0" occluded="0" keyframe="0" points="692.07,557.02" z_order="0">
    </points>
    <points frame="452" outside="0" occluded="0" keyframe="0" points="691.54,556.30" z_order="0">
    </points>
    <points frame="453" outside="0" occluded="0" keyframe="0" points="691.01,555.58" z_order="0">
    </points>
    <points frame="454" outside="0" occluded="0" keyframe="0" points="690.48,554.85" z_order="0">
    </points>
    <points frame="455" outside="0" occluded="0" keyframe="0" points="689.95,554.12" z_order="0">
    </points>
    <points frame="456" outside="0" occluded="0" keyframe="0" points="689.42,553.40" z_order="0">
    </points>
    <points frame="457" outside="0" occluded="0" keyframe="0" points="688.89,552.67" z_order="0">
    </points>
    <points frame="458" outside="0" occluded="0" keyframe="0" points="688.36,551.95" z_order="0">
    </points>
    <points frame="459" outside="0" occluded="0" keyframe="0" points="687.83,551.23" z_order="0">
    </points>
    <points frame="460" outside="0" occluded="0" keyframe="1" points="687.30,550.50" z_order="0">
    </points>
    <points frame="461" outside="0" occluded="0" keyframe="0" points="687.30,550.50" z_order="0">
    </points>
    <points frame="462" outside="0" occluded="0" keyframe="0" points="687.30,550.50" z_order="0">
    </points>
  </track>
</annotations>
