<?xml version="1.0" encoding="utf-8"?>
<annotations>
  <version>1.1</version>
  <meta>
    <task>
      <id>117</id>
      <name>D01_Dry-4</name>
      <size>326</size>
      <mode>interpolation</mode>
      <overlap>5</overlap>
      <bugtracker></bugtracker>
      <created>2021-11-20 04:45:34.773269+00:00</created>
      <updated>2021-11-20 04:49:41.425936+00:00</updated>
      <subset>default</subset>
      <start_frame>0</start_frame>
      <stop_frame>325</stop_frame>
      <frame_filter></frame_filter>
      <segments>
        <segment>
          <id>116</id>
          <start>0</start>
          <stop>325</stop>
          <url>http://localhost:8080/?id=116</url>
        </segment>
      </segments>
      <owner>
        <username>hubertachan</username>
        <email>hubertachan@gmail.com</email>
      </owner>
      <assignee></assignee>
      <labels>
        <label>
          <name>HB</name>
          <color>#3b0c73</color>
          <attributes>
          </attributes>
        </label>
      </labels>
      <original_size>
        <width>1068</width>
        <height>800</height>
      </original_size>
    </task>
    <dumped>2021-11-20 04:49:44.386514+00:00</dumped>
    <source>D01_Dry-4.avi</source>
  </meta>
  <track id="0" label="HB" source="manual">
    <points frame="120" outside="0" occluded="0" keyframe="1" points="714.22,559.77" z_order="0">
    </points>
    <points frame="121" outside="0" occluded="0" keyframe="0" points="712.07,559.77" z_order="0">
    </points>
    <points frame="122" outside="0" occluded="0" keyframe="0" points="709.92,559.78" z_order="0">
    </points>
    <points frame="123" outside="0" occluded="0" keyframe="0" points="707.77,559.78" z_order="0">
    </points>
    <points frame="124" outside="0" occluded="0" keyframe="0" points="705.61,559.78" z_order="0">
    </points>
    <points frame="125" outside="0" occluded="0" keyframe="0" points="703.46,559.79" z_order="0">
    </points>
    <points frame="126" outside="0" occluded="0" keyframe="0" points="701.31,559.79" z_order="0">
    </points>
    <points frame="127" outside="0" occluded="0" keyframe="0" points="699.15,559.80" z_order="0">
    </points>
    <points frame="128" outside="0" occluded="0" keyframe="1" points="697.00,559.80" z_order="0">
    </points>
    <points frame="129" outside="0" occluded="0" keyframe="0" points="699.00,559.80" z_order="0">
    </points>
    <points frame="130" outside="0" occluded="0" keyframe="1" points="701.00,559.80" z_order="0">
    </points>
    <points frame="131" outside="0" occluded="0" keyframe="0" points="700.01,558.98" z_order="0">
    </points>
    <points frame="132" outside="0" occluded="0" keyframe="0" points="699.03,558.15" z_order="0">
    </points>
    <points frame="133" outside="0" occluded="0" keyframe="0" points="698.04,557.33" z_order="0">
    </points>
    <points frame="134" outside="0" occluded="0" keyframe="0" points="697.05,556.50" z_order="0">
    </points>
    <points frame="135" outside="0" occluded="0" keyframe="0" points="696.06,555.68" z_order="0">
    </points>
    <points frame="136" outside="0" occluded="0" keyframe="0" points="695.08,554.85" z_order="0">
    </points>
    <points frame="137" outside="0" occluded="0" keyframe="0" points="694.09,554.03" z_order="0">
    </points>
    <points frame="138" outside="0" occluded="0" keyframe="1" points="693.10,553.20" z_order="0">
    </points>
    <points frame="139" outside="0" occluded="0" keyframe="0" points="693.75,556.50" z_order="0">
    </points>
    <points frame="140" outside="0" occluded="0" keyframe="1" points="694.40,559.80" z_order="0">
    </points>
    <points frame="141" outside="0" occluded="0" keyframe="1" points="686.90,559.80" z_order="0">
    </points>
    <points frame="142" outside="0" occluded="0" keyframe="0" points="683.75,558.80" z_order="0">
    </points>
    <points frame="143" outside="0" occluded="0" keyframe="0" points="680.60,557.80" z_order="0">
    </points>
    <points frame="144" outside="0" occluded="0" keyframe="0" points="677.45,556.80" z_order="0">
    </points>
    <points frame="145" outside="0" occluded="0" keyframe="1" points="674.30,555.80" z_order="0">
    </points>
    <points frame="146" outside="0" occluded="0" keyframe="1" points="668.60,556.60" z_order="0">
    </points>
    <points frame="147" outside="0" occluded="0" keyframe="0" points="672.75,557.40" z_order="0">
    </points>
    <points frame="148" outside="0" occluded="0" keyframe="0" points="676.90,558.20" z_order="0">
    </points>
    <points frame="149" outside="0" occluded="0" keyframe="0" points="681.05,559.00" z_order="0">
    </points>
    <points frame="150" outside="0" occluded="0" keyframe="1" points="685.20,559.80" z_order="0">
    </points>
    <points frame="151" outside="0" occluded="0" keyframe="0" points="688.37,559.67" z_order="0">
    </points>
    <points frame="152" outside="0" occluded="0" keyframe="0" points="691.54,559.54" z_order="0">
    </points>
    <points frame="153" outside="0" occluded="0" keyframe="0" points="694.71,559.41" z_order="0">
    </points>
    <points frame="154" outside="0" occluded="0" keyframe="0" points="697.88,559.28" z_order="0">
    </points>
    <points frame="155" outside="0" occluded="0" keyframe="0" points="701.05,559.15" z_order="0">
    </points>
    <points frame="156" outside="0" occluded="0" keyframe="0" points="704.22,559.02" z_order="0">
    </points>
    <points frame="157" outside="0" occluded="0" keyframe="0" points="707.39,558.89" z_order="0">
    </points>
    <points frame="158" outside="0" occluded="0" keyframe="0" points="710.56,558.76" z_order="0">
    </points>
    <points frame="159" outside="0" occluded="0" keyframe="0" points="713.73,558.63" z_order="0">
    </points>
    <points frame="160" outside="0" occluded="0" keyframe="1" points="716.90,558.50" z_order="0">
    </points>
    <points frame="161" outside="0" occluded="0" keyframe="0" points="709.26,553.22" z_order="0">
    </points>
    <points frame="162" outside="0" occluded="0" keyframe="0" points="701.62,547.94" z_order="0">
    </points>
    <points frame="163" outside="0" occluded="0" keyframe="0" points="693.98,542.66" z_order="0">
    </points>
    <points frame="164" outside="0" occluded="0" keyframe="0" points="686.34,537.38" z_order="0">
    </points>
    <points frame="165" outside="0" occluded="0" keyframe="1" points="678.70,532.10" z_order="0">
    </points>
    <points frame="166" outside="0" occluded="0" keyframe="1" points="665.00,533.40" z_order="0">
    </points>
    <points frame="167" outside="0" occluded="0" keyframe="0" points="659.50,539.68" z_order="0">
    </points>
    <points frame="168" outside="0" occluded="0" keyframe="0" points="654.00,545.95" z_order="0">
    </points>
    <points frame="169" outside="0" occluded="0" keyframe="0" points="648.50,552.23" z_order="0">
    </points>
    <points frame="170" outside="0" occluded="0" keyframe="1" points="643.00,558.50" z_order="0">
    </points>
    <points frame="171" outside="0" occluded="0" keyframe="0" points="650.13,559.42" z_order="0">
    </points>
    <points frame="172" outside="0" occluded="0" keyframe="0" points="657.26,560.34" z_order="0">
    </points>
    <points frame="173" outside="0" occluded="0" keyframe="0" points="664.39,561.26" z_order="0">
    </points>
    <points frame="174" outside="0" occluded="0" keyframe="0" points="671.52,562.18" z_order="0">
    </points>
    <points frame="175" outside="0" occluded="0" keyframe="0" points="678.65,563.10" z_order="0">
    </points>
    <points frame="176" outside="0" occluded="0" keyframe="0" points="685.78,564.02" z_order="0">
    </points>
    <points frame="177" outside="0" occluded="0" keyframe="0" points="692.91,564.94" z_order="0">
    </points>
    <points frame="178" outside="0" occluded="0" keyframe="0" points="700.04,565.86" z_order="0">
    </points>
    <points frame="179" outside="0" occluded="0" keyframe="0" points="707.17,566.78" z_order="0">
    </points>
    <points frame="180" outside="0" occluded="0" keyframe="1" points="714.30,567.70" z_order="0">
    </points>
    <points frame="181" outside="0" occluded="0" keyframe="0" points="713.95,567.70" z_order="0">
    </points>
    <points frame="182" outside="0" occluded="0" keyframe="0" points="713.59,567.70" z_order="0">
    </points>
    <points frame="183" outside="0" occluded="0" keyframe="0" points="713.24,567.70" z_order="0">
    </points>
    <points frame="184" outside="0" occluded="0" keyframe="0" points="712.89,567.70" z_order="0">
    </points>
    <points frame="185" outside="0" occluded="0" keyframe="0" points="712.53,567.70" z_order="0">
    </points>
    <points frame="186" outside="0" occluded="0" keyframe="0" points="712.18,567.70" z_order="0">
    </points>
    <points frame="187" outside="0" occluded="0" keyframe="0" points="711.83,567.70" z_order="0">
    </points>
    <points frame="188" outside="0" occluded="0" keyframe="0" points="711.47,567.70" z_order="0">
    </points>
    <points frame="189" outside="0" occluded="0" keyframe="0" points="711.12,567.70" z_order="0">
    </points>
    <points frame="190" outside="0" occluded="0" keyframe="0" points="710.77,567.70" z_order="0">
    </points>
    <points frame="191" outside="0" occluded="0" keyframe="0" points="710.41,567.70" z_order="0">
    </points>
    <points frame="192" outside="0" occluded="0" keyframe="0" points="710.06,567.70" z_order="0">
    </points>
    <points frame="193" outside="0" occluded="0" keyframe="0" points="709.71,567.70" z_order="0">
    </points>
    <points frame="194" outside="0" occluded="0" keyframe="0" points="709.35,567.70" z_order="0">
    </points>
    <points frame="195" outside="0" occluded="0" keyframe="0" points="709.00,567.70" z_order="0">
    </points>
    <points frame="196" outside="0" occluded="0" keyframe="0" points="708.65,567.70" z_order="0">
    </points>
    <points frame="197" outside="0" occluded="0" keyframe="0" points="708.29,567.70" z_order="0">
    </points>
    <points frame="198" outside="0" occluded="0" keyframe="0" points="707.94,567.70" z_order="0">
    </points>
    <points frame="199" outside="0" occluded="0" keyframe="0" points="707.59,567.70" z_order="0">
    </points>
    <points frame="200" outside="0" occluded="0" keyframe="0" points="707.23,567.70" z_order="0">
    </points>
    <points frame="201" outside="0" occluded="0" keyframe="0" points="706.88,567.70" z_order="0">
    </points>
    <points frame="202" outside="0" occluded="0" keyframe="0" points="706.53,567.70" z_order="0">
    </points>
    <points frame="203" outside="0" occluded="0" keyframe="0" points="706.17,567.70" z_order="0">
    </points>
    <points frame="204" outside="0" occluded="0" keyframe="0" points="705.82,567.70" z_order="0">
    </points>
    <points frame="205" outside="0" occluded="0" keyframe="0" points="705.47,567.70" z_order="0">
    </points>
    <points frame="206" outside="0" occluded="0" keyframe="0" points="705.11,567.70" z_order="0">
    </points>
    <points frame="207" outside="0" occluded="0" keyframe="0" points="704.76,567.70" z_order="0">
    </points>
    <points frame="208" outside="0" occluded="0" keyframe="0" points="704.41,567.70" z_order="0">
    </points>
    <points frame="209" outside="0" occluded="0" keyframe="0" points="704.05,567.70" z_order="0">
    </points>
    <points frame="210" outside="0" occluded="0" keyframe="1" points="703.70,567.70" z_order="0">
    </points>
    <points frame="211" outside="0" occluded="0" keyframe="0" points="703.83,567.70" z_order="0">
    </points>
    <points frame="212" outside="0" occluded="0" keyframe="0" points="703.96,567.70" z_order="0">
    </points>
    <points frame="213" outside="0" occluded="0" keyframe="0" points="704.09,567.70" z_order="0">
    </points>
    <points frame="214" outside="0" occluded="0" keyframe="0" points="704.22,567.70" z_order="0">
    </points>
    <points frame="215" outside="0" occluded="0" keyframe="0" points="704.35,567.70" z_order="0">
    </points>
    <points frame="216" outside="0" occluded="0" keyframe="0" points="704.48,567.70" z_order="0">
    </points>
    <points frame="217" outside="0" occluded="0" keyframe="0" points="704.61,567.70" z_order="0">
    </points>
    <points frame="218" outside="0" occluded="0" keyframe="0" points="704.74,567.70" z_order="0">
    </points>
    <points frame="219" outside="0" occluded="0" keyframe="0" points="704.87,567.70" z_order="0">
    </points>
    <points frame="220" outside="0" occluded="0" keyframe="1" points="705.00,567.70" z_order="0">
    </points>
    <points frame="221" outside="0" occluded="0" keyframe="0" points="706.06,567.83" z_order="0">
    </points>
    <points frame="222" outside="0" occluded="0" keyframe="0" points="707.12,567.96" z_order="0">
    </points>
    <points frame="223" outside="0" occluded="0" keyframe="0" points="708.18,568.09" z_order="0">
    </points>
    <points frame="224" outside="0" occluded="0" keyframe="0" points="709.24,568.22" z_order="0">
    </points>
    <points frame="225" outside="0" occluded="0" keyframe="0" points="710.30,568.35" z_order="0">
    </points>
    <points frame="226" outside="0" occluded="0" keyframe="0" points="711.36,568.48" z_order="0">
    </points>
    <points frame="227" outside="0" occluded="0" keyframe="0" points="712.42,568.61" z_order="0">
    </points>
    <points frame="228" outside="0" occluded="0" keyframe="0" points="713.48,568.74" z_order="0">
    </points>
    <points frame="229" outside="0" occluded="0" keyframe="0" points="714.54,568.87" z_order="0">
    </points>
    <points frame="230" outside="0" occluded="0" keyframe="1" points="715.60,569.00" z_order="0">
    </points>
    <points frame="231" outside="0" occluded="0" keyframe="0" points="715.47,568.87" z_order="0">
    </points>
    <points frame="232" outside="0" occluded="0" keyframe="0" points="715.34,568.74" z_order="0">
    </points>
    <points frame="233" outside="0" occluded="0" keyframe="0" points="715.21,568.61" z_order="0">
    </points>
    <points frame="234" outside="0" occluded="0" keyframe="0" points="715.08,568.48" z_order="0">
    </points>
    <points frame="235" outside="0" occluded="0" keyframe="0" points="714.95,568.35" z_order="0">
    </points>
    <points frame="236" outside="0" occluded="0" keyframe="0" points="714.82,568.22" z_order="0">
    </points>
    <points frame="237" outside="0" occluded="0" keyframe="0" points="714.69,568.09" z_order="0">
    </points>
    <points frame="238" outside="0" occluded="0" keyframe="0" points="714.56,567.96" z_order="0">
    </points>
    <points frame="239" outside="0" occluded="0" keyframe="0" points="714.43,567.83" z_order="0">
    </points>
    <points frame="240" outside="0" occluded="0" keyframe="1" points="714.30,567.70" z_order="0">
    </points>
    <points frame="241" outside="0" occluded="0" keyframe="0" points="713.24,567.57" z_order="0">
    </points>
    <points frame="242" outside="0" occluded="0" keyframe="0" points="712.18,567.44" z_order="0">
    </points>
    <points frame="243" outside="0" occluded="0" keyframe="0" points="711.12,567.31" z_order="0">
    </points>
    <points frame="244" outside="0" occluded="0" keyframe="0" points="710.06,567.18" z_order="0">
    </points>
    <points frame="245" outside="0" occluded="0" keyframe="0" points="709.00,567.05" z_order="0">
    </points>
    <points frame="246" outside="0" occluded="0" keyframe="0" points="707.94,566.92" z_order="0">
    </points>
    <points frame="247" outside="0" occluded="0" keyframe="0" points="706.88,566.79" z_order="0">
    </points>
    <points frame="248" outside="0" occluded="0" keyframe="0" points="705.82,566.66" z_order="0">
    </points>
    <points frame="249" outside="0" occluded="0" keyframe="0" points="704.76,566.53" z_order="0">
    </points>
    <points frame="250" outside="0" occluded="0" keyframe="1" points="703.70,566.40" z_order="0">
    </points>
    <points frame="251" outside="0" occluded="0" keyframe="0" points="704.49,566.40" z_order="0">
    </points>
    <points frame="252" outside="0" occluded="0" keyframe="0" points="705.28,566.40" z_order="0">
    </points>
    <points frame="253" outside="0" occluded="0" keyframe="0" points="706.07,566.40" z_order="0">
    </points>
    <points frame="254" outside="0" occluded="0" keyframe="0" points="706.86,566.40" z_order="0">
    </points>
    <points frame="255" outside="0" occluded="0" keyframe="0" points="707.65,566.40" z_order="0">
    </points>
    <points frame="256" outside="0" occluded="0" keyframe="0" points="708.44,566.40" z_order="0">
    </points>
    <points frame="257" outside="0" occluded="0" keyframe="0" points="709.23,566.40" z_order="0">
    </points>
    <points frame="258" outside="0" occluded="0" keyframe="0" points="710.02,566.40" z_order="0">
    </points>
    <points frame="259" outside="0" occluded="0" keyframe="0" points="710.81,566.40" z_order="0">
    </points>
    <points frame="260" outside="0" occluded="0" keyframe="1" points="711.60,566.40" z_order="0">
    </points>
    <points frame="261" outside="0" occluded="0" keyframe="0" points="711.60,566.66" z_order="0">
    </points>
    <points frame="262" outside="0" occluded="0" keyframe="0" points="711.60,566.92" z_order="0">
    </points>
    <points frame="263" outside="0" occluded="0" keyframe="0" points="711.60,567.18" z_order="0">
    </points>
    <points frame="264" outside="0" occluded="0" keyframe="0" points="711.60,567.44" z_order="0">
    </points>
    <points frame="265" outside="0" occluded="0" keyframe="0" points="711.60,567.70" z_order="0">
    </points>
    <points frame="266" outside="0" occluded="0" keyframe="0" points="711.60,567.96" z_order="0">
    </points>
    <points frame="267" outside="0" occluded="0" keyframe="0" points="711.60,568.22" z_order="0">
    </points>
    <points frame="268" outside="0" occluded="0" keyframe="0" points="711.60,568.48" z_order="0">
    </points>
    <points frame="269" outside="0" occluded="0" keyframe="0" points="711.60,568.74" z_order="0">
    </points>
    <points frame="270" outside="0" occluded="0" keyframe="1" points="711.60,569.00" z_order="0">
    </points>
    <points frame="271" outside="0" occluded="0" keyframe="0" points="711.60,569.00" z_order="0">
    </points>
    <points frame="272" outside="0" occluded="0" keyframe="0" points="711.60,569.00" z_order="0">
    </points>
    <points frame="273" outside="0" occluded="0" keyframe="0" points="711.60,569.00" z_order="0">
    </points>
    <points frame="274" outside="0" occluded="0" keyframe="0" points="711.60,569.00" z_order="0">
    </points>
    <points frame="275" outside="0" occluded="0" keyframe="0" points="711.60,569.00" z_order="0">
    </points>
    <points frame="276" outside="0" occluded="0" keyframe="0" points="711.60,569.00" z_order="0">
    </points>
    <points frame="277" outside="0" occluded="0" keyframe="0" points="711.60,569.00" z_order="0">
    </points>
    <points frame="278" outside="0" occluded="0" keyframe="0" points="711.60,569.00" z_order="0">
    </points>
    <points frame="279" outside="0" occluded="0" keyframe="0" points="711.60,569.00" z_order="0">
    </points>
    <points frame="280" outside="0" occluded="0" keyframe="0" points="711.60,569.00" z_order="0">
    </points>
    <points frame="281" outside="0" occluded="0" keyframe="0" points="711.60,569.00" z_order="0">
    </points>
    <points frame="282" outside="0" occluded="0" keyframe="0" points="711.60,569.00" z_order="0">
    </points>
    <points frame="283" outside="0" occluded="0" keyframe="0" points="711.60,569.00" z_order="0">
    </points>
    <points frame="284" outside="0" occluded="0" keyframe="0" points="711.60,569.00" z_order="0">
    </points>
    <points frame="285" outside="0" occluded="0" keyframe="0" points="711.60,569.00" z_order="0">
    </points>
    <points frame="286" outside="0" occluded="0" keyframe="0" points="711.60,569.00" z_order="0">
    </points>
    <points frame="287" outside="0" occluded="0" keyframe="0" points="711.60,569.00" z_order="0">
    </points>
    <points frame="288" outside="0" occluded="0" keyframe="0" points="711.60,569.00" z_order="0">
    </points>
    <points frame="289" outside="0" occluded="0" keyframe="0" points="711.60,569.00" z_order="0">
    </points>
    <points frame="290" outside="0" occluded="0" keyframe="0" points="711.60,569.00" z_order="0">
    </points>
    <points frame="291" outside="0" occluded="0" keyframe="0" points="711.60,569.00" z_order="0">
    </points>
    <points frame="292" outside="0" occluded="0" keyframe="0" points="711.60,569.00" z_order="0">
    </points>
    <points frame="293" outside="0" occluded="0" keyframe="0" points="711.60,569.00" z_order="0">
    </points>
    <points frame="294" outside="0" occluded="0" keyframe="0" points="711.60,569.00" z_order="0">
    </points>
    <points frame="295" outside="0" occluded="0" keyframe="0" points="711.60,569.00" z_order="0">
    </points>
    <points frame="296" outside="0" occluded="0" keyframe="0" points="711.60,569.00" z_order="0">
    </points>
    <points frame="297" outside="0" occluded="0" keyframe="0" points="711.60,569.00" z_order="0">
    </points>
    <points frame="298" outside="0" occluded="0" keyframe="0" points="711.60,569.00" z_order="0">
    </points>
    <points frame="299" outside="0" occluded="0" keyframe="0" points="711.60,569.00" z_order="0">
    </points>
    <points frame="300" outside="0" occluded="0" keyframe="0" points="711.60,569.00" z_order="0">
    </points>
    <points frame="301" outside="0" occluded="0" keyframe="0" points="711.60,569.00" z_order="0">
    </points>
    <points frame="302" outside="0" occluded="0" keyframe="0" points="711.60,569.00" z_order="0">
    </points>
    <points frame="303" outside="0" occluded="0" keyframe="0" points="711.60,569.00" z_order="0">
    </points>
    <points frame="304" outside="0" occluded="0" keyframe="0" points="711.60,569.00" z_order="0">
    </points>
    <points frame="305" outside="0" occluded="0" keyframe="0" points="711.60,569.00" z_order="0">
    </points>
    <points frame="306" outside="0" occluded="0" keyframe="0" points="711.60,569.00" z_order="0">
    </points>
    <points frame="307" outside="0" occluded="0" keyframe="0" points="711.60,569.00" z_order="0">
    </points>
    <points frame="308" outside="0" occluded="0" keyframe="0" points="711.60,569.00" z_order="0">
    </points>
    <points frame="309" outside="0" occluded="0" keyframe="0" points="711.60,569.00" z_order="0">
    </points>
    <points frame="310" outside="0" occluded="0" keyframe="0" points="711.60,569.00" z_order="0">
    </points>
    <points frame="311" outside="0" occluded="0" keyframe="0" points="711.60,569.00" z_order="0">
    </points>
    <points frame="312" outside="0" occluded="0" keyframe="0" points="711.60,569.00" z_order="0">
    </points>
    <points frame="313" outside="0" occluded="0" keyframe="0" points="711.60,569.00" z_order="0">
    </points>
    <points frame="314" outside="0" occluded="0" keyframe="0" points="711.60,569.00" z_order="0">
    </points>
    <points frame="315" outside="0" occluded="0" keyframe="0" points="711.60,569.00" z_order="0">
    </points>
    <points frame="316" outside="0" occluded="0" keyframe="0" points="711.60,569.00" z_order="0">
    </points>
    <points frame="317" outside="0" occluded="0" keyframe="0" points="711.60,569.00" z_order="0">
    </points>
    <points frame="318" outside="0" occluded="0" keyframe="0" points="711.60,569.00" z_order="0">
    </points>
    <points frame="319" outside="0" occluded="0" keyframe="0" points="711.60,569.00" z_order="0">
    </points>
    <points frame="320" outside="0" occluded="0" keyframe="0" points="711.60,569.00" z_order="0">
    </points>
    <points frame="321" outside="0" occluded="0" keyframe="0" points="711.60,569.00" z_order="0">
    </points>
    <points frame="322" outside="0" occluded="0" keyframe="0" points="711.60,569.00" z_order="0">
    </points>
    <points frame="323" outside="0" occluded="0" keyframe="0" points="711.60,569.00" z_order="0">
    </points>
    <points frame="324" outside="0" occluded="0" keyframe="0" points="711.60,569.00" z_order="0">
    </points>
    <points frame="325" outside="0" occluded="0" keyframe="0" points="711.60,569.00" z_order="0">
    </points>
  </track>
</annotations>
