<?xml version="1.0" encoding="utf-8"?>
<annotations>
  <version>1.1</version>
  <meta>
    <task>
      <id>175</id>
      <name>D02_5ML-L0-4.avi</name>
      <size>548</size>
      <mode>interpolation</mode>
      <overlap>5</overlap>
      <bugtracker></bugtracker>
      <created>2021-11-20 09:38:27.617139+00:00</created>
      <updated>2021-11-20 18:04:11.241973+00:00</updated>
      <subset>default</subset>
      <start_frame>0</start_frame>
      <stop_frame>547</stop_frame>
      <frame_filter></frame_filter>
      <segments>
        <segment>
          <id>174</id>
          <start>0</start>
          <stop>547</stop>
          <url>http://localhost:8080/?id=174</url>
        </segment>
      </segments>
      <owner>
        <username>hubertachan</username>
        <email>hubertachan@gmail.com</email>
      </owner>
      <assignee></assignee>
      <labels>
        <label>
          <name>HB</name>
          <color>#3b0c73</color>
          <attributes>
          </attributes>
        </label>
        <label>
          <name>M</name>
          <color>#ff355e</color>
          <attributes>
          </attributes>
        </label>
      </labels>
      <original_size>
        <width>1068</width>
        <height>800</height>
      </original_size>
    </task>
    <dumped>2021-11-20 18:04:14.169764+00:00</dumped>
    <source>D02_5ML-L0-4.avi</source>
  </meta>
  <track id="0" label="M" source="manual">
    <points frame="300" outside="0" occluded="0" keyframe="1" points="526.07,615.18" z_order="0">
    </points>
    <points frame="301" outside="0" occluded="0" keyframe="0" points="512.89,615.29" z_order="0">
    </points>
    <points frame="302" outside="0" occluded="0" keyframe="1" points="499.70,615.40" z_order="0">
    </points>
    <points frame="303" outside="0" occluded="0" keyframe="0" points="495.58,614.71" z_order="0">
    </points>
    <points frame="304" outside="0" occluded="0" keyframe="0" points="491.45,614.03" z_order="0">
    </points>
    <points frame="305" outside="0" occluded="0" keyframe="0" points="487.33,613.34" z_order="0">
    </points>
    <points frame="306" outside="0" occluded="0" keyframe="0" points="483.20,612.65" z_order="0">
    </points>
    <points frame="307" outside="0" occluded="0" keyframe="0" points="479.08,611.96" z_order="0">
    </points>
    <points frame="308" outside="0" occluded="0" keyframe="0" points="474.95,611.28" z_order="0">
    </points>
    <points frame="309" outside="0" occluded="0" keyframe="0" points="470.83,610.59" z_order="0">
    </points>
    <points frame="310" outside="0" occluded="0" keyframe="1" points="466.70,609.90" z_order="0">
    </points>
    <points frame="311" outside="0" occluded="0" keyframe="0" points="464.72,612.80" z_order="0">
    </points>
    <points frame="312" outside="0" occluded="0" keyframe="0" points="462.74,615.70" z_order="0">
    </points>
    <points frame="313" outside="0" occluded="0" keyframe="0" points="460.76,618.60" z_order="0">
    </points>
    <points frame="314" outside="0" occluded="0" keyframe="0" points="458.78,621.50" z_order="0">
    </points>
    <points frame="315" outside="0" occluded="0" keyframe="0" points="456.80,624.40" z_order="0">
    </points>
    <points frame="316" outside="0" occluded="0" keyframe="0" points="454.82,627.30" z_order="0">
    </points>
    <points frame="317" outside="0" occluded="0" keyframe="0" points="452.84,630.20" z_order="0">
    </points>
    <points frame="318" outside="0" occluded="0" keyframe="0" points="450.86,633.10" z_order="0">
    </points>
    <points frame="319" outside="0" occluded="0" keyframe="0" points="448.88,636.00" z_order="0">
    </points>
    <points frame="320" outside="0" occluded="0" keyframe="1" points="446.90,638.90" z_order="0">
    </points>
    <points frame="321" outside="0" occluded="0" keyframe="0" points="448.09,638.59" z_order="0">
    </points>
    <points frame="322" outside="0" occluded="0" keyframe="0" points="449.27,638.29" z_order="0">
    </points>
    <points frame="323" outside="0" occluded="0" keyframe="0" points="450.46,637.98" z_order="0">
    </points>
    <points frame="324" outside="0" occluded="0" keyframe="0" points="451.65,637.67" z_order="0">
    </points>
    <points frame="325" outside="0" occluded="0" keyframe="0" points="452.83,637.37" z_order="0">
    </points>
    <points frame="326" outside="0" occluded="0" keyframe="0" points="454.02,637.06" z_order="0">
    </points>
    <points frame="327" outside="0" occluded="0" keyframe="0" points="455.21,636.75" z_order="0">
    </points>
    <points frame="328" outside="0" occluded="0" keyframe="0" points="456.39,636.45" z_order="0">
    </points>
    <points frame="329" outside="0" occluded="0" keyframe="0" points="457.58,636.14" z_order="0">
    </points>
    <points frame="330" outside="0" occluded="0" keyframe="0" points="458.77,635.83" z_order="0">
    </points>
    <points frame="331" outside="0" occluded="0" keyframe="0" points="459.95,635.53" z_order="0">
    </points>
    <points frame="332" outside="0" occluded="0" keyframe="0" points="461.14,635.22" z_order="0">
    </points>
    <points frame="333" outside="0" occluded="0" keyframe="0" points="462.33,634.91" z_order="0">
    </points>
    <points frame="334" outside="0" occluded="0" keyframe="0" points="463.51,634.61" z_order="0">
    </points>
    <points frame="335" outside="0" occluded="0" keyframe="0" points="464.70,634.30" z_order="0">
    </points>
    <points frame="336" outside="0" occluded="0" keyframe="0" points="465.89,633.99" z_order="0">
    </points>
    <points frame="337" outside="0" occluded="0" keyframe="0" points="467.07,633.69" z_order="0">
    </points>
    <points frame="338" outside="0" occluded="0" keyframe="0" points="468.26,633.38" z_order="0">
    </points>
    <points frame="339" outside="0" occluded="0" keyframe="0" points="469.45,633.07" z_order="0">
    </points>
    <points frame="340" outside="0" occluded="0" keyframe="0" points="470.63,632.77" z_order="0">
    </points>
    <points frame="341" outside="0" occluded="0" keyframe="0" points="471.82,632.46" z_order="0">
    </points>
    <points frame="342" outside="0" occluded="0" keyframe="0" points="473.01,632.15" z_order="0">
    </points>
    <points frame="343" outside="0" occluded="0" keyframe="0" points="474.19,631.85" z_order="0">
    </points>
    <points frame="344" outside="0" occluded="0" keyframe="0" points="475.38,631.54" z_order="0">
    </points>
    <points frame="345" outside="0" occluded="0" keyframe="0" points="476.57,631.23" z_order="0">
    </points>
    <points frame="346" outside="0" occluded="0" keyframe="0" points="477.75,630.93" z_order="0">
    </points>
    <points frame="347" outside="0" occluded="0" keyframe="0" points="478.94,630.62" z_order="0">
    </points>
    <points frame="348" outside="0" occluded="0" keyframe="0" points="480.13,630.31" z_order="0">
    </points>
    <points frame="349" outside="0" occluded="0" keyframe="0" points="481.31,630.01" z_order="0">
    </points>
    <points frame="350" outside="0" occluded="0" keyframe="1" points="482.50,629.70" z_order="0">
    </points>
    <points frame="351" outside="0" occluded="0" keyframe="0" points="481.18,630.36" z_order="0">
    </points>
    <points frame="352" outside="0" occluded="0" keyframe="0" points="479.86,631.02" z_order="0">
    </points>
    <points frame="353" outside="0" occluded="0" keyframe="0" points="478.54,631.68" z_order="0">
    </points>
    <points frame="354" outside="0" occluded="0" keyframe="0" points="477.22,632.34" z_order="0">
    </points>
    <points frame="355" outside="0" occluded="0" keyframe="0" points="475.90,633.00" z_order="0">
    </points>
    <points frame="356" outside="0" occluded="0" keyframe="0" points="474.58,633.66" z_order="0">
    </points>
    <points frame="357" outside="0" occluded="0" keyframe="0" points="473.26,634.32" z_order="0">
    </points>
    <points frame="358" outside="0" occluded="0" keyframe="0" points="471.94,634.98" z_order="0">
    </points>
    <points frame="359" outside="0" occluded="0" keyframe="0" points="470.62,635.64" z_order="0">
    </points>
    <points frame="360" outside="0" occluded="0" keyframe="0" points="469.30,636.30" z_order="0">
    </points>
    <points frame="361" outside="0" occluded="0" keyframe="0" points="467.98,636.96" z_order="0">
    </points>
    <points frame="362" outside="0" occluded="0" keyframe="0" points="466.66,637.62" z_order="0">
    </points>
    <points frame="363" outside="0" occluded="0" keyframe="0" points="465.34,638.28" z_order="0">
    </points>
    <points frame="364" outside="0" occluded="0" keyframe="0" points="464.02,638.94" z_order="0">
    </points>
    <points frame="365" outside="0" occluded="0" keyframe="0" points="462.70,639.60" z_order="0">
    </points>
    <points frame="366" outside="0" occluded="0" keyframe="0" points="461.38,640.26" z_order="0">
    </points>
    <points frame="367" outside="0" occluded="0" keyframe="0" points="460.06,640.92" z_order="0">
    </points>
    <points frame="368" outside="0" occluded="0" keyframe="0" points="458.74,641.58" z_order="0">
    </points>
    <points frame="369" outside="0" occluded="0" keyframe="0" points="457.42,642.24" z_order="0">
    </points>
    <points frame="370" outside="0" occluded="0" keyframe="1" points="456.10,642.90" z_order="0">
    </points>
    <points frame="371" outside="0" occluded="0" keyframe="0" points="456.58,641.98" z_order="0">
    </points>
    <points frame="372" outside="0" occluded="0" keyframe="0" points="457.07,641.05" z_order="0">
    </points>
    <points frame="373" outside="0" occluded="0" keyframe="0" points="457.55,640.13" z_order="0">
    </points>
    <points frame="374" outside="0" occluded="0" keyframe="0" points="458.03,639.21" z_order="0">
    </points>
    <points frame="375" outside="0" occluded="0" keyframe="0" points="458.52,638.28" z_order="0">
    </points>
    <points frame="376" outside="0" occluded="0" keyframe="0" points="459.00,637.36" z_order="0">
    </points>
    <points frame="377" outside="0" occluded="0" keyframe="0" points="459.48,636.44" z_order="0">
    </points>
    <points frame="378" outside="0" occluded="0" keyframe="0" points="459.97,635.51" z_order="0">
    </points>
    <points frame="379" outside="0" occluded="0" keyframe="0" points="460.45,634.59" z_order="0">
    </points>
    <points frame="380" outside="0" occluded="0" keyframe="0" points="460.93,633.67" z_order="0">
    </points>
    <points frame="381" outside="0" occluded="0" keyframe="0" points="461.42,632.74" z_order="0">
    </points>
    <points frame="382" outside="0" occluded="0" keyframe="0" points="461.90,631.82" z_order="0">
    </points>
    <points frame="383" outside="0" occluded="0" keyframe="0" points="462.38,630.90" z_order="0">
    </points>
    <points frame="384" outside="0" occluded="0" keyframe="0" points="462.87,629.97" z_order="0">
    </points>
    <points frame="385" outside="0" occluded="0" keyframe="0" points="463.35,629.05" z_order="0">
    </points>
    <points frame="386" outside="0" occluded="0" keyframe="0" points="463.83,628.13" z_order="0">
    </points>
    <points frame="387" outside="0" occluded="0" keyframe="0" points="464.32,627.20" z_order="0">
    </points>
    <points frame="388" outside="0" occluded="0" keyframe="0" points="464.80,626.28" z_order="0">
    </points>
    <points frame="389" outside="0" occluded="0" keyframe="0" points="465.28,625.36" z_order="0">
    </points>
    <points frame="390" outside="0" occluded="0" keyframe="0" points="465.77,624.43" z_order="0">
    </points>
    <points frame="391" outside="0" occluded="0" keyframe="0" points="466.25,623.51" z_order="0">
    </points>
    <points frame="392" outside="0" occluded="0" keyframe="0" points="466.73,622.59" z_order="0">
    </points>
    <points frame="393" outside="0" occluded="0" keyframe="0" points="467.22,621.66" z_order="0">
    </points>
    <points frame="394" outside="0" occluded="0" keyframe="0" points="467.70,620.74" z_order="0">
    </points>
    <points frame="395" outside="0" occluded="0" keyframe="0" points="468.18,619.82" z_order="0">
    </points>
    <points frame="396" outside="0" occluded="0" keyframe="0" points="468.67,618.89" z_order="0">
    </points>
    <points frame="397" outside="0" occluded="0" keyframe="0" points="469.15,617.97" z_order="0">
    </points>
    <points frame="398" outside="0" occluded="0" keyframe="0" points="469.63,617.05" z_order="0">
    </points>
    <points frame="399" outside="0" occluded="0" keyframe="0" points="470.12,616.12" z_order="0">
    </points>
    <points frame="400" outside="0" occluded="0" keyframe="1" points="470.60,615.20" z_order="0">
    </points>
    <points frame="401" outside="0" occluded="0" keyframe="0" points="473.50,613.62" z_order="0">
    </points>
    <points frame="402" outside="0" occluded="0" keyframe="0" points="476.40,612.04" z_order="0">
    </points>
    <points frame="403" outside="0" occluded="0" keyframe="0" points="479.30,610.46" z_order="0">
    </points>
    <points frame="404" outside="0" occluded="0" keyframe="0" points="482.20,608.88" z_order="0">
    </points>
    <points frame="405" outside="0" occluded="0" keyframe="0" points="485.10,607.30" z_order="0">
    </points>
    <points frame="406" outside="0" occluded="0" keyframe="0" points="488.00,605.72" z_order="0">
    </points>
    <points frame="407" outside="0" occluded="0" keyframe="0" points="490.90,604.14" z_order="0">
    </points>
    <points frame="408" outside="0" occluded="0" keyframe="0" points="493.80,602.56" z_order="0">
    </points>
    <points frame="409" outside="0" occluded="0" keyframe="0" points="496.70,600.98" z_order="0">
    </points>
    <points frame="410" outside="0" occluded="0" keyframe="1" points="499.60,599.40" z_order="0">
    </points>
    <points frame="411" outside="0" occluded="0" keyframe="0" points="498.68,601.12" z_order="0">
    </points>
    <points frame="412" outside="0" occluded="0" keyframe="0" points="497.76,602.84" z_order="0">
    </points>
    <points frame="413" outside="0" occluded="0" keyframe="0" points="496.84,604.56" z_order="0">
    </points>
    <points frame="414" outside="0" occluded="0" keyframe="0" points="495.92,606.28" z_order="0">
    </points>
    <points frame="415" outside="0" occluded="0" keyframe="0" points="495.00,608.00" z_order="0">
    </points>
    <points frame="416" outside="0" occluded="0" keyframe="0" points="494.08,609.72" z_order="0">
    </points>
    <points frame="417" outside="0" occluded="0" keyframe="0" points="493.16,611.44" z_order="0">
    </points>
    <points frame="418" outside="0" occluded="0" keyframe="0" points="492.24,613.16" z_order="0">
    </points>
    <points frame="419" outside="0" occluded="0" keyframe="0" points="491.32,614.88" z_order="0">
    </points>
    <points frame="420" outside="0" occluded="0" keyframe="1" points="490.40,616.60" z_order="0">
    </points>
    <points frame="421" outside="0" occluded="0" keyframe="0" points="490.40,616.60" z_order="0">
    </points>
    <points frame="422" outside="0" occluded="0" keyframe="0" points="490.40,616.60" z_order="0">
    </points>
    <points frame="423" outside="0" occluded="0" keyframe="0" points="490.40,616.60" z_order="0">
    </points>
    <points frame="424" outside="0" occluded="0" keyframe="0" points="490.40,616.60" z_order="0">
    </points>
    <points frame="425" outside="0" occluded="0" keyframe="0" points="490.40,616.60" z_order="0">
    </points>
    <points frame="426" outside="0" occluded="0" keyframe="0" points="490.40,616.60" z_order="0">
    </points>
    <points frame="427" outside="0" occluded="0" keyframe="0" points="490.40,616.60" z_order="0">
    </points>
    <points frame="428" outside="0" occluded="0" keyframe="0" points="490.40,616.60" z_order="0">
    </points>
    <points frame="429" outside="0" occluded="0" keyframe="0" points="490.40,616.60" z_order="0">
    </points>
    <points frame="430" outside="0" occluded="0" keyframe="0" points="490.40,616.60" z_order="0">
    </points>
    <points frame="431" outside="0" occluded="0" keyframe="0" points="490.40,616.60" z_order="0">
    </points>
    <points frame="432" outside="0" occluded="0" keyframe="0" points="490.40,616.60" z_order="0">
    </points>
    <points frame="433" outside="0" occluded="0" keyframe="0" points="490.40,616.60" z_order="0">
    </points>
    <points frame="434" outside="0" occluded="0" keyframe="0" points="490.40,616.60" z_order="0">
    </points>
    <points frame="435" outside="0" occluded="0" keyframe="0" points="490.40,616.60" z_order="0">
    </points>
    <points frame="436" outside="0" occluded="0" keyframe="0" points="490.40,616.60" z_order="0">
    </points>
    <points frame="437" outside="0" occluded="0" keyframe="0" points="490.40,616.60" z_order="0">
    </points>
    <points frame="438" outside="0" occluded="0" keyframe="0" points="490.40,616.60" z_order="0">
    </points>
    <points frame="439" outside="0" occluded="0" keyframe="0" points="490.40,616.60" z_order="0">
    </points>
    <points frame="440" outside="0" occluded="0" keyframe="0" points="490.40,616.60" z_order="0">
    </points>
    <points frame="441" outside="0" occluded="0" keyframe="0" points="490.40,616.60" z_order="0">
    </points>
    <points frame="442" outside="0" occluded="0" keyframe="0" points="490.40,616.60" z_order="0">
    </points>
    <points frame="443" outside="0" occluded="0" keyframe="0" points="490.40,616.60" z_order="0">
    </points>
    <points frame="444" outside="0" occluded="0" keyframe="0" points="490.40,616.60" z_order="0">
    </points>
    <points frame="445" outside="0" occluded="0" keyframe="0" points="490.40,616.60" z_order="0">
    </points>
    <points frame="446" outside="0" occluded="0" keyframe="0" points="490.40,616.60" z_order="0">
    </points>
    <points frame="447" outside="0" occluded="0" keyframe="0" points="490.40,616.60" z_order="0">
    </points>
    <points frame="448" outside="0" occluded="0" keyframe="0" points="490.40,616.60" z_order="0">
    </points>
    <points frame="449" outside="0" occluded="0" keyframe="0" points="490.40,616.60" z_order="0">
    </points>
    <points frame="450" outside="0" occluded="0" keyframe="0" points="490.40,616.60" z_order="0">
    </points>
    <points frame="451" outside="0" occluded="0" keyframe="0" points="490.40,616.60" z_order="0">
    </points>
    <points frame="452" outside="0" occluded="0" keyframe="0" points="490.40,616.60" z_order="0">
    </points>
    <points frame="453" outside="0" occluded="0" keyframe="0" points="490.40,616.60" z_order="0">
    </points>
    <points frame="454" outside="0" occluded="0" keyframe="0" points="490.40,616.60" z_order="0">
    </points>
    <points frame="455" outside="0" occluded="0" keyframe="0" points="490.40,616.60" z_order="0">
    </points>
    <points frame="456" outside="0" occluded="0" keyframe="0" points="490.40,616.60" z_order="0">
    </points>
    <points frame="457" outside="0" occluded="0" keyframe="0" points="490.40,616.60" z_order="0">
    </points>
    <points frame="458" outside="0" occluded="0" keyframe="0" points="490.40,616.60" z_order="0">
    </points>
    <points frame="459" outside="0" occluded="0" keyframe="0" points="490.40,616.60" z_order="0">
    </points>
    <points frame="460" outside="0" occluded="0" keyframe="0" points="490.40,616.60" z_order="0">
    </points>
    <points frame="461" outside="0" occluded="0" keyframe="0" points="490.40,616.60" z_order="0">
    </points>
    <points frame="462" outside="0" occluded="0" keyframe="0" points="490.40,616.60" z_order="0">
    </points>
    <points frame="463" outside="0" occluded="0" keyframe="0" points="490.40,616.60" z_order="0">
    </points>
    <points frame="464" outside="0" occluded="0" keyframe="0" points="490.40,616.60" z_order="0">
    </points>
    <points frame="465" outside="0" occluded="0" keyframe="0" points="490.40,616.60" z_order="0">
    </points>
    <points frame="466" outside="0" occluded="0" keyframe="0" points="490.40,616.60" z_order="0">
    </points>
    <points frame="467" outside="0" occluded="0" keyframe="0" points="490.40,616.60" z_order="0">
    </points>
    <points frame="468" outside="0" occluded="0" keyframe="0" points="490.40,616.60" z_order="0">
    </points>
    <points frame="469" outside="0" occluded="0" keyframe="0" points="490.40,616.60" z_order="0">
    </points>
    <points frame="470" outside="0" occluded="0" keyframe="0" points="490.40,616.60" z_order="0">
    </points>
    <points frame="471" outside="0" occluded="0" keyframe="0" points="490.40,616.60" z_order="0">
    </points>
    <points frame="472" outside="0" occluded="0" keyframe="0" points="490.40,616.60" z_order="0">
    </points>
    <points frame="473" outside="0" occluded="0" keyframe="0" points="490.40,616.60" z_order="0">
    </points>
    <points frame="474" outside="0" occluded="0" keyframe="0" points="490.40,616.60" z_order="0">
    </points>
    <points frame="475" outside="0" occluded="0" keyframe="0" points="490.40,616.60" z_order="0">
    </points>
    <points frame="476" outside="0" occluded="0" keyframe="0" points="490.40,616.60" z_order="0">
    </points>
    <points frame="477" outside="0" occluded="0" keyframe="0" points="490.40,616.60" z_order="0">
    </points>
    <points frame="478" outside="0" occluded="0" keyframe="0" points="490.40,616.60" z_order="0">
    </points>
    <points frame="479" outside="0" occluded="0" keyframe="0" points="490.40,616.60" z_order="0">
    </points>
    <points frame="480" outside="0" occluded="0" keyframe="0" points="490.40,616.60" z_order="0">
    </points>
    <points frame="481" outside="0" occluded="0" keyframe="0" points="490.40,616.60" z_order="0">
    </points>
    <points frame="482" outside="0" occluded="0" keyframe="0" points="490.40,616.60" z_order="0">
    </points>
    <points frame="483" outside="0" occluded="0" keyframe="0" points="490.40,616.60" z_order="0">
    </points>
    <points frame="484" outside="0" occluded="0" keyframe="0" points="490.40,616.60" z_order="0">
    </points>
    <points frame="485" outside="0" occluded="0" keyframe="0" points="490.40,616.60" z_order="0">
    </points>
    <points frame="486" outside="0" occluded="0" keyframe="0" points="490.40,616.60" z_order="0">
    </points>
    <points frame="487" outside="0" occluded="0" keyframe="0" points="490.40,616.60" z_order="0">
    </points>
    <points frame="488" outside="0" occluded="0" keyframe="0" points="490.40,616.60" z_order="0">
    </points>
    <points frame="489" outside="0" occluded="0" keyframe="0" points="490.40,616.60" z_order="0">
    </points>
    <points frame="490" outside="0" occluded="0" keyframe="0" points="490.40,616.60" z_order="0">
    </points>
    <points frame="491" outside="0" occluded="0" keyframe="0" points="490.40,616.60" z_order="0">
    </points>
    <points frame="492" outside="0" occluded="0" keyframe="0" points="490.40,616.60" z_order="0">
    </points>
    <points frame="493" outside="0" occluded="0" keyframe="0" points="490.40,616.60" z_order="0">
    </points>
    <points frame="494" outside="0" occluded="0" keyframe="0" points="490.40,616.60" z_order="0">
    </points>
    <points frame="495" outside="0" occluded="0" keyframe="0" points="490.40,616.60" z_order="0">
    </points>
    <points frame="496" outside="0" occluded="0" keyframe="0" points="490.40,616.60" z_order="0">
    </points>
    <points frame="497" outside="0" occluded="0" keyframe="0" points="490.40,616.60" z_order="0">
    </points>
    <points frame="498" outside="0" occluded="0" keyframe="0" points="490.40,616.60" z_order="0">
    </points>
    <points frame="499" outside="0" occluded="0" keyframe="0" points="490.40,616.60" z_order="0">
    </points>
    <points frame="500" outside="0" occluded="0" keyframe="0" points="490.40,616.60" z_order="0">
    </points>
    <points frame="501" outside="0" occluded="0" keyframe="0" points="490.40,616.60" z_order="0">
    </points>
    <points frame="502" outside="0" occluded="0" keyframe="0" points="490.40,616.60" z_order="0">
    </points>
    <points frame="503" outside="0" occluded="0" keyframe="0" points="490.40,616.60" z_order="0">
    </points>
    <points frame="504" outside="0" occluded="0" keyframe="0" points="490.40,616.60" z_order="0">
    </points>
    <points frame="505" outside="0" occluded="0" keyframe="0" points="490.40,616.60" z_order="0">
    </points>
    <points frame="506" outside="0" occluded="0" keyframe="0" points="490.40,616.60" z_order="0">
    </points>
    <points frame="507" outside="0" occluded="0" keyframe="0" points="490.40,616.60" z_order="0">
    </points>
    <points frame="508" outside="0" occluded="0" keyframe="0" points="490.40,616.60" z_order="0">
    </points>
    <points frame="509" outside="0" occluded="0" keyframe="0" points="490.40,616.60" z_order="0">
    </points>
    <points frame="510" outside="0" occluded="0" keyframe="0" points="490.40,616.60" z_order="0">
    </points>
    <points frame="511" outside="0" occluded="0" keyframe="0" points="490.40,616.60" z_order="0">
    </points>
    <points frame="512" outside="0" occluded="0" keyframe="0" points="490.40,616.60" z_order="0">
    </points>
    <points frame="513" outside="0" occluded="0" keyframe="0" points="490.40,616.60" z_order="0">
    </points>
    <points frame="514" outside="0" occluded="0" keyframe="0" points="490.40,616.60" z_order="0">
    </points>
    <points frame="515" outside="0" occluded="0" keyframe="0" points="490.40,616.60" z_order="0">
    </points>
    <points frame="516" outside="0" occluded="0" keyframe="0" points="490.40,616.60" z_order="0">
    </points>
    <points frame="517" outside="0" occluded="0" keyframe="0" points="490.40,616.60" z_order="0">
    </points>
    <points frame="518" outside="0" occluded="0" keyframe="0" points="490.40,616.60" z_order="0">
    </points>
    <points frame="519" outside="0" occluded="0" keyframe="0" points="490.40,616.60" z_order="0">
    </points>
    <points frame="520" outside="0" occluded="0" keyframe="0" points="490.40,616.60" z_order="0">
    </points>
    <points frame="521" outside="0" occluded="0" keyframe="0" points="490.40,616.60" z_order="0">
    </points>
    <points frame="522" outside="0" occluded="0" keyframe="0" points="490.40,616.60" z_order="0">
    </points>
    <points frame="523" outside="0" occluded="0" keyframe="0" points="490.40,616.60" z_order="0">
    </points>
    <points frame="524" outside="0" occluded="0" keyframe="0" points="490.40,616.60" z_order="0">
    </points>
    <points frame="525" outside="0" occluded="0" keyframe="0" points="490.40,616.60" z_order="0">
    </points>
    <points frame="526" outside="0" occluded="0" keyframe="0" points="490.40,616.60" z_order="0">
    </points>
    <points frame="527" outside="0" occluded="0" keyframe="0" points="490.40,616.60" z_order="0">
    </points>
    <points frame="528" outside="0" occluded="0" keyframe="0" points="490.40,616.60" z_order="0">
    </points>
    <points frame="529" outside="0" occluded="0" keyframe="0" points="490.40,616.60" z_order="0">
    </points>
    <points frame="530" outside="0" occluded="0" keyframe="0" points="490.40,616.60" z_order="0">
    </points>
    <points frame="531" outside="0" occluded="0" keyframe="0" points="490.40,616.60" z_order="0">
    </points>
    <points frame="532" outside="0" occluded="0" keyframe="0" points="490.40,616.60" z_order="0">
    </points>
    <points frame="533" outside="0" occluded="0" keyframe="0" points="490.40,616.60" z_order="0">
    </points>
    <points frame="534" outside="0" occluded="0" keyframe="0" points="490.40,616.60" z_order="0">
    </points>
    <points frame="535" outside="0" occluded="0" keyframe="0" points="490.40,616.60" z_order="0">
    </points>
    <points frame="536" outside="0" occluded="0" keyframe="0" points="490.40,616.60" z_order="0">
    </points>
    <points frame="537" outside="0" occluded="0" keyframe="0" points="490.40,616.60" z_order="0">
    </points>
    <points frame="538" outside="0" occluded="0" keyframe="0" points="490.40,616.60" z_order="0">
    </points>
    <points frame="539" outside="0" occluded="0" keyframe="0" points="490.40,616.60" z_order="0">
    </points>
    <points frame="540" outside="0" occluded="0" keyframe="0" points="490.40,616.60" z_order="0">
    </points>
    <points frame="541" outside="0" occluded="0" keyframe="0" points="490.40,616.60" z_order="0">
    </points>
    <points frame="542" outside="0" occluded="0" keyframe="0" points="490.40,616.60" z_order="0">
    </points>
    <points frame="543" outside="0" occluded="0" keyframe="0" points="490.40,616.60" z_order="0">
    </points>
    <points frame="544" outside="0" occluded="0" keyframe="0" points="490.40,616.60" z_order="0">
    </points>
    <points frame="545" outside="0" occluded="0" keyframe="0" points="490.40,616.60" z_order="0">
    </points>
    <points frame="546" outside="0" occluded="0" keyframe="0" points="490.40,616.60" z_order="0">
    </points>
    <points frame="547" outside="0" occluded="0" keyframe="0" points="490.40,616.60" z_order="0">
    </points>
  </track>
  <track id="1" label="HB" source="manual">
    <points frame="300" outside="0" occluded="0" keyframe="1" points="714.85,557.10" z_order="0">
    </points>
    <points frame="301" outside="0" occluded="0" keyframe="0" points="721.27,555.83" z_order="0">
    </points>
    <points frame="302" outside="0" occluded="0" keyframe="0" points="727.68,554.57" z_order="0">
    </points>
    <points frame="303" outside="0" occluded="0" keyframe="1" points="734.10,553.30" z_order="0">
    </points>
    <points frame="304" outside="0" occluded="0" keyframe="0" points="722.30,551.39" z_order="0">
    </points>
    <points frame="305" outside="0" occluded="0" keyframe="0" points="710.50,549.47" z_order="0">
    </points>
    <points frame="306" outside="0" occluded="0" keyframe="0" points="698.70,547.56" z_order="0">
    </points>
    <points frame="307" outside="0" occluded="0" keyframe="0" points="686.90,545.64" z_order="0">
    </points>
    <points frame="308" outside="0" occluded="0" keyframe="0" points="675.10,543.73" z_order="0">
    </points>
    <points frame="309" outside="0" occluded="0" keyframe="0" points="663.30,541.81" z_order="0">
    </points>
    <points frame="310" outside="0" occluded="0" keyframe="1" points="651.50,539.90" z_order="0">
    </points>
    <points frame="311" outside="0" occluded="0" keyframe="0" points="652.69,541.26" z_order="0">
    </points>
    <points frame="312" outside="0" occluded="0" keyframe="0" points="653.88,542.61" z_order="0">
    </points>
    <points frame="313" outside="0" occluded="0" keyframe="0" points="655.07,543.97" z_order="0">
    </points>
    <points frame="314" outside="0" occluded="0" keyframe="0" points="656.26,545.32" z_order="0">
    </points>
    <points frame="315" outside="0" occluded="0" keyframe="0" points="657.44,546.68" z_order="0">
    </points>
    <points frame="316" outside="0" occluded="0" keyframe="0" points="658.63,548.03" z_order="0">
    </points>
    <points frame="317" outside="0" occluded="0" keyframe="0" points="659.82,549.39" z_order="0">
    </points>
    <points frame="318" outside="0" occluded="0" keyframe="0" points="661.01,550.74" z_order="0">
    </points>
    <points frame="319" outside="0" occluded="0" keyframe="1" points="662.20,552.10" z_order="0">
    </points>
    <points frame="320" outside="0" occluded="0" keyframe="1" points="663.40,537.30" z_order="0">
    </points>
    <points frame="321" outside="0" occluded="0" keyframe="0" points="664.19,537.43" z_order="0">
    </points>
    <points frame="322" outside="0" occluded="0" keyframe="0" points="664.98,537.56" z_order="0">
    </points>
    <points frame="323" outside="0" occluded="0" keyframe="0" points="665.77,537.69" z_order="0">
    </points>
    <points frame="324" outside="0" occluded="0" keyframe="0" points="666.56,537.82" z_order="0">
    </points>
    <points frame="325" outside="0" occluded="0" keyframe="0" points="667.35,537.95" z_order="0">
    </points>
    <points frame="326" outside="0" occluded="0" keyframe="0" points="668.14,538.08" z_order="0">
    </points>
    <points frame="327" outside="0" occluded="0" keyframe="0" points="668.93,538.21" z_order="0">
    </points>
    <points frame="328" outside="0" occluded="0" keyframe="0" points="669.72,538.34" z_order="0">
    </points>
    <points frame="329" outside="0" occluded="0" keyframe="0" points="670.51,538.47" z_order="0">
    </points>
    <points frame="330" outside="0" occluded="0" keyframe="1" points="671.30,538.60" z_order="0">
    </points>
    <points frame="331" outside="0" occluded="0" keyframe="0" points="675.40,552.45" z_order="0">
    </points>
    <points frame="332" outside="0" occluded="0" keyframe="1" points="679.50,566.30" z_order="0">
    </points>
    <points frame="333" outside="0" occluded="0" keyframe="0" points="681.11,563.66" z_order="0">
    </points>
    <points frame="334" outside="0" occluded="0" keyframe="0" points="682.73,561.03" z_order="0">
    </points>
    <points frame="335" outside="0" occluded="0" keyframe="0" points="684.34,558.39" z_order="0">
    </points>
    <points frame="336" outside="0" occluded="0" keyframe="0" points="685.95,555.75" z_order="0">
    </points>
    <points frame="337" outside="0" occluded="0" keyframe="0" points="687.56,553.11" z_order="0">
    </points>
    <points frame="338" outside="0" occluded="0" keyframe="0" points="689.18,550.48" z_order="0">
    </points>
    <points frame="339" outside="0" occluded="0" keyframe="0" points="690.79,547.84" z_order="0">
    </points>
    <points frame="340" outside="0" occluded="0" keyframe="1" points="692.40,545.20" z_order="0">
    </points>
    <points frame="341" outside="0" occluded="0" keyframe="0" points="695.64,547.16" z_order="0">
    </points>
    <points frame="342" outside="0" occluded="0" keyframe="0" points="698.89,549.11" z_order="0">
    </points>
    <points frame="343" outside="0" occluded="0" keyframe="0" points="702.13,551.07" z_order="0">
    </points>
    <points frame="344" outside="0" occluded="0" keyframe="0" points="705.38,553.02" z_order="0">
    </points>
    <points frame="345" outside="0" occluded="0" keyframe="0" points="708.62,554.98" z_order="0">
    </points>
    <points frame="346" outside="0" occluded="0" keyframe="0" points="711.87,556.93" z_order="0">
    </points>
    <points frame="347" outside="0" occluded="0" keyframe="0" points="715.11,558.89" z_order="0">
    </points>
    <points frame="348" outside="0" occluded="0" keyframe="0" points="718.36,560.84" z_order="0">
    </points>
    <points frame="349" outside="0" occluded="0" keyframe="1" points="721.60,562.80" z_order="0">
    </points>
    <points frame="350" outside="0" occluded="0" keyframe="0" points="720.52,563.27" z_order="0">
    </points>
    <points frame="351" outside="0" occluded="0" keyframe="0" points="719.44,563.73" z_order="0">
    </points>
    <points frame="352" outside="0" occluded="0" keyframe="0" points="718.37,564.20" z_order="0">
    </points>
    <points frame="353" outside="0" occluded="0" keyframe="0" points="717.29,564.67" z_order="0">
    </points>
    <points frame="354" outside="0" occluded="0" keyframe="0" points="716.21,565.13" z_order="0">
    </points>
    <points frame="355" outside="0" occluded="0" keyframe="0" points="715.13,565.60" z_order="0">
    </points>
    <points frame="356" outside="0" occluded="0" keyframe="0" points="714.06,566.07" z_order="0">
    </points>
    <points frame="357" outside="0" occluded="0" keyframe="0" points="712.98,566.53" z_order="0">
    </points>
    <points frame="358" outside="0" occluded="0" keyframe="1" points="711.90,567.00" z_order="0">
    </points>
    <points frame="359" outside="0" occluded="0" keyframe="0" points="714.05,552.15" z_order="0">
    </points>
    <points frame="360" outside="0" occluded="0" keyframe="1" points="716.20,537.30" z_order="0">
    </points>
    <points frame="361" outside="0" occluded="0" keyframe="0" points="710.66,537.04" z_order="0">
    </points>
    <points frame="362" outside="0" occluded="0" keyframe="0" points="705.12,536.78" z_order="0">
    </points>
    <points frame="363" outside="0" occluded="0" keyframe="0" points="699.58,536.52" z_order="0">
    </points>
    <points frame="364" outside="0" occluded="0" keyframe="0" points="694.04,536.26" z_order="0">
    </points>
    <points frame="365" outside="0" occluded="0" keyframe="0" points="688.50,536.00" z_order="0">
    </points>
    <points frame="366" outside="0" occluded="0" keyframe="0" points="682.96,535.74" z_order="0">
    </points>
    <points frame="367" outside="0" occluded="0" keyframe="0" points="677.42,535.48" z_order="0">
    </points>
    <points frame="368" outside="0" occluded="0" keyframe="0" points="671.88,535.22" z_order="0">
    </points>
    <points frame="369" outside="0" occluded="0" keyframe="0" points="666.34,534.96" z_order="0">
    </points>
    <points frame="370" outside="0" occluded="0" keyframe="1" points="660.80,534.70" z_order="0">
    </points>
    <points frame="371" outside="0" occluded="0" keyframe="0" points="647.68,532.32" z_order="0">
    </points>
    <points frame="372" outside="0" occluded="0" keyframe="0" points="634.57,529.93" z_order="0">
    </points>
    <points frame="373" outside="0" occluded="0" keyframe="0" points="621.45,527.55" z_order="0">
    </points>
    <points frame="374" outside="0" occluded="0" keyframe="0" points="608.33,525.17" z_order="0">
    </points>
    <points frame="375" outside="0" occluded="0" keyframe="0" points="595.22,522.78" z_order="0">
    </points>
    <points frame="376" outside="0" occluded="0" keyframe="1" points="582.10,520.40" z_order="0">
    </points>
    <points frame="377" outside="0" occluded="0" keyframe="0" points="586.60,524.63" z_order="0">
    </points>
    <points frame="378" outside="0" occluded="0" keyframe="0" points="591.10,528.85" z_order="0">
    </points>
    <points frame="379" outside="0" occluded="0" keyframe="0" points="595.60,533.08" z_order="0">
    </points>
    <points frame="380" outside="0" occluded="0" keyframe="1" points="600.10,537.30" z_order="0">
    </points>
    <points frame="381" outside="0" occluded="0" keyframe="0" points="637.65,554.25" z_order="0">
    </points>
    <points frame="382" outside="0" occluded="0" keyframe="1" points="675.20,571.20" z_order="0">
    </points>
    <points frame="383" outside="0" occluded="0" keyframe="0" points="684.35,574.15" z_order="0">
    </points>
    <points frame="384" outside="0" occluded="0" keyframe="1" points="693.50,577.10" z_order="0">
    </points>
    <points frame="385" outside="0" occluded="0" keyframe="1" points="706.80,577.00" z_order="0">
    </points>
    <points frame="386" outside="0" occluded="0" keyframe="0" points="692.45,574.85" z_order="0">
    </points>
    <points frame="387" outside="0" occluded="0" keyframe="1" points="678.10,572.70" z_order="0">
    </points>
    <points frame="388" outside="0" occluded="0" keyframe="0" points="662.23,558.27" z_order="0">
    </points>
    <points frame="389" outside="0" occluded="0" keyframe="0" points="646.37,543.83" z_order="0">
    </points>
    <points frame="390" outside="0" occluded="0" keyframe="1" points="630.50,529.40" z_order="0">
    </points>
    <points frame="391" outside="0" occluded="0" keyframe="1" points="608.80,503.30" z_order="0">
    </points>
    <points frame="392" outside="0" occluded="0" keyframe="1" points="626.60,529.70" z_order="0">
    </points>
    <points frame="393" outside="0" occluded="0" keyframe="0" points="638.30,531.20" z_order="0">
    </points>
    <points frame="394" outside="0" occluded="0" keyframe="1" points="650.00,532.70" z_order="0">
    </points>
    <points frame="395" outside="0" occluded="0" keyframe="1" points="673.60,539.10" z_order="0">
    </points>
    <points frame="396" outside="0" occluded="0" keyframe="1" points="692.70,548.50" z_order="0">
    </points>
    <points frame="397" outside="0" occluded="0" keyframe="1" points="707.50,559.00" z_order="0">
    </points>
    <points frame="398" outside="0" occluded="0" keyframe="0" points="696.80,558.60" z_order="0">
    </points>
    <points frame="399" outside="0" occluded="0" keyframe="1" points="686.10,558.20" z_order="0">
    </points>
    <points frame="400" outside="0" occluded="0" keyframe="1" points="675.20,549.50" z_order="0">
    </points>
    <points frame="401" outside="0" occluded="0" keyframe="1" points="661.00,543.50" z_order="0">
    </points>
    <points frame="402" outside="0" occluded="0" keyframe="1" points="634.60,529.10" z_order="0">
    </points>
    <points frame="403" outside="0" occluded="0" keyframe="1" points="629.80,525.00" z_order="0">
    </points>
    <points frame="404" outside="0" occluded="0" keyframe="1" points="638.40,527.20" z_order="0">
    </points>
    <points frame="405" outside="0" occluded="0" keyframe="1" points="627.20,517.80" z_order="0">
    </points>
    <points frame="406" outside="0" occluded="0" keyframe="1" points="655.90,542.30" z_order="0">
    </points>
    <points frame="407" outside="0" occluded="0" keyframe="1" points="693.30,568.80" z_order="0">
    </points>
    <points frame="408" outside="0" occluded="0" keyframe="1" points="708.00,582.10" z_order="0">
    </points>
    <points frame="409" outside="0" occluded="0" keyframe="1" points="715.50,583.50" z_order="0">
    </points>
    <points frame="410" outside="0" occluded="0" keyframe="1" points="723.10,584.80" z_order="0">
    </points>
    <points frame="411" outside="0" occluded="0" keyframe="1" points="728.50,590.20" z_order="0">
    </points>
    <points frame="412" outside="0" occluded="0" keyframe="1" points="739.00,597.80" z_order="0">
    </points>
    <points frame="413" outside="0" occluded="0" keyframe="0" points="729.94,592.96" z_order="0">
    </points>
    <points frame="414" outside="0" occluded="0" keyframe="0" points="720.88,588.13" z_order="0">
    </points>
    <points frame="415" outside="0" occluded="0" keyframe="0" points="711.81,583.29" z_order="0">
    </points>
    <points frame="416" outside="0" occluded="0" keyframe="0" points="702.75,578.45" z_order="0">
    </points>
    <points frame="417" outside="0" occluded="0" keyframe="0" points="693.69,573.61" z_order="0">
    </points>
    <points frame="418" outside="0" occluded="0" keyframe="0" points="684.62,568.78" z_order="0">
    </points>
    <points frame="419" outside="0" occluded="0" keyframe="0" points="675.56,563.94" z_order="0">
    </points>
    <points frame="420" outside="0" occluded="0" keyframe="1" points="666.50,559.10" z_order="0">
    </points>
    <points frame="421" outside="0" occluded="0" keyframe="0" points="664.88,556.92" z_order="0">
    </points>
    <points frame="422" outside="0" occluded="0" keyframe="0" points="663.26,554.74" z_order="0">
    </points>
    <points frame="423" outside="0" occluded="0" keyframe="0" points="661.64,552.56" z_order="0">
    </points>
    <points frame="424" outside="0" occluded="0" keyframe="0" points="660.02,550.38" z_order="0">
    </points>
    <points frame="425" outside="0" occluded="0" keyframe="0" points="658.40,548.20" z_order="0">
    </points>
    <points frame="426" outside="0" occluded="0" keyframe="0" points="656.78,546.02" z_order="0">
    </points>
    <points frame="427" outside="0" occluded="0" keyframe="0" points="655.16,543.84" z_order="0">
    </points>
    <points frame="428" outside="0" occluded="0" keyframe="0" points="653.54,541.66" z_order="0">
    </points>
    <points frame="429" outside="0" occluded="0" keyframe="0" points="651.92,539.48" z_order="0">
    </points>
    <points frame="430" outside="0" occluded="0" keyframe="1" points="650.30,537.30" z_order="0">
    </points>
    <points frame="431" outside="0" occluded="0" keyframe="0" points="655.98,541.79" z_order="0">
    </points>
    <points frame="432" outside="0" occluded="0" keyframe="0" points="661.66,546.28" z_order="0">
    </points>
    <points frame="433" outside="0" occluded="0" keyframe="0" points="667.34,550.77" z_order="0">
    </points>
    <points frame="434" outside="0" occluded="0" keyframe="0" points="673.02,555.26" z_order="0">
    </points>
    <points frame="435" outside="0" occluded="0" keyframe="0" points="678.70,559.75" z_order="0">
    </points>
    <points frame="436" outside="0" occluded="0" keyframe="0" points="684.38,564.24" z_order="0">
    </points>
    <points frame="437" outside="0" occluded="0" keyframe="0" points="690.06,568.73" z_order="0">
    </points>
    <points frame="438" outside="0" occluded="0" keyframe="0" points="695.74,573.22" z_order="0">
    </points>
    <points frame="439" outside="0" occluded="0" keyframe="0" points="701.42,577.71" z_order="0">
    </points>
    <points frame="440" outside="0" occluded="0" keyframe="1" points="707.10,582.20" z_order="0">
    </points>
    <points frame="441" outside="0" occluded="0" keyframe="0" points="707.10,582.20" z_order="0">
    </points>
    <points frame="442" outside="0" occluded="0" keyframe="0" points="707.10,582.20" z_order="0">
    </points>
    <points frame="443" outside="0" occluded="0" keyframe="0" points="707.10,582.20" z_order="0">
    </points>
    <points frame="444" outside="0" occluded="0" keyframe="0" points="707.10,582.20" z_order="0">
    </points>
    <points frame="445" outside="0" occluded="0" keyframe="0" points="707.10,582.20" z_order="0">
    </points>
    <points frame="446" outside="0" occluded="0" keyframe="0" points="707.10,582.20" z_order="0">
    </points>
    <points frame="447" outside="0" occluded="0" keyframe="0" points="707.10,582.20" z_order="0">
    </points>
    <points frame="448" outside="0" occluded="0" keyframe="0" points="707.10,582.20" z_order="0">
    </points>
    <points frame="449" outside="0" occluded="0" keyframe="0" points="707.10,582.20" z_order="0">
    </points>
    <points frame="450" outside="0" occluded="0" keyframe="0" points="707.10,582.20" z_order="0">
    </points>
    <points frame="451" outside="0" occluded="0" keyframe="0" points="707.10,582.20" z_order="0">
    </points>
    <points frame="452" outside="0" occluded="0" keyframe="0" points="707.10,582.20" z_order="0">
    </points>
    <points frame="453" outside="0" occluded="0" keyframe="0" points="707.10,582.20" z_order="0">
    </points>
    <points frame="454" outside="0" occluded="0" keyframe="0" points="707.10,582.20" z_order="0">
    </points>
    <points frame="455" outside="0" occluded="0" keyframe="0" points="707.10,582.20" z_order="0">
    </points>
    <points frame="456" outside="0" occluded="0" keyframe="0" points="707.10,582.20" z_order="0">
    </points>
    <points frame="457" outside="0" occluded="0" keyframe="0" points="707.10,582.20" z_order="0">
    </points>
    <points frame="458" outside="0" occluded="0" keyframe="0" points="707.10,582.20" z_order="0">
    </points>
    <points frame="459" outside="0" occluded="0" keyframe="0" points="707.10,582.20" z_order="0">
    </points>
    <points frame="460" outside="0" occluded="0" keyframe="0" points="707.10,582.20" z_order="0">
    </points>
    <points frame="461" outside="0" occluded="0" keyframe="0" points="707.10,582.20" z_order="0">
    </points>
    <points frame="462" outside="0" occluded="0" keyframe="0" points="707.10,582.20" z_order="0">
    </points>
    <points frame="463" outside="0" occluded="0" keyframe="0" points="707.10,582.20" z_order="0">
    </points>
    <points frame="464" outside="0" occluded="0" keyframe="0" points="707.10,582.20" z_order="0">
    </points>
    <points frame="465" outside="0" occluded="0" keyframe="0" points="707.10,582.20" z_order="0">
    </points>
    <points frame="466" outside="0" occluded="0" keyframe="0" points="707.10,582.20" z_order="0">
    </points>
    <points frame="467" outside="0" occluded="0" keyframe="0" points="707.10,582.20" z_order="0">
    </points>
    <points frame="468" outside="0" occluded="0" keyframe="0" points="707.10,582.20" z_order="0">
    </points>
    <points frame="469" outside="0" occluded="0" keyframe="0" points="707.10,582.20" z_order="0">
    </points>
    <points frame="470" outside="0" occluded="0" keyframe="0" points="707.10,582.20" z_order="0">
    </points>
    <points frame="471" outside="0" occluded="0" keyframe="0" points="707.10,582.20" z_order="0">
    </points>
    <points frame="472" outside="0" occluded="0" keyframe="0" points="707.10,582.20" z_order="0">
    </points>
    <points frame="473" outside="0" occluded="0" keyframe="0" points="707.10,582.20" z_order="0">
    </points>
    <points frame="474" outside="0" occluded="0" keyframe="0" points="707.10,582.20" z_order="0">
    </points>
    <points frame="475" outside="0" occluded="0" keyframe="0" points="707.10,582.20" z_order="0">
    </points>
    <points frame="476" outside="0" occluded="0" keyframe="0" points="707.10,582.20" z_order="0">
    </points>
    <points frame="477" outside="0" occluded="0" keyframe="0" points="707.10,582.20" z_order="0">
    </points>
    <points frame="478" outside="0" occluded="0" keyframe="0" points="707.10,582.20" z_order="0">
    </points>
    <points frame="479" outside="0" occluded="0" keyframe="0" points="707.10,582.20" z_order="0">
    </points>
    <points frame="480" outside="0" occluded="0" keyframe="0" points="707.10,582.20" z_order="0">
    </points>
    <points frame="481" outside="0" occluded="0" keyframe="0" points="707.10,582.20" z_order="0">
    </points>
    <points frame="482" outside="0" occluded="0" keyframe="0" points="707.10,582.20" z_order="0">
    </points>
    <points frame="483" outside="0" occluded="0" keyframe="0" points="707.10,582.20" z_order="0">
    </points>
    <points frame="484" outside="0" occluded="0" keyframe="0" points="707.10,582.20" z_order="0">
    </points>
    <points frame="485" outside="0" occluded="0" keyframe="0" points="707.10,582.20" z_order="0">
    </points>
    <points frame="486" outside="0" occluded="0" keyframe="0" points="707.10,582.20" z_order="0">
    </points>
    <points frame="487" outside="0" occluded="0" keyframe="0" points="707.10,582.20" z_order="0">
    </points>
    <points frame="488" outside="0" occluded="0" keyframe="0" points="707.10,582.20" z_order="0">
    </points>
    <points frame="489" outside="0" occluded="0" keyframe="0" points="707.10,582.20" z_order="0">
    </points>
    <points frame="490" outside="0" occluded="0" keyframe="0" points="707.10,582.20" z_order="0">
    </points>
    <points frame="491" outside="0" occluded="0" keyframe="0" points="707.10,582.20" z_order="0">
    </points>
    <points frame="492" outside="0" occluded="0" keyframe="0" points="707.10,582.20" z_order="0">
    </points>
    <points frame="493" outside="0" occluded="0" keyframe="0" points="707.10,582.20" z_order="0">
    </points>
    <points frame="494" outside="0" occluded="0" keyframe="0" points="707.10,582.20" z_order="0">
    </points>
    <points frame="495" outside="0" occluded="0" keyframe="0" points="707.10,582.20" z_order="0">
    </points>
    <points frame="496" outside="0" occluded="0" keyframe="0" points="707.10,582.20" z_order="0">
    </points>
    <points frame="497" outside="0" occluded="0" keyframe="0" points="707.10,582.20" z_order="0">
    </points>
    <points frame="498" outside="0" occluded="0" keyframe="0" points="707.10,582.20" z_order="0">
    </points>
    <points frame="499" outside="0" occluded="0" keyframe="0" points="707.10,582.20" z_order="0">
    </points>
    <points frame="500" outside="0" occluded="0" keyframe="0" points="707.10,582.20" z_order="0">
    </points>
    <points frame="501" outside="0" occluded="0" keyframe="0" points="707.10,582.20" z_order="0">
    </points>
    <points frame="502" outside="0" occluded="0" keyframe="0" points="707.10,582.20" z_order="0">
    </points>
    <points frame="503" outside="0" occluded="0" keyframe="0" points="707.10,582.20" z_order="0">
    </points>
    <points frame="504" outside="0" occluded="0" keyframe="0" points="707.10,582.20" z_order="0">
    </points>
    <points frame="505" outside="0" occluded="0" keyframe="0" points="707.10,582.20" z_order="0">
    </points>
    <points frame="506" outside="0" occluded="0" keyframe="0" points="707.10,582.20" z_order="0">
    </points>
    <points frame="507" outside="0" occluded="0" keyframe="0" points="707.10,582.20" z_order="0">
    </points>
    <points frame="508" outside="0" occluded="0" keyframe="0" points="707.10,582.20" z_order="0">
    </points>
    <points frame="509" outside="0" occluded="0" keyframe="0" points="707.10,582.20" z_order="0">
    </points>
    <points frame="510" outside="0" occluded="0" keyframe="0" points="707.10,582.20" z_order="0">
    </points>
    <points frame="511" outside="0" occluded="0" keyframe="0" points="707.10,582.20" z_order="0">
    </points>
    <points frame="512" outside="0" occluded="0" keyframe="0" points="707.10,582.20" z_order="0">
    </points>
    <points frame="513" outside="0" occluded="0" keyframe="0" points="707.10,582.20" z_order="0">
    </points>
    <points frame="514" outside="0" occluded="0" keyframe="0" points="707.10,582.20" z_order="0">
    </points>
    <points frame="515" outside="0" occluded="0" keyframe="0" points="707.10,582.20" z_order="0">
    </points>
    <points frame="516" outside="0" occluded="0" keyframe="0" points="707.10,582.20" z_order="0">
    </points>
    <points frame="517" outside="0" occluded="0" keyframe="0" points="707.10,582.20" z_order="0">
    </points>
    <points frame="518" outside="0" occluded="0" keyframe="0" points="707.10,582.20" z_order="0">
    </points>
    <points frame="519" outside="0" occluded="0" keyframe="0" points="707.10,582.20" z_order="0">
    </points>
    <points frame="520" outside="0" occluded="0" keyframe="0" points="707.10,582.20" z_order="0">
    </points>
    <points frame="521" outside="0" occluded="0" keyframe="0" points="707.10,582.20" z_order="0">
    </points>
    <points frame="522" outside="0" occluded="0" keyframe="0" points="707.10,582.20" z_order="0">
    </points>
    <points frame="523" outside="0" occluded="0" keyframe="0" points="707.10,582.20" z_order="0">
    </points>
    <points frame="524" outside="0" occluded="0" keyframe="0" points="707.10,582.20" z_order="0">
    </points>
    <points frame="525" outside="0" occluded="0" keyframe="0" points="707.10,582.20" z_order="0">
    </points>
    <points frame="526" outside="0" occluded="0" keyframe="0" points="707.10,582.20" z_order="0">
    </points>
    <points frame="527" outside="0" occluded="0" keyframe="0" points="707.10,582.20" z_order="0">
    </points>
    <points frame="528" outside="0" occluded="0" keyframe="0" points="707.10,582.20" z_order="0">
    </points>
    <points frame="529" outside="0" occluded="0" keyframe="0" points="707.10,582.20" z_order="0">
    </points>
    <points frame="530" outside="0" occluded="0" keyframe="0" points="707.10,582.20" z_order="0">
    </points>
    <points frame="531" outside="0" occluded="0" keyframe="0" points="707.10,582.20" z_order="0">
    </points>
    <points frame="532" outside="0" occluded="0" keyframe="0" points="707.10,582.20" z_order="0">
    </points>
    <points frame="533" outside="0" occluded="0" keyframe="0" points="707.10,582.20" z_order="0">
    </points>
    <points frame="534" outside="0" occluded="0" keyframe="0" points="707.10,582.20" z_order="0">
    </points>
    <points frame="535" outside="0" occluded="0" keyframe="0" points="707.10,582.20" z_order="0">
    </points>
    <points frame="536" outside="0" occluded="0" keyframe="0" points="707.10,582.20" z_order="0">
    </points>
    <points frame="537" outside="0" occluded="0" keyframe="0" points="707.10,582.20" z_order="0">
    </points>
    <points frame="538" outside="0" occluded="0" keyframe="0" points="707.10,582.20" z_order="0">
    </points>
    <points frame="539" outside="0" occluded="0" keyframe="0" points="707.10,582.20" z_order="0">
    </points>
    <points frame="540" outside="0" occluded="0" keyframe="0" points="707.10,582.20" z_order="0">
    </points>
    <points frame="541" outside="0" occluded="0" keyframe="0" points="707.10,582.20" z_order="0">
    </points>
    <points frame="542" outside="0" occluded="0" keyframe="0" points="707.10,582.20" z_order="0">
    </points>
    <points frame="543" outside="0" occluded="0" keyframe="0" points="707.10,582.20" z_order="0">
    </points>
    <points frame="544" outside="0" occluded="0" keyframe="0" points="707.10,582.20" z_order="0">
    </points>
    <points frame="545" outside="0" occluded="0" keyframe="0" points="707.10,582.20" z_order="0">
    </points>
    <points frame="546" outside="0" occluded="0" keyframe="0" points="707.10,582.20" z_order="0">
    </points>
    <points frame="547" outside="0" occluded="0" keyframe="0" points="707.10,582.20" z_order="0">
    </points>
  </track>
</annotations>
