<?xml version="1.0" encoding="utf-8"?>
<annotations>
  <version>1.1</version>
  <meta>
    <task>
      <id>92</id>
      <name>D07_5ML-L0-5</name>
      <size>474</size>
      <mode>interpolation</mode>
      <overlap>5</overlap>
      <bugtracker></bugtracker>
      <created>2021-11-20 02:49:48.698514+00:00</created>
      <updated>2021-11-20 13:49:11.042487+00:00</updated>
      <subset>default</subset>
      <start_frame>0</start_frame>
      <stop_frame>473</stop_frame>
      <frame_filter></frame_filter>
      <segments>
        <segment>
          <id>91</id>
          <start>0</start>
          <stop>473</stop>
          <url>http://localhost:8080/?id=91</url>
        </segment>
      </segments>
      <owner>
        <username>hubertachan</username>
        <email>hubertachan@gmail.com</email>
      </owner>
      <assignee></assignee>
      <labels>
        <label>
          <name>HB</name>
          <color>#3b0c73</color>
          <attributes>
          </attributes>
        </label>
        <label>
          <name>M</name>
          <color>#ff355e</color>
          <attributes>
          </attributes>
        </label>
      </labels>
      <original_size>
        <width>1068</width>
        <height>800</height>
      </original_size>
    </task>
    <dumped>2021-11-20 13:49:17.148781+00:00</dumped>
    <source>D07_5ML-L0-5.avi</source>
  </meta>
  <track id="0" label="HB" source="manual">
    <points frame="360" outside="0" occluded="0" keyframe="1" points="701.02,576.93" z_order="0">
    </points>
    <points frame="361" outside="0" occluded="0" keyframe="0" points="701.81,577.07" z_order="0">
    </points>
    <points frame="362" outside="0" occluded="0" keyframe="0" points="702.60,577.20" z_order="0">
    </points>
    <points frame="363" outside="0" occluded="0" keyframe="0" points="703.39,577.34" z_order="0">
    </points>
    <points frame="364" outside="0" occluded="0" keyframe="0" points="704.17,577.48" z_order="0">
    </points>
    <points frame="365" outside="0" occluded="0" keyframe="0" points="704.96,577.62" z_order="0">
    </points>
    <points frame="366" outside="0" occluded="0" keyframe="0" points="705.75,577.75" z_order="0">
    </points>
    <points frame="367" outside="0" occluded="0" keyframe="0" points="706.54,577.89" z_order="0">
    </points>
    <points frame="368" outside="0" occluded="0" keyframe="0" points="707.32,578.03" z_order="0">
    </points>
    <points frame="369" outside="0" occluded="0" keyframe="0" points="708.11,578.16" z_order="0">
    </points>
    <points frame="370" outside="0" occluded="0" keyframe="1" points="708.90,578.30" z_order="0">
    </points>
    <points frame="371" outside="0" occluded="0" keyframe="0" points="707.71,578.30" z_order="0">
    </points>
    <points frame="372" outside="0" occluded="0" keyframe="0" points="706.52,578.30" z_order="0">
    </points>
    <points frame="373" outside="0" occluded="0" keyframe="0" points="705.33,578.30" z_order="0">
    </points>
    <points frame="374" outside="0" occluded="0" keyframe="0" points="704.14,578.30" z_order="0">
    </points>
    <points frame="375" outside="0" occluded="0" keyframe="0" points="702.95,578.30" z_order="0">
    </points>
    <points frame="376" outside="0" occluded="0" keyframe="0" points="701.76,578.30" z_order="0">
    </points>
    <points frame="377" outside="0" occluded="0" keyframe="0" points="700.57,578.30" z_order="0">
    </points>
    <points frame="378" outside="0" occluded="0" keyframe="0" points="699.38,578.30" z_order="0">
    </points>
    <points frame="379" outside="0" occluded="0" keyframe="0" points="698.19,578.30" z_order="0">
    </points>
    <points frame="380" outside="0" occluded="0" keyframe="1" points="697.00,578.30" z_order="0">
    </points>
    <points frame="381" outside="0" occluded="0" keyframe="0" points="695.81,577.64" z_order="0">
    </points>
    <points frame="382" outside="0" occluded="0" keyframe="0" points="694.62,576.98" z_order="0">
    </points>
    <points frame="383" outside="0" occluded="0" keyframe="0" points="693.43,576.32" z_order="0">
    </points>
    <points frame="384" outside="0" occluded="0" keyframe="0" points="692.24,575.66" z_order="0">
    </points>
    <points frame="385" outside="0" occluded="0" keyframe="0" points="691.05,575.00" z_order="0">
    </points>
    <points frame="386" outside="0" occluded="0" keyframe="0" points="689.86,574.34" z_order="0">
    </points>
    <points frame="387" outside="0" occluded="0" keyframe="0" points="688.67,573.68" z_order="0">
    </points>
    <points frame="388" outside="0" occluded="0" keyframe="0" points="687.48,573.02" z_order="0">
    </points>
    <points frame="389" outside="0" occluded="0" keyframe="0" points="686.29,572.36" z_order="0">
    </points>
    <points frame="390" outside="0" occluded="0" keyframe="1" points="685.10,571.70" z_order="0">
    </points>
    <points frame="391" outside="0" occluded="0" keyframe="0" points="679.10,569.73" z_order="0">
    </points>
    <points frame="392" outside="0" occluded="0" keyframe="0" points="673.10,567.75" z_order="0">
    </points>
    <points frame="393" outside="0" occluded="0" keyframe="0" points="667.10,565.78" z_order="0">
    </points>
    <points frame="394" outside="0" occluded="0" keyframe="1" points="661.10,563.80" z_order="0">
    </points>
    <points frame="395" outside="0" occluded="0" keyframe="0" points="666.63,565.12" z_order="0">
    </points>
    <points frame="396" outside="0" occluded="0" keyframe="0" points="672.17,566.43" z_order="0">
    </points>
    <points frame="397" outside="0" occluded="0" keyframe="0" points="677.70,567.75" z_order="0">
    </points>
    <points frame="398" outside="0" occluded="0" keyframe="0" points="683.23,569.07" z_order="0">
    </points>
    <points frame="399" outside="0" occluded="0" keyframe="0" points="688.77,570.38" z_order="0">
    </points>
    <points frame="400" outside="0" occluded="0" keyframe="1" points="694.30,571.70" z_order="0">
    </points>
    <points frame="401" outside="0" occluded="0" keyframe="0" points="694.34,571.96" z_order="0">
    </points>
    <points frame="402" outside="0" occluded="0" keyframe="0" points="694.38,572.23" z_order="0">
    </points>
    <points frame="403" outside="0" occluded="0" keyframe="0" points="694.41,572.49" z_order="0">
    </points>
    <points frame="404" outside="0" occluded="0" keyframe="0" points="694.45,572.75" z_order="0">
    </points>
    <points frame="405" outside="0" occluded="0" keyframe="0" points="694.49,573.01" z_order="0">
    </points>
    <points frame="406" outside="0" occluded="0" keyframe="0" points="694.53,573.28" z_order="0">
    </points>
    <points frame="407" outside="0" occluded="0" keyframe="0" points="694.56,573.54" z_order="0">
    </points>
    <points frame="408" outside="0" occluded="0" keyframe="1" points="694.60,573.80" z_order="0">
    </points>
    <points frame="409" outside="0" occluded="0" keyframe="0" points="700.40,577.35" z_order="0">
    </points>
    <points frame="410" outside="0" occluded="0" keyframe="1" points="706.20,580.90" z_order="0">
    </points>
    <points frame="411" outside="0" occluded="0" keyframe="0" points="707.73,580.90" z_order="0">
    </points>
    <points frame="412" outside="0" occluded="0" keyframe="0" points="709.25,580.90" z_order="0">
    </points>
    <points frame="413" outside="0" occluded="0" keyframe="0" points="710.78,580.90" z_order="0">
    </points>
    <points frame="414" outside="0" occluded="0" keyframe="1" points="712.30,580.90" z_order="0">
    </points>
    <points frame="415" outside="0" occluded="0" keyframe="0" points="711.07,580.90" z_order="0">
    </points>
    <points frame="416" outside="0" occluded="0" keyframe="0" points="709.83,580.90" z_order="0">
    </points>
    <points frame="417" outside="0" occluded="0" keyframe="0" points="708.60,580.90" z_order="0">
    </points>
    <points frame="418" outside="0" occluded="0" keyframe="0" points="707.37,580.90" z_order="0">
    </points>
    <points frame="419" outside="0" occluded="0" keyframe="0" points="706.13,580.90" z_order="0">
    </points>
    <points frame="420" outside="0" occluded="0" keyframe="1" points="704.90,580.90" z_order="0">
    </points>
    <points frame="421" outside="0" occluded="0" keyframe="0" points="704.11,580.77" z_order="0">
    </points>
    <points frame="422" outside="0" occluded="0" keyframe="0" points="703.32,580.64" z_order="0">
    </points>
    <points frame="423" outside="0" occluded="0" keyframe="0" points="702.53,580.51" z_order="0">
    </points>
    <points frame="424" outside="0" occluded="0" keyframe="0" points="701.74,580.38" z_order="0">
    </points>
    <points frame="425" outside="0" occluded="0" keyframe="0" points="700.95,580.25" z_order="0">
    </points>
    <points frame="426" outside="0" occluded="0" keyframe="0" points="700.16,580.12" z_order="0">
    </points>
    <points frame="427" outside="0" occluded="0" keyframe="0" points="699.37,579.99" z_order="0">
    </points>
    <points frame="428" outside="0" occluded="0" keyframe="0" points="698.58,579.86" z_order="0">
    </points>
    <points frame="429" outside="0" occluded="0" keyframe="0" points="697.79,579.73" z_order="0">
    </points>
    <points frame="430" outside="0" occluded="0" keyframe="1" points="697.00,579.60" z_order="0">
    </points>
    <points frame="431" outside="0" occluded="0" keyframe="0" points="698.32,579.86" z_order="0">
    </points>
    <points frame="432" outside="0" occluded="0" keyframe="0" points="699.64,580.12" z_order="0">
    </points>
    <points frame="433" outside="0" occluded="0" keyframe="0" points="700.96,580.38" z_order="0">
    </points>
    <points frame="434" outside="0" occluded="0" keyframe="0" points="702.28,580.64" z_order="0">
    </points>
    <points frame="435" outside="0" occluded="0" keyframe="0" points="703.60,580.90" z_order="0">
    </points>
    <points frame="436" outside="0" occluded="0" keyframe="0" points="704.92,581.16" z_order="0">
    </points>
    <points frame="437" outside="0" occluded="0" keyframe="0" points="706.24,581.42" z_order="0">
    </points>
    <points frame="438" outside="0" occluded="0" keyframe="0" points="707.56,581.68" z_order="0">
    </points>
    <points frame="439" outside="0" occluded="0" keyframe="0" points="708.88,581.94" z_order="0">
    </points>
    <points frame="440" outside="0" occluded="0" keyframe="1" points="710.20,582.20" z_order="0">
    </points>
    <points frame="441" outside="0" occluded="0" keyframe="0" points="711.65,582.60" z_order="0">
    </points>
    <points frame="442" outside="0" occluded="0" keyframe="0" points="713.10,583.00" z_order="0">
    </points>
    <points frame="443" outside="0" occluded="0" keyframe="0" points="714.55,583.40" z_order="0">
    </points>
    <points frame="444" outside="0" occluded="0" keyframe="0" points="716.00,583.80" z_order="0">
    </points>
    <points frame="445" outside="0" occluded="0" keyframe="0" points="717.45,584.20" z_order="0">
    </points>
    <points frame="446" outside="0" occluded="0" keyframe="0" points="718.90,584.60" z_order="0">
    </points>
    <points frame="447" outside="0" occluded="0" keyframe="0" points="720.35,585.00" z_order="0">
    </points>
    <points frame="448" outside="0" occluded="0" keyframe="0" points="721.80,585.40" z_order="0">
    </points>
    <points frame="449" outside="0" occluded="0" keyframe="0" points="723.25,585.80" z_order="0">
    </points>
    <points frame="450" outside="0" occluded="0" keyframe="1" points="724.70,586.20" z_order="0">
    </points>
    <points frame="451" outside="0" occluded="0" keyframe="0" points="722.72,585.80" z_order="0">
    </points>
    <points frame="452" outside="0" occluded="0" keyframe="0" points="720.74,585.40" z_order="0">
    </points>
    <points frame="453" outside="0" occluded="0" keyframe="0" points="718.76,585.00" z_order="0">
    </points>
    <points frame="454" outside="0" occluded="0" keyframe="0" points="716.78,584.60" z_order="0">
    </points>
    <points frame="455" outside="0" occluded="0" keyframe="0" points="714.80,584.20" z_order="0">
    </points>
    <points frame="456" outside="0" occluded="0" keyframe="0" points="712.82,583.80" z_order="0">
    </points>
    <points frame="457" outside="0" occluded="0" keyframe="0" points="710.84,583.40" z_order="0">
    </points>
    <points frame="458" outside="0" occluded="0" keyframe="0" points="708.86,583.00" z_order="0">
    </points>
    <points frame="459" outside="0" occluded="0" keyframe="0" points="706.88,582.60" z_order="0">
    </points>
    <points frame="460" outside="0" occluded="0" keyframe="1" points="704.90,582.20" z_order="0">
    </points>
    <points frame="461" outside="0" occluded="0" keyframe="0" points="706.22,582.33" z_order="0">
    </points>
    <points frame="462" outside="0" occluded="0" keyframe="0" points="707.54,582.46" z_order="0">
    </points>
    <points frame="463" outside="0" occluded="0" keyframe="0" points="708.86,582.59" z_order="0">
    </points>
    <points frame="464" outside="0" occluded="0" keyframe="0" points="710.18,582.72" z_order="0">
    </points>
    <points frame="465" outside="0" occluded="0" keyframe="0" points="711.50,582.85" z_order="0">
    </points>
    <points frame="466" outside="0" occluded="0" keyframe="0" points="712.82,582.98" z_order="0">
    </points>
    <points frame="467" outside="0" occluded="0" keyframe="0" points="714.14,583.11" z_order="0">
    </points>
    <points frame="468" outside="0" occluded="0" keyframe="0" points="715.46,583.24" z_order="0">
    </points>
    <points frame="469" outside="0" occluded="0" keyframe="0" points="716.78,583.37" z_order="0">
    </points>
    <points frame="470" outside="0" occluded="0" keyframe="1" points="718.10,583.50" z_order="0">
    </points>
    <points frame="471" outside="0" occluded="0" keyframe="0" points="717.23,583.50" z_order="0">
    </points>
    <points frame="472" outside="0" occluded="0" keyframe="0" points="716.37,583.50" z_order="0">
    </points>
    <points frame="473" outside="0" occluded="0" keyframe="1" points="715.50,583.50" z_order="0">
    </points>
  </track>
  <track id="1" label="M" source="manual">
    <points frame="383" outside="0" occluded="0" keyframe="1" points="445.16,654.24" z_order="0">
    </points>
    <points frame="384" outside="0" occluded="0" keyframe="0" points="446.04,653.74" z_order="0">
    </points>
    <points frame="385" outside="0" occluded="0" keyframe="0" points="446.91,653.23" z_order="0">
    </points>
    <points frame="386" outside="0" occluded="0" keyframe="0" points="447.78,652.73" z_order="0">
    </points>
    <points frame="387" outside="0" occluded="0" keyframe="0" points="448.66,652.22" z_order="0">
    </points>
    <points frame="388" outside="0" occluded="0" keyframe="0" points="449.53,651.72" z_order="0">
    </points>
    <points frame="389" outside="0" occluded="0" keyframe="0" points="450.41,651.22" z_order="0">
    </points>
    <points frame="390" outside="0" occluded="0" keyframe="0" points="451.28,650.71" z_order="0">
    </points>
    <points frame="391" outside="0" occluded="0" keyframe="0" points="452.15,650.21" z_order="0">
    </points>
    <points frame="392" outside="0" occluded="0" keyframe="0" points="453.03,649.70" z_order="0">
    </points>
    <points frame="393" outside="0" occluded="0" keyframe="1" points="453.90,649.20" z_order="0">
    </points>
    <points frame="394" outside="0" occluded="0" keyframe="0" points="452.27,648.20" z_order="0">
    </points>
    <points frame="395" outside="0" occluded="0" keyframe="0" points="450.64,647.20" z_order="0">
    </points>
    <points frame="396" outside="0" occluded="0" keyframe="0" points="449.01,646.20" z_order="0">
    </points>
    <points frame="397" outside="0" occluded="0" keyframe="0" points="447.38,645.20" z_order="0">
    </points>
    <points frame="398" outside="0" occluded="0" keyframe="0" points="445.75,644.20" z_order="0">
    </points>
    <points frame="399" outside="0" occluded="0" keyframe="0" points="444.12,643.20" z_order="0">
    </points>
    <points frame="400" outside="0" occluded="0" keyframe="0" points="442.49,642.20" z_order="0">
    </points>
    <points frame="401" outside="0" occluded="0" keyframe="0" points="440.86,641.20" z_order="0">
    </points>
    <points frame="402" outside="0" occluded="0" keyframe="0" points="439.23,640.20" z_order="0">
    </points>
    <points frame="403" outside="0" occluded="0" keyframe="1" points="437.60,639.20" z_order="0">
    </points>
    <points frame="404" outside="0" occluded="0" keyframe="0" points="437.35,638.32" z_order="0">
    </points>
    <points frame="405" outside="0" occluded="0" keyframe="0" points="437.10,637.44" z_order="0">
    </points>
    <points frame="406" outside="0" occluded="0" keyframe="0" points="436.85,636.56" z_order="0">
    </points>
    <points frame="407" outside="0" occluded="0" keyframe="0" points="436.60,635.68" z_order="0">
    </points>
    <points frame="408" outside="0" occluded="0" keyframe="0" points="436.35,634.80" z_order="0">
    </points>
    <points frame="409" outside="0" occluded="0" keyframe="0" points="436.10,633.92" z_order="0">
    </points>
    <points frame="410" outside="0" occluded="0" keyframe="0" points="435.85,633.04" z_order="0">
    </points>
    <points frame="411" outside="0" occluded="0" keyframe="0" points="435.60,632.16" z_order="0">
    </points>
    <points frame="412" outside="0" occluded="0" keyframe="0" points="435.35,631.28" z_order="0">
    </points>
    <points frame="413" outside="0" occluded="0" keyframe="1" points="435.10,630.40" z_order="0">
    </points>
    <points frame="414" outside="0" occluded="0" keyframe="0" points="435.60,630.52" z_order="0">
    </points>
    <points frame="415" outside="0" occluded="0" keyframe="0" points="436.10,630.64" z_order="0">
    </points>
    <points frame="416" outside="0" occluded="0" keyframe="0" points="436.60,630.76" z_order="0">
    </points>
    <points frame="417" outside="0" occluded="0" keyframe="0" points="437.10,630.88" z_order="0">
    </points>
    <points frame="418" outside="0" occluded="0" keyframe="0" points="437.60,631.00" z_order="0">
    </points>
    <points frame="419" outside="0" occluded="0" keyframe="0" points="438.10,631.12" z_order="0">
    </points>
    <points frame="420" outside="0" occluded="0" keyframe="0" points="438.60,631.24" z_order="0">
    </points>
    <points frame="421" outside="0" occluded="0" keyframe="0" points="439.10,631.36" z_order="0">
    </points>
    <points frame="422" outside="0" occluded="0" keyframe="0" points="439.60,631.48" z_order="0">
    </points>
    <points frame="423" outside="0" occluded="0" keyframe="1" points="440.10,631.60" z_order="0">
    </points>
    <points frame="424" outside="0" occluded="0" keyframe="0" points="440.47,631.48" z_order="0">
    </points>
    <points frame="425" outside="0" occluded="0" keyframe="0" points="440.84,631.36" z_order="0">
    </points>
    <points frame="426" outside="0" occluded="0" keyframe="0" points="441.21,631.24" z_order="0">
    </points>
    <points frame="427" outside="0" occluded="0" keyframe="0" points="441.58,631.12" z_order="0">
    </points>
    <points frame="428" outside="0" occluded="0" keyframe="0" points="441.95,631.00" z_order="0">
    </points>
    <points frame="429" outside="0" occluded="0" keyframe="0" points="442.32,630.88" z_order="0">
    </points>
    <points frame="430" outside="0" occluded="0" keyframe="0" points="442.69,630.76" z_order="0">
    </points>
    <points frame="431" outside="0" occluded="0" keyframe="0" points="443.06,630.64" z_order="0">
    </points>
    <points frame="432" outside="0" occluded="0" keyframe="0" points="443.43,630.52" z_order="0">
    </points>
    <points frame="433" outside="0" occluded="0" keyframe="1" points="443.80,630.40" z_order="0">
    </points>
    <points frame="434" outside="0" occluded="0" keyframe="0" points="443.93,630.40" z_order="0">
    </points>
    <points frame="435" outside="0" occluded="0" keyframe="0" points="444.05,630.40" z_order="0">
    </points>
    <points frame="436" outside="0" occluded="0" keyframe="0" points="444.18,630.40" z_order="0">
    </points>
    <points frame="437" outside="0" occluded="0" keyframe="0" points="444.30,630.40" z_order="0">
    </points>
    <points frame="438" outside="0" occluded="0" keyframe="0" points="444.43,630.40" z_order="0">
    </points>
    <points frame="439" outside="0" occluded="0" keyframe="0" points="444.55,630.40" z_order="0">
    </points>
    <points frame="440" outside="0" occluded="0" keyframe="0" points="444.68,630.40" z_order="0">
    </points>
    <points frame="441" outside="0" occluded="0" keyframe="0" points="444.80,630.40" z_order="0">
    </points>
    <points frame="442" outside="0" occluded="0" keyframe="0" points="444.93,630.40" z_order="0">
    </points>
    <points frame="443" outside="0" occluded="0" keyframe="0" points="445.05,630.40" z_order="0">
    </points>
    <points frame="444" outside="0" occluded="0" keyframe="0" points="445.18,630.40" z_order="0">
    </points>
    <points frame="445" outside="0" occluded="0" keyframe="0" points="445.30,630.40" z_order="0">
    </points>
    <points frame="446" outside="0" occluded="0" keyframe="0" points="445.43,630.40" z_order="0">
    </points>
    <points frame="447" outside="0" occluded="0" keyframe="0" points="445.55,630.40" z_order="0">
    </points>
    <points frame="448" outside="0" occluded="0" keyframe="0" points="445.68,630.40" z_order="0">
    </points>
    <points frame="449" outside="0" occluded="0" keyframe="0" points="445.80,630.40" z_order="0">
    </points>
    <points frame="450" outside="0" occluded="0" keyframe="0" points="445.93,630.40" z_order="0">
    </points>
    <points frame="451" outside="0" occluded="0" keyframe="0" points="446.05,630.40" z_order="0">
    </points>
    <points frame="452" outside="0" occluded="0" keyframe="0" points="446.18,630.40" z_order="0">
    </points>
    <points frame="453" outside="0" occluded="0" keyframe="1" points="446.30,630.40" z_order="0">
    </points>
    <points frame="454" outside="0" occluded="0" keyframe="0" points="446.30,630.40" z_order="0">
    </points>
    <points frame="455" outside="0" occluded="0" keyframe="0" points="446.30,630.40" z_order="0">
    </points>
    <points frame="456" outside="0" occluded="0" keyframe="0" points="446.30,630.40" z_order="0">
    </points>
    <points frame="457" outside="0" occluded="0" keyframe="0" points="446.30,630.40" z_order="0">
    </points>
    <points frame="458" outside="0" occluded="0" keyframe="0" points="446.30,630.40" z_order="0">
    </points>
    <points frame="459" outside="0" occluded="0" keyframe="0" points="446.30,630.40" z_order="0">
    </points>
    <points frame="460" outside="0" occluded="0" keyframe="0" points="446.30,630.40" z_order="0">
    </points>
    <points frame="461" outside="0" occluded="0" keyframe="0" points="446.30,630.40" z_order="0">
    </points>
    <points frame="462" outside="0" occluded="0" keyframe="0" points="446.30,630.40" z_order="0">
    </points>
    <points frame="463" outside="0" occluded="0" keyframe="0" points="446.30,630.40" z_order="0">
    </points>
    <points frame="464" outside="0" occluded="0" keyframe="0" points="446.30,630.40" z_order="0">
    </points>
    <points frame="465" outside="0" occluded="0" keyframe="0" points="446.30,630.40" z_order="0">
    </points>
    <points frame="466" outside="0" occluded="0" keyframe="0" points="446.30,630.40" z_order="0">
    </points>
    <points frame="467" outside="0" occluded="0" keyframe="0" points="446.30,630.40" z_order="0">
    </points>
    <points frame="468" outside="0" occluded="0" keyframe="0" points="446.30,630.40" z_order="0">
    </points>
    <points frame="469" outside="0" occluded="0" keyframe="0" points="446.30,630.40" z_order="0">
    </points>
    <points frame="470" outside="0" occluded="0" keyframe="0" points="446.30,630.40" z_order="0">
    </points>
    <points frame="471" outside="0" occluded="0" keyframe="0" points="446.30,630.40" z_order="0">
    </points>
    <points frame="472" outside="0" occluded="0" keyframe="0" points="446.30,630.40" z_order="0">
    </points>
    <points frame="473" outside="0" occluded="0" keyframe="0" points="446.30,630.40" z_order="0">
    </points>
  </track>
</annotations>
