<?xml version="1.0" encoding="utf-8"?>
<annotations>
  <version>1.1</version>
  <meta>
    <task>
      <id>169</id>
      <name>D02_Dry-3.avi</name>
      <size>349</size>
      <mode>interpolation</mode>
      <overlap>5</overlap>
      <bugtracker></bugtracker>
      <created>2021-11-20 09:37:32.204510+00:00</created>
      <updated>2021-11-20 17:25:10.861584+00:00</updated>
      <subset>default</subset>
      <start_frame>0</start_frame>
      <stop_frame>348</stop_frame>
      <frame_filter></frame_filter>
      <segments>
        <segment>
          <id>168</id>
          <start>0</start>
          <stop>348</stop>
          <url>http://localhost:8080/?id=168</url>
        </segment>
      </segments>
      <owner>
        <username>hubertachan</username>
        <email>hubertachan@gmail.com</email>
      </owner>
      <assignee></assignee>
      <labels>
        <label>
          <name>HB</name>
          <color>#3b0c73</color>
          <attributes>
          </attributes>
        </label>
        <label>
          <name>M</name>
          <color>#ff355e</color>
          <attributes>
          </attributes>
        </label>
      </labels>
      <original_size>
        <width>1068</width>
        <height>800</height>
      </original_size>
    </task>
    <dumped>2021-11-20 17:25:14.933551+00:00</dumped>
    <source>D02_Dry-3.avi</source>
  </meta>
  <track id="0" label="HB" source="manual">
    <points frame="90" outside="0" occluded="0" keyframe="1" points="715.48,573.57" z_order="0">
    </points>
    <points frame="91" outside="0" occluded="0" keyframe="0" points="712.65,572.71" z_order="0">
    </points>
    <points frame="92" outside="0" occluded="0" keyframe="0" points="709.82,571.86" z_order="0">
    </points>
    <points frame="93" outside="0" occluded="0" keyframe="0" points="706.99,571.00" z_order="0">
    </points>
    <points frame="94" outside="0" occluded="0" keyframe="0" points="704.17,570.14" z_order="0">
    </points>
    <points frame="95" outside="0" occluded="0" keyframe="0" points="701.34,569.28" z_order="0">
    </points>
    <points frame="96" outside="0" occluded="0" keyframe="0" points="698.51,568.43" z_order="0">
    </points>
    <points frame="97" outside="0" occluded="0" keyframe="0" points="695.68,567.57" z_order="0">
    </points>
    <points frame="98" outside="0" occluded="0" keyframe="0" points="692.86,566.71" z_order="0">
    </points>
    <points frame="99" outside="0" occluded="0" keyframe="0" points="690.03,565.86" z_order="0">
    </points>
    <points frame="100" outside="0" occluded="0" keyframe="1" points="687.20,565.00" z_order="0">
    </points>
    <points frame="101" outside="0" occluded="0" keyframe="0" points="688.33,564.79" z_order="0">
    </points>
    <points frame="102" outside="0" occluded="0" keyframe="0" points="689.46,564.58" z_order="0">
    </points>
    <points frame="103" outside="0" occluded="0" keyframe="0" points="690.59,564.37" z_order="0">
    </points>
    <points frame="104" outside="0" occluded="0" keyframe="0" points="691.72,564.16" z_order="0">
    </points>
    <points frame="105" outside="0" occluded="0" keyframe="0" points="692.85,563.95" z_order="0">
    </points>
    <points frame="106" outside="0" occluded="0" keyframe="0" points="693.98,563.74" z_order="0">
    </points>
    <points frame="107" outside="0" occluded="0" keyframe="0" points="695.11,563.53" z_order="0">
    </points>
    <points frame="108" outside="0" occluded="0" keyframe="0" points="696.24,563.32" z_order="0">
    </points>
    <points frame="109" outside="0" occluded="0" keyframe="0" points="697.37,563.11" z_order="0">
    </points>
    <points frame="110" outside="0" occluded="0" keyframe="1" points="698.50,562.90" z_order="0">
    </points>
    <points frame="111" outside="0" occluded="0" keyframe="0" points="696.14,562.23" z_order="0">
    </points>
    <points frame="112" outside="0" occluded="0" keyframe="0" points="693.79,561.56" z_order="0">
    </points>
    <points frame="113" outside="0" occluded="0" keyframe="0" points="691.43,560.89" z_order="0">
    </points>
    <points frame="114" outside="0" occluded="0" keyframe="0" points="689.07,560.21" z_order="0">
    </points>
    <points frame="115" outside="0" occluded="0" keyframe="0" points="686.71,559.54" z_order="0">
    </points>
    <points frame="116" outside="0" occluded="0" keyframe="0" points="684.36,558.87" z_order="0">
    </points>
    <points frame="117" outside="0" occluded="0" keyframe="1" points="682.00,558.20" z_order="0">
    </points>
    <points frame="118" outside="0" occluded="0" keyframe="0" points="690.77,562.23" z_order="0">
    </points>
    <points frame="119" outside="0" occluded="0" keyframe="0" points="699.53,566.27" z_order="0">
    </points>
    <points frame="120" outside="0" occluded="0" keyframe="1" points="708.30,570.30" z_order="0">
    </points>
    <points frame="121" outside="0" occluded="0" keyframe="0" points="720.00,577.17" z_order="0">
    </points>
    <points frame="122" outside="0" occluded="0" keyframe="0" points="731.70,584.03" z_order="0">
    </points>
    <points frame="123" outside="0" occluded="0" keyframe="1" points="743.40,590.90" z_order="0">
    </points>
    <points frame="124" outside="0" occluded="0" keyframe="0" points="732.93,586.27" z_order="0">
    </points>
    <points frame="125" outside="0" occluded="0" keyframe="0" points="722.47,581.63" z_order="0">
    </points>
    <points frame="126" outside="0" occluded="0" keyframe="1" points="712.00,577.00" z_order="0">
    </points>
    <points frame="127" outside="0" occluded="0" keyframe="0" points="689.33,563.43" z_order="0">
    </points>
    <points frame="128" outside="0" occluded="0" keyframe="0" points="666.67,549.87" z_order="0">
    </points>
    <points frame="129" outside="0" occluded="0" keyframe="1" points="644.00,536.30" z_order="0">
    </points>
    <points frame="130" outside="0" occluded="0" keyframe="1" points="651.70,524.80" z_order="0">
    </points>
    <points frame="131" outside="0" occluded="0" keyframe="1" points="648.90,524.40" z_order="0">
    </points>
    <points frame="132" outside="0" occluded="0" keyframe="0" points="658.39,530.97" z_order="0">
    </points>
    <points frame="133" outside="0" occluded="0" keyframe="0" points="667.87,537.54" z_order="0">
    </points>
    <points frame="134" outside="0" occluded="0" keyframe="0" points="677.36,544.11" z_order="0">
    </points>
    <points frame="135" outside="0" occluded="0" keyframe="0" points="686.84,550.69" z_order="0">
    </points>
    <points frame="136" outside="0" occluded="0" keyframe="0" points="696.33,557.26" z_order="0">
    </points>
    <points frame="137" outside="0" occluded="0" keyframe="0" points="705.81,563.83" z_order="0">
    </points>
    <points frame="138" outside="0" occluded="0" keyframe="1" points="715.30,570.40" z_order="0">
    </points>
    <points frame="139" outside="0" occluded="0" keyframe="0" points="716.10,583.30" z_order="0">
    </points>
    <points frame="140" outside="0" occluded="0" keyframe="1" points="716.90,596.20" z_order="0">
    </points>
    <points frame="141" outside="0" occluded="0" keyframe="0" points="698.87,571.70" z_order="0">
    </points>
    <points frame="142" outside="0" occluded="0" keyframe="0" points="680.83,547.20" z_order="0">
    </points>
    <points frame="143" outside="0" occluded="0" keyframe="1" points="662.80,522.70" z_order="0">
    </points>
    <points frame="144" outside="0" occluded="0" keyframe="1" points="674.30,537.60" z_order="0">
    </points>
    <points frame="145" outside="0" occluded="0" keyframe="0" points="653.75,524.00" z_order="0">
    </points>
    <points frame="146" outside="0" occluded="0" keyframe="1" points="633.20,510.40" z_order="0">
    </points>
    <points frame="147" outside="0" occluded="0" keyframe="0" points="642.13,519.85" z_order="0">
    </points>
    <points frame="148" outside="0" occluded="0" keyframe="0" points="651.05,529.30" z_order="0">
    </points>
    <points frame="149" outside="0" occluded="0" keyframe="0" points="659.98,538.75" z_order="0">
    </points>
    <points frame="150" outside="0" occluded="0" keyframe="1" points="668.90,548.20" z_order="0">
    </points>
    <points frame="151" outside="0" occluded="0" keyframe="0" points="669.08,547.64" z_order="0">
    </points>
    <points frame="152" outside="0" occluded="0" keyframe="0" points="669.26,547.09" z_order="0">
    </points>
    <points frame="153" outside="0" occluded="0" keyframe="0" points="669.44,546.53" z_order="0">
    </points>
    <points frame="154" outside="0" occluded="0" keyframe="0" points="669.61,545.97" z_order="0">
    </points>
    <points frame="155" outside="0" occluded="0" keyframe="0" points="669.79,545.41" z_order="0">
    </points>
    <points frame="156" outside="0" occluded="0" keyframe="0" points="669.97,544.86" z_order="0">
    </points>
    <points frame="157" outside="0" occluded="0" keyframe="0" points="670.15,544.30" z_order="0">
    </points>
    <points frame="158" outside="0" occluded="0" keyframe="0" points="670.33,543.74" z_order="0">
    </points>
    <points frame="159" outside="0" occluded="0" keyframe="0" points="670.51,543.19" z_order="0">
    </points>
    <points frame="160" outside="0" occluded="0" keyframe="0" points="670.69,542.63" z_order="0">
    </points>
    <points frame="161" outside="0" occluded="0" keyframe="0" points="670.86,542.07" z_order="0">
    </points>
    <points frame="162" outside="0" occluded="0" keyframe="0" points="671.04,541.51" z_order="0">
    </points>
    <points frame="163" outside="0" occluded="0" keyframe="0" points="671.22,540.96" z_order="0">
    </points>
    <points frame="164" outside="0" occluded="0" keyframe="1" points="671.40,540.40" z_order="0">
    </points>
    <points frame="165" outside="0" occluded="0" keyframe="0" points="668.93,539.85" z_order="0">
    </points>
    <points frame="166" outside="0" occluded="0" keyframe="0" points="666.47,539.30" z_order="0">
    </points>
    <points frame="167" outside="0" occluded="0" keyframe="0" points="664.00,538.75" z_order="0">
    </points>
    <points frame="168" outside="0" occluded="0" keyframe="0" points="661.53,538.20" z_order="0">
    </points>
    <points frame="169" outside="0" occluded="0" keyframe="0" points="659.07,537.65" z_order="0">
    </points>
    <points frame="170" outside="0" occluded="0" keyframe="1" points="656.60,537.10" z_order="0">
    </points>
    <points frame="171" outside="0" occluded="0" keyframe="0" points="659.38,537.48" z_order="0">
    </points>
    <points frame="172" outside="0" occluded="0" keyframe="0" points="662.15,537.85" z_order="0">
    </points>
    <points frame="173" outside="0" occluded="0" keyframe="0" points="664.93,538.23" z_order="0">
    </points>
    <points frame="174" outside="0" occluded="0" keyframe="1" points="667.70,538.60" z_order="0">
    </points>
    <points frame="175" outside="0" occluded="0" keyframe="0" points="663.80,536.92" z_order="0">
    </points>
    <points frame="176" outside="0" occluded="0" keyframe="0" points="659.90,535.23" z_order="0">
    </points>
    <points frame="177" outside="0" occluded="0" keyframe="0" points="656.00,533.55" z_order="0">
    </points>
    <points frame="178" outside="0" occluded="0" keyframe="0" points="652.10,531.87" z_order="0">
    </points>
    <points frame="179" outside="0" occluded="0" keyframe="0" points="648.20,530.18" z_order="0">
    </points>
    <points frame="180" outside="0" occluded="0" keyframe="1" points="644.30,528.50" z_order="0">
    </points>
    <points frame="181" outside="0" occluded="0" keyframe="0" points="643.68,527.76" z_order="0">
    </points>
    <points frame="182" outside="0" occluded="0" keyframe="0" points="643.06,527.02" z_order="0">
    </points>
    <points frame="183" outside="0" occluded="0" keyframe="0" points="642.44,526.28" z_order="0">
    </points>
    <points frame="184" outside="0" occluded="0" keyframe="0" points="641.82,525.54" z_order="0">
    </points>
    <points frame="185" outside="0" occluded="0" keyframe="0" points="641.20,524.80" z_order="0">
    </points>
    <points frame="186" outside="0" occluded="0" keyframe="0" points="640.58,524.06" z_order="0">
    </points>
    <points frame="187" outside="0" occluded="0" keyframe="0" points="639.96,523.32" z_order="0">
    </points>
    <points frame="188" outside="0" occluded="0" keyframe="0" points="639.34,522.58" z_order="0">
    </points>
    <points frame="189" outside="0" occluded="0" keyframe="0" points="638.72,521.84" z_order="0">
    </points>
    <points frame="190" outside="0" occluded="0" keyframe="1" points="638.10,521.10" z_order="0">
    </points>
    <points frame="191" outside="0" occluded="0" keyframe="0" points="640.56,521.47" z_order="0">
    </points>
    <points frame="192" outside="0" occluded="0" keyframe="0" points="643.02,521.84" z_order="0">
    </points>
    <points frame="193" outside="0" occluded="0" keyframe="0" points="645.48,522.21" z_order="0">
    </points>
    <points frame="194" outside="0" occluded="0" keyframe="0" points="647.94,522.58" z_order="0">
    </points>
    <points frame="195" outside="0" occluded="0" keyframe="0" points="650.40,522.95" z_order="0">
    </points>
    <points frame="196" outside="0" occluded="0" keyframe="0" points="652.86,523.32" z_order="0">
    </points>
    <points frame="197" outside="0" occluded="0" keyframe="0" points="655.32,523.69" z_order="0">
    </points>
    <points frame="198" outside="0" occluded="0" keyframe="0" points="657.78,524.06" z_order="0">
    </points>
    <points frame="199" outside="0" occluded="0" keyframe="0" points="660.24,524.43" z_order="0">
    </points>
    <points frame="200" outside="0" occluded="0" keyframe="1" points="662.70,524.80" z_order="0">
    </points>
    <points frame="201" outside="0" occluded="0" keyframe="0" points="661.96,524.06" z_order="0">
    </points>
    <points frame="202" outside="0" occluded="0" keyframe="0" points="661.22,523.32" z_order="0">
    </points>
    <points frame="203" outside="0" occluded="0" keyframe="0" points="660.48,522.58" z_order="0">
    </points>
    <points frame="204" outside="0" occluded="0" keyframe="0" points="659.74,521.84" z_order="0">
    </points>
    <points frame="205" outside="0" occluded="0" keyframe="0" points="659.00,521.10" z_order="0">
    </points>
    <points frame="206" outside="0" occluded="0" keyframe="0" points="658.26,520.36" z_order="0">
    </points>
    <points frame="207" outside="0" occluded="0" keyframe="0" points="657.52,519.62" z_order="0">
    </points>
    <points frame="208" outside="0" occluded="0" keyframe="0" points="656.78,518.88" z_order="0">
    </points>
    <points frame="209" outside="0" occluded="0" keyframe="0" points="656.04,518.14" z_order="0">
    </points>
    <points frame="210" outside="0" occluded="0" keyframe="1" points="655.30,517.40" z_order="0">
    </points>
    <points frame="211" outside="0" occluded="0" keyframe="0" points="657.95,520.79" z_order="0">
    </points>
    <points frame="212" outside="0" occluded="0" keyframe="0" points="660.59,524.17" z_order="0">
    </points>
    <points frame="213" outside="0" occluded="0" keyframe="0" points="663.24,527.56" z_order="0">
    </points>
    <points frame="214" outside="0" occluded="0" keyframe="0" points="665.88,530.94" z_order="0">
    </points>
    <points frame="215" outside="0" occluded="0" keyframe="0" points="668.53,534.33" z_order="0">
    </points>
    <points frame="216" outside="0" occluded="0" keyframe="0" points="671.17,537.71" z_order="0">
    </points>
    <points frame="217" outside="0" occluded="0" keyframe="0" points="673.82,541.10" z_order="0">
    </points>
    <points frame="218" outside="0" occluded="0" keyframe="0" points="676.46,544.48" z_order="0">
    </points>
    <points frame="219" outside="0" occluded="0" keyframe="0" points="679.11,547.87" z_order="0">
    </points>
    <points frame="220" outside="0" occluded="0" keyframe="0" points="681.75,551.25" z_order="0">
    </points>
    <points frame="221" outside="0" occluded="0" keyframe="0" points="684.40,554.64" z_order="0">
    </points>
    <points frame="222" outside="0" occluded="0" keyframe="0" points="687.04,558.02" z_order="0">
    </points>
    <points frame="223" outside="0" occluded="0" keyframe="0" points="689.69,561.41" z_order="0">
    </points>
    <points frame="224" outside="0" occluded="0" keyframe="0" points="692.33,564.79" z_order="0">
    </points>
    <points frame="225" outside="0" occluded="0" keyframe="0" points="694.98,568.18" z_order="0">
    </points>
    <points frame="226" outside="0" occluded="0" keyframe="0" points="697.62,571.56" z_order="0">
    </points>
    <points frame="227" outside="0" occluded="0" keyframe="0" points="700.27,574.95" z_order="0">
    </points>
    <points frame="228" outside="0" occluded="0" keyframe="0" points="702.91,578.33" z_order="0">
    </points>
    <points frame="229" outside="0" occluded="0" keyframe="0" points="705.56,581.72" z_order="0">
    </points>
    <points frame="230" outside="0" occluded="0" keyframe="1" points="708.20,585.10" z_order="0">
    </points>
    <points frame="231" outside="0" occluded="0" keyframe="0" points="710.66,585.72" z_order="0">
    </points>
    <points frame="232" outside="0" occluded="0" keyframe="0" points="713.12,586.34" z_order="0">
    </points>
    <points frame="233" outside="0" occluded="0" keyframe="0" points="715.58,586.96" z_order="0">
    </points>
    <points frame="234" outside="0" occluded="0" keyframe="0" points="718.04,587.58" z_order="0">
    </points>
    <points frame="235" outside="0" occluded="0" keyframe="0" points="720.50,588.20" z_order="0">
    </points>
    <points frame="236" outside="0" occluded="0" keyframe="0" points="722.96,588.82" z_order="0">
    </points>
    <points frame="237" outside="0" occluded="0" keyframe="0" points="725.42,589.44" z_order="0">
    </points>
    <points frame="238" outside="0" occluded="0" keyframe="0" points="727.88,590.06" z_order="0">
    </points>
    <points frame="239" outside="0" occluded="0" keyframe="0" points="730.34,590.68" z_order="0">
    </points>
    <points frame="240" outside="0" occluded="0" keyframe="1" points="732.80,591.30" z_order="0">
    </points>
    <points frame="241" outside="0" occluded="0" keyframe="0" points="734.73,591.67" z_order="0">
    </points>
    <points frame="242" outside="0" occluded="0" keyframe="0" points="736.67,592.03" z_order="0">
    </points>
    <points frame="243" outside="0" occluded="0" keyframe="1" points="738.60,592.40" z_order="0">
    </points>
    <points frame="244" outside="0" occluded="0" keyframe="0" points="717.10,584.40" z_order="0">
    </points>
    <points frame="245" outside="0" occluded="0" keyframe="1" points="695.60,576.40" z_order="0">
    </points>
    <points frame="246" outside="0" occluded="0" keyframe="0" points="686.15,570.90" z_order="0">
    </points>
    <points frame="247" outside="0" occluded="0" keyframe="1" points="676.70,565.40" z_order="0">
    </points>
    <points frame="248" outside="0" occluded="0" keyframe="0" points="674.47,562.97" z_order="0">
    </points>
    <points frame="249" outside="0" occluded="0" keyframe="0" points="672.23,560.53" z_order="0">
    </points>
    <points frame="250" outside="0" occluded="0" keyframe="1" points="670.00,558.10" z_order="0">
    </points>
    <points frame="251" outside="0" occluded="0" keyframe="0" points="668.40,556.01" z_order="0">
    </points>
    <points frame="252" outside="0" occluded="0" keyframe="0" points="666.80,553.92" z_order="0">
    </points>
    <points frame="253" outside="0" occluded="0" keyframe="0" points="665.20,551.83" z_order="0">
    </points>
    <points frame="254" outside="0" occluded="0" keyframe="0" points="663.60,549.74" z_order="0">
    </points>
    <points frame="255" outside="0" occluded="0" keyframe="0" points="662.00,547.65" z_order="0">
    </points>
    <points frame="256" outside="0" occluded="0" keyframe="0" points="660.40,545.56" z_order="0">
    </points>
    <points frame="257" outside="0" occluded="0" keyframe="0" points="658.80,543.47" z_order="0">
    </points>
    <points frame="258" outside="0" occluded="0" keyframe="0" points="657.20,541.38" z_order="0">
    </points>
    <points frame="259" outside="0" occluded="0" keyframe="0" points="655.60,539.29" z_order="0">
    </points>
    <points frame="260" outside="0" occluded="0" keyframe="1" points="654.00,537.20" z_order="0">
    </points>
    <points frame="261" outside="0" occluded="0" keyframe="0" points="662.68,543.90" z_order="0">
    </points>
    <points frame="262" outside="0" occluded="0" keyframe="0" points="671.35,550.60" z_order="0">
    </points>
    <points frame="263" outside="0" occluded="0" keyframe="0" points="680.03,557.30" z_order="0">
    </points>
    <points frame="264" outside="0" occluded="0" keyframe="1" points="688.70,564.00" z_order="0">
    </points>
    <points frame="265" outside="0" occluded="0" keyframe="0" points="684.55,558.92" z_order="0">
    </points>
    <points frame="266" outside="0" occluded="0" keyframe="0" points="680.40,553.83" z_order="0">
    </points>
    <points frame="267" outside="0" occluded="0" keyframe="0" points="676.25,548.75" z_order="0">
    </points>
    <points frame="268" outside="0" occluded="0" keyframe="0" points="672.10,543.67" z_order="0">
    </points>
    <points frame="269" outside="0" occluded="0" keyframe="0" points="667.95,538.58" z_order="0">
    </points>
    <points frame="270" outside="0" occluded="0" keyframe="1" points="663.80,533.50" z_order="0">
    </points>
    <points frame="271" outside="0" occluded="0" keyframe="0" points="667.37,536.33" z_order="0">
    </points>
    <points frame="272" outside="0" occluded="0" keyframe="0" points="670.94,539.16" z_order="0">
    </points>
    <points frame="273" outside="0" occluded="0" keyframe="0" points="674.51,541.99" z_order="0">
    </points>
    <points frame="274" outside="0" occluded="0" keyframe="0" points="678.08,544.82" z_order="0">
    </points>
    <points frame="275" outside="0" occluded="0" keyframe="0" points="681.65,547.65" z_order="0">
    </points>
    <points frame="276" outside="0" occluded="0" keyframe="0" points="685.22,550.48" z_order="0">
    </points>
    <points frame="277" outside="0" occluded="0" keyframe="0" points="688.79,553.31" z_order="0">
    </points>
    <points frame="278" outside="0" occluded="0" keyframe="0" points="692.36,556.14" z_order="0">
    </points>
    <points frame="279" outside="0" occluded="0" keyframe="0" points="695.93,558.97" z_order="0">
    </points>
    <points frame="280" outside="0" occluded="0" keyframe="1" points="699.50,561.80" z_order="0">
    </points>
    <points frame="281" outside="0" occluded="0" keyframe="0" points="699.50,561.80" z_order="0">
    </points>
    <points frame="282" outside="0" occluded="0" keyframe="0" points="699.50,561.80" z_order="0">
    </points>
    <points frame="283" outside="0" occluded="0" keyframe="0" points="699.50,561.80" z_order="0">
    </points>
    <points frame="284" outside="0" occluded="0" keyframe="0" points="699.50,561.80" z_order="0">
    </points>
    <points frame="285" outside="0" occluded="0" keyframe="0" points="699.50,561.80" z_order="0">
    </points>
    <points frame="286" outside="0" occluded="0" keyframe="0" points="699.50,561.80" z_order="0">
    </points>
    <points frame="287" outside="0" occluded="0" keyframe="0" points="699.50,561.80" z_order="0">
    </points>
    <points frame="288" outside="0" occluded="0" keyframe="0" points="699.50,561.80" z_order="0">
    </points>
    <points frame="289" outside="0" occluded="0" keyframe="0" points="699.50,561.80" z_order="0">
    </points>
    <points frame="290" outside="0" occluded="0" keyframe="0" points="699.50,561.80" z_order="0">
    </points>
    <points frame="291" outside="0" occluded="0" keyframe="0" points="699.50,561.80" z_order="0">
    </points>
    <points frame="292" outside="0" occluded="0" keyframe="0" points="699.50,561.80" z_order="0">
    </points>
    <points frame="293" outside="0" occluded="0" keyframe="0" points="699.50,561.80" z_order="0">
    </points>
    <points frame="294" outside="0" occluded="0" keyframe="0" points="699.50,561.80" z_order="0">
    </points>
    <points frame="295" outside="0" occluded="0" keyframe="0" points="699.50,561.80" z_order="0">
    </points>
    <points frame="296" outside="0" occluded="0" keyframe="0" points="699.50,561.80" z_order="0">
    </points>
    <points frame="297" outside="0" occluded="0" keyframe="0" points="699.50,561.80" z_order="0">
    </points>
    <points frame="298" outside="0" occluded="0" keyframe="0" points="699.50,561.80" z_order="0">
    </points>
    <points frame="299" outside="0" occluded="0" keyframe="0" points="699.50,561.80" z_order="0">
    </points>
    <points frame="300" outside="0" occluded="0" keyframe="0" points="699.50,561.80" z_order="0">
    </points>
    <points frame="301" outside="0" occluded="0" keyframe="0" points="699.50,561.80" z_order="0">
    </points>
    <points frame="302" outside="0" occluded="0" keyframe="0" points="699.50,561.80" z_order="0">
    </points>
    <points frame="303" outside="0" occluded="0" keyframe="0" points="699.50,561.80" z_order="0">
    </points>
    <points frame="304" outside="0" occluded="0" keyframe="0" points="699.50,561.80" z_order="0">
    </points>
    <points frame="305" outside="0" occluded="0" keyframe="0" points="699.50,561.80" z_order="0">
    </points>
    <points frame="306" outside="0" occluded="0" keyframe="0" points="699.50,561.80" z_order="0">
    </points>
    <points frame="307" outside="0" occluded="0" keyframe="0" points="699.50,561.80" z_order="0">
    </points>
    <points frame="308" outside="0" occluded="0" keyframe="0" points="699.50,561.80" z_order="0">
    </points>
    <points frame="309" outside="0" occluded="0" keyframe="0" points="699.50,561.80" z_order="0">
    </points>
    <points frame="310" outside="0" occluded="0" keyframe="0" points="699.50,561.80" z_order="0">
    </points>
    <points frame="311" outside="0" occluded="0" keyframe="0" points="699.50,561.80" z_order="0">
    </points>
    <points frame="312" outside="0" occluded="0" keyframe="0" points="699.50,561.80" z_order="0">
    </points>
    <points frame="313" outside="0" occluded="0" keyframe="0" points="699.50,561.80" z_order="0">
    </points>
    <points frame="314" outside="0" occluded="0" keyframe="0" points="699.50,561.80" z_order="0">
    </points>
    <points frame="315" outside="0" occluded="0" keyframe="0" points="699.50,561.80" z_order="0">
    </points>
    <points frame="316" outside="0" occluded="0" keyframe="0" points="699.50,561.80" z_order="0">
    </points>
    <points frame="317" outside="0" occluded="0" keyframe="0" points="699.50,561.80" z_order="0">
    </points>
    <points frame="318" outside="0" occluded="0" keyframe="0" points="699.50,561.80" z_order="0">
    </points>
    <points frame="319" outside="0" occluded="0" keyframe="0" points="699.50,561.80" z_order="0">
    </points>
    <points frame="320" outside="0" occluded="0" keyframe="0" points="699.50,561.80" z_order="0">
    </points>
    <points frame="321" outside="0" occluded="0" keyframe="0" points="699.50,561.80" z_order="0">
    </points>
    <points frame="322" outside="0" occluded="0" keyframe="0" points="699.50,561.80" z_order="0">
    </points>
    <points frame="323" outside="0" occluded="0" keyframe="0" points="699.50,561.80" z_order="0">
    </points>
    <points frame="324" outside="0" occluded="0" keyframe="0" points="699.50,561.80" z_order="0">
    </points>
    <points frame="325" outside="0" occluded="0" keyframe="0" points="699.50,561.80" z_order="0">
    </points>
    <points frame="326" outside="0" occluded="0" keyframe="0" points="699.50,561.80" z_order="0">
    </points>
    <points frame="327" outside="0" occluded="0" keyframe="0" points="699.50,561.80" z_order="0">
    </points>
    <points frame="328" outside="0" occluded="0" keyframe="0" points="699.50,561.80" z_order="0">
    </points>
    <points frame="329" outside="0" occluded="0" keyframe="0" points="699.50,561.80" z_order="0">
    </points>
    <points frame="330" outside="0" occluded="0" keyframe="0" points="699.50,561.80" z_order="0">
    </points>
    <points frame="331" outside="0" occluded="0" keyframe="0" points="699.50,561.80" z_order="0">
    </points>
    <points frame="332" outside="0" occluded="0" keyframe="0" points="699.50,561.80" z_order="0">
    </points>
    <points frame="333" outside="0" occluded="0" keyframe="0" points="699.50,561.80" z_order="0">
    </points>
    <points frame="334" outside="0" occluded="0" keyframe="0" points="699.50,561.80" z_order="0">
    </points>
    <points frame="335" outside="0" occluded="0" keyframe="0" points="699.50,561.80" z_order="0">
    </points>
    <points frame="336" outside="0" occluded="0" keyframe="0" points="699.50,561.80" z_order="0">
    </points>
    <points frame="337" outside="0" occluded="0" keyframe="0" points="699.50,561.80" z_order="0">
    </points>
    <points frame="338" outside="0" occluded="0" keyframe="0" points="699.50,561.80" z_order="0">
    </points>
    <points frame="339" outside="0" occluded="0" keyframe="0" points="699.50,561.80" z_order="0">
    </points>
    <points frame="340" outside="0" occluded="0" keyframe="0" points="699.50,561.80" z_order="0">
    </points>
    <points frame="341" outside="0" occluded="0" keyframe="0" points="699.50,561.80" z_order="0">
    </points>
    <points frame="342" outside="0" occluded="0" keyframe="0" points="699.50,561.80" z_order="0">
    </points>
    <points frame="343" outside="0" occluded="0" keyframe="0" points="699.50,561.80" z_order="0">
    </points>
    <points frame="344" outside="0" occluded="0" keyframe="0" points="699.50,561.80" z_order="0">
    </points>
    <points frame="345" outside="0" occluded="0" keyframe="0" points="699.50,561.80" z_order="0">
    </points>
    <points frame="346" outside="0" occluded="0" keyframe="0" points="699.50,561.80" z_order="0">
    </points>
    <points frame="347" outside="0" occluded="0" keyframe="0" points="699.50,561.80" z_order="0">
    </points>
    <points frame="348" outside="0" occluded="0" keyframe="0" points="699.50,561.80" z_order="0">
    </points>
  </track>
  <track id="1" label="M" source="manual">
    <points frame="0" outside="0" occluded="0" keyframe="1" points="458.25,616.65" z_order="0">
    </points>
    <points frame="1" outside="0" occluded="0" keyframe="0" points="458.35,616.95" z_order="0">
    </points>
    <points frame="2" outside="0" occluded="0" keyframe="0" points="458.45,617.25" z_order="0">
    </points>
    <points frame="3" outside="0" occluded="0" keyframe="0" points="458.55,617.55" z_order="0">
    </points>
    <points frame="4" outside="0" occluded="0" keyframe="0" points="458.66,617.85" z_order="0">
    </points>
    <points frame="5" outside="0" occluded="0" keyframe="0" points="458.76,618.15" z_order="0">
    </points>
    <points frame="6" outside="0" occluded="0" keyframe="0" points="458.86,618.45" z_order="0">
    </points>
    <points frame="7" outside="0" occluded="0" keyframe="0" points="458.96,618.75" z_order="0">
    </points>
    <points frame="8" outside="0" occluded="0" keyframe="0" points="459.07,619.05" z_order="0">
    </points>
    <points frame="9" outside="0" occluded="0" keyframe="0" points="459.17,619.35" z_order="0">
    </points>
    <points frame="10" outside="0" occluded="0" keyframe="0" points="459.27,619.65" z_order="0">
    </points>
    <points frame="11" outside="0" occluded="0" keyframe="0" points="459.37,619.95" z_order="0">
    </points>
    <points frame="12" outside="0" occluded="0" keyframe="0" points="459.48,620.25" z_order="0">
    </points>
    <points frame="13" outside="0" occluded="0" keyframe="0" points="459.58,620.55" z_order="0">
    </points>
    <points frame="14" outside="0" occluded="0" keyframe="0" points="459.68,620.85" z_order="0">
    </points>
    <points frame="15" outside="0" occluded="0" keyframe="0" points="459.78,621.15" z_order="0">
    </points>
    <points frame="16" outside="0" occluded="0" keyframe="0" points="459.89,621.45" z_order="0">
    </points>
    <points frame="17" outside="0" occluded="0" keyframe="0" points="459.99,621.76" z_order="0">
    </points>
    <points frame="18" outside="0" occluded="0" keyframe="0" points="460.09,622.06" z_order="0">
    </points>
    <points frame="19" outside="0" occluded="0" keyframe="0" points="460.19,622.36" z_order="0">
    </points>
    <points frame="20" outside="0" occluded="0" keyframe="0" points="460.29,622.66" z_order="0">
    </points>
    <points frame="21" outside="0" occluded="0" keyframe="0" points="460.40,622.96" z_order="0">
    </points>
    <points frame="22" outside="0" occluded="0" keyframe="0" points="460.50,623.26" z_order="0">
    </points>
    <points frame="23" outside="0" occluded="0" keyframe="0" points="460.60,623.56" z_order="0">
    </points>
    <points frame="24" outside="0" occluded="0" keyframe="0" points="460.70,623.86" z_order="0">
    </points>
    <points frame="25" outside="0" occluded="0" keyframe="0" points="460.81,624.16" z_order="0">
    </points>
    <points frame="26" outside="0" occluded="0" keyframe="0" points="460.91,624.46" z_order="0">
    </points>
    <points frame="27" outside="0" occluded="0" keyframe="0" points="461.01,624.76" z_order="0">
    </points>
    <points frame="28" outside="0" occluded="0" keyframe="0" points="461.11,625.06" z_order="0">
    </points>
    <points frame="29" outside="0" occluded="0" keyframe="0" points="461.22,625.36" z_order="0">
    </points>
    <points frame="30" outside="0" occluded="0" keyframe="0" points="461.32,625.66" z_order="0">
    </points>
    <points frame="31" outside="0" occluded="0" keyframe="0" points="461.42,625.96" z_order="0">
    </points>
    <points frame="32" outside="0" occluded="0" keyframe="0" points="461.52,626.26" z_order="0">
    </points>
    <points frame="33" outside="0" occluded="0" keyframe="0" points="461.63,626.56" z_order="0">
    </points>
    <points frame="34" outside="0" occluded="0" keyframe="0" points="461.73,626.86" z_order="0">
    </points>
    <points frame="35" outside="0" occluded="0" keyframe="0" points="461.83,627.16" z_order="0">
    </points>
    <points frame="36" outside="0" occluded="0" keyframe="0" points="461.93,627.47" z_order="0">
    </points>
    <points frame="37" outside="0" occluded="0" keyframe="0" points="462.04,627.77" z_order="0">
    </points>
    <points frame="38" outside="0" occluded="0" keyframe="0" points="462.14,628.07" z_order="0">
    </points>
    <points frame="39" outside="0" occluded="0" keyframe="0" points="462.24,628.37" z_order="0">
    </points>
    <points frame="40" outside="0" occluded="0" keyframe="0" points="462.34,628.67" z_order="0">
    </points>
    <points frame="41" outside="0" occluded="0" keyframe="0" points="462.45,628.97" z_order="0">
    </points>
    <points frame="42" outside="0" occluded="0" keyframe="0" points="462.55,629.27" z_order="0">
    </points>
    <points frame="43" outside="0" occluded="0" keyframe="0" points="462.65,629.57" z_order="0">
    </points>
    <points frame="44" outside="0" occluded="0" keyframe="0" points="462.75,629.87" z_order="0">
    </points>
    <points frame="45" outside="0" occluded="0" keyframe="0" points="462.86,630.17" z_order="0">
    </points>
    <points frame="46" outside="0" occluded="0" keyframe="0" points="462.96,630.47" z_order="0">
    </points>
    <points frame="47" outside="0" occluded="0" keyframe="0" points="463.06,630.77" z_order="0">
    </points>
    <points frame="48" outside="0" occluded="0" keyframe="0" points="463.16,631.07" z_order="0">
    </points>
    <points frame="49" outside="0" occluded="0" keyframe="0" points="463.27,631.37" z_order="0">
    </points>
    <points frame="50" outside="0" occluded="0" keyframe="0" points="463.37,631.67" z_order="0">
    </points>
    <points frame="51" outside="0" occluded="0" keyframe="0" points="463.47,631.97" z_order="0">
    </points>
    <points frame="52" outside="0" occluded="0" keyframe="0" points="463.57,632.27" z_order="0">
    </points>
    <points frame="53" outside="0" occluded="0" keyframe="0" points="463.68,632.57" z_order="0">
    </points>
    <points frame="54" outside="0" occluded="0" keyframe="0" points="463.78,632.87" z_order="0">
    </points>
    <points frame="55" outside="0" occluded="0" keyframe="0" points="463.88,633.17" z_order="0">
    </points>
    <points frame="56" outside="0" occluded="0" keyframe="0" points="463.98,633.48" z_order="0">
    </points>
    <points frame="57" outside="0" occluded="0" keyframe="0" points="464.09,633.78" z_order="0">
    </points>
    <points frame="58" outside="0" occluded="0" keyframe="0" points="464.19,634.08" z_order="0">
    </points>
    <points frame="59" outside="0" occluded="0" keyframe="0" points="464.29,634.38" z_order="0">
    </points>
    <points frame="60" outside="0" occluded="0" keyframe="0" points="464.39,634.68" z_order="0">
    </points>
    <points frame="61" outside="0" occluded="0" keyframe="0" points="464.50,634.98" z_order="0">
    </points>
    <points frame="62" outside="0" occluded="0" keyframe="0" points="464.60,635.28" z_order="0">
    </points>
    <points frame="63" outside="0" occluded="0" keyframe="0" points="464.70,635.58" z_order="0">
    </points>
    <points frame="64" outside="0" occluded="0" keyframe="0" points="464.80,635.88" z_order="0">
    </points>
    <points frame="65" outside="0" occluded="0" keyframe="0" points="464.90,636.18" z_order="0">
    </points>
    <points frame="66" outside="0" occluded="0" keyframe="0" points="465.01,636.48" z_order="0">
    </points>
    <points frame="67" outside="0" occluded="0" keyframe="0" points="465.11,636.78" z_order="0">
    </points>
    <points frame="68" outside="0" occluded="0" keyframe="0" points="465.21,637.08" z_order="0">
    </points>
    <points frame="69" outside="0" occluded="0" keyframe="0" points="465.31,637.38" z_order="0">
    </points>
    <points frame="70" outside="0" occluded="0" keyframe="0" points="465.42,637.68" z_order="0">
    </points>
    <points frame="71" outside="0" occluded="0" keyframe="0" points="465.52,637.98" z_order="0">
    </points>
    <points frame="72" outside="0" occluded="0" keyframe="0" points="465.62,638.28" z_order="0">
    </points>
    <points frame="73" outside="0" occluded="0" keyframe="0" points="465.72,638.58" z_order="0">
    </points>
    <points frame="74" outside="0" occluded="0" keyframe="0" points="465.83,638.88" z_order="0">
    </points>
    <points frame="75" outside="0" occluded="0" keyframe="0" points="465.93,639.19" z_order="0">
    </points>
    <points frame="76" outside="0" occluded="0" keyframe="0" points="466.03,639.49" z_order="0">
    </points>
    <points frame="77" outside="0" occluded="0" keyframe="0" points="466.13,639.79" z_order="0">
    </points>
    <points frame="78" outside="0" occluded="0" keyframe="0" points="466.24,640.09" z_order="0">
    </points>
    <points frame="79" outside="0" occluded="0" keyframe="0" points="466.34,640.39" z_order="0">
    </points>
    <points frame="80" outside="0" occluded="0" keyframe="0" points="466.44,640.69" z_order="0">
    </points>
    <points frame="81" outside="0" occluded="0" keyframe="0" points="466.54,640.99" z_order="0">
    </points>
    <points frame="82" outside="0" occluded="0" keyframe="0" points="466.65,641.29" z_order="0">
    </points>
    <points frame="83" outside="0" occluded="0" keyframe="0" points="466.75,641.59" z_order="0">
    </points>
    <points frame="84" outside="0" occluded="0" keyframe="0" points="466.85,641.89" z_order="0">
    </points>
    <points frame="85" outside="0" occluded="0" keyframe="0" points="466.95,642.19" z_order="0">
    </points>
    <points frame="86" outside="0" occluded="0" keyframe="0" points="467.06,642.49" z_order="0">
    </points>
    <points frame="87" outside="0" occluded="0" keyframe="0" points="467.16,642.79" z_order="0">
    </points>
    <points frame="88" outside="0" occluded="0" keyframe="0" points="467.26,643.09" z_order="0">
    </points>
    <points frame="89" outside="0" occluded="0" keyframe="0" points="467.36,643.39" z_order="0">
    </points>
    <points frame="90" outside="0" occluded="0" keyframe="0" points="467.47,643.69" z_order="0">
    </points>
    <points frame="91" outside="0" occluded="0" keyframe="0" points="467.57,643.99" z_order="0">
    </points>
    <points frame="92" outside="0" occluded="0" keyframe="0" points="467.67,644.29" z_order="0">
    </points>
    <points frame="93" outside="0" occluded="0" keyframe="0" points="467.77,644.59" z_order="0">
    </points>
    <points frame="94" outside="0" occluded="0" keyframe="0" points="467.88,644.89" z_order="0">
    </points>
    <points frame="95" outside="0" occluded="0" keyframe="0" points="467.98,645.20" z_order="0">
    </points>
    <points frame="96" outside="0" occluded="0" keyframe="0" points="468.08,645.50" z_order="0">
    </points>
    <points frame="97" outside="0" occluded="0" keyframe="0" points="468.18,645.80" z_order="0">
    </points>
    <points frame="98" outside="0" occluded="0" keyframe="0" points="468.29,646.10" z_order="0">
    </points>
    <points frame="99" outside="0" occluded="0" keyframe="0" points="468.39,646.40" z_order="0">
    </points>
    <points frame="100" outside="0" occluded="0" keyframe="0" points="468.49,646.70" z_order="0">
    </points>
    <points frame="101" outside="0" occluded="0" keyframe="0" points="468.59,647.00" z_order="0">
    </points>
    <points frame="102" outside="0" occluded="0" keyframe="0" points="468.70,647.30" z_order="0">
    </points>
    <points frame="103" outside="0" occluded="0" keyframe="0" points="468.80,647.60" z_order="0">
    </points>
    <points frame="104" outside="0" occluded="0" keyframe="1" points="468.90,647.90" z_order="0">
    </points>
    <points frame="105" outside="0" occluded="0" keyframe="0" points="469.00,646.85" z_order="0">
    </points>
    <points frame="106" outside="0" occluded="0" keyframe="0" points="469.10,645.80" z_order="0">
    </points>
    <points frame="107" outside="0" occluded="0" keyframe="0" points="469.20,644.75" z_order="0">
    </points>
    <points frame="108" outside="0" occluded="0" keyframe="0" points="469.30,643.70" z_order="0">
    </points>
    <points frame="109" outside="0" occluded="0" keyframe="0" points="469.40,642.65" z_order="0">
    </points>
    <points frame="110" outside="0" occluded="0" keyframe="0" points="469.50,641.60" z_order="0">
    </points>
    <points frame="111" outside="0" occluded="0" keyframe="0" points="469.60,640.55" z_order="0">
    </points>
    <points frame="112" outside="0" occluded="0" keyframe="0" points="469.70,639.50" z_order="0">
    </points>
    <points frame="113" outside="0" occluded="0" keyframe="0" points="469.80,638.45" z_order="0">
    </points>
    <points frame="114" outside="0" occluded="0" keyframe="1" points="469.90,637.40" z_order="0">
    </points>
    <points frame="115" outside="0" occluded="0" keyframe="0" points="471.88,635.71" z_order="0">
    </points>
    <points frame="116" outside="0" occluded="0" keyframe="0" points="473.86,634.02" z_order="0">
    </points>
    <points frame="117" outside="0" occluded="0" keyframe="0" points="475.84,632.33" z_order="0">
    </points>
    <points frame="118" outside="0" occluded="0" keyframe="0" points="477.82,630.64" z_order="0">
    </points>
    <points frame="119" outside="0" occluded="0" keyframe="0" points="479.80,628.95" z_order="0">
    </points>
    <points frame="120" outside="0" occluded="0" keyframe="0" points="481.78,627.26" z_order="0">
    </points>
    <points frame="121" outside="0" occluded="0" keyframe="0" points="483.76,625.57" z_order="0">
    </points>
    <points frame="122" outside="0" occluded="0" keyframe="0" points="485.74,623.88" z_order="0">
    </points>
    <points frame="123" outside="0" occluded="0" keyframe="0" points="487.72,622.19" z_order="0">
    </points>
    <points frame="124" outside="0" occluded="0" keyframe="1" points="489.70,620.50" z_order="0">
    </points>
    <points frame="125" outside="0" occluded="0" keyframe="0" points="489.47,620.53" z_order="0">
    </points>
    <points frame="126" outside="0" occluded="0" keyframe="0" points="489.23,620.56" z_order="0">
    </points>
    <points frame="127" outside="0" occluded="0" keyframe="0" points="489.00,620.59" z_order="0">
    </points>
    <points frame="128" outside="0" occluded="0" keyframe="0" points="488.76,620.62" z_order="0">
    </points>
    <points frame="129" outside="0" occluded="0" keyframe="0" points="488.53,620.65" z_order="0">
    </points>
    <points frame="130" outside="0" occluded="0" keyframe="0" points="488.29,620.68" z_order="0">
    </points>
    <points frame="131" outside="0" occluded="0" keyframe="0" points="488.06,620.71" z_order="0">
    </points>
    <points frame="132" outside="0" occluded="0" keyframe="0" points="487.82,620.74" z_order="0">
    </points>
    <points frame="133" outside="0" occluded="0" keyframe="0" points="487.59,620.77" z_order="0">
    </points>
    <points frame="134" outside="0" occluded="0" keyframe="0" points="487.35,620.80" z_order="0">
    </points>
    <points frame="135" outside="0" occluded="0" keyframe="0" points="487.12,620.83" z_order="0">
    </points>
    <points frame="136" outside="0" occluded="0" keyframe="0" points="486.88,620.86" z_order="0">
    </points>
    <points frame="137" outside="0" occluded="0" keyframe="0" points="486.65,620.89" z_order="0">
    </points>
    <points frame="138" outside="0" occluded="0" keyframe="0" points="486.41,620.92" z_order="0">
    </points>
    <points frame="139" outside="0" occluded="0" keyframe="0" points="486.18,620.95" z_order="0">
    </points>
    <points frame="140" outside="0" occluded="0" keyframe="0" points="485.94,620.98" z_order="0">
    </points>
    <points frame="141" outside="0" occluded="0" keyframe="0" points="485.71,621.01" z_order="0">
    </points>
    <points frame="142" outside="0" occluded="0" keyframe="0" points="485.47,621.04" z_order="0">
    </points>
    <points frame="143" outside="0" occluded="0" keyframe="0" points="485.24,621.07" z_order="0">
    </points>
    <points frame="144" outside="0" occluded="0" keyframe="0" points="485.00,621.10" z_order="0">
    </points>
    <points frame="145" outside="0" occluded="0" keyframe="0" points="484.77,621.13" z_order="0">
    </points>
    <points frame="146" outside="0" occluded="0" keyframe="0" points="484.53,621.16" z_order="0">
    </points>
    <points frame="147" outside="0" occluded="0" keyframe="0" points="484.30,621.19" z_order="0">
    </points>
    <points frame="148" outside="0" occluded="0" keyframe="0" points="484.06,621.22" z_order="0">
    </points>
    <points frame="149" outside="0" occluded="0" keyframe="0" points="483.83,621.25" z_order="0">
    </points>
    <points frame="150" outside="0" occluded="0" keyframe="0" points="483.59,621.28" z_order="0">
    </points>
    <points frame="151" outside="0" occluded="0" keyframe="0" points="483.36,621.31" z_order="0">
    </points>
    <points frame="152" outside="0" occluded="0" keyframe="0" points="483.12,621.34" z_order="0">
    </points>
    <points frame="153" outside="0" occluded="0" keyframe="0" points="482.89,621.37" z_order="0">
    </points>
    <points frame="154" outside="0" occluded="0" keyframe="0" points="482.65,621.40" z_order="0">
    </points>
    <points frame="155" outside="0" occluded="0" keyframe="0" points="482.42,621.43" z_order="0">
    </points>
    <points frame="156" outside="0" occluded="0" keyframe="0" points="482.18,621.46" z_order="0">
    </points>
    <points frame="157" outside="0" occluded="0" keyframe="0" points="481.95,621.49" z_order="0">
    </points>
    <points frame="158" outside="0" occluded="0" keyframe="0" points="481.71,621.52" z_order="0">
    </points>
    <points frame="159" outside="0" occluded="0" keyframe="0" points="481.48,621.55" z_order="0">
    </points>
    <points frame="160" outside="0" occluded="0" keyframe="0" points="481.24,621.58" z_order="0">
    </points>
    <points frame="161" outside="0" occluded="0" keyframe="0" points="481.01,621.61" z_order="0">
    </points>
    <points frame="162" outside="0" occluded="0" keyframe="0" points="480.77,621.64" z_order="0">
    </points>
    <points frame="163" outside="0" occluded="0" keyframe="0" points="480.54,621.67" z_order="0">
    </points>
    <points frame="164" outside="0" occluded="0" keyframe="1" points="480.30,621.70" z_order="0">
    </points>
    <points frame="165" outside="0" occluded="0" keyframe="0" points="480.43,621.08" z_order="0">
    </points>
    <points frame="166" outside="0" occluded="0" keyframe="0" points="480.56,620.46" z_order="0">
    </points>
    <points frame="167" outside="0" occluded="0" keyframe="0" points="480.69,619.84" z_order="0">
    </points>
    <points frame="168" outside="0" occluded="0" keyframe="0" points="480.82,619.22" z_order="0">
    </points>
    <points frame="169" outside="0" occluded="0" keyframe="0" points="480.95,618.60" z_order="0">
    </points>
    <points frame="170" outside="0" occluded="0" keyframe="0" points="481.08,617.98" z_order="0">
    </points>
    <points frame="171" outside="0" occluded="0" keyframe="0" points="481.21,617.36" z_order="0">
    </points>
    <points frame="172" outside="0" occluded="0" keyframe="0" points="481.34,616.74" z_order="0">
    </points>
    <points frame="173" outside="0" occluded="0" keyframe="0" points="481.47,616.12" z_order="0">
    </points>
    <points frame="174" outside="0" occluded="0" keyframe="1" points="481.60,615.50" z_order="0">
    </points>
    <points frame="175" outside="0" occluded="0" keyframe="0" points="481.61,615.33" z_order="0">
    </points>
    <points frame="176" outside="0" occluded="0" keyframe="0" points="481.62,615.17" z_order="0">
    </points>
    <points frame="177" outside="0" occluded="0" keyframe="0" points="481.62,615.00" z_order="0">
    </points>
    <points frame="178" outside="0" occluded="0" keyframe="0" points="481.63,614.84" z_order="0">
    </points>
    <points frame="179" outside="0" occluded="0" keyframe="0" points="481.64,614.67" z_order="0">
    </points>
    <points frame="180" outside="0" occluded="0" keyframe="0" points="481.65,614.50" z_order="0">
    </points>
    <points frame="181" outside="0" occluded="0" keyframe="0" points="481.66,614.34" z_order="0">
    </points>
    <points frame="182" outside="0" occluded="0" keyframe="0" points="481.66,614.17" z_order="0">
    </points>
    <points frame="183" outside="0" occluded="0" keyframe="0" points="481.67,614.01" z_order="0">
    </points>
    <points frame="184" outside="0" occluded="0" keyframe="0" points="481.68,613.84" z_order="0">
    </points>
    <points frame="185" outside="0" occluded="0" keyframe="0" points="481.69,613.67" z_order="0">
    </points>
    <points frame="186" outside="0" occluded="0" keyframe="0" points="481.70,613.51" z_order="0">
    </points>
    <points frame="187" outside="0" occluded="0" keyframe="0" points="481.70,613.34" z_order="0">
    </points>
    <points frame="188" outside="0" occluded="0" keyframe="0" points="481.71,613.18" z_order="0">
    </points>
    <points frame="189" outside="0" occluded="0" keyframe="0" points="481.72,613.01" z_order="0">
    </points>
    <points frame="190" outside="0" occluded="0" keyframe="0" points="481.73,612.84" z_order="0">
    </points>
    <points frame="191" outside="0" occluded="0" keyframe="0" points="481.74,612.68" z_order="0">
    </points>
    <points frame="192" outside="0" occluded="0" keyframe="0" points="481.74,612.51" z_order="0">
    </points>
    <points frame="193" outside="0" occluded="0" keyframe="0" points="481.75,612.35" z_order="0">
    </points>
    <points frame="194" outside="0" occluded="0" keyframe="0" points="481.76,612.18" z_order="0">
    </points>
    <points frame="195" outside="0" occluded="0" keyframe="0" points="481.77,612.01" z_order="0">
    </points>
    <points frame="196" outside="0" occluded="0" keyframe="0" points="481.78,611.85" z_order="0">
    </points>
    <points frame="197" outside="0" occluded="0" keyframe="0" points="481.78,611.68" z_order="0">
    </points>
    <points frame="198" outside="0" occluded="0" keyframe="0" points="481.79,611.52" z_order="0">
    </points>
    <points frame="199" outside="0" occluded="0" keyframe="0" points="481.80,611.35" z_order="0">
    </points>
    <points frame="200" outside="0" occluded="0" keyframe="0" points="481.81,611.18" z_order="0">
    </points>
    <points frame="201" outside="0" occluded="0" keyframe="0" points="481.82,611.02" z_order="0">
    </points>
    <points frame="202" outside="0" occluded="0" keyframe="0" points="481.82,610.85" z_order="0">
    </points>
    <points frame="203" outside="0" occluded="0" keyframe="0" points="481.83,610.69" z_order="0">
    </points>
    <points frame="204" outside="0" occluded="0" keyframe="0" points="481.84,610.52" z_order="0">
    </points>
    <points frame="205" outside="0" occluded="0" keyframe="0" points="481.85,610.35" z_order="0">
    </points>
    <points frame="206" outside="0" occluded="0" keyframe="0" points="481.86,610.19" z_order="0">
    </points>
    <points frame="207" outside="0" occluded="0" keyframe="0" points="481.86,610.02" z_order="0">
    </points>
    <points frame="208" outside="0" occluded="0" keyframe="0" points="481.87,609.86" z_order="0">
    </points>
    <points frame="209" outside="0" occluded="0" keyframe="0" points="481.88,609.69" z_order="0">
    </points>
    <points frame="210" outside="0" occluded="0" keyframe="0" points="481.89,609.52" z_order="0">
    </points>
    <points frame="211" outside="0" occluded="0" keyframe="0" points="481.90,609.36" z_order="0">
    </points>
    <points frame="212" outside="0" occluded="0" keyframe="0" points="481.90,609.19" z_order="0">
    </points>
    <points frame="213" outside="0" occluded="0" keyframe="0" points="481.91,609.03" z_order="0">
    </points>
    <points frame="214" outside="0" occluded="0" keyframe="0" points="481.92,608.86" z_order="0">
    </points>
    <points frame="215" outside="0" occluded="0" keyframe="0" points="481.93,608.69" z_order="0">
    </points>
    <points frame="216" outside="0" occluded="0" keyframe="0" points="481.94,608.53" z_order="0">
    </points>
    <points frame="217" outside="0" occluded="0" keyframe="0" points="481.94,608.36" z_order="0">
    </points>
    <points frame="218" outside="0" occluded="0" keyframe="0" points="481.95,608.20" z_order="0">
    </points>
    <points frame="219" outside="0" occluded="0" keyframe="0" points="481.96,608.03" z_order="0">
    </points>
    <points frame="220" outside="0" occluded="0" keyframe="0" points="481.97,607.86" z_order="0">
    </points>
    <points frame="221" outside="0" occluded="0" keyframe="0" points="481.98,607.70" z_order="0">
    </points>
    <points frame="222" outside="0" occluded="0" keyframe="0" points="481.98,607.53" z_order="0">
    </points>
    <points frame="223" outside="0" occluded="0" keyframe="0" points="481.99,607.37" z_order="0">
    </points>
    <points frame="224" outside="0" occluded="0" keyframe="1" points="482.00,607.20" z_order="0">
    </points>
    <points frame="225" outside="0" occluded="0" keyframe="0" points="485.32,605.61" z_order="0">
    </points>
    <points frame="226" outside="0" occluded="0" keyframe="0" points="488.64,604.02" z_order="0">
    </points>
    <points frame="227" outside="0" occluded="0" keyframe="0" points="491.96,602.43" z_order="0">
    </points>
    <points frame="228" outside="0" occluded="0" keyframe="0" points="495.28,600.84" z_order="0">
    </points>
    <points frame="229" outside="0" occluded="0" keyframe="0" points="498.60,599.25" z_order="0">
    </points>
    <points frame="230" outside="0" occluded="0" keyframe="0" points="501.92,597.66" z_order="0">
    </points>
    <points frame="231" outside="0" occluded="0" keyframe="0" points="505.24,596.07" z_order="0">
    </points>
    <points frame="232" outside="0" occluded="0" keyframe="0" points="508.56,594.48" z_order="0">
    </points>
    <points frame="233" outside="0" occluded="0" keyframe="0" points="511.88,592.89" z_order="0">
    </points>
    <points frame="234" outside="0" occluded="0" keyframe="1" points="515.20,591.30" z_order="0">
    </points>
    <points frame="235" outside="0" occluded="0" keyframe="0" points="511.72,592.60" z_order="0">
    </points>
    <points frame="236" outside="0" occluded="0" keyframe="0" points="508.24,593.90" z_order="0">
    </points>
    <points frame="237" outside="0" occluded="0" keyframe="0" points="504.76,595.20" z_order="0">
    </points>
    <points frame="238" outside="0" occluded="0" keyframe="0" points="501.28,596.50" z_order="0">
    </points>
    <points frame="239" outside="0" occluded="0" keyframe="0" points="497.80,597.80" z_order="0">
    </points>
    <points frame="240" outside="0" occluded="0" keyframe="0" points="494.32,599.10" z_order="0">
    </points>
    <points frame="241" outside="0" occluded="0" keyframe="0" points="490.84,600.40" z_order="0">
    </points>
    <points frame="242" outside="0" occluded="0" keyframe="0" points="487.36,601.70" z_order="0">
    </points>
    <points frame="243" outside="0" occluded="0" keyframe="0" points="483.88,603.00" z_order="0">
    </points>
    <points frame="244" outside="0" occluded="0" keyframe="1" points="480.40,604.30" z_order="0">
    </points>
    <points frame="245" outside="0" occluded="0" keyframe="0" points="480.40,604.30" z_order="0">
    </points>
    <points frame="246" outside="0" occluded="0" keyframe="0" points="480.40,604.30" z_order="0">
    </points>
    <points frame="247" outside="0" occluded="0" keyframe="0" points="480.40,604.30" z_order="0">
    </points>
    <points frame="248" outside="0" occluded="0" keyframe="0" points="480.40,604.30" z_order="0">
    </points>
    <points frame="249" outside="0" occluded="0" keyframe="0" points="480.40,604.30" z_order="0">
    </points>
    <points frame="250" outside="0" occluded="0" keyframe="0" points="480.40,604.30" z_order="0">
    </points>
    <points frame="251" outside="0" occluded="0" keyframe="0" points="480.40,604.30" z_order="0">
    </points>
    <points frame="252" outside="0" occluded="0" keyframe="0" points="480.40,604.30" z_order="0">
    </points>
    <points frame="253" outside="0" occluded="0" keyframe="0" points="480.40,604.30" z_order="0">
    </points>
    <points frame="254" outside="0" occluded="0" keyframe="0" points="480.40,604.30" z_order="0">
    </points>
    <points frame="255" outside="0" occluded="0" keyframe="0" points="480.40,604.30" z_order="0">
    </points>
    <points frame="256" outside="0" occluded="0" keyframe="0" points="480.40,604.30" z_order="0">
    </points>
    <points frame="257" outside="0" occluded="0" keyframe="0" points="480.40,604.30" z_order="0">
    </points>
    <points frame="258" outside="0" occluded="0" keyframe="0" points="480.40,604.30" z_order="0">
    </points>
    <points frame="259" outside="0" occluded="0" keyframe="0" points="480.40,604.30" z_order="0">
    </points>
    <points frame="260" outside="0" occluded="0" keyframe="0" points="480.40,604.30" z_order="0">
    </points>
    <points frame="261" outside="0" occluded="0" keyframe="0" points="480.40,604.30" z_order="0">
    </points>
    <points frame="262" outside="0" occluded="0" keyframe="0" points="480.40,604.30" z_order="0">
    </points>
    <points frame="263" outside="0" occluded="0" keyframe="0" points="480.40,604.30" z_order="0">
    </points>
    <points frame="264" outside="0" occluded="0" keyframe="0" points="480.40,604.30" z_order="0">
    </points>
    <points frame="265" outside="0" occluded="0" keyframe="0" points="480.40,604.30" z_order="0">
    </points>
    <points frame="266" outside="0" occluded="0" keyframe="0" points="480.40,604.30" z_order="0">
    </points>
    <points frame="267" outside="0" occluded="0" keyframe="0" points="480.40,604.30" z_order="0">
    </points>
    <points frame="268" outside="0" occluded="0" keyframe="0" points="480.40,604.30" z_order="0">
    </points>
    <points frame="269" outside="0" occluded="0" keyframe="0" points="480.40,604.30" z_order="0">
    </points>
    <points frame="270" outside="0" occluded="0" keyframe="0" points="480.40,604.30" z_order="0">
    </points>
    <points frame="271" outside="0" occluded="0" keyframe="0" points="480.40,604.30" z_order="0">
    </points>
    <points frame="272" outside="0" occluded="0" keyframe="0" points="480.40,604.30" z_order="0">
    </points>
    <points frame="273" outside="0" occluded="0" keyframe="0" points="480.40,604.30" z_order="0">
    </points>
    <points frame="274" outside="0" occluded="0" keyframe="0" points="480.40,604.30" z_order="0">
    </points>
    <points frame="275" outside="0" occluded="0" keyframe="0" points="480.40,604.30" z_order="0">
    </points>
    <points frame="276" outside="0" occluded="0" keyframe="0" points="480.40,604.30" z_order="0">
    </points>
    <points frame="277" outside="0" occluded="0" keyframe="0" points="480.40,604.30" z_order="0">
    </points>
    <points frame="278" outside="0" occluded="0" keyframe="0" points="480.40,604.30" z_order="0">
    </points>
    <points frame="279" outside="0" occluded="0" keyframe="0" points="480.40,604.30" z_order="0">
    </points>
    <points frame="280" outside="0" occluded="0" keyframe="0" points="480.40,604.30" z_order="0">
    </points>
    <points frame="281" outside="0" occluded="0" keyframe="0" points="480.40,604.30" z_order="0">
    </points>
    <points frame="282" outside="0" occluded="0" keyframe="0" points="480.40,604.30" z_order="0">
    </points>
    <points frame="283" outside="0" occluded="0" keyframe="0" points="480.40,604.30" z_order="0">
    </points>
    <points frame="284" outside="0" occluded="0" keyframe="0" points="480.40,604.30" z_order="0">
    </points>
    <points frame="285" outside="0" occluded="0" keyframe="0" points="480.40,604.30" z_order="0">
    </points>
    <points frame="286" outside="0" occluded="0" keyframe="0" points="480.40,604.30" z_order="0">
    </points>
    <points frame="287" outside="0" occluded="0" keyframe="0" points="480.40,604.30" z_order="0">
    </points>
    <points frame="288" outside="0" occluded="0" keyframe="0" points="480.40,604.30" z_order="0">
    </points>
    <points frame="289" outside="0" occluded="0" keyframe="0" points="480.40,604.30" z_order="0">
    </points>
    <points frame="290" outside="0" occluded="0" keyframe="0" points="480.40,604.30" z_order="0">
    </points>
    <points frame="291" outside="0" occluded="0" keyframe="0" points="480.40,604.30" z_order="0">
    </points>
    <points frame="292" outside="0" occluded="0" keyframe="0" points="480.40,604.30" z_order="0">
    </points>
    <points frame="293" outside="0" occluded="0" keyframe="0" points="480.40,604.30" z_order="0">
    </points>
    <points frame="294" outside="0" occluded="0" keyframe="0" points="480.40,604.30" z_order="0">
    </points>
    <points frame="295" outside="0" occluded="0" keyframe="0" points="480.40,604.30" z_order="0">
    </points>
    <points frame="296" outside="0" occluded="0" keyframe="0" points="480.40,604.30" z_order="0">
    </points>
    <points frame="297" outside="0" occluded="0" keyframe="0" points="480.40,604.30" z_order="0">
    </points>
    <points frame="298" outside="0" occluded="0" keyframe="0" points="480.40,604.30" z_order="0">
    </points>
    <points frame="299" outside="0" occluded="0" keyframe="0" points="480.40,604.30" z_order="0">
    </points>
    <points frame="300" outside="0" occluded="0" keyframe="0" points="480.40,604.30" z_order="0">
    </points>
    <points frame="301" outside="0" occluded="0" keyframe="0" points="480.40,604.30" z_order="0">
    </points>
    <points frame="302" outside="0" occluded="0" keyframe="0" points="480.40,604.30" z_order="0">
    </points>
    <points frame="303" outside="0" occluded="0" keyframe="0" points="480.40,604.30" z_order="0">
    </points>
    <points frame="304" outside="0" occluded="0" keyframe="0" points="480.40,604.30" z_order="0">
    </points>
    <points frame="305" outside="0" occluded="0" keyframe="0" points="480.40,604.30" z_order="0">
    </points>
    <points frame="306" outside="0" occluded="0" keyframe="0" points="480.40,604.30" z_order="0">
    </points>
    <points frame="307" outside="0" occluded="0" keyframe="0" points="480.40,604.30" z_order="0">
    </points>
    <points frame="308" outside="0" occluded="0" keyframe="0" points="480.40,604.30" z_order="0">
    </points>
    <points frame="309" outside="0" occluded="0" keyframe="0" points="480.40,604.30" z_order="0">
    </points>
    <points frame="310" outside="0" occluded="0" keyframe="0" points="480.40,604.30" z_order="0">
    </points>
    <points frame="311" outside="0" occluded="0" keyframe="0" points="480.40,604.30" z_order="0">
    </points>
    <points frame="312" outside="0" occluded="0" keyframe="0" points="480.40,604.30" z_order="0">
    </points>
    <points frame="313" outside="0" occluded="0" keyframe="0" points="480.40,604.30" z_order="0">
    </points>
    <points frame="314" outside="0" occluded="0" keyframe="0" points="480.40,604.30" z_order="0">
    </points>
    <points frame="315" outside="0" occluded="0" keyframe="0" points="480.40,604.30" z_order="0">
    </points>
    <points frame="316" outside="0" occluded="0" keyframe="0" points="480.40,604.30" z_order="0">
    </points>
    <points frame="317" outside="0" occluded="0" keyframe="0" points="480.40,604.30" z_order="0">
    </points>
    <points frame="318" outside="0" occluded="0" keyframe="0" points="480.40,604.30" z_order="0">
    </points>
    <points frame="319" outside="0" occluded="0" keyframe="0" points="480.40,604.30" z_order="0">
    </points>
    <points frame="320" outside="0" occluded="0" keyframe="0" points="480.40,604.30" z_order="0">
    </points>
    <points frame="321" outside="0" occluded="0" keyframe="0" points="480.40,604.30" z_order="0">
    </points>
    <points frame="322" outside="0" occluded="0" keyframe="0" points="480.40,604.30" z_order="0">
    </points>
    <points frame="323" outside="0" occluded="0" keyframe="0" points="480.40,604.30" z_order="0">
    </points>
    <points frame="324" outside="0" occluded="0" keyframe="0" points="480.40,604.30" z_order="0">
    </points>
    <points frame="325" outside="0" occluded="0" keyframe="0" points="480.40,604.30" z_order="0">
    </points>
    <points frame="326" outside="0" occluded="0" keyframe="0" points="480.40,604.30" z_order="0">
    </points>
    <points frame="327" outside="0" occluded="0" keyframe="0" points="480.40,604.30" z_order="0">
    </points>
    <points frame="328" outside="0" occluded="0" keyframe="0" points="480.40,604.30" z_order="0">
    </points>
    <points frame="329" outside="0" occluded="0" keyframe="0" points="480.40,604.30" z_order="0">
    </points>
    <points frame="330" outside="0" occluded="0" keyframe="0" points="480.40,604.30" z_order="0">
    </points>
    <points frame="331" outside="0" occluded="0" keyframe="0" points="480.40,604.30" z_order="0">
    </points>
    <points frame="332" outside="0" occluded="0" keyframe="0" points="480.40,604.30" z_order="0">
    </points>
    <points frame="333" outside="0" occluded="0" keyframe="0" points="480.40,604.30" z_order="0">
    </points>
    <points frame="334" outside="0" occluded="0" keyframe="0" points="480.40,604.30" z_order="0">
    </points>
    <points frame="335" outside="0" occluded="0" keyframe="0" points="480.40,604.30" z_order="0">
    </points>
    <points frame="336" outside="0" occluded="0" keyframe="0" points="480.40,604.30" z_order="0">
    </points>
    <points frame="337" outside="0" occluded="0" keyframe="0" points="480.40,604.30" z_order="0">
    </points>
    <points frame="338" outside="0" occluded="0" keyframe="0" points="480.40,604.30" z_order="0">
    </points>
    <points frame="339" outside="0" occluded="0" keyframe="0" points="480.40,604.30" z_order="0">
    </points>
    <points frame="340" outside="0" occluded="0" keyframe="0" points="480.40,604.30" z_order="0">
    </points>
    <points frame="341" outside="0" occluded="0" keyframe="0" points="480.40,604.30" z_order="0">
    </points>
    <points frame="342" outside="0" occluded="0" keyframe="0" points="480.40,604.30" z_order="0">
    </points>
    <points frame="343" outside="0" occluded="0" keyframe="0" points="480.40,604.30" z_order="0">
    </points>
    <points frame="344" outside="0" occluded="0" keyframe="0" points="480.40,604.30" z_order="0">
    </points>
    <points frame="345" outside="0" occluded="0" keyframe="0" points="480.40,604.30" z_order="0">
    </points>
    <points frame="346" outside="0" occluded="0" keyframe="0" points="480.40,604.30" z_order="0">
    </points>
    <points frame="347" outside="0" occluded="0" keyframe="0" points="480.40,604.30" z_order="0">
    </points>
    <points frame="348" outside="0" occluded="0" keyframe="0" points="480.40,604.30" z_order="0">
    </points>
  </track>
</annotations>
