<?xml version="1.0" encoding="utf-8"?>
<annotations>
  <version>1.1</version>
  <meta>
    <task>
      <id>171</id>
      <name>D02_Dry-5.avi</name>
      <size>330</size>
      <mode>interpolation</mode>
      <overlap>5</overlap>
      <bugtracker></bugtracker>
      <created>2021-11-20 09:37:50.486805+00:00</created>
      <updated>2021-11-20 18:01:06.983728+00:00</updated>
      <subset>default</subset>
      <start_frame>0</start_frame>
      <stop_frame>329</stop_frame>
      <frame_filter></frame_filter>
      <segments>
        <segment>
          <id>170</id>
          <start>0</start>
          <stop>329</stop>
          <url>http://localhost:8080/?id=170</url>
        </segment>
      </segments>
      <owner>
        <username>hubertachan</username>
        <email>hubertachan@gmail.com</email>
      </owner>
      <assignee></assignee>
      <labels>
        <label>
          <name>HB</name>
          <color>#3b0c73</color>
          <attributes>
          </attributes>
        </label>
        <label>
          <name>M</name>
          <color>#ff355e</color>
          <attributes>
          </attributes>
        </label>
      </labels>
      <original_size>
        <width>1068</width>
        <height>800</height>
      </original_size>
    </task>
    <dumped>2021-11-20 18:01:10.120518+00:00</dumped>
    <source>D02_Dry-5.avi</source>
  </meta>
  <track id="0" label="M" source="manual">
    <points frame="80" outside="0" occluded="0" keyframe="1" points="472.08,610.69" z_order="0">
    </points>
    <points frame="81" outside="0" occluded="0" keyframe="0" points="472.03,612.65" z_order="0">
    </points>
    <points frame="82" outside="0" occluded="0" keyframe="0" points="471.98,614.61" z_order="0">
    </points>
    <points frame="83" outside="0" occluded="0" keyframe="0" points="471.94,616.58" z_order="0">
    </points>
    <points frame="84" outside="0" occluded="0" keyframe="0" points="471.89,618.54" z_order="0">
    </points>
    <points frame="85" outside="0" occluded="0" keyframe="0" points="471.84,620.50" z_order="0">
    </points>
    <points frame="86" outside="0" occluded="0" keyframe="0" points="471.79,622.46" z_order="0">
    </points>
    <points frame="87" outside="0" occluded="0" keyframe="0" points="471.74,624.42" z_order="0">
    </points>
    <points frame="88" outside="0" occluded="0" keyframe="0" points="471.70,626.38" z_order="0">
    </points>
    <points frame="89" outside="0" occluded="0" keyframe="0" points="471.65,628.34" z_order="0">
    </points>
    <points frame="90" outside="0" occluded="0" keyframe="1" points="471.60,630.30" z_order="0">
    </points>
    <points frame="91" outside="0" occluded="0" keyframe="0" points="472.35,629.88" z_order="0">
    </points>
    <points frame="92" outside="0" occluded="0" keyframe="0" points="473.10,629.46" z_order="0">
    </points>
    <points frame="93" outside="0" occluded="0" keyframe="0" points="473.85,629.04" z_order="0">
    </points>
    <points frame="94" outside="0" occluded="0" keyframe="0" points="474.60,628.62" z_order="0">
    </points>
    <points frame="95" outside="0" occluded="0" keyframe="0" points="475.35,628.20" z_order="0">
    </points>
    <points frame="96" outside="0" occluded="0" keyframe="0" points="476.10,627.78" z_order="0">
    </points>
    <points frame="97" outside="0" occluded="0" keyframe="0" points="476.85,627.36" z_order="0">
    </points>
    <points frame="98" outside="0" occluded="0" keyframe="0" points="477.60,626.94" z_order="0">
    </points>
    <points frame="99" outside="0" occluded="0" keyframe="0" points="478.35,626.52" z_order="0">
    </points>
    <points frame="100" outside="0" occluded="0" keyframe="1" points="479.10,626.10" z_order="0">
    </points>
    <points frame="101" outside="0" occluded="0" keyframe="0" points="478.86,628.06" z_order="0">
    </points>
    <points frame="102" outside="0" occluded="0" keyframe="0" points="478.62,630.02" z_order="0">
    </points>
    <points frame="103" outside="0" occluded="0" keyframe="0" points="478.38,631.98" z_order="0">
    </points>
    <points frame="104" outside="0" occluded="0" keyframe="0" points="478.14,633.94" z_order="0">
    </points>
    <points frame="105" outside="0" occluded="0" keyframe="0" points="477.90,635.90" z_order="0">
    </points>
    <points frame="106" outside="0" occluded="0" keyframe="0" points="477.66,637.86" z_order="0">
    </points>
    <points frame="107" outside="0" occluded="0" keyframe="0" points="477.42,639.82" z_order="0">
    </points>
    <points frame="108" outside="0" occluded="0" keyframe="0" points="477.18,641.78" z_order="0">
    </points>
    <points frame="109" outside="0" occluded="0" keyframe="0" points="476.94,643.74" z_order="0">
    </points>
    <points frame="110" outside="0" occluded="0" keyframe="1" points="476.70,645.70" z_order="0">
    </points>
    <points frame="111" outside="0" occluded="0" keyframe="0" points="478.44,644.40" z_order="0">
    </points>
    <points frame="112" outside="0" occluded="0" keyframe="0" points="480.18,643.10" z_order="0">
    </points>
    <points frame="113" outside="0" occluded="0" keyframe="0" points="481.92,641.80" z_order="0">
    </points>
    <points frame="114" outside="0" occluded="0" keyframe="0" points="483.66,640.50" z_order="0">
    </points>
    <points frame="115" outside="0" occluded="0" keyframe="0" points="485.40,639.20" z_order="0">
    </points>
    <points frame="116" outside="0" occluded="0" keyframe="0" points="487.14,637.90" z_order="0">
    </points>
    <points frame="117" outside="0" occluded="0" keyframe="0" points="488.88,636.60" z_order="0">
    </points>
    <points frame="118" outside="0" occluded="0" keyframe="0" points="490.62,635.30" z_order="0">
    </points>
    <points frame="119" outside="0" occluded="0" keyframe="0" points="492.36,634.00" z_order="0">
    </points>
    <points frame="120" outside="0" occluded="0" keyframe="1" points="494.10,632.70" z_order="0">
    </points>
    <points frame="121" outside="0" occluded="0" keyframe="0" points="492.18,634.24" z_order="0">
    </points>
    <points frame="122" outside="0" occluded="0" keyframe="0" points="490.26,635.78" z_order="0">
    </points>
    <points frame="123" outside="0" occluded="0" keyframe="0" points="488.34,637.32" z_order="0">
    </points>
    <points frame="124" outside="0" occluded="0" keyframe="0" points="486.42,638.86" z_order="0">
    </points>
    <points frame="125" outside="0" occluded="0" keyframe="0" points="484.50,640.40" z_order="0">
    </points>
    <points frame="126" outside="0" occluded="0" keyframe="0" points="482.58,641.94" z_order="0">
    </points>
    <points frame="127" outside="0" occluded="0" keyframe="0" points="480.66,643.48" z_order="0">
    </points>
    <points frame="128" outside="0" occluded="0" keyframe="0" points="478.74,645.02" z_order="0">
    </points>
    <points frame="129" outside="0" occluded="0" keyframe="0" points="476.82,646.56" z_order="0">
    </points>
    <points frame="130" outside="0" occluded="0" keyframe="1" points="474.90,648.10" z_order="0">
    </points>
    <points frame="131" outside="0" occluded="0" keyframe="0" points="475.11,647.26" z_order="0">
    </points>
    <points frame="132" outside="0" occluded="0" keyframe="0" points="475.32,646.42" z_order="0">
    </points>
    <points frame="133" outside="0" occluded="0" keyframe="0" points="475.53,645.58" z_order="0">
    </points>
    <points frame="134" outside="0" occluded="0" keyframe="0" points="475.74,644.74" z_order="0">
    </points>
    <points frame="135" outside="0" occluded="0" keyframe="0" points="475.95,643.90" z_order="0">
    </points>
    <points frame="136" outside="0" occluded="0" keyframe="0" points="476.16,643.06" z_order="0">
    </points>
    <points frame="137" outside="0" occluded="0" keyframe="0" points="476.37,642.22" z_order="0">
    </points>
    <points frame="138" outside="0" occluded="0" keyframe="0" points="476.58,641.38" z_order="0">
    </points>
    <points frame="139" outside="0" occluded="0" keyframe="0" points="476.79,640.54" z_order="0">
    </points>
    <points frame="140" outside="0" occluded="0" keyframe="1" points="477.00,639.70" z_order="0">
    </points>
    <points frame="141" outside="0" occluded="0" keyframe="0" points="477.23,639.75" z_order="0">
    </points>
    <points frame="142" outside="0" occluded="0" keyframe="0" points="477.46,639.80" z_order="0">
    </points>
    <points frame="143" outside="0" occluded="0" keyframe="0" points="477.68,639.84" z_order="0">
    </points>
    <points frame="144" outside="0" occluded="0" keyframe="0" points="477.91,639.89" z_order="0">
    </points>
    <points frame="145" outside="0" occluded="0" keyframe="0" points="478.14,639.94" z_order="0">
    </points>
    <points frame="146" outside="0" occluded="0" keyframe="0" points="478.37,639.99" z_order="0">
    </points>
    <points frame="147" outside="0" occluded="0" keyframe="0" points="478.60,640.04" z_order="0">
    </points>
    <points frame="148" outside="0" occluded="0" keyframe="0" points="478.82,640.08" z_order="0">
    </points>
    <points frame="149" outside="0" occluded="0" keyframe="0" points="479.05,640.13" z_order="0">
    </points>
    <points frame="150" outside="0" occluded="0" keyframe="0" points="479.28,640.18" z_order="0">
    </points>
    <points frame="151" outside="0" occluded="0" keyframe="0" points="479.51,640.23" z_order="0">
    </points>
    <points frame="152" outside="0" occluded="0" keyframe="0" points="479.74,640.28" z_order="0">
    </points>
    <points frame="153" outside="0" occluded="0" keyframe="0" points="479.96,640.32" z_order="0">
    </points>
    <points frame="154" outside="0" occluded="0" keyframe="0" points="480.19,640.37" z_order="0">
    </points>
    <points frame="155" outside="0" occluded="0" keyframe="0" points="480.42,640.42" z_order="0">
    </points>
    <points frame="156" outside="0" occluded="0" keyframe="0" points="480.65,640.47" z_order="0">
    </points>
    <points frame="157" outside="0" occluded="0" keyframe="0" points="480.88,640.52" z_order="0">
    </points>
    <points frame="158" outside="0" occluded="0" keyframe="0" points="481.10,640.56" z_order="0">
    </points>
    <points frame="159" outside="0" occluded="0" keyframe="0" points="481.33,640.61" z_order="0">
    </points>
    <points frame="160" outside="0" occluded="0" keyframe="0" points="481.56,640.66" z_order="0">
    </points>
    <points frame="161" outside="0" occluded="0" keyframe="0" points="481.79,640.71" z_order="0">
    </points>
    <points frame="162" outside="0" occluded="0" keyframe="0" points="482.02,640.76" z_order="0">
    </points>
    <points frame="163" outside="0" occluded="0" keyframe="0" points="482.24,640.80" z_order="0">
    </points>
    <points frame="164" outside="0" occluded="0" keyframe="0" points="482.47,640.85" z_order="0">
    </points>
    <points frame="165" outside="0" occluded="0" keyframe="0" points="482.70,640.90" z_order="0">
    </points>
    <points frame="166" outside="0" occluded="0" keyframe="0" points="482.93,640.95" z_order="0">
    </points>
    <points frame="167" outside="0" occluded="0" keyframe="0" points="483.16,641.00" z_order="0">
    </points>
    <points frame="168" outside="0" occluded="0" keyframe="0" points="483.38,641.04" z_order="0">
    </points>
    <points frame="169" outside="0" occluded="0" keyframe="0" points="483.61,641.09" z_order="0">
    </points>
    <points frame="170" outside="0" occluded="0" keyframe="0" points="483.84,641.14" z_order="0">
    </points>
    <points frame="171" outside="0" occluded="0" keyframe="0" points="484.07,641.19" z_order="0">
    </points>
    <points frame="172" outside="0" occluded="0" keyframe="0" points="484.30,641.24" z_order="0">
    </points>
    <points frame="173" outside="0" occluded="0" keyframe="0" points="484.52,641.28" z_order="0">
    </points>
    <points frame="174" outside="0" occluded="0" keyframe="0" points="484.75,641.33" z_order="0">
    </points>
    <points frame="175" outside="0" occluded="0" keyframe="0" points="484.98,641.38" z_order="0">
    </points>
    <points frame="176" outside="0" occluded="0" keyframe="0" points="485.21,641.43" z_order="0">
    </points>
    <points frame="177" outside="0" occluded="0" keyframe="0" points="485.44,641.48" z_order="0">
    </points>
    <points frame="178" outside="0" occluded="0" keyframe="0" points="485.66,641.52" z_order="0">
    </points>
    <points frame="179" outside="0" occluded="0" keyframe="0" points="485.89,641.57" z_order="0">
    </points>
    <points frame="180" outside="0" occluded="0" keyframe="0" points="486.12,641.62" z_order="0">
    </points>
    <points frame="181" outside="0" occluded="0" keyframe="0" points="486.35,641.67" z_order="0">
    </points>
    <points frame="182" outside="0" occluded="0" keyframe="0" points="486.58,641.72" z_order="0">
    </points>
    <points frame="183" outside="0" occluded="0" keyframe="0" points="486.80,641.76" z_order="0">
    </points>
    <points frame="184" outside="0" occluded="0" keyframe="0" points="487.03,641.81" z_order="0">
    </points>
    <points frame="185" outside="0" occluded="0" keyframe="0" points="487.26,641.86" z_order="0">
    </points>
    <points frame="186" outside="0" occluded="0" keyframe="0" points="487.49,641.91" z_order="0">
    </points>
    <points frame="187" outside="0" occluded="0" keyframe="0" points="487.72,641.96" z_order="0">
    </points>
    <points frame="188" outside="0" occluded="0" keyframe="0" points="487.94,642.00" z_order="0">
    </points>
    <points frame="189" outside="0" occluded="0" keyframe="0" points="488.17,642.05" z_order="0">
    </points>
    <points frame="190" outside="0" occluded="0" keyframe="1" points="488.40,642.10" z_order="0">
    </points>
    <points frame="191" outside="0" occluded="0" keyframe="0" points="488.69,641.95" z_order="0">
    </points>
    <points frame="192" outside="0" occluded="0" keyframe="0" points="488.98,641.80" z_order="0">
    </points>
    <points frame="193" outside="0" occluded="0" keyframe="0" points="489.27,641.65" z_order="0">
    </points>
    <points frame="194" outside="0" occluded="0" keyframe="0" points="489.56,641.50" z_order="0">
    </points>
    <points frame="195" outside="0" occluded="0" keyframe="0" points="489.85,641.35" z_order="0">
    </points>
    <points frame="196" outside="0" occluded="0" keyframe="0" points="490.14,641.20" z_order="0">
    </points>
    <points frame="197" outside="0" occluded="0" keyframe="0" points="490.43,641.05" z_order="0">
    </points>
    <points frame="198" outside="0" occluded="0" keyframe="0" points="490.72,640.90" z_order="0">
    </points>
    <points frame="199" outside="0" occluded="0" keyframe="0" points="491.01,640.75" z_order="0">
    </points>
    <points frame="200" outside="0" occluded="0" keyframe="1" points="491.30,640.60" z_order="0">
    </points>
    <points frame="201" outside="0" occluded="0" keyframe="0" points="491.46,640.13" z_order="0">
    </points>
    <points frame="202" outside="0" occluded="0" keyframe="0" points="491.62,639.66" z_order="0">
    </points>
    <points frame="203" outside="0" occluded="0" keyframe="0" points="491.78,639.19" z_order="0">
    </points>
    <points frame="204" outside="0" occluded="0" keyframe="0" points="491.94,638.72" z_order="0">
    </points>
    <points frame="205" outside="0" occluded="0" keyframe="0" points="492.10,638.25" z_order="0">
    </points>
    <points frame="206" outside="0" occluded="0" keyframe="0" points="492.26,637.78" z_order="0">
    </points>
    <points frame="207" outside="0" occluded="0" keyframe="0" points="492.42,637.31" z_order="0">
    </points>
    <points frame="208" outside="0" occluded="0" keyframe="0" points="492.58,636.84" z_order="0">
    </points>
    <points frame="209" outside="0" occluded="0" keyframe="0" points="492.74,636.37" z_order="0">
    </points>
    <points frame="210" outside="0" occluded="0" keyframe="1" points="492.90,635.90" z_order="0">
    </points>
    <points frame="211" outside="0" occluded="0" keyframe="0" points="492.35,634.96" z_order="0">
    </points>
    <points frame="212" outside="0" occluded="0" keyframe="0" points="491.80,634.02" z_order="0">
    </points>
    <points frame="213" outside="0" occluded="0" keyframe="0" points="491.25,633.08" z_order="0">
    </points>
    <points frame="214" outside="0" occluded="0" keyframe="0" points="490.70,632.14" z_order="0">
    </points>
    <points frame="215" outside="0" occluded="0" keyframe="0" points="490.15,631.20" z_order="0">
    </points>
    <points frame="216" outside="0" occluded="0" keyframe="0" points="489.60,630.26" z_order="0">
    </points>
    <points frame="217" outside="0" occluded="0" keyframe="0" points="489.05,629.32" z_order="0">
    </points>
    <points frame="218" outside="0" occluded="0" keyframe="0" points="488.50,628.38" z_order="0">
    </points>
    <points frame="219" outside="0" occluded="0" keyframe="0" points="487.95,627.44" z_order="0">
    </points>
    <points frame="220" outside="0" occluded="0" keyframe="1" points="487.40,626.50" z_order="0">
    </points>
    <points frame="221" outside="0" occluded="0" keyframe="0" points="486.80,625.48" z_order="0">
    </points>
    <points frame="222" outside="0" occluded="0" keyframe="0" points="486.20,624.46" z_order="0">
    </points>
    <points frame="223" outside="0" occluded="0" keyframe="0" points="485.60,623.44" z_order="0">
    </points>
    <points frame="224" outside="0" occluded="0" keyframe="0" points="485.00,622.42" z_order="0">
    </points>
    <points frame="225" outside="0" occluded="0" keyframe="0" points="484.40,621.40" z_order="0">
    </points>
    <points frame="226" outside="0" occluded="0" keyframe="0" points="483.80,620.38" z_order="0">
    </points>
    <points frame="227" outside="0" occluded="0" keyframe="0" points="483.20,619.36" z_order="0">
    </points>
    <points frame="228" outside="0" occluded="0" keyframe="0" points="482.60,618.34" z_order="0">
    </points>
    <points frame="229" outside="0" occluded="0" keyframe="0" points="482.00,617.32" z_order="0">
    </points>
    <points frame="230" outside="0" occluded="0" keyframe="1" points="481.40,616.30" z_order="0">
    </points>
    <points frame="231" outside="0" occluded="0" keyframe="0" points="481.46,615.92" z_order="0">
    </points>
    <points frame="232" outside="0" occluded="0" keyframe="0" points="481.52,615.54" z_order="0">
    </points>
    <points frame="233" outside="0" occluded="0" keyframe="0" points="481.58,615.16" z_order="0">
    </points>
    <points frame="234" outside="0" occluded="0" keyframe="0" points="481.64,614.78" z_order="0">
    </points>
    <points frame="235" outside="0" occluded="0" keyframe="0" points="481.70,614.40" z_order="0">
    </points>
    <points frame="236" outside="0" occluded="0" keyframe="0" points="481.76,614.02" z_order="0">
    </points>
    <points frame="237" outside="0" occluded="0" keyframe="0" points="481.82,613.64" z_order="0">
    </points>
    <points frame="238" outside="0" occluded="0" keyframe="0" points="481.88,613.26" z_order="0">
    </points>
    <points frame="239" outside="0" occluded="0" keyframe="0" points="481.94,612.88" z_order="0">
    </points>
    <points frame="240" outside="0" occluded="0" keyframe="1" points="482.00,612.50" z_order="0">
    </points>
    <points frame="241" outside="0" occluded="0" keyframe="0" points="483.04,611.81" z_order="0">
    </points>
    <points frame="242" outside="0" occluded="0" keyframe="0" points="484.08,611.12" z_order="0">
    </points>
    <points frame="243" outside="0" occluded="0" keyframe="0" points="485.12,610.43" z_order="0">
    </points>
    <points frame="244" outside="0" occluded="0" keyframe="0" points="486.16,609.74" z_order="0">
    </points>
    <points frame="245" outside="0" occluded="0" keyframe="0" points="487.20,609.05" z_order="0">
    </points>
    <points frame="246" outside="0" occluded="0" keyframe="0" points="488.24,608.36" z_order="0">
    </points>
    <points frame="247" outside="0" occluded="0" keyframe="0" points="489.28,607.67" z_order="0">
    </points>
    <points frame="248" outside="0" occluded="0" keyframe="0" points="490.32,606.98" z_order="0">
    </points>
    <points frame="249" outside="0" occluded="0" keyframe="0" points="491.36,606.29" z_order="0">
    </points>
    <points frame="250" outside="0" occluded="0" keyframe="1" points="492.40,605.60" z_order="0">
    </points>
    <points frame="251" outside="0" occluded="0" keyframe="0" points="491.82,605.71" z_order="0">
    </points>
    <points frame="252" outside="0" occluded="0" keyframe="0" points="491.24,605.82" z_order="0">
    </points>
    <points frame="253" outside="0" occluded="0" keyframe="0" points="490.66,605.93" z_order="0">
    </points>
    <points frame="254" outside="0" occluded="0" keyframe="0" points="490.08,606.04" z_order="0">
    </points>
    <points frame="255" outside="0" occluded="0" keyframe="0" points="489.50,606.15" z_order="0">
    </points>
    <points frame="256" outside="0" occluded="0" keyframe="0" points="488.92,606.26" z_order="0">
    </points>
    <points frame="257" outside="0" occluded="0" keyframe="0" points="488.34,606.37" z_order="0">
    </points>
    <points frame="258" outside="0" occluded="0" keyframe="0" points="487.76,606.48" z_order="0">
    </points>
    <points frame="259" outside="0" occluded="0" keyframe="0" points="487.18,606.59" z_order="0">
    </points>
    <points frame="260" outside="0" occluded="0" keyframe="1" points="486.60,606.70" z_order="0">
    </points>
    <points frame="261" outside="0" occluded="0" keyframe="0" points="488.33,607.34" z_order="0">
    </points>
    <points frame="262" outside="0" occluded="0" keyframe="0" points="490.07,607.98" z_order="0">
    </points>
    <points frame="263" outside="0" occluded="0" keyframe="0" points="491.80,608.63" z_order="0">
    </points>
    <points frame="264" outside="0" occluded="0" keyframe="0" points="493.53,609.27" z_order="0">
    </points>
    <points frame="265" outside="0" occluded="0" keyframe="0" points="495.27,609.91" z_order="0">
    </points>
    <points frame="266" outside="0" occluded="0" keyframe="0" points="497.00,610.55" z_order="0">
    </points>
    <points frame="267" outside="0" occluded="0" keyframe="0" points="498.73,611.19" z_order="0">
    </points>
    <points frame="268" outside="0" occluded="0" keyframe="0" points="500.47,611.83" z_order="0">
    </points>
    <points frame="269" outside="0" occluded="0" keyframe="0" points="502.20,612.48" z_order="0">
    </points>
    <points frame="270" outside="0" occluded="0" keyframe="0" points="503.93,613.12" z_order="0">
    </points>
    <points frame="271" outside="0" occluded="0" keyframe="0" points="505.67,613.76" z_order="0">
    </points>
    <points frame="272" outside="0" occluded="0" keyframe="0" points="507.40,614.40" z_order="0">
    </points>
    <points frame="273" outside="0" occluded="0" keyframe="0" points="509.13,615.04" z_order="0">
    </points>
    <points frame="274" outside="0" occluded="0" keyframe="0" points="510.87,615.68" z_order="0">
    </points>
    <points frame="275" outside="0" occluded="0" keyframe="0" points="512.60,616.33" z_order="0">
    </points>
    <points frame="276" outside="0" occluded="0" keyframe="0" points="514.33,616.97" z_order="0">
    </points>
    <points frame="277" outside="0" occluded="0" keyframe="0" points="516.07,617.61" z_order="0">
    </points>
    <points frame="278" outside="0" occluded="0" keyframe="0" points="517.80,618.25" z_order="0">
    </points>
    <points frame="279" outside="0" occluded="0" keyframe="0" points="519.53,618.89" z_order="0">
    </points>
    <points frame="280" outside="0" occluded="0" keyframe="0" points="521.27,619.53" z_order="0">
    </points>
    <points frame="281" outside="0" occluded="0" keyframe="0" points="523.00,620.18" z_order="0">
    </points>
    <points frame="282" outside="0" occluded="0" keyframe="0" points="524.73,620.82" z_order="0">
    </points>
    <points frame="283" outside="0" occluded="0" keyframe="0" points="526.47,621.46" z_order="0">
    </points>
    <points frame="284" outside="0" occluded="0" keyframe="1" points="528.20,622.10" z_order="0">
    </points>
    <points frame="285" outside="0" occluded="0" keyframe="0" points="528.20,622.10" z_order="0">
    </points>
    <points frame="286" outside="0" occluded="0" keyframe="0" points="528.20,622.10" z_order="0">
    </points>
    <points frame="287" outside="0" occluded="0" keyframe="0" points="528.20,622.10" z_order="0">
    </points>
    <points frame="288" outside="0" occluded="0" keyframe="0" points="528.20,622.10" z_order="0">
    </points>
    <points frame="289" outside="0" occluded="0" keyframe="0" points="528.20,622.10" z_order="0">
    </points>
    <points frame="290" outside="0" occluded="0" keyframe="0" points="528.20,622.10" z_order="0">
    </points>
    <points frame="291" outside="0" occluded="0" keyframe="0" points="528.20,622.10" z_order="0">
    </points>
    <points frame="292" outside="0" occluded="0" keyframe="0" points="528.20,622.10" z_order="0">
    </points>
    <points frame="293" outside="0" occluded="0" keyframe="0" points="528.20,622.10" z_order="0">
    </points>
    <points frame="294" outside="0" occluded="0" keyframe="0" points="528.20,622.10" z_order="0">
    </points>
    <points frame="295" outside="0" occluded="0" keyframe="0" points="528.20,622.10" z_order="0">
    </points>
    <points frame="296" outside="0" occluded="0" keyframe="0" points="528.20,622.10" z_order="0">
    </points>
    <points frame="297" outside="0" occluded="0" keyframe="0" points="528.20,622.10" z_order="0">
    </points>
    <points frame="298" outside="0" occluded="0" keyframe="0" points="528.20,622.10" z_order="0">
    </points>
    <points frame="299" outside="0" occluded="0" keyframe="0" points="528.20,622.10" z_order="0">
    </points>
    <points frame="300" outside="0" occluded="0" keyframe="0" points="528.20,622.10" z_order="0">
    </points>
    <points frame="301" outside="0" occluded="0" keyframe="0" points="528.20,622.10" z_order="0">
    </points>
    <points frame="302" outside="0" occluded="0" keyframe="0" points="528.20,622.10" z_order="0">
    </points>
    <points frame="303" outside="0" occluded="0" keyframe="0" points="528.20,622.10" z_order="0">
    </points>
    <points frame="304" outside="0" occluded="0" keyframe="0" points="528.20,622.10" z_order="0">
    </points>
    <points frame="305" outside="0" occluded="0" keyframe="0" points="528.20,622.10" z_order="0">
    </points>
    <points frame="306" outside="0" occluded="0" keyframe="0" points="528.20,622.10" z_order="0">
    </points>
    <points frame="307" outside="0" occluded="0" keyframe="0" points="528.20,622.10" z_order="0">
    </points>
    <points frame="308" outside="0" occluded="0" keyframe="0" points="528.20,622.10" z_order="0">
    </points>
    <points frame="309" outside="0" occluded="0" keyframe="0" points="528.20,622.10" z_order="0">
    </points>
    <points frame="310" outside="0" occluded="0" keyframe="0" points="528.20,622.10" z_order="0">
    </points>
    <points frame="311" outside="0" occluded="0" keyframe="0" points="528.20,622.10" z_order="0">
    </points>
    <points frame="312" outside="0" occluded="0" keyframe="0" points="528.20,622.10" z_order="0">
    </points>
    <points frame="313" outside="0" occluded="0" keyframe="0" points="528.20,622.10" z_order="0">
    </points>
    <points frame="314" outside="0" occluded="0" keyframe="0" points="528.20,622.10" z_order="0">
    </points>
    <points frame="315" outside="0" occluded="0" keyframe="0" points="528.20,622.10" z_order="0">
    </points>
    <points frame="316" outside="0" occluded="0" keyframe="0" points="528.20,622.10" z_order="0">
    </points>
    <points frame="317" outside="0" occluded="0" keyframe="0" points="528.20,622.10" z_order="0">
    </points>
    <points frame="318" outside="0" occluded="0" keyframe="0" points="528.20,622.10" z_order="0">
    </points>
    <points frame="319" outside="0" occluded="0" keyframe="0" points="528.20,622.10" z_order="0">
    </points>
    <points frame="320" outside="0" occluded="0" keyframe="0" points="528.20,622.10" z_order="0">
    </points>
    <points frame="321" outside="0" occluded="0" keyframe="0" points="528.20,622.10" z_order="0">
    </points>
    <points frame="322" outside="0" occluded="0" keyframe="0" points="528.20,622.10" z_order="0">
    </points>
    <points frame="323" outside="0" occluded="0" keyframe="0" points="528.20,622.10" z_order="0">
    </points>
    <points frame="324" outside="0" occluded="0" keyframe="0" points="528.20,622.10" z_order="0">
    </points>
    <points frame="325" outside="0" occluded="0" keyframe="0" points="528.20,622.10" z_order="0">
    </points>
    <points frame="326" outside="0" occluded="0" keyframe="0" points="528.20,622.10" z_order="0">
    </points>
    <points frame="327" outside="0" occluded="0" keyframe="0" points="528.20,622.10" z_order="0">
    </points>
    <points frame="328" outside="0" occluded="0" keyframe="0" points="528.20,622.10" z_order="0">
    </points>
    <points frame="329" outside="0" occluded="0" keyframe="0" points="528.20,622.10" z_order="0">
    </points>
  </track>
  <track id="1" label="HB" source="manual">
    <points frame="80" outside="0" occluded="0" keyframe="1" points="681.85,571.62" z_order="0">
    </points>
    <points frame="81" outside="0" occluded="0" keyframe="0" points="680.26,570.96" z_order="0">
    </points>
    <points frame="82" outside="0" occluded="0" keyframe="0" points="678.68,570.29" z_order="0">
    </points>
    <points frame="83" outside="0" occluded="0" keyframe="0" points="677.09,569.63" z_order="0">
    </points>
    <points frame="84" outside="0" occluded="0" keyframe="0" points="675.51,568.97" z_order="0">
    </points>
    <points frame="85" outside="0" occluded="0" keyframe="0" points="673.92,568.31" z_order="0">
    </points>
    <points frame="86" outside="0" occluded="0" keyframe="0" points="672.34,567.65" z_order="0">
    </points>
    <points frame="87" outside="0" occluded="0" keyframe="0" points="670.75,566.99" z_order="0">
    </points>
    <points frame="88" outside="0" occluded="0" keyframe="0" points="669.17,566.32" z_order="0">
    </points>
    <points frame="89" outside="0" occluded="0" keyframe="0" points="667.58,565.66" z_order="0">
    </points>
    <points frame="90" outside="0" occluded="0" keyframe="1" points="666.00,565.00" z_order="0">
    </points>
    <points frame="91" outside="0" occluded="0" keyframe="0" points="665.26,564.64" z_order="0">
    </points>
    <points frame="92" outside="0" occluded="0" keyframe="0" points="664.52,564.28" z_order="0">
    </points>
    <points frame="93" outside="0" occluded="0" keyframe="0" points="663.78,563.92" z_order="0">
    </points>
    <points frame="94" outside="0" occluded="0" keyframe="0" points="663.04,563.56" z_order="0">
    </points>
    <points frame="95" outside="0" occluded="0" keyframe="1" points="662.30,563.20" z_order="0">
    </points>
    <points frame="96" outside="0" occluded="0" keyframe="0" points="666.48,564.08" z_order="0">
    </points>
    <points frame="97" outside="0" occluded="0" keyframe="0" points="670.66,564.96" z_order="0">
    </points>
    <points frame="98" outside="0" occluded="0" keyframe="0" points="674.84,565.84" z_order="0">
    </points>
    <points frame="99" outside="0" occluded="0" keyframe="0" points="679.02,566.72" z_order="0">
    </points>
    <points frame="100" outside="0" occluded="0" keyframe="1" points="683.20,567.60" z_order="0">
    </points>
    <points frame="101" outside="0" occluded="0" keyframe="0" points="675.68,563.76" z_order="0">
    </points>
    <points frame="102" outside="0" occluded="0" keyframe="0" points="668.16,559.92" z_order="0">
    </points>
    <points frame="103" outside="0" occluded="0" keyframe="0" points="660.64,556.08" z_order="0">
    </points>
    <points frame="104" outside="0" occluded="0" keyframe="0" points="653.12,552.24" z_order="0">
    </points>
    <points frame="105" outside="0" occluded="0" keyframe="1" points="645.60,548.40" z_order="0">
    </points>
    <points frame="106" outside="0" occluded="0" keyframe="0" points="647.92,548.28" z_order="0">
    </points>
    <points frame="107" outside="0" occluded="0" keyframe="0" points="650.24,548.16" z_order="0">
    </points>
    <points frame="108" outside="0" occluded="0" keyframe="0" points="652.56,548.04" z_order="0">
    </points>
    <points frame="109" outside="0" occluded="0" keyframe="0" points="654.88,547.92" z_order="0">
    </points>
    <points frame="110" outside="0" occluded="0" keyframe="1" points="657.20,547.80" z_order="0">
    </points>
    <points frame="111" outside="0" occluded="0" keyframe="0" points="657.44,548.80" z_order="0">
    </points>
    <points frame="112" outside="0" occluded="0" keyframe="0" points="657.68,549.80" z_order="0">
    </points>
    <points frame="113" outside="0" occluded="0" keyframe="0" points="657.92,550.80" z_order="0">
    </points>
    <points frame="114" outside="0" occluded="0" keyframe="0" points="658.16,551.80" z_order="0">
    </points>
    <points frame="115" outside="0" occluded="0" keyframe="1" points="658.40,552.80" z_order="0">
    </points>
    <points frame="116" outside="0" occluded="0" keyframe="1" points="643.80,537.20" z_order="0">
    </points>
    <points frame="117" outside="0" occluded="0" keyframe="0" points="643.60,539.40" z_order="0">
    </points>
    <points frame="118" outside="0" occluded="0" keyframe="1" points="643.40,541.60" z_order="0">
    </points>
    <points frame="119" outside="0" occluded="0" keyframe="1" points="655.60,550.00" z_order="0">
    </points>
    <points frame="120" outside="0" occluded="0" keyframe="1" points="673.90,564.50" z_order="0">
    </points>
    <points frame="121" outside="0" occluded="0" keyframe="1" points="682.50,571.50" z_order="0">
    </points>
    <points frame="122" outside="0" occluded="0" keyframe="1" points="674.90,566.20" z_order="0">
    </points>
    <points frame="123" outside="0" occluded="0" keyframe="0" points="667.20,562.72" z_order="0">
    </points>
    <points frame="124" outside="0" occluded="0" keyframe="0" points="659.50,559.23" z_order="0">
    </points>
    <points frame="125" outside="0" occluded="0" keyframe="0" points="651.80,555.75" z_order="0">
    </points>
    <points frame="126" outside="0" occluded="0" keyframe="0" points="644.10,552.27" z_order="0">
    </points>
    <points frame="127" outside="0" occluded="0" keyframe="0" points="636.40,548.78" z_order="0">
    </points>
    <points frame="128" outside="0" occluded="0" keyframe="1" points="628.70,545.30" z_order="0">
    </points>
    <points frame="129" outside="0" occluded="0" keyframe="1" points="585.00,516.70" z_order="0">
    </points>
    <points frame="130" outside="0" occluded="0" keyframe="1" points="578.70,504.10" z_order="0">
    </points>
    <points frame="131" outside="0" occluded="0" keyframe="1" points="552.20,505.00" z_order="0">
    </points>
    <points frame="132" outside="0" occluded="0" keyframe="0" points="555.15,506.33" z_order="0">
    </points>
    <points frame="133" outside="0" occluded="0" keyframe="0" points="558.10,507.65" z_order="0">
    </points>
    <points frame="134" outside="0" occluded="0" keyframe="0" points="561.05,508.98" z_order="0">
    </points>
    <points frame="135" outside="0" occluded="0" keyframe="1" points="564.00,510.30" z_order="0">
    </points>
    <points frame="136" outside="0" occluded="0" keyframe="0" points="570.42,514.38" z_order="0">
    </points>
    <points frame="137" outside="0" occluded="0" keyframe="0" points="576.84,518.46" z_order="0">
    </points>
    <points frame="138" outside="0" occluded="0" keyframe="0" points="583.26,522.54" z_order="0">
    </points>
    <points frame="139" outside="0" occluded="0" keyframe="0" points="589.68,526.62" z_order="0">
    </points>
    <points frame="140" outside="0" occluded="0" keyframe="1" points="596.10,530.70" z_order="0">
    </points>
    <points frame="141" outside="0" occluded="0" keyframe="0" points="597.42,530.04" z_order="0">
    </points>
    <points frame="142" outside="0" occluded="0" keyframe="0" points="598.74,529.38" z_order="0">
    </points>
    <points frame="143" outside="0" occluded="0" keyframe="0" points="600.06,528.72" z_order="0">
    </points>
    <points frame="144" outside="0" occluded="0" keyframe="0" points="601.38,528.06" z_order="0">
    </points>
    <points frame="145" outside="0" occluded="0" keyframe="0" points="602.70,527.40" z_order="0">
    </points>
    <points frame="146" outside="0" occluded="0" keyframe="0" points="604.02,526.74" z_order="0">
    </points>
    <points frame="147" outside="0" occluded="0" keyframe="0" points="605.34,526.08" z_order="0">
    </points>
    <points frame="148" outside="0" occluded="0" keyframe="0" points="606.66,525.42" z_order="0">
    </points>
    <points frame="149" outside="0" occluded="0" keyframe="0" points="607.98,524.76" z_order="0">
    </points>
    <points frame="150" outside="0" occluded="0" keyframe="1" points="609.30,524.10" z_order="0">
    </points>
    <points frame="151" outside="0" occluded="0" keyframe="0" points="608.81,519.00" z_order="0">
    </points>
    <points frame="152" outside="0" occluded="0" keyframe="0" points="608.33,513.90" z_order="0">
    </points>
    <points frame="153" outside="0" occluded="0" keyframe="0" points="607.84,508.80" z_order="0">
    </points>
    <points frame="154" outside="0" occluded="0" keyframe="0" points="607.36,503.70" z_order="0">
    </points>
    <points frame="155" outside="0" occluded="0" keyframe="0" points="606.87,498.60" z_order="0">
    </points>
    <points frame="156" outside="0" occluded="0" keyframe="0" points="606.39,493.50" z_order="0">
    </points>
    <points frame="157" outside="0" occluded="0" keyframe="1" points="605.90,488.40" z_order="0">
    </points>
    <points frame="158" outside="0" occluded="0" keyframe="0" points="617.17,499.43" z_order="0">
    </points>
    <points frame="159" outside="0" occluded="0" keyframe="0" points="628.43,510.47" z_order="0">
    </points>
    <points frame="160" outside="0" occluded="0" keyframe="1" points="639.70,521.50" z_order="0">
    </points>
    <points frame="161" outside="0" occluded="0" keyframe="0" points="636.18,515.35" z_order="0">
    </points>
    <points frame="162" outside="0" occluded="0" keyframe="0" points="632.65,509.20" z_order="0">
    </points>
    <points frame="163" outside="0" occluded="0" keyframe="0" points="629.13,503.05" z_order="0">
    </points>
    <points frame="164" outside="0" occluded="0" keyframe="1" points="625.60,496.90" z_order="0">
    </points>
    <points frame="165" outside="0" occluded="0" keyframe="1" points="629.40,495.30" z_order="0">
    </points>
    <points frame="166" outside="0" occluded="0" keyframe="0" points="626.20,496.83" z_order="0">
    </points>
    <points frame="167" outside="0" occluded="0" keyframe="0" points="623.00,498.37" z_order="0">
    </points>
    <points frame="168" outside="0" occluded="0" keyframe="1" points="619.80,499.90" z_order="0">
    </points>
    <points frame="169" outside="0" occluded="0" keyframe="1" points="624.00,504.60" z_order="0">
    </points>
    <points frame="170" outside="0" occluded="0" keyframe="1" points="634.40,506.10" z_order="0">
    </points>
    <points frame="171" outside="0" occluded="0" keyframe="0" points="628.15,500.05" z_order="0">
    </points>
    <points frame="172" outside="0" occluded="0" keyframe="1" points="621.90,494.00" z_order="0">
    </points>
    <points frame="173" outside="0" occluded="0" keyframe="0" points="630.65,499.40" z_order="0">
    </points>
    <points frame="174" outside="0" occluded="0" keyframe="1" points="639.40,504.80" z_order="0">
    </points>
    <points frame="175" outside="0" occluded="0" keyframe="0" points="640.10,507.85" z_order="0">
    </points>
    <points frame="176" outside="0" occluded="0" keyframe="1" points="640.80,510.90" z_order="0">
    </points>
    <points frame="177" outside="0" occluded="0" keyframe="0" points="636.85,495.50" z_order="0">
    </points>
    <points frame="178" outside="0" occluded="0" keyframe="1" points="632.90,480.10" z_order="0">
    </points>
    <points frame="179" outside="0" occluded="0" keyframe="1" points="631.70,503.00" z_order="0">
    </points>
    <points frame="180" outside="0" occluded="0" keyframe="1" points="648.90,522.80" z_order="0">
    </points>
    <points frame="181" outside="0" occluded="0" keyframe="0" points="647.28,521.85" z_order="0">
    </points>
    <points frame="182" outside="0" occluded="0" keyframe="0" points="645.65,520.89" z_order="0">
    </points>
    <points frame="183" outside="0" occluded="0" keyframe="0" points="644.03,519.94" z_order="0">
    </points>
    <points frame="184" outside="0" occluded="0" keyframe="0" points="642.41,518.98" z_order="0">
    </points>
    <points frame="185" outside="0" occluded="0" keyframe="0" points="640.78,518.03" z_order="0">
    </points>
    <points frame="186" outside="0" occluded="0" keyframe="0" points="639.16,517.08" z_order="0">
    </points>
    <points frame="187" outside="0" occluded="0" keyframe="0" points="637.54,516.12" z_order="0">
    </points>
    <points frame="188" outside="0" occluded="0" keyframe="0" points="635.92,515.17" z_order="0">
    </points>
    <points frame="189" outside="0" occluded="0" keyframe="0" points="634.29,514.22" z_order="0">
    </points>
    <points frame="190" outside="0" occluded="0" keyframe="0" points="632.67,513.26" z_order="0">
    </points>
    <points frame="191" outside="0" occluded="0" keyframe="0" points="631.05,512.31" z_order="0">
    </points>
    <points frame="192" outside="0" occluded="0" keyframe="0" points="629.42,511.35" z_order="0">
    </points>
    <points frame="193" outside="0" occluded="0" keyframe="1" points="627.80,510.40" z_order="0">
    </points>
    <points frame="194" outside="0" occluded="0" keyframe="0" points="631.11,511.18" z_order="0">
    </points>
    <points frame="195" outside="0" occluded="0" keyframe="0" points="634.42,511.96" z_order="0">
    </points>
    <points frame="196" outside="0" occluded="0" keyframe="0" points="637.73,512.73" z_order="0">
    </points>
    <points frame="197" outside="0" occluded="0" keyframe="0" points="641.04,513.51" z_order="0">
    </points>
    <points frame="198" outside="0" occluded="0" keyframe="0" points="644.36,514.29" z_order="0">
    </points>
    <points frame="199" outside="0" occluded="0" keyframe="0" points="647.67,515.07" z_order="0">
    </points>
    <points frame="200" outside="0" occluded="0" keyframe="0" points="650.98,515.84" z_order="0">
    </points>
    <points frame="201" outside="0" occluded="0" keyframe="0" points="654.29,516.62" z_order="0">
    </points>
    <points frame="202" outside="0" occluded="0" keyframe="1" points="657.60,517.40" z_order="0">
    </points>
    <points frame="203" outside="0" occluded="0" keyframe="0" points="659.31,520.05" z_order="0">
    </points>
    <points frame="204" outside="0" occluded="0" keyframe="0" points="661.03,522.70" z_order="0">
    </points>
    <points frame="205" outside="0" occluded="0" keyframe="0" points="662.74,525.35" z_order="0">
    </points>
    <points frame="206" outside="0" occluded="0" keyframe="0" points="664.45,528.00" z_order="0">
    </points>
    <points frame="207" outside="0" occluded="0" keyframe="0" points="666.16,530.65" z_order="0">
    </points>
    <points frame="208" outside="0" occluded="0" keyframe="0" points="667.88,533.30" z_order="0">
    </points>
    <points frame="209" outside="0" occluded="0" keyframe="0" points="669.59,535.95" z_order="0">
    </points>
    <points frame="210" outside="0" occluded="0" keyframe="1" points="671.30,538.60" z_order="0">
    </points>
    <points frame="211" outside="0" occluded="0" keyframe="0" points="671.30,539.13" z_order="0">
    </points>
    <points frame="212" outside="0" occluded="0" keyframe="0" points="671.30,539.66" z_order="0">
    </points>
    <points frame="213" outside="0" occluded="0" keyframe="0" points="671.30,540.19" z_order="0">
    </points>
    <points frame="214" outside="0" occluded="0" keyframe="0" points="671.30,540.72" z_order="0">
    </points>
    <points frame="215" outside="0" occluded="0" keyframe="0" points="671.30,541.25" z_order="0">
    </points>
    <points frame="216" outside="0" occluded="0" keyframe="0" points="671.30,541.78" z_order="0">
    </points>
    <points frame="217" outside="0" occluded="0" keyframe="0" points="671.30,542.31" z_order="0">
    </points>
    <points frame="218" outside="0" occluded="0" keyframe="0" points="671.30,542.84" z_order="0">
    </points>
    <points frame="219" outside="0" occluded="0" keyframe="0" points="671.30,543.37" z_order="0">
    </points>
    <points frame="220" outside="0" occluded="0" keyframe="1" points="671.30,543.90" z_order="0">
    </points>
    <points frame="221" outside="0" occluded="0" keyframe="0" points="676.05,548.92" z_order="0">
    </points>
    <points frame="222" outside="0" occluded="0" keyframe="0" points="680.80,553.94" z_order="0">
    </points>
    <points frame="223" outside="0" occluded="0" keyframe="0" points="685.55,558.96" z_order="0">
    </points>
    <points frame="224" outside="0" occluded="0" keyframe="0" points="690.30,563.98" z_order="0">
    </points>
    <points frame="225" outside="0" occluded="0" keyframe="0" points="695.05,569.00" z_order="0">
    </points>
    <points frame="226" outside="0" occluded="0" keyframe="0" points="699.80,574.02" z_order="0">
    </points>
    <points frame="227" outside="0" occluded="0" keyframe="0" points="704.55,579.04" z_order="0">
    </points>
    <points frame="228" outside="0" occluded="0" keyframe="0" points="709.30,584.06" z_order="0">
    </points>
    <points frame="229" outside="0" occluded="0" keyframe="0" points="714.05,589.08" z_order="0">
    </points>
    <points frame="230" outside="0" occluded="0" keyframe="1" points="718.80,594.10" z_order="0">
    </points>
    <points frame="231" outside="0" occluded="0" keyframe="0" points="716.42,593.18" z_order="0">
    </points>
    <points frame="232" outside="0" occluded="0" keyframe="0" points="714.04,592.26" z_order="0">
    </points>
    <points frame="233" outside="0" occluded="0" keyframe="0" points="711.66,591.34" z_order="0">
    </points>
    <points frame="234" outside="0" occluded="0" keyframe="0" points="709.28,590.42" z_order="0">
    </points>
    <points frame="235" outside="0" occluded="0" keyframe="0" points="706.90,589.50" z_order="0">
    </points>
    <points frame="236" outside="0" occluded="0" keyframe="0" points="704.52,588.58" z_order="0">
    </points>
    <points frame="237" outside="0" occluded="0" keyframe="0" points="702.14,587.66" z_order="0">
    </points>
    <points frame="238" outside="0" occluded="0" keyframe="0" points="699.76,586.74" z_order="0">
    </points>
    <points frame="239" outside="0" occluded="0" keyframe="0" points="697.38,585.82" z_order="0">
    </points>
    <points frame="240" outside="0" occluded="0" keyframe="1" points="695.00,584.90" z_order="0">
    </points>
    <points frame="241" outside="0" occluded="0" keyframe="0" points="694.60,583.98" z_order="0">
    </points>
    <points frame="242" outside="0" occluded="0" keyframe="0" points="694.20,583.06" z_order="0">
    </points>
    <points frame="243" outside="0" occluded="0" keyframe="0" points="693.80,582.14" z_order="0">
    </points>
    <points frame="244" outside="0" occluded="0" keyframe="0" points="693.40,581.22" z_order="0">
    </points>
    <points frame="245" outside="0" occluded="0" keyframe="0" points="693.00,580.30" z_order="0">
    </points>
    <points frame="246" outside="0" occluded="0" keyframe="0" points="692.60,579.38" z_order="0">
    </points>
    <points frame="247" outside="0" occluded="0" keyframe="0" points="692.20,578.46" z_order="0">
    </points>
    <points frame="248" outside="0" occluded="0" keyframe="0" points="691.80,577.54" z_order="0">
    </points>
    <points frame="249" outside="0" occluded="0" keyframe="0" points="691.40,576.62" z_order="0">
    </points>
    <points frame="250" outside="0" occluded="0" keyframe="1" points="691.00,575.70" z_order="0">
    </points>
    <points frame="251" outside="0" occluded="0" keyframe="0" points="690.87,575.30" z_order="0">
    </points>
    <points frame="252" outside="0" occluded="0" keyframe="0" points="690.74,574.90" z_order="0">
    </points>
    <points frame="253" outside="0" occluded="0" keyframe="0" points="690.61,574.50" z_order="0">
    </points>
    <points frame="254" outside="0" occluded="0" keyframe="0" points="690.48,574.10" z_order="0">
    </points>
    <points frame="255" outside="0" occluded="0" keyframe="0" points="690.35,573.70" z_order="0">
    </points>
    <points frame="256" outside="0" occluded="0" keyframe="0" points="690.22,573.30" z_order="0">
    </points>
    <points frame="257" outside="0" occluded="0" keyframe="0" points="690.09,572.90" z_order="0">
    </points>
    <points frame="258" outside="0" occluded="0" keyframe="0" points="689.96,572.50" z_order="0">
    </points>
    <points frame="259" outside="0" occluded="0" keyframe="0" points="689.83,572.10" z_order="0">
    </points>
    <points frame="260" outside="0" occluded="0" keyframe="1" points="689.70,571.70" z_order="0">
    </points>
    <points frame="261" outside="0" occluded="0" keyframe="0" points="690.76,572.49" z_order="0">
    </points>
    <points frame="262" outside="0" occluded="0" keyframe="0" points="691.82,573.28" z_order="0">
    </points>
    <points frame="263" outside="0" occluded="0" keyframe="0" points="692.88,574.07" z_order="0">
    </points>
    <points frame="264" outside="0" occluded="0" keyframe="0" points="693.94,574.86" z_order="0">
    </points>
    <points frame="265" outside="0" occluded="0" keyframe="0" points="695.00,575.65" z_order="0">
    </points>
    <points frame="266" outside="0" occluded="0" keyframe="0" points="696.06,576.44" z_order="0">
    </points>
    <points frame="267" outside="0" occluded="0" keyframe="0" points="697.12,577.23" z_order="0">
    </points>
    <points frame="268" outside="0" occluded="0" keyframe="0" points="698.18,578.02" z_order="0">
    </points>
    <points frame="269" outside="0" occluded="0" keyframe="0" points="699.24,578.81" z_order="0">
    </points>
    <points frame="270" outside="0" occluded="0" keyframe="1" points="700.30,579.60" z_order="0">
    </points>
    <points frame="271" outside="0" occluded="0" keyframe="0" points="702.15,580.92" z_order="0">
    </points>
    <points frame="272" outside="0" occluded="0" keyframe="0" points="704.00,582.24" z_order="0">
    </points>
    <points frame="273" outside="0" occluded="0" keyframe="0" points="705.85,583.56" z_order="0">
    </points>
    <points frame="274" outside="0" occluded="0" keyframe="0" points="707.70,584.88" z_order="0">
    </points>
    <points frame="275" outside="0" occluded="0" keyframe="0" points="709.55,586.20" z_order="0">
    </points>
    <points frame="276" outside="0" occluded="0" keyframe="0" points="711.40,587.52" z_order="0">
    </points>
    <points frame="277" outside="0" occluded="0" keyframe="0" points="713.25,588.84" z_order="0">
    </points>
    <points frame="278" outside="0" occluded="0" keyframe="0" points="715.10,590.16" z_order="0">
    </points>
    <points frame="279" outside="0" occluded="0" keyframe="0" points="716.95,591.48" z_order="0">
    </points>
    <points frame="280" outside="0" occluded="0" keyframe="1" points="718.80,592.80" z_order="0">
    </points>
    <points frame="281" outside="0" occluded="0" keyframe="0" points="718.67,592.01" z_order="0">
    </points>
    <points frame="282" outside="0" occluded="0" keyframe="0" points="718.54,591.22" z_order="0">
    </points>
    <points frame="283" outside="0" occluded="0" keyframe="0" points="718.41,590.43" z_order="0">
    </points>
    <points frame="284" outside="0" occluded="0" keyframe="0" points="718.28,589.64" z_order="0">
    </points>
    <points frame="285" outside="0" occluded="0" keyframe="0" points="718.15,588.85" z_order="0">
    </points>
    <points frame="286" outside="0" occluded="0" keyframe="0" points="718.02,588.06" z_order="0">
    </points>
    <points frame="287" outside="0" occluded="0" keyframe="0" points="717.89,587.27" z_order="0">
    </points>
    <points frame="288" outside="0" occluded="0" keyframe="0" points="717.76,586.48" z_order="0">
    </points>
    <points frame="289" outside="0" occluded="0" keyframe="0" points="717.63,585.69" z_order="0">
    </points>
    <points frame="290" outside="0" occluded="0" keyframe="1" points="717.50,584.90" z_order="0">
    </points>
    <points frame="291" outside="0" occluded="0" keyframe="0" points="717.50,584.90" z_order="0">
    </points>
    <points frame="292" outside="0" occluded="0" keyframe="0" points="717.50,584.90" z_order="0">
    </points>
    <points frame="293" outside="0" occluded="0" keyframe="0" points="717.50,584.90" z_order="0">
    </points>
    <points frame="294" outside="0" occluded="0" keyframe="0" points="717.50,584.90" z_order="0">
    </points>
    <points frame="295" outside="0" occluded="0" keyframe="0" points="717.50,584.90" z_order="0">
    </points>
    <points frame="296" outside="0" occluded="0" keyframe="0" points="717.50,584.90" z_order="0">
    </points>
    <points frame="297" outside="0" occluded="0" keyframe="0" points="717.50,584.90" z_order="0">
    </points>
    <points frame="298" outside="0" occluded="0" keyframe="0" points="717.50,584.90" z_order="0">
    </points>
    <points frame="299" outside="0" occluded="0" keyframe="0" points="717.50,584.90" z_order="0">
    </points>
    <points frame="300" outside="0" occluded="0" keyframe="0" points="717.50,584.90" z_order="0">
    </points>
    <points frame="301" outside="0" occluded="0" keyframe="0" points="717.50,584.90" z_order="0">
    </points>
    <points frame="302" outside="0" occluded="0" keyframe="0" points="717.50,584.90" z_order="0">
    </points>
    <points frame="303" outside="0" occluded="0" keyframe="0" points="717.50,584.90" z_order="0">
    </points>
    <points frame="304" outside="0" occluded="0" keyframe="0" points="717.50,584.90" z_order="0">
    </points>
    <points frame="305" outside="0" occluded="0" keyframe="0" points="717.50,584.90" z_order="0">
    </points>
    <points frame="306" outside="0" occluded="0" keyframe="0" points="717.50,584.90" z_order="0">
    </points>
    <points frame="307" outside="0" occluded="0" keyframe="0" points="717.50,584.90" z_order="0">
    </points>
    <points frame="308" outside="0" occluded="0" keyframe="0" points="717.50,584.90" z_order="0">
    </points>
    <points frame="309" outside="0" occluded="0" keyframe="0" points="717.50,584.90" z_order="0">
    </points>
    <points frame="310" outside="0" occluded="0" keyframe="0" points="717.50,584.90" z_order="0">
    </points>
    <points frame="311" outside="0" occluded="0" keyframe="0" points="717.50,584.90" z_order="0">
    </points>
    <points frame="312" outside="0" occluded="0" keyframe="0" points="717.50,584.90" z_order="0">
    </points>
    <points frame="313" outside="0" occluded="0" keyframe="0" points="717.50,584.90" z_order="0">
    </points>
    <points frame="314" outside="0" occluded="0" keyframe="0" points="717.50,584.90" z_order="0">
    </points>
    <points frame="315" outside="0" occluded="0" keyframe="0" points="717.50,584.90" z_order="0">
    </points>
    <points frame="316" outside="0" occluded="0" keyframe="0" points="717.50,584.90" z_order="0">
    </points>
    <points frame="317" outside="0" occluded="0" keyframe="0" points="717.50,584.90" z_order="0">
    </points>
    <points frame="318" outside="0" occluded="0" keyframe="0" points="717.50,584.90" z_order="0">
    </points>
    <points frame="319" outside="0" occluded="0" keyframe="0" points="717.50,584.90" z_order="0">
    </points>
    <points frame="320" outside="0" occluded="0" keyframe="0" points="717.50,584.90" z_order="0">
    </points>
    <points frame="321" outside="0" occluded="0" keyframe="0" points="717.50,584.90" z_order="0">
    </points>
    <points frame="322" outside="0" occluded="0" keyframe="0" points="717.50,584.90" z_order="0">
    </points>
    <points frame="323" outside="0" occluded="0" keyframe="0" points="717.50,584.90" z_order="0">
    </points>
    <points frame="324" outside="0" occluded="0" keyframe="0" points="717.50,584.90" z_order="0">
    </points>
    <points frame="325" outside="0" occluded="0" keyframe="0" points="717.50,584.90" z_order="0">
    </points>
    <points frame="326" outside="0" occluded="0" keyframe="0" points="717.50,584.90" z_order="0">
    </points>
    <points frame="327" outside="0" occluded="0" keyframe="0" points="717.50,584.90" z_order="0">
    </points>
    <points frame="328" outside="0" occluded="0" keyframe="0" points="717.50,584.90" z_order="0">
    </points>
    <points frame="329" outside="0" occluded="0" keyframe="0" points="717.50,584.90" z_order="0">
    </points>
  </track>
</annotations>
