<?xml version="1.0" encoding="utf-8"?>
<annotations>
  <version>1.1</version>
  <meta>
    <task>
      <id>105</id>
      <name>D06_3ML-L1-4</name>
      <size>302</size>
      <mode>interpolation</mode>
      <overlap>5</overlap>
      <bugtracker></bugtracker>
      <created>2021-11-20 03:12:48.998975+00:00</created>
      <updated>2021-11-20 13:39:58.518623+00:00</updated>
      <subset>default</subset>
      <start_frame>0</start_frame>
      <stop_frame>301</stop_frame>
      <frame_filter></frame_filter>
      <segments>
        <segment>
          <id>104</id>
          <start>0</start>
          <stop>301</stop>
          <url>http://localhost:8080/?id=104</url>
        </segment>
      </segments>
      <owner>
        <username>hubertachan</username>
        <email>hubertachan@gmail.com</email>
      </owner>
      <assignee></assignee>
      <labels>
        <label>
          <name>HB</name>
          <color>#3b0c73</color>
          <attributes>
          </attributes>
        </label>
        <label>
          <name>M</name>
          <color>#ff355e</color>
          <attributes>
          </attributes>
        </label>
      </labels>
      <original_size>
        <width>1068</width>
        <height>800</height>
      </original_size>
    </task>
    <dumped>2021-11-20 13:40:01.392193+00:00</dumped>
    <source>D06_3ML-L1-4.avi</source>
  </meta>
  <track id="0" label="HB" source="manual">
    <points frame="150" outside="0" occluded="0" keyframe="1" points="614.00,529.40" z_order="0">
    </points>
    <points frame="151" outside="0" occluded="0" keyframe="0" points="610.97,531.42" z_order="0">
    </points>
    <points frame="152" outside="0" occluded="0" keyframe="0" points="607.94,533.44" z_order="0">
    </points>
    <points frame="153" outside="0" occluded="0" keyframe="0" points="604.91,535.46" z_order="0">
    </points>
    <points frame="154" outside="0" occluded="0" keyframe="0" points="601.88,537.48" z_order="0">
    </points>
    <points frame="155" outside="0" occluded="0" keyframe="0" points="598.85,539.50" z_order="0">
    </points>
    <points frame="156" outside="0" occluded="0" keyframe="0" points="595.82,541.52" z_order="0">
    </points>
    <points frame="157" outside="0" occluded="0" keyframe="0" points="592.79,543.54" z_order="0">
    </points>
    <points frame="158" outside="0" occluded="0" keyframe="0" points="589.76,545.56" z_order="0">
    </points>
    <points frame="159" outside="0" occluded="0" keyframe="0" points="586.73,547.58" z_order="0">
    </points>
    <points frame="160" outside="0" occluded="0" keyframe="1" points="583.70,549.60" z_order="0">
    </points>
    <points frame="161" outside="0" occluded="0" keyframe="0" points="582.44,549.60" z_order="0">
    </points>
    <points frame="162" outside="0" occluded="0" keyframe="0" points="581.18,549.60" z_order="0">
    </points>
    <points frame="163" outside="0" occluded="0" keyframe="0" points="579.92,549.60" z_order="0">
    </points>
    <points frame="164" outside="0" occluded="0" keyframe="0" points="578.66,549.60" z_order="0">
    </points>
    <points frame="165" outside="0" occluded="0" keyframe="0" points="577.40,549.60" z_order="0">
    </points>
    <points frame="166" outside="0" occluded="0" keyframe="0" points="576.14,549.60" z_order="0">
    </points>
    <points frame="167" outside="0" occluded="0" keyframe="0" points="574.88,549.60" z_order="0">
    </points>
    <points frame="168" outside="0" occluded="0" keyframe="0" points="573.62,549.60" z_order="0">
    </points>
    <points frame="169" outside="0" occluded="0" keyframe="0" points="572.36,549.60" z_order="0">
    </points>
    <points frame="170" outside="0" occluded="0" keyframe="1" points="571.10,549.60" z_order="0">
    </points>
    <points frame="171" outside="0" occluded="0" keyframe="0" points="573.00,548.08" z_order="0">
    </points>
    <points frame="172" outside="0" occluded="0" keyframe="0" points="574.90,546.56" z_order="0">
    </points>
    <points frame="173" outside="0" occluded="0" keyframe="0" points="576.80,545.04" z_order="0">
    </points>
    <points frame="174" outside="0" occluded="0" keyframe="0" points="578.70,543.52" z_order="0">
    </points>
    <points frame="175" outside="0" occluded="0" keyframe="0" points="580.60,542.00" z_order="0">
    </points>
    <points frame="176" outside="0" occluded="0" keyframe="0" points="582.50,540.48" z_order="0">
    </points>
    <points frame="177" outside="0" occluded="0" keyframe="0" points="584.40,538.96" z_order="0">
    </points>
    <points frame="178" outside="0" occluded="0" keyframe="0" points="586.30,537.44" z_order="0">
    </points>
    <points frame="179" outside="0" occluded="0" keyframe="0" points="588.20,535.92" z_order="0">
    </points>
    <points frame="180" outside="0" occluded="0" keyframe="1" points="590.10,534.40" z_order="0">
    </points>
    <points frame="181" outside="0" occluded="0" keyframe="0" points="592.12,534.02" z_order="0">
    </points>
    <points frame="182" outside="0" occluded="0" keyframe="0" points="594.14,533.64" z_order="0">
    </points>
    <points frame="183" outside="0" occluded="0" keyframe="0" points="596.16,533.26" z_order="0">
    </points>
    <points frame="184" outside="0" occluded="0" keyframe="0" points="598.18,532.88" z_order="0">
    </points>
    <points frame="185" outside="0" occluded="0" keyframe="0" points="600.20,532.50" z_order="0">
    </points>
    <points frame="186" outside="0" occluded="0" keyframe="0" points="602.22,532.12" z_order="0">
    </points>
    <points frame="187" outside="0" occluded="0" keyframe="0" points="604.24,531.74" z_order="0">
    </points>
    <points frame="188" outside="0" occluded="0" keyframe="0" points="606.26,531.36" z_order="0">
    </points>
    <points frame="189" outside="0" occluded="0" keyframe="0" points="608.28,530.98" z_order="0">
    </points>
    <points frame="190" outside="0" occluded="0" keyframe="1" points="610.30,530.60" z_order="0">
    </points>
    <points frame="191" outside="0" occluded="0" keyframe="0" points="605.37,527.98" z_order="0">
    </points>
    <points frame="192" outside="0" occluded="0" keyframe="0" points="600.43,525.37" z_order="0">
    </points>
    <points frame="193" outside="0" occluded="0" keyframe="0" points="595.50,522.75" z_order="0">
    </points>
    <points frame="194" outside="0" occluded="0" keyframe="0" points="590.57,520.13" z_order="0">
    </points>
    <points frame="195" outside="0" occluded="0" keyframe="0" points="585.63,517.52" z_order="0">
    </points>
    <points frame="196" outside="0" occluded="0" keyframe="1" points="580.70,514.90" z_order="0">
    </points>
    <points frame="197" outside="0" occluded="0" keyframe="0" points="590.00,517.55" z_order="0">
    </points>
    <points frame="198" outside="0" occluded="0" keyframe="0" points="599.30,520.20" z_order="0">
    </points>
    <points frame="199" outside="0" occluded="0" keyframe="0" points="608.60,522.85" z_order="0">
    </points>
    <points frame="200" outside="0" occluded="0" keyframe="1" points="617.90,525.50" z_order="0">
    </points>
    <points frame="201" outside="0" occluded="0" keyframe="0" points="621.19,525.50" z_order="0">
    </points>
    <points frame="202" outside="0" occluded="0" keyframe="0" points="624.48,525.50" z_order="0">
    </points>
    <points frame="203" outside="0" occluded="0" keyframe="0" points="627.77,525.50" z_order="0">
    </points>
    <points frame="204" outside="0" occluded="0" keyframe="0" points="631.06,525.50" z_order="0">
    </points>
    <points frame="205" outside="0" occluded="0" keyframe="0" points="634.35,525.50" z_order="0">
    </points>
    <points frame="206" outside="0" occluded="0" keyframe="0" points="637.64,525.50" z_order="0">
    </points>
    <points frame="207" outside="0" occluded="0" keyframe="0" points="640.93,525.50" z_order="0">
    </points>
    <points frame="208" outside="0" occluded="0" keyframe="0" points="644.22,525.50" z_order="0">
    </points>
    <points frame="209" outside="0" occluded="0" keyframe="0" points="647.51,525.50" z_order="0">
    </points>
    <points frame="210" outside="0" occluded="0" keyframe="1" points="650.80,525.50" z_order="0">
    </points>
    <points frame="211" outside="0" occluded="0" keyframe="0" points="650.40,525.50" z_order="0">
    </points>
    <points frame="212" outside="0" occluded="0" keyframe="0" points="649.99,525.50" z_order="0">
    </points>
    <points frame="213" outside="0" occluded="0" keyframe="0" points="649.59,525.50" z_order="0">
    </points>
    <points frame="214" outside="0" occluded="0" keyframe="0" points="649.18,525.50" z_order="0">
    </points>
    <points frame="215" outside="0" occluded="0" keyframe="0" points="648.78,525.50" z_order="0">
    </points>
    <points frame="216" outside="0" occluded="0" keyframe="0" points="648.38,525.50" z_order="0">
    </points>
    <points frame="217" outside="0" occluded="0" keyframe="0" points="647.97,525.50" z_order="0">
    </points>
    <points frame="218" outside="0" occluded="0" keyframe="0" points="647.57,525.50" z_order="0">
    </points>
    <points frame="219" outside="0" occluded="0" keyframe="0" points="647.16,525.50" z_order="0">
    </points>
    <points frame="220" outside="0" occluded="0" keyframe="0" points="646.76,525.50" z_order="0">
    </points>
    <points frame="221" outside="0" occluded="0" keyframe="0" points="646.36,525.50" z_order="0">
    </points>
    <points frame="222" outside="0" occluded="0" keyframe="0" points="645.95,525.50" z_order="0">
    </points>
    <points frame="223" outside="0" occluded="0" keyframe="0" points="645.55,525.50" z_order="0">
    </points>
    <points frame="224" outside="0" occluded="0" keyframe="0" points="645.14,525.50" z_order="0">
    </points>
    <points frame="225" outside="0" occluded="0" keyframe="0" points="644.74,525.50" z_order="0">
    </points>
    <points frame="226" outside="0" occluded="0" keyframe="0" points="644.34,525.50" z_order="0">
    </points>
    <points frame="227" outside="0" occluded="0" keyframe="0" points="643.93,525.50" z_order="0">
    </points>
    <points frame="228" outside="0" occluded="0" keyframe="0" points="643.53,525.50" z_order="0">
    </points>
    <points frame="229" outside="0" occluded="0" keyframe="0" points="643.12,525.50" z_order="0">
    </points>
    <points frame="230" outside="0" occluded="0" keyframe="0" points="642.72,525.50" z_order="0">
    </points>
    <points frame="231" outside="0" occluded="0" keyframe="0" points="642.32,525.50" z_order="0">
    </points>
    <points frame="232" outside="0" occluded="0" keyframe="0" points="641.91,525.50" z_order="0">
    </points>
    <points frame="233" outside="0" occluded="0" keyframe="0" points="641.51,525.50" z_order="0">
    </points>
    <points frame="234" outside="0" occluded="0" keyframe="0" points="641.10,525.50" z_order="0">
    </points>
    <points frame="235" outside="0" occluded="0" keyframe="0" points="640.70,525.50" z_order="0">
    </points>
    <points frame="236" outside="0" occluded="0" keyframe="0" points="640.30,525.50" z_order="0">
    </points>
    <points frame="237" outside="0" occluded="0" keyframe="0" points="639.89,525.50" z_order="0">
    </points>
    <points frame="238" outside="0" occluded="0" keyframe="0" points="639.49,525.50" z_order="0">
    </points>
    <points frame="239" outside="0" occluded="0" keyframe="0" points="639.08,525.50" z_order="0">
    </points>
    <points frame="240" outside="0" occluded="0" keyframe="0" points="638.68,525.50" z_order="0">
    </points>
    <points frame="241" outside="0" occluded="0" keyframe="0" points="638.28,525.50" z_order="0">
    </points>
    <points frame="242" outside="0" occluded="0" keyframe="0" points="637.87,525.50" z_order="0">
    </points>
    <points frame="243" outside="0" occluded="0" keyframe="0" points="637.47,525.50" z_order="0">
    </points>
    <points frame="244" outside="0" occluded="0" keyframe="0" points="637.06,525.50" z_order="0">
    </points>
    <points frame="245" outside="0" occluded="0" keyframe="0" points="636.66,525.50" z_order="0">
    </points>
    <points frame="246" outside="0" occluded="0" keyframe="0" points="636.26,525.50" z_order="0">
    </points>
    <points frame="247" outside="0" occluded="0" keyframe="0" points="635.85,525.50" z_order="0">
    </points>
    <points frame="248" outside="0" occluded="0" keyframe="0" points="635.45,525.50" z_order="0">
    </points>
    <points frame="249" outside="0" occluded="0" keyframe="0" points="635.04,525.50" z_order="0">
    </points>
    <points frame="250" outside="0" occluded="0" keyframe="0" points="634.64,525.50" z_order="0">
    </points>
    <points frame="251" outside="0" occluded="0" keyframe="0" points="634.24,525.50" z_order="0">
    </points>
    <points frame="252" outside="0" occluded="0" keyframe="0" points="633.83,525.50" z_order="0">
    </points>
    <points frame="253" outside="0" occluded="0" keyframe="0" points="633.43,525.50" z_order="0">
    </points>
    <points frame="254" outside="0" occluded="0" keyframe="0" points="633.02,525.50" z_order="0">
    </points>
    <points frame="255" outside="0" occluded="0" keyframe="0" points="632.62,525.50" z_order="0">
    </points>
    <points frame="256" outside="0" occluded="0" keyframe="0" points="632.22,525.50" z_order="0">
    </points>
    <points frame="257" outside="0" occluded="0" keyframe="0" points="631.81,525.50" z_order="0">
    </points>
    <points frame="258" outside="0" occluded="0" keyframe="0" points="631.41,525.50" z_order="0">
    </points>
    <points frame="259" outside="0" occluded="0" keyframe="0" points="631.00,525.50" z_order="0">
    </points>
    <points frame="260" outside="0" occluded="0" keyframe="1" points="630.60,525.50" z_order="0">
    </points>
    <points frame="261" outside="0" occluded="0" keyframe="0" points="628.07,525.75" z_order="0">
    </points>
    <points frame="262" outside="0" occluded="0" keyframe="0" points="625.54,526.00" z_order="0">
    </points>
    <points frame="263" outside="0" occluded="0" keyframe="0" points="623.01,526.25" z_order="0">
    </points>
    <points frame="264" outside="0" occluded="0" keyframe="0" points="620.48,526.50" z_order="0">
    </points>
    <points frame="265" outside="0" occluded="0" keyframe="0" points="617.95,526.75" z_order="0">
    </points>
    <points frame="266" outside="0" occluded="0" keyframe="0" points="615.42,527.00" z_order="0">
    </points>
    <points frame="267" outside="0" occluded="0" keyframe="0" points="612.89,527.25" z_order="0">
    </points>
    <points frame="268" outside="0" occluded="0" keyframe="0" points="610.36,527.50" z_order="0">
    </points>
    <points frame="269" outside="0" occluded="0" keyframe="0" points="607.83,527.75" z_order="0">
    </points>
    <points frame="270" outside="0" occluded="0" keyframe="1" points="605.30,528.00" z_order="0">
    </points>
    <points frame="271" outside="0" occluded="0" keyframe="0" points="605.05,528.00" z_order="0">
    </points>
    <points frame="272" outside="0" occluded="0" keyframe="0" points="604.80,528.00" z_order="0">
    </points>
    <points frame="273" outside="0" occluded="0" keyframe="0" points="604.55,528.00" z_order="0">
    </points>
    <points frame="274" outside="0" occluded="0" keyframe="0" points="604.30,528.00" z_order="0">
    </points>
    <points frame="275" outside="0" occluded="0" keyframe="0" points="604.05,528.00" z_order="0">
    </points>
    <points frame="276" outside="0" occluded="0" keyframe="0" points="603.80,528.00" z_order="0">
    </points>
    <points frame="277" outside="0" occluded="0" keyframe="0" points="603.55,528.00" z_order="0">
    </points>
    <points frame="278" outside="0" occluded="0" keyframe="0" points="603.30,528.00" z_order="0">
    </points>
    <points frame="279" outside="0" occluded="0" keyframe="0" points="603.05,528.00" z_order="0">
    </points>
    <points frame="280" outside="0" occluded="0" keyframe="1" points="602.80,528.00" z_order="0">
    </points>
    <points frame="281" outside="0" occluded="0" keyframe="0" points="606.97,528.00" z_order="0">
    </points>
    <points frame="282" outside="0" occluded="0" keyframe="0" points="611.14,528.00" z_order="0">
    </points>
    <points frame="283" outside="0" occluded="0" keyframe="0" points="615.31,528.00" z_order="0">
    </points>
    <points frame="284" outside="0" occluded="0" keyframe="0" points="619.48,528.00" z_order="0">
    </points>
    <points frame="285" outside="0" occluded="0" keyframe="0" points="623.65,528.00" z_order="0">
    </points>
    <points frame="286" outside="0" occluded="0" keyframe="0" points="627.82,528.00" z_order="0">
    </points>
    <points frame="287" outside="0" occluded="0" keyframe="0" points="631.99,528.00" z_order="0">
    </points>
    <points frame="288" outside="0" occluded="0" keyframe="0" points="636.16,528.00" z_order="0">
    </points>
    <points frame="289" outside="0" occluded="0" keyframe="0" points="640.33,528.00" z_order="0">
    </points>
    <points frame="290" outside="0" occluded="0" keyframe="1" points="644.50,528.00" z_order="0">
    </points>
    <points frame="291" outside="0" occluded="0" keyframe="0" points="646.65,528.00" z_order="0">
    </points>
    <points frame="292" outside="0" occluded="0" keyframe="0" points="648.80,528.00" z_order="0">
    </points>
    <points frame="293" outside="0" occluded="0" keyframe="0" points="650.95,528.00" z_order="0">
    </points>
    <points frame="294" outside="0" occluded="0" keyframe="0" points="653.10,528.00" z_order="0">
    </points>
    <points frame="295" outside="0" occluded="0" keyframe="0" points="655.25,528.00" z_order="0">
    </points>
    <points frame="296" outside="0" occluded="0" keyframe="0" points="657.40,528.00" z_order="0">
    </points>
    <points frame="297" outside="0" occluded="0" keyframe="0" points="659.55,528.00" z_order="0">
    </points>
    <points frame="298" outside="0" occluded="0" keyframe="0" points="661.70,528.00" z_order="0">
    </points>
    <points frame="299" outside="0" occluded="0" keyframe="0" points="663.85,528.00" z_order="0">
    </points>
    <points frame="300" outside="0" occluded="0" keyframe="1" points="666.00,528.00" z_order="0">
    </points>
    <points frame="301" outside="0" occluded="0" keyframe="1" points="655.90,526.70" z_order="0">
    </points>
  </track>
  <track id="1" label="M" source="manual">
    <points frame="139" outside="0" occluded="0" keyframe="1" points="452.68,635.46" z_order="0">
    </points>
    <points frame="140" outside="0" occluded="0" keyframe="0" points="452.18,636.22" z_order="0">
    </points>
    <points frame="141" outside="0" occluded="0" keyframe="0" points="451.68,636.97" z_order="0">
    </points>
    <points frame="142" outside="0" occluded="0" keyframe="0" points="451.18,637.72" z_order="0">
    </points>
    <points frame="143" outside="0" occluded="0" keyframe="0" points="450.69,638.48" z_order="0">
    </points>
    <points frame="144" outside="0" occluded="0" keyframe="0" points="450.19,639.23" z_order="0">
    </points>
    <points frame="145" outside="0" occluded="0" keyframe="0" points="449.69,639.98" z_order="0">
    </points>
    <points frame="146" outside="0" occluded="0" keyframe="0" points="449.19,640.74" z_order="0">
    </points>
    <points frame="147" outside="0" occluded="0" keyframe="0" points="448.70,641.49" z_order="0">
    </points>
    <points frame="148" outside="0" occluded="0" keyframe="0" points="448.20,642.25" z_order="0">
    </points>
    <points frame="149" outside="0" occluded="0" keyframe="1" points="447.70,643.00" z_order="0">
    </points>
    <points frame="150" outside="0" occluded="0" keyframe="0" points="447.07,643.63" z_order="0">
    </points>
    <points frame="151" outside="0" occluded="0" keyframe="0" points="446.44,644.26" z_order="0">
    </points>
    <points frame="152" outside="0" occluded="0" keyframe="0" points="445.81,644.89" z_order="0">
    </points>
    <points frame="153" outside="0" occluded="0" keyframe="0" points="445.18,645.52" z_order="0">
    </points>
    <points frame="154" outside="0" occluded="0" keyframe="0" points="444.55,646.15" z_order="0">
    </points>
    <points frame="155" outside="0" occluded="0" keyframe="0" points="443.92,646.78" z_order="0">
    </points>
    <points frame="156" outside="0" occluded="0" keyframe="0" points="443.29,647.41" z_order="0">
    </points>
    <points frame="157" outside="0" occluded="0" keyframe="0" points="442.66,648.04" z_order="0">
    </points>
    <points frame="158" outside="0" occluded="0" keyframe="0" points="442.03,648.67" z_order="0">
    </points>
    <points frame="159" outside="0" occluded="0" keyframe="1" points="441.40,649.30" z_order="0">
    </points>
    <points frame="160" outside="0" occluded="0" keyframe="0" points="441.90,649.30" z_order="0">
    </points>
    <points frame="161" outside="0" occluded="0" keyframe="0" points="442.40,649.30" z_order="0">
    </points>
    <points frame="162" outside="0" occluded="0" keyframe="0" points="442.90,649.30" z_order="0">
    </points>
    <points frame="163" outside="0" occluded="0" keyframe="0" points="443.40,649.30" z_order="0">
    </points>
    <points frame="164" outside="0" occluded="0" keyframe="0" points="443.90,649.30" z_order="0">
    </points>
    <points frame="165" outside="0" occluded="0" keyframe="0" points="444.40,649.30" z_order="0">
    </points>
    <points frame="166" outside="0" occluded="0" keyframe="0" points="444.90,649.30" z_order="0">
    </points>
    <points frame="167" outside="0" occluded="0" keyframe="0" points="445.40,649.30" z_order="0">
    </points>
    <points frame="168" outside="0" occluded="0" keyframe="0" points="445.90,649.30" z_order="0">
    </points>
    <points frame="169" outside="0" occluded="0" keyframe="0" points="446.40,649.30" z_order="0">
    </points>
    <points frame="170" outside="0" occluded="0" keyframe="0" points="446.90,649.30" z_order="0">
    </points>
    <points frame="171" outside="0" occluded="0" keyframe="0" points="447.40,649.30" z_order="0">
    </points>
    <points frame="172" outside="0" occluded="0" keyframe="0" points="447.90,649.30" z_order="0">
    </points>
    <points frame="173" outside="0" occluded="0" keyframe="0" points="448.40,649.30" z_order="0">
    </points>
    <points frame="174" outside="0" occluded="0" keyframe="0" points="448.90,649.30" z_order="0">
    </points>
    <points frame="175" outside="0" occluded="0" keyframe="0" points="449.40,649.30" z_order="0">
    </points>
    <points frame="176" outside="0" occluded="0" keyframe="0" points="449.90,649.30" z_order="0">
    </points>
    <points frame="177" outside="0" occluded="0" keyframe="0" points="450.40,649.30" z_order="0">
    </points>
    <points frame="178" outside="0" occluded="0" keyframe="0" points="450.90,649.30" z_order="0">
    </points>
    <points frame="179" outside="0" occluded="0" keyframe="0" points="451.40,649.30" z_order="0">
    </points>
    <points frame="180" outside="0" occluded="0" keyframe="0" points="451.90,649.30" z_order="0">
    </points>
    <points frame="181" outside="0" occluded="0" keyframe="0" points="452.40,649.30" z_order="0">
    </points>
    <points frame="182" outside="0" occluded="0" keyframe="0" points="452.90,649.30" z_order="0">
    </points>
    <points frame="183" outside="0" occluded="0" keyframe="0" points="453.40,649.30" z_order="0">
    </points>
    <points frame="184" outside="0" occluded="0" keyframe="0" points="453.90,649.30" z_order="0">
    </points>
    <points frame="185" outside="0" occluded="0" keyframe="0" points="454.40,649.30" z_order="0">
    </points>
    <points frame="186" outside="0" occluded="0" keyframe="0" points="454.90,649.30" z_order="0">
    </points>
    <points frame="187" outside="0" occluded="0" keyframe="0" points="455.40,649.30" z_order="0">
    </points>
    <points frame="188" outside="0" occluded="0" keyframe="0" points="455.90,649.30" z_order="0">
    </points>
    <points frame="189" outside="0" occluded="0" keyframe="1" points="456.40,649.30" z_order="0">
    </points>
    <points frame="190" outside="0" occluded="0" keyframe="0" points="457.78,648.80" z_order="0">
    </points>
    <points frame="191" outside="0" occluded="0" keyframe="0" points="459.16,648.30" z_order="0">
    </points>
    <points frame="192" outside="0" occluded="0" keyframe="0" points="460.54,647.80" z_order="0">
    </points>
    <points frame="193" outside="0" occluded="0" keyframe="0" points="461.92,647.30" z_order="0">
    </points>
    <points frame="194" outside="0" occluded="0" keyframe="0" points="463.30,646.80" z_order="0">
    </points>
    <points frame="195" outside="0" occluded="0" keyframe="0" points="464.68,646.30" z_order="0">
    </points>
    <points frame="196" outside="0" occluded="0" keyframe="0" points="466.06,645.80" z_order="0">
    </points>
    <points frame="197" outside="0" occluded="0" keyframe="0" points="467.44,645.30" z_order="0">
    </points>
    <points frame="198" outside="0" occluded="0" keyframe="0" points="468.82,644.80" z_order="0">
    </points>
    <points frame="199" outside="0" occluded="0" keyframe="1" points="470.20,644.30" z_order="0">
    </points>
    <points frame="200" outside="0" occluded="0" keyframe="0" points="470.20,643.42" z_order="0">
    </points>
    <points frame="201" outside="0" occluded="0" keyframe="0" points="470.20,642.54" z_order="0">
    </points>
    <points frame="202" outside="0" occluded="0" keyframe="0" points="470.20,641.66" z_order="0">
    </points>
    <points frame="203" outside="0" occluded="0" keyframe="0" points="470.20,640.78" z_order="0">
    </points>
    <points frame="204" outside="0" occluded="0" keyframe="0" points="470.20,639.90" z_order="0">
    </points>
    <points frame="205" outside="0" occluded="0" keyframe="0" points="470.20,639.02" z_order="0">
    </points>
    <points frame="206" outside="0" occluded="0" keyframe="0" points="470.20,638.14" z_order="0">
    </points>
    <points frame="207" outside="0" occluded="0" keyframe="0" points="470.20,637.26" z_order="0">
    </points>
    <points frame="208" outside="0" occluded="0" keyframe="0" points="470.20,636.38" z_order="0">
    </points>
    <points frame="209" outside="0" occluded="0" keyframe="1" points="470.20,635.50" z_order="0">
    </points>
    <points frame="210" outside="0" occluded="0" keyframe="0" points="470.45,635.50" z_order="0">
    </points>
    <points frame="211" outside="0" occluded="0" keyframe="0" points="470.70,635.50" z_order="0">
    </points>
    <points frame="212" outside="0" occluded="0" keyframe="0" points="470.95,635.50" z_order="0">
    </points>
    <points frame="213" outside="0" occluded="0" keyframe="0" points="471.20,635.50" z_order="0">
    </points>
    <points frame="214" outside="0" occluded="0" keyframe="0" points="471.45,635.50" z_order="0">
    </points>
    <points frame="215" outside="0" occluded="0" keyframe="0" points="471.70,635.50" z_order="0">
    </points>
    <points frame="216" outside="0" occluded="0" keyframe="0" points="471.95,635.50" z_order="0">
    </points>
    <points frame="217" outside="0" occluded="0" keyframe="0" points="472.20,635.50" z_order="0">
    </points>
    <points frame="218" outside="0" occluded="0" keyframe="0" points="472.45,635.50" z_order="0">
    </points>
    <points frame="219" outside="0" occluded="0" keyframe="1" points="472.70,635.50" z_order="0">
    </points>
    <points frame="220" outside="0" occluded="0" keyframe="0" points="471.95,635.50" z_order="0">
    </points>
    <points frame="221" outside="0" occluded="0" keyframe="0" points="471.20,635.50" z_order="0">
    </points>
    <points frame="222" outside="0" occluded="0" keyframe="0" points="470.45,635.50" z_order="0">
    </points>
    <points frame="223" outside="0" occluded="0" keyframe="0" points="469.70,635.50" z_order="0">
    </points>
    <points frame="224" outside="0" occluded="0" keyframe="0" points="468.95,635.50" z_order="0">
    </points>
    <points frame="225" outside="0" occluded="0" keyframe="0" points="468.20,635.50" z_order="0">
    </points>
    <points frame="226" outside="0" occluded="0" keyframe="0" points="467.45,635.50" z_order="0">
    </points>
    <points frame="227" outside="0" occluded="0" keyframe="0" points="466.70,635.50" z_order="0">
    </points>
    <points frame="228" outside="0" occluded="0" keyframe="0" points="465.95,635.50" z_order="0">
    </points>
    <points frame="229" outside="0" occluded="0" keyframe="1" points="465.20,635.50" z_order="0">
    </points>
    <points frame="230" outside="0" occluded="0" keyframe="0" points="465.33,635.50" z_order="0">
    </points>
    <points frame="231" outside="0" occluded="0" keyframe="0" points="465.46,635.50" z_order="0">
    </points>
    <points frame="232" outside="0" occluded="0" keyframe="0" points="465.59,635.50" z_order="0">
    </points>
    <points frame="233" outside="0" occluded="0" keyframe="0" points="465.72,635.50" z_order="0">
    </points>
    <points frame="234" outside="0" occluded="0" keyframe="0" points="465.85,635.50" z_order="0">
    </points>
    <points frame="235" outside="0" occluded="0" keyframe="0" points="465.98,635.50" z_order="0">
    </points>
    <points frame="236" outside="0" occluded="0" keyframe="0" points="466.11,635.50" z_order="0">
    </points>
    <points frame="237" outside="0" occluded="0" keyframe="0" points="466.24,635.50" z_order="0">
    </points>
    <points frame="238" outside="0" occluded="0" keyframe="0" points="466.37,635.50" z_order="0">
    </points>
    <points frame="239" outside="0" occluded="0" keyframe="1" points="466.50,635.50" z_order="0">
    </points>
    <points frame="240" outside="0" occluded="0" keyframe="0" points="466.31,635.13" z_order="0">
    </points>
    <points frame="241" outside="0" occluded="0" keyframe="0" points="466.12,634.76" z_order="0">
    </points>
    <points frame="242" outside="0" occluded="0" keyframe="0" points="465.93,634.39" z_order="0">
    </points>
    <points frame="243" outside="0" occluded="0" keyframe="0" points="465.74,634.03" z_order="0">
    </points>
    <points frame="244" outside="0" occluded="0" keyframe="0" points="465.55,633.66" z_order="0">
    </points>
    <points frame="245" outside="0" occluded="0" keyframe="0" points="465.36,633.29" z_order="0">
    </points>
    <points frame="246" outside="0" occluded="0" keyframe="0" points="465.17,632.92" z_order="0">
    </points>
    <points frame="247" outside="0" occluded="0" keyframe="0" points="464.98,632.55" z_order="0">
    </points>
    <points frame="248" outside="0" occluded="0" keyframe="0" points="464.78,632.18" z_order="0">
    </points>
    <points frame="249" outside="0" occluded="0" keyframe="0" points="464.59,631.81" z_order="0">
    </points>
    <points frame="250" outside="0" occluded="0" keyframe="0" points="464.40,631.44" z_order="0">
    </points>
    <points frame="251" outside="0" occluded="0" keyframe="0" points="464.21,631.08" z_order="0">
    </points>
    <points frame="252" outside="0" occluded="0" keyframe="0" points="464.02,630.71" z_order="0">
    </points>
    <points frame="253" outside="0" occluded="0" keyframe="0" points="463.83,630.34" z_order="0">
    </points>
    <points frame="254" outside="0" occluded="0" keyframe="0" points="463.64,629.97" z_order="0">
    </points>
    <points frame="255" outside="0" occluded="0" keyframe="0" points="463.45,629.60" z_order="0">
    </points>
    <points frame="256" outside="0" occluded="0" keyframe="0" points="463.26,629.23" z_order="0">
    </points>
    <points frame="257" outside="0" occluded="0" keyframe="0" points="463.07,628.86" z_order="0">
    </points>
    <points frame="258" outside="0" occluded="0" keyframe="0" points="462.88,628.49" z_order="0">
    </points>
    <points frame="259" outside="0" occluded="0" keyframe="0" points="462.69,628.13" z_order="0">
    </points>
    <points frame="260" outside="0" occluded="0" keyframe="0" points="462.50,627.76" z_order="0">
    </points>
    <points frame="261" outside="0" occluded="0" keyframe="0" points="462.31,627.39" z_order="0">
    </points>
    <points frame="262" outside="0" occluded="0" keyframe="0" points="462.12,627.02" z_order="0">
    </points>
    <points frame="263" outside="0" occluded="0" keyframe="0" points="461.93,626.65" z_order="0">
    </points>
    <points frame="264" outside="0" occluded="0" keyframe="0" points="461.73,626.28" z_order="0">
    </points>
    <points frame="265" outside="0" occluded="0" keyframe="0" points="461.54,625.91" z_order="0">
    </points>
    <points frame="266" outside="0" occluded="0" keyframe="0" points="461.35,625.54" z_order="0">
    </points>
    <points frame="267" outside="0" occluded="0" keyframe="0" points="461.16,625.18" z_order="0">
    </points>
    <points frame="268" outside="0" occluded="0" keyframe="0" points="460.97,624.81" z_order="0">
    </points>
    <points frame="269" outside="0" occluded="0" keyframe="0" points="460.78,624.44" z_order="0">
    </points>
    <points frame="270" outside="0" occluded="0" keyframe="0" points="460.59,624.07" z_order="0">
    </points>
    <points frame="271" outside="0" occluded="0" keyframe="1" points="460.40,623.70" z_order="0">
    </points>
    <points frame="272" outside="0" occluded="0" keyframe="0" points="460.80,624.17" z_order="0">
    </points>
    <points frame="273" outside="0" occluded="0" keyframe="0" points="461.19,624.64" z_order="0">
    </points>
    <points frame="274" outside="0" occluded="0" keyframe="0" points="461.59,625.10" z_order="0">
    </points>
    <points frame="275" outside="0" occluded="0" keyframe="0" points="461.99,625.57" z_order="0">
    </points>
    <points frame="276" outside="0" occluded="0" keyframe="0" points="462.38,626.04" z_order="0">
    </points>
    <points frame="277" outside="0" occluded="0" keyframe="0" points="462.78,626.51" z_order="0">
    </points>
    <points frame="278" outside="0" occluded="0" keyframe="0" points="463.18,626.98" z_order="0">
    </points>
    <points frame="279" outside="0" occluded="0" keyframe="0" points="463.57,627.44" z_order="0">
    </points>
    <points frame="280" outside="0" occluded="0" keyframe="0" points="463.97,627.91" z_order="0">
    </points>
    <points frame="281" outside="0" occluded="0" keyframe="0" points="464.36,628.38" z_order="0">
    </points>
    <points frame="282" outside="0" occluded="0" keyframe="0" points="464.76,628.85" z_order="0">
    </points>
    <points frame="283" outside="0" occluded="0" keyframe="0" points="465.16,629.31" z_order="0">
    </points>
    <points frame="284" outside="0" occluded="0" keyframe="0" points="465.55,629.78" z_order="0">
    </points>
    <points frame="285" outside="0" occluded="0" keyframe="0" points="465.95,630.25" z_order="0">
    </points>
    <points frame="286" outside="0" occluded="0" keyframe="0" points="466.35,630.72" z_order="0">
    </points>
    <points frame="287" outside="0" occluded="0" keyframe="0" points="466.74,631.19" z_order="0">
    </points>
    <points frame="288" outside="0" occluded="0" keyframe="0" points="467.14,631.65" z_order="0">
    </points>
    <points frame="289" outside="0" occluded="0" keyframe="0" points="467.54,632.12" z_order="0">
    </points>
    <points frame="290" outside="0" occluded="0" keyframe="0" points="467.93,632.59" z_order="0">
    </points>
    <points frame="291" outside="0" occluded="0" keyframe="0" points="468.33,633.06" z_order="0">
    </points>
    <points frame="292" outside="0" occluded="0" keyframe="0" points="468.73,633.53" z_order="0">
    </points>
    <points frame="293" outside="0" occluded="0" keyframe="0" points="469.12,633.99" z_order="0">
    </points>
    <points frame="294" outside="0" occluded="0" keyframe="0" points="469.52,634.46" z_order="0">
    </points>
    <points frame="295" outside="0" occluded="0" keyframe="0" points="469.91,634.93" z_order="0">
    </points>
    <points frame="296" outside="0" occluded="0" keyframe="0" points="470.31,635.40" z_order="0">
    </points>
    <points frame="297" outside="0" occluded="0" keyframe="0" points="470.71,635.86" z_order="0">
    </points>
    <points frame="298" outside="0" occluded="0" keyframe="0" points="471.10,636.33" z_order="0">
    </points>
    <points frame="299" outside="0" occluded="0" keyframe="1" points="471.50,636.80" z_order="0">
    </points>
    <points frame="300" outside="0" occluded="0" keyframe="0" points="471.50,636.80" z_order="0">
    </points>
    <points frame="301" outside="0" occluded="0" keyframe="0" points="471.50,636.80" z_order="0">
    </points>
  </track>
</annotations>
