<?xml version="1.0" encoding="utf-8"?>
<annotations>
  <version>1.1</version>
  <meta>
    <task>
      <id>95</id>
      <name>D07_5ML-L0-1</name>
      <size>541</size>
      <mode>interpolation</mode>
      <overlap>5</overlap>
      <bugtracker></bugtracker>
      <created>2021-11-20 02:50:26.254822+00:00</created>
      <updated>2021-11-20 15:41:24.547111+00:00</updated>
      <subset>default</subset>
      <start_frame>0</start_frame>
      <stop_frame>540</stop_frame>
      <frame_filter></frame_filter>
      <segments>
        <segment>
          <id>94</id>
          <start>0</start>
          <stop>540</stop>
          <url>http://localhost:8080/?id=94</url>
        </segment>
      </segments>
      <owner>
        <username>hubertachan</username>
        <email>hubertachan@gmail.com</email>
      </owner>
      <assignee></assignee>
      <labels>
        <label>
          <name>HB</name>
          <color>#3b0c73</color>
          <attributes>
          </attributes>
        </label>
        <label>
          <name>M</name>
          <color>#ff355e</color>
          <attributes>
          </attributes>
        </label>
      </labels>
      <original_size>
        <width>1068</width>
        <height>800</height>
      </original_size>
    </task>
    <dumped>2021-11-20 15:41:27.850697+00:00</dumped>
    <source>D07_5ML-L0-1.avi</source>
  </meta>
  <track id="0" label="HB" source="manual">
    <points frame="400" outside="0" occluded="0" keyframe="1" points="697.95,568.58" z_order="0">
    </points>
    <points frame="401" outside="0" occluded="0" keyframe="0" points="698.22,568.58" z_order="0">
    </points>
    <points frame="402" outside="0" occluded="0" keyframe="0" points="698.48,568.58" z_order="0">
    </points>
    <points frame="403" outside="0" occluded="0" keyframe="0" points="698.75,568.59" z_order="0">
    </points>
    <points frame="404" outside="0" occluded="0" keyframe="0" points="699.01,568.59" z_order="0">
    </points>
    <points frame="405" outside="0" occluded="0" keyframe="0" points="699.28,568.59" z_order="0">
    </points>
    <points frame="406" outside="0" occluded="0" keyframe="0" points="699.54,568.59" z_order="0">
    </points>
    <points frame="407" outside="0" occluded="0" keyframe="0" points="699.81,568.59" z_order="0">
    </points>
    <points frame="408" outside="0" occluded="0" keyframe="0" points="700.07,568.60" z_order="0">
    </points>
    <points frame="409" outside="0" occluded="0" keyframe="0" points="700.34,568.60" z_order="0">
    </points>
    <points frame="410" outside="0" occluded="0" keyframe="1" points="700.60,568.60" z_order="0">
    </points>
    <points frame="411" outside="0" occluded="0" keyframe="0" points="699.81,568.47" z_order="0">
    </points>
    <points frame="412" outside="0" occluded="0" keyframe="0" points="699.02,568.34" z_order="0">
    </points>
    <points frame="413" outside="0" occluded="0" keyframe="0" points="698.23,568.21" z_order="0">
    </points>
    <points frame="414" outside="0" occluded="0" keyframe="0" points="697.44,568.08" z_order="0">
    </points>
    <points frame="415" outside="0" occluded="0" keyframe="0" points="696.65,567.95" z_order="0">
    </points>
    <points frame="416" outside="0" occluded="0" keyframe="0" points="695.86,567.82" z_order="0">
    </points>
    <points frame="417" outside="0" occluded="0" keyframe="0" points="695.07,567.69" z_order="0">
    </points>
    <points frame="418" outside="0" occluded="0" keyframe="0" points="694.28,567.56" z_order="0">
    </points>
    <points frame="419" outside="0" occluded="0" keyframe="0" points="693.49,567.43" z_order="0">
    </points>
    <points frame="420" outside="0" occluded="0" keyframe="1" points="692.70,567.30" z_order="0">
    </points>
    <points frame="421" outside="0" occluded="0" keyframe="0" points="693.36,567.30" z_order="0">
    </points>
    <points frame="422" outside="0" occluded="0" keyframe="0" points="694.02,567.30" z_order="0">
    </points>
    <points frame="423" outside="0" occluded="0" keyframe="0" points="694.68,567.30" z_order="0">
    </points>
    <points frame="424" outside="0" occluded="0" keyframe="0" points="695.34,567.30" z_order="0">
    </points>
    <points frame="425" outside="0" occluded="0" keyframe="0" points="696.00,567.30" z_order="0">
    </points>
    <points frame="426" outside="0" occluded="0" keyframe="0" points="696.66,567.30" z_order="0">
    </points>
    <points frame="427" outside="0" occluded="0" keyframe="0" points="697.32,567.30" z_order="0">
    </points>
    <points frame="428" outside="0" occluded="0" keyframe="0" points="697.98,567.30" z_order="0">
    </points>
    <points frame="429" outside="0" occluded="0" keyframe="0" points="698.64,567.30" z_order="0">
    </points>
    <points frame="430" outside="0" occluded="0" keyframe="1" points="699.30,567.30" z_order="0">
    </points>
    <points frame="431" outside="0" occluded="0" keyframe="0" points="692.70,564.53" z_order="0">
    </points>
    <points frame="432" outside="0" occluded="0" keyframe="0" points="686.10,561.76" z_order="0">
    </points>
    <points frame="433" outside="0" occluded="0" keyframe="0" points="679.50,558.99" z_order="0">
    </points>
    <points frame="434" outside="0" occluded="0" keyframe="0" points="672.90,556.22" z_order="0">
    </points>
    <points frame="435" outside="0" occluded="0" keyframe="0" points="666.30,553.45" z_order="0">
    </points>
    <points frame="436" outside="0" occluded="0" keyframe="0" points="659.70,550.68" z_order="0">
    </points>
    <points frame="437" outside="0" occluded="0" keyframe="0" points="653.10,547.91" z_order="0">
    </points>
    <points frame="438" outside="0" occluded="0" keyframe="0" points="646.50,545.14" z_order="0">
    </points>
    <points frame="439" outside="0" occluded="0" keyframe="0" points="639.90,542.37" z_order="0">
    </points>
    <points frame="440" outside="0" occluded="0" keyframe="1" points="633.30,539.60" z_order="0">
    </points>
    <points frame="441" outside="0" occluded="0" keyframe="0" points="640.69,540.92" z_order="0">
    </points>
    <points frame="442" outside="0" occluded="0" keyframe="0" points="648.08,542.24" z_order="0">
    </points>
    <points frame="443" outside="0" occluded="0" keyframe="0" points="655.47,543.56" z_order="0">
    </points>
    <points frame="444" outside="0" occluded="0" keyframe="0" points="662.86,544.88" z_order="0">
    </points>
    <points frame="445" outside="0" occluded="0" keyframe="0" points="670.25,546.20" z_order="0">
    </points>
    <points frame="446" outside="0" occluded="0" keyframe="0" points="677.64,547.52" z_order="0">
    </points>
    <points frame="447" outside="0" occluded="0" keyframe="0" points="685.03,548.84" z_order="0">
    </points>
    <points frame="448" outside="0" occluded="0" keyframe="0" points="692.42,550.16" z_order="0">
    </points>
    <points frame="449" outside="0" occluded="0" keyframe="0" points="699.81,551.48" z_order="0">
    </points>
    <points frame="450" outside="0" occluded="0" keyframe="1" points="707.20,552.80" z_order="0">
    </points>
    <points frame="451" outside="0" occluded="0" keyframe="0" points="702.18,553.06" z_order="0">
    </points>
    <points frame="452" outside="0" occluded="0" keyframe="0" points="697.16,553.32" z_order="0">
    </points>
    <points frame="453" outside="0" occluded="0" keyframe="0" points="692.14,553.58" z_order="0">
    </points>
    <points frame="454" outside="0" occluded="0" keyframe="0" points="687.12,553.84" z_order="0">
    </points>
    <points frame="455" outside="0" occluded="0" keyframe="0" points="682.10,554.10" z_order="0">
    </points>
    <points frame="456" outside="0" occluded="0" keyframe="0" points="677.08,554.36" z_order="0">
    </points>
    <points frame="457" outside="0" occluded="0" keyframe="0" points="672.06,554.62" z_order="0">
    </points>
    <points frame="458" outside="0" occluded="0" keyframe="0" points="667.04,554.88" z_order="0">
    </points>
    <points frame="459" outside="0" occluded="0" keyframe="0" points="662.02,555.14" z_order="0">
    </points>
    <points frame="460" outside="0" occluded="0" keyframe="1" points="657.00,555.40" z_order="0">
    </points>
    <points frame="461" outside="0" occluded="0" keyframe="0" points="661.49,556.32" z_order="0">
    </points>
    <points frame="462" outside="0" occluded="0" keyframe="0" points="665.98,557.24" z_order="0">
    </points>
    <points frame="463" outside="0" occluded="0" keyframe="0" points="670.47,558.16" z_order="0">
    </points>
    <points frame="464" outside="0" occluded="0" keyframe="0" points="674.96,559.08" z_order="0">
    </points>
    <points frame="465" outside="0" occluded="0" keyframe="0" points="679.45,560.00" z_order="0">
    </points>
    <points frame="466" outside="0" occluded="0" keyframe="0" points="683.94,560.92" z_order="0">
    </points>
    <points frame="467" outside="0" occluded="0" keyframe="0" points="688.43,561.84" z_order="0">
    </points>
    <points frame="468" outside="0" occluded="0" keyframe="0" points="692.92,562.76" z_order="0">
    </points>
    <points frame="469" outside="0" occluded="0" keyframe="0" points="697.41,563.68" z_order="0">
    </points>
    <points frame="470" outside="0" occluded="0" keyframe="1" points="701.90,564.60" z_order="0">
    </points>
    <points frame="471" outside="0" occluded="0" keyframe="0" points="702.96,564.73" z_order="0">
    </points>
    <points frame="472" outside="0" occluded="0" keyframe="0" points="704.02,564.86" z_order="0">
    </points>
    <points frame="473" outside="0" occluded="0" keyframe="0" points="705.08,564.99" z_order="0">
    </points>
    <points frame="474" outside="0" occluded="0" keyframe="0" points="706.14,565.12" z_order="0">
    </points>
    <points frame="475" outside="0" occluded="0" keyframe="0" points="707.20,565.25" z_order="0">
    </points>
    <points frame="476" outside="0" occluded="0" keyframe="0" points="708.26,565.38" z_order="0">
    </points>
    <points frame="477" outside="0" occluded="0" keyframe="0" points="709.32,565.51" z_order="0">
    </points>
    <points frame="478" outside="0" occluded="0" keyframe="0" points="710.38,565.64" z_order="0">
    </points>
    <points frame="479" outside="0" occluded="0" keyframe="0" points="711.44,565.77" z_order="0">
    </points>
    <points frame="480" outside="0" occluded="0" keyframe="1" points="712.50,565.90" z_order="0">
    </points>
    <points frame="481" outside="0" occluded="0" keyframe="0" points="711.18,565.90" z_order="0">
    </points>
    <points frame="482" outside="0" occluded="0" keyframe="0" points="709.86,565.90" z_order="0">
    </points>
    <points frame="483" outside="0" occluded="0" keyframe="0" points="708.54,565.90" z_order="0">
    </points>
    <points frame="484" outside="0" occluded="0" keyframe="0" points="707.22,565.90" z_order="0">
    </points>
    <points frame="485" outside="0" occluded="0" keyframe="0" points="705.90,565.90" z_order="0">
    </points>
    <points frame="486" outside="0" occluded="0" keyframe="0" points="704.58,565.90" z_order="0">
    </points>
    <points frame="487" outside="0" occluded="0" keyframe="0" points="703.26,565.90" z_order="0">
    </points>
    <points frame="488" outside="0" occluded="0" keyframe="0" points="701.94,565.90" z_order="0">
    </points>
    <points frame="489" outside="0" occluded="0" keyframe="0" points="700.62,565.90" z_order="0">
    </points>
    <points frame="490" outside="0" occluded="0" keyframe="1" points="699.30,565.90" z_order="0">
    </points>
    <points frame="491" outside="0" occluded="0" keyframe="0" points="698.90,565.90" z_order="0">
    </points>
    <points frame="492" outside="0" occluded="0" keyframe="0" points="698.50,565.90" z_order="0">
    </points>
    <points frame="493" outside="0" occluded="0" keyframe="0" points="698.10,565.90" z_order="0">
    </points>
    <points frame="494" outside="0" occluded="0" keyframe="0" points="697.70,565.90" z_order="0">
    </points>
    <points frame="495" outside="0" occluded="0" keyframe="0" points="697.30,565.90" z_order="0">
    </points>
    <points frame="496" outside="0" occluded="0" keyframe="0" points="696.90,565.90" z_order="0">
    </points>
    <points frame="497" outside="0" occluded="0" keyframe="0" points="696.50,565.90" z_order="0">
    </points>
    <points frame="498" outside="0" occluded="0" keyframe="0" points="696.10,565.90" z_order="0">
    </points>
    <points frame="499" outside="0" occluded="0" keyframe="0" points="695.70,565.90" z_order="0">
    </points>
    <points frame="500" outside="0" occluded="0" keyframe="1" points="695.30,565.90" z_order="0">
    </points>
    <points frame="501" outside="0" occluded="0" keyframe="0" points="695.30,565.90" z_order="0">
    </points>
    <points frame="502" outside="0" occluded="0" keyframe="0" points="695.30,565.90" z_order="0">
    </points>
    <points frame="503" outside="0" occluded="0" keyframe="0" points="695.30,565.90" z_order="0">
    </points>
    <points frame="504" outside="0" occluded="0" keyframe="0" points="695.30,565.90" z_order="0">
    </points>
    <points frame="505" outside="0" occluded="0" keyframe="0" points="695.30,565.90" z_order="0">
    </points>
    <points frame="506" outside="0" occluded="0" keyframe="0" points="695.30,565.90" z_order="0">
    </points>
    <points frame="507" outside="0" occluded="0" keyframe="0" points="695.30,565.90" z_order="0">
    </points>
    <points frame="508" outside="0" occluded="0" keyframe="0" points="695.30,565.90" z_order="0">
    </points>
    <points frame="509" outside="0" occluded="0" keyframe="0" points="695.30,565.90" z_order="0">
    </points>
    <points frame="510" outside="0" occluded="0" keyframe="0" points="695.30,565.90" z_order="0">
    </points>
    <points frame="511" outside="0" occluded="0" keyframe="0" points="695.30,565.90" z_order="0">
    </points>
    <points frame="512" outside="0" occluded="0" keyframe="0" points="695.30,565.90" z_order="0">
    </points>
    <points frame="513" outside="0" occluded="0" keyframe="0" points="695.30,565.90" z_order="0">
    </points>
    <points frame="514" outside="0" occluded="0" keyframe="0" points="695.30,565.90" z_order="0">
    </points>
    <points frame="515" outside="0" occluded="0" keyframe="0" points="695.30,565.90" z_order="0">
    </points>
    <points frame="516" outside="0" occluded="0" keyframe="0" points="695.30,565.90" z_order="0">
    </points>
    <points frame="517" outside="0" occluded="0" keyframe="0" points="695.30,565.90" z_order="0">
    </points>
    <points frame="518" outside="0" occluded="0" keyframe="0" points="695.30,565.90" z_order="0">
    </points>
    <points frame="519" outside="0" occluded="0" keyframe="0" points="695.30,565.90" z_order="0">
    </points>
    <points frame="520" outside="0" occluded="0" keyframe="0" points="695.30,565.90" z_order="0">
    </points>
    <points frame="521" outside="0" occluded="0" keyframe="0" points="695.30,565.90" z_order="0">
    </points>
    <points frame="522" outside="0" occluded="0" keyframe="0" points="695.30,565.90" z_order="0">
    </points>
    <points frame="523" outside="0" occluded="0" keyframe="0" points="695.30,565.90" z_order="0">
    </points>
    <points frame="524" outside="0" occluded="0" keyframe="0" points="695.30,565.90" z_order="0">
    </points>
    <points frame="525" outside="0" occluded="0" keyframe="0" points="695.30,565.90" z_order="0">
    </points>
    <points frame="526" outside="0" occluded="0" keyframe="0" points="695.30,565.90" z_order="0">
    </points>
    <points frame="527" outside="0" occluded="0" keyframe="0" points="695.30,565.90" z_order="0">
    </points>
    <points frame="528" outside="0" occluded="0" keyframe="0" points="695.30,565.90" z_order="0">
    </points>
    <points frame="529" outside="0" occluded="0" keyframe="0" points="695.30,565.90" z_order="0">
    </points>
    <points frame="530" outside="0" occluded="0" keyframe="0" points="695.30,565.90" z_order="0">
    </points>
    <points frame="531" outside="0" occluded="0" keyframe="0" points="695.30,565.90" z_order="0">
    </points>
    <points frame="532" outside="0" occluded="0" keyframe="0" points="695.30,565.90" z_order="0">
    </points>
    <points frame="533" outside="0" occluded="0" keyframe="0" points="695.30,565.90" z_order="0">
    </points>
    <points frame="534" outside="0" occluded="0" keyframe="0" points="695.30,565.90" z_order="0">
    </points>
    <points frame="535" outside="0" occluded="0" keyframe="0" points="695.30,565.90" z_order="0">
    </points>
    <points frame="536" outside="0" occluded="0" keyframe="0" points="695.30,565.90" z_order="0">
    </points>
    <points frame="537" outside="0" occluded="0" keyframe="0" points="695.30,565.90" z_order="0">
    </points>
    <points frame="538" outside="0" occluded="0" keyframe="0" points="695.30,565.90" z_order="0">
    </points>
    <points frame="539" outside="0" occluded="0" keyframe="0" points="695.30,565.90" z_order="0">
    </points>
    <points frame="540" outside="0" occluded="0" keyframe="0" points="695.30,565.90" z_order="0">
    </points>
  </track>
  <track id="1" label="M" source="manual">
    <points frame="0" outside="0" occluded="0" keyframe="1" points="453.93,633.46" z_order="0">
    </points>
    <points frame="1" outside="0" occluded="0" keyframe="0" points="453.83,633.29" z_order="0">
    </points>
    <points frame="2" outside="0" occluded="0" keyframe="0" points="453.74,633.13" z_order="0">
    </points>
    <points frame="3" outside="0" occluded="0" keyframe="0" points="453.64,632.96" z_order="0">
    </points>
    <points frame="4" outside="0" occluded="0" keyframe="0" points="453.55,632.80" z_order="0">
    </points>
    <points frame="5" outside="0" occluded="0" keyframe="0" points="453.45,632.63" z_order="0">
    </points>
    <points frame="6" outside="0" occluded="0" keyframe="0" points="453.36,632.47" z_order="0">
    </points>
    <points frame="7" outside="0" occluded="0" keyframe="0" points="453.26,632.30" z_order="0">
    </points>
    <points frame="8" outside="0" occluded="0" keyframe="0" points="453.17,632.14" z_order="0">
    </points>
    <points frame="9" outside="0" occluded="0" keyframe="0" points="453.07,631.97" z_order="0">
    </points>
    <points frame="10" outside="0" occluded="0" keyframe="0" points="452.98,631.81" z_order="0">
    </points>
    <points frame="11" outside="0" occluded="0" keyframe="0" points="452.88,631.64" z_order="0">
    </points>
    <points frame="12" outside="0" occluded="0" keyframe="0" points="452.79,631.48" z_order="0">
    </points>
    <points frame="13" outside="0" occluded="0" keyframe="0" points="452.69,631.31" z_order="0">
    </points>
    <points frame="14" outside="0" occluded="0" keyframe="0" points="452.60,631.15" z_order="0">
    </points>
    <points frame="15" outside="0" occluded="0" keyframe="0" points="452.50,630.98" z_order="0">
    </points>
    <points frame="16" outside="0" occluded="0" keyframe="0" points="452.41,630.81" z_order="0">
    </points>
    <points frame="17" outside="0" occluded="0" keyframe="0" points="452.32,630.65" z_order="0">
    </points>
    <points frame="18" outside="0" occluded="0" keyframe="0" points="452.22,630.48" z_order="0">
    </points>
    <points frame="19" outside="0" occluded="0" keyframe="0" points="452.13,630.32" z_order="0">
    </points>
    <points frame="20" outside="0" occluded="0" keyframe="0" points="452.03,630.15" z_order="0">
    </points>
    <points frame="21" outside="0" occluded="0" keyframe="0" points="451.94,629.99" z_order="0">
    </points>
    <points frame="22" outside="0" occluded="0" keyframe="0" points="451.84,629.82" z_order="0">
    </points>
    <points frame="23" outside="0" occluded="0" keyframe="0" points="451.75,629.66" z_order="0">
    </points>
    <points frame="24" outside="0" occluded="0" keyframe="0" points="451.65,629.49" z_order="0">
    </points>
    <points frame="25" outside="0" occluded="0" keyframe="0" points="451.56,629.33" z_order="0">
    </points>
    <points frame="26" outside="0" occluded="0" keyframe="0" points="451.46,629.16" z_order="0">
    </points>
    <points frame="27" outside="0" occluded="0" keyframe="0" points="451.37,629.00" z_order="0">
    </points>
    <points frame="28" outside="0" occluded="0" keyframe="0" points="451.27,628.83" z_order="0">
    </points>
    <points frame="29" outside="0" occluded="0" keyframe="0" points="451.18,628.67" z_order="0">
    </points>
    <points frame="30" outside="0" occluded="0" keyframe="0" points="451.08,628.50" z_order="0">
    </points>
    <points frame="31" outside="0" occluded="0" keyframe="0" points="450.99,628.34" z_order="0">
    </points>
    <points frame="32" outside="0" occluded="0" keyframe="0" points="450.89,628.17" z_order="0">
    </points>
    <points frame="33" outside="0" occluded="0" keyframe="0" points="450.80,628.01" z_order="0">
    </points>
    <points frame="34" outside="0" occluded="0" keyframe="0" points="450.70,627.84" z_order="0">
    </points>
    <points frame="35" outside="0" occluded="0" keyframe="0" points="450.61,627.67" z_order="0">
    </points>
    <points frame="36" outside="0" occluded="0" keyframe="0" points="450.51,627.51" z_order="0">
    </points>
    <points frame="37" outside="0" occluded="0" keyframe="0" points="450.42,627.34" z_order="0">
    </points>
    <points frame="38" outside="0" occluded="0" keyframe="0" points="450.32,627.18" z_order="0">
    </points>
    <points frame="39" outside="0" occluded="0" keyframe="0" points="450.23,627.01" z_order="0">
    </points>
    <points frame="40" outside="0" occluded="0" keyframe="0" points="450.13,626.85" z_order="0">
    </points>
    <points frame="41" outside="0" occluded="0" keyframe="0" points="450.04,626.68" z_order="0">
    </points>
    <points frame="42" outside="0" occluded="0" keyframe="0" points="449.94,626.52" z_order="0">
    </points>
    <points frame="43" outside="0" occluded="0" keyframe="0" points="449.85,626.35" z_order="0">
    </points>
    <points frame="44" outside="0" occluded="0" keyframe="0" points="449.75,626.19" z_order="0">
    </points>
    <points frame="45" outside="0" occluded="0" keyframe="0" points="449.66,626.02" z_order="0">
    </points>
    <points frame="46" outside="0" occluded="0" keyframe="0" points="449.56,625.86" z_order="0">
    </points>
    <points frame="47" outside="0" occluded="0" keyframe="0" points="449.47,625.69" z_order="0">
    </points>
    <points frame="48" outside="0" occluded="0" keyframe="0" points="449.37,625.53" z_order="0">
    </points>
    <points frame="49" outside="0" occluded="0" keyframe="0" points="449.28,625.36" z_order="0">
    </points>
    <points frame="50" outside="0" occluded="0" keyframe="0" points="449.18,625.20" z_order="0">
    </points>
    <points frame="51" outside="0" occluded="0" keyframe="0" points="449.09,625.03" z_order="0">
    </points>
    <points frame="52" outside="0" occluded="0" keyframe="0" points="448.99,624.87" z_order="0">
    </points>
    <points frame="53" outside="0" occluded="0" keyframe="1" points="448.90,624.70" z_order="0">
    </points>
    <points frame="54" outside="0" occluded="0" keyframe="0" points="450.28,623.57" z_order="0">
    </points>
    <points frame="55" outside="0" occluded="0" keyframe="0" points="451.66,622.44" z_order="0">
    </points>
    <points frame="56" outside="0" occluded="0" keyframe="0" points="453.04,621.31" z_order="0">
    </points>
    <points frame="57" outside="0" occluded="0" keyframe="0" points="454.42,620.18" z_order="0">
    </points>
    <points frame="58" outside="0" occluded="0" keyframe="0" points="455.80,619.05" z_order="0">
    </points>
    <points frame="59" outside="0" occluded="0" keyframe="0" points="457.18,617.92" z_order="0">
    </points>
    <points frame="60" outside="0" occluded="0" keyframe="0" points="458.56,616.79" z_order="0">
    </points>
    <points frame="61" outside="0" occluded="0" keyframe="0" points="459.94,615.66" z_order="0">
    </points>
    <points frame="62" outside="0" occluded="0" keyframe="0" points="461.32,614.53" z_order="0">
    </points>
    <points frame="63" outside="0" occluded="0" keyframe="1" points="462.70,613.40" z_order="0">
    </points>
    <points frame="64" outside="0" occluded="0" keyframe="0" points="461.82,613.40" z_order="0">
    </points>
    <points frame="65" outside="0" occluded="0" keyframe="0" points="460.94,613.40" z_order="0">
    </points>
    <points frame="66" outside="0" occluded="0" keyframe="0" points="460.06,613.40" z_order="0">
    </points>
    <points frame="67" outside="0" occluded="0" keyframe="0" points="459.18,613.40" z_order="0">
    </points>
    <points frame="68" outside="0" occluded="0" keyframe="0" points="458.30,613.40" z_order="0">
    </points>
    <points frame="69" outside="0" occluded="0" keyframe="0" points="457.42,613.40" z_order="0">
    </points>
    <points frame="70" outside="0" occluded="0" keyframe="0" points="456.54,613.40" z_order="0">
    </points>
    <points frame="71" outside="0" occluded="0" keyframe="0" points="455.66,613.40" z_order="0">
    </points>
    <points frame="72" outside="0" occluded="0" keyframe="0" points="454.78,613.40" z_order="0">
    </points>
    <points frame="73" outside="0" occluded="0" keyframe="1" points="453.90,613.40" z_order="0">
    </points>
    <points frame="74" outside="0" occluded="0" keyframe="0" points="453.77,613.40" z_order="0">
    </points>
    <points frame="75" outside="0" occluded="0" keyframe="0" points="453.64,613.40" z_order="0">
    </points>
    <points frame="76" outside="0" occluded="0" keyframe="0" points="453.51,613.40" z_order="0">
    </points>
    <points frame="77" outside="0" occluded="0" keyframe="0" points="453.38,613.40" z_order="0">
    </points>
    <points frame="78" outside="0" occluded="0" keyframe="0" points="453.25,613.40" z_order="0">
    </points>
    <points frame="79" outside="0" occluded="0" keyframe="0" points="453.12,613.40" z_order="0">
    </points>
    <points frame="80" outside="0" occluded="0" keyframe="0" points="452.99,613.40" z_order="0">
    </points>
    <points frame="81" outside="0" occluded="0" keyframe="0" points="452.86,613.40" z_order="0">
    </points>
    <points frame="82" outside="0" occluded="0" keyframe="0" points="452.73,613.40" z_order="0">
    </points>
    <points frame="83" outside="0" occluded="0" keyframe="1" points="452.60,613.40" z_order="0">
    </points>
    <points frame="84" outside="0" occluded="0" keyframe="0" points="453.17,613.03" z_order="0">
    </points>
    <points frame="85" outside="0" occluded="0" keyframe="0" points="453.73,612.65" z_order="0">
    </points>
    <points frame="86" outside="0" occluded="0" keyframe="0" points="454.30,612.28" z_order="0">
    </points>
    <points frame="87" outside="0" occluded="0" keyframe="0" points="454.86,611.90" z_order="0">
    </points>
    <points frame="88" outside="0" occluded="0" keyframe="0" points="455.43,611.53" z_order="0">
    </points>
    <points frame="89" outside="0" occluded="0" keyframe="0" points="455.99,611.15" z_order="0">
    </points>
    <points frame="90" outside="0" occluded="0" keyframe="0" points="456.56,610.78" z_order="0">
    </points>
    <points frame="91" outside="0" occluded="0" keyframe="0" points="457.12,610.40" z_order="0">
    </points>
    <points frame="92" outside="0" occluded="0" keyframe="0" points="457.69,610.03" z_order="0">
    </points>
    <points frame="93" outside="0" occluded="0" keyframe="0" points="458.25,609.65" z_order="0">
    </points>
    <points frame="94" outside="0" occluded="0" keyframe="0" points="458.82,609.28" z_order="0">
    </points>
    <points frame="95" outside="0" occluded="0" keyframe="0" points="459.38,608.90" z_order="0">
    </points>
    <points frame="96" outside="0" occluded="0" keyframe="0" points="459.95,608.53" z_order="0">
    </points>
    <points frame="97" outside="0" occluded="0" keyframe="0" points="460.51,608.15" z_order="0">
    </points>
    <points frame="98" outside="0" occluded="0" keyframe="0" points="461.08,607.78" z_order="0">
    </points>
    <points frame="99" outside="0" occluded="0" keyframe="0" points="461.64,607.40" z_order="0">
    </points>
    <points frame="100" outside="0" occluded="0" keyframe="0" points="462.21,607.03" z_order="0">
    </points>
    <points frame="101" outside="0" occluded="0" keyframe="0" points="462.77,606.65" z_order="0">
    </points>
    <points frame="102" outside="0" occluded="0" keyframe="0" points="463.34,606.28" z_order="0">
    </points>
    <points frame="103" outside="0" occluded="0" keyframe="1" points="463.90,605.90" z_order="0">
    </points>
    <points frame="104" outside="0" occluded="0" keyframe="0" points="463.27,607.03" z_order="0">
    </points>
    <points frame="105" outside="0" occluded="0" keyframe="0" points="462.64,608.16" z_order="0">
    </points>
    <points frame="106" outside="0" occluded="0" keyframe="0" points="462.01,609.29" z_order="0">
    </points>
    <points frame="107" outside="0" occluded="0" keyframe="0" points="461.38,610.42" z_order="0">
    </points>
    <points frame="108" outside="0" occluded="0" keyframe="0" points="460.75,611.55" z_order="0">
    </points>
    <points frame="109" outside="0" occluded="0" keyframe="0" points="460.12,612.68" z_order="0">
    </points>
    <points frame="110" outside="0" occluded="0" keyframe="0" points="459.49,613.81" z_order="0">
    </points>
    <points frame="111" outside="0" occluded="0" keyframe="0" points="458.86,614.94" z_order="0">
    </points>
    <points frame="112" outside="0" occluded="0" keyframe="0" points="458.23,616.07" z_order="0">
    </points>
    <points frame="113" outside="0" occluded="0" keyframe="1" points="457.60,617.20" z_order="0">
    </points>
    <points frame="114" outside="0" occluded="0" keyframe="0" points="455.60,620.33" z_order="0">
    </points>
    <points frame="115" outside="0" occluded="0" keyframe="0" points="453.60,623.46" z_order="0">
    </points>
    <points frame="116" outside="0" occluded="0" keyframe="0" points="451.60,626.59" z_order="0">
    </points>
    <points frame="117" outside="0" occluded="0" keyframe="0" points="449.60,629.72" z_order="0">
    </points>
    <points frame="118" outside="0" occluded="0" keyframe="0" points="447.60,632.85" z_order="0">
    </points>
    <points frame="119" outside="0" occluded="0" keyframe="0" points="445.60,635.98" z_order="0">
    </points>
    <points frame="120" outside="0" occluded="0" keyframe="0" points="443.60,639.11" z_order="0">
    </points>
    <points frame="121" outside="0" occluded="0" keyframe="0" points="441.60,642.24" z_order="0">
    </points>
    <points frame="122" outside="0" occluded="0" keyframe="0" points="439.60,645.37" z_order="0">
    </points>
    <points frame="123" outside="0" occluded="0" keyframe="1" points="437.60,648.50" z_order="0">
    </points>
    <points frame="124" outside="0" occluded="0" keyframe="0" points="437.79,648.25" z_order="0">
    </points>
    <points frame="125" outside="0" occluded="0" keyframe="0" points="437.98,648.00" z_order="0">
    </points>
    <points frame="126" outside="0" occluded="0" keyframe="0" points="438.17,647.75" z_order="0">
    </points>
    <points frame="127" outside="0" occluded="0" keyframe="0" points="438.36,647.50" z_order="0">
    </points>
    <points frame="128" outside="0" occluded="0" keyframe="0" points="438.55,647.25" z_order="0">
    </points>
    <points frame="129" outside="0" occluded="0" keyframe="0" points="438.74,647.00" z_order="0">
    </points>
    <points frame="130" outside="0" occluded="0" keyframe="0" points="438.93,646.75" z_order="0">
    </points>
    <points frame="131" outside="0" occluded="0" keyframe="0" points="439.12,646.50" z_order="0">
    </points>
    <points frame="132" outside="0" occluded="0" keyframe="0" points="439.31,646.25" z_order="0">
    </points>
    <points frame="133" outside="0" occluded="0" keyframe="0" points="439.50,646.00" z_order="0">
    </points>
    <points frame="134" outside="0" occluded="0" keyframe="0" points="439.69,645.75" z_order="0">
    </points>
    <points frame="135" outside="0" occluded="0" keyframe="0" points="439.88,645.50" z_order="0">
    </points>
    <points frame="136" outside="0" occluded="0" keyframe="0" points="440.07,645.25" z_order="0">
    </points>
    <points frame="137" outside="0" occluded="0" keyframe="0" points="440.26,645.00" z_order="0">
    </points>
    <points frame="138" outside="0" occluded="0" keyframe="0" points="440.45,644.75" z_order="0">
    </points>
    <points frame="139" outside="0" occluded="0" keyframe="0" points="440.64,644.50" z_order="0">
    </points>
    <points frame="140" outside="0" occluded="0" keyframe="0" points="440.83,644.25" z_order="0">
    </points>
    <points frame="141" outside="0" occluded="0" keyframe="0" points="441.02,644.00" z_order="0">
    </points>
    <points frame="142" outside="0" occluded="0" keyframe="0" points="441.21,643.75" z_order="0">
    </points>
    <points frame="143" outside="0" occluded="0" keyframe="1" points="441.40,643.50" z_order="0">
    </points>
    <points frame="144" outside="0" occluded="0" keyframe="0" points="441.65,643.50" z_order="0">
    </points>
    <points frame="145" outside="0" occluded="0" keyframe="0" points="441.90,643.50" z_order="0">
    </points>
    <points frame="146" outside="0" occluded="0" keyframe="0" points="442.15,643.50" z_order="0">
    </points>
    <points frame="147" outside="0" occluded="0" keyframe="0" points="442.40,643.50" z_order="0">
    </points>
    <points frame="148" outside="0" occluded="0" keyframe="0" points="442.65,643.50" z_order="0">
    </points>
    <points frame="149" outside="0" occluded="0" keyframe="0" points="442.90,643.50" z_order="0">
    </points>
    <points frame="150" outside="0" occluded="0" keyframe="0" points="443.15,643.50" z_order="0">
    </points>
    <points frame="151" outside="0" occluded="0" keyframe="0" points="443.40,643.50" z_order="0">
    </points>
    <points frame="152" outside="0" occluded="0" keyframe="0" points="443.65,643.50" z_order="0">
    </points>
    <points frame="153" outside="0" occluded="0" keyframe="1" points="443.90,643.50" z_order="0">
    </points>
    <points frame="154" outside="0" occluded="0" keyframe="0" points="444.53,643.50" z_order="0">
    </points>
    <points frame="155" outside="0" occluded="0" keyframe="0" points="445.16,643.50" z_order="0">
    </points>
    <points frame="156" outside="0" occluded="0" keyframe="0" points="445.79,643.50" z_order="0">
    </points>
    <points frame="157" outside="0" occluded="0" keyframe="0" points="446.42,643.50" z_order="0">
    </points>
    <points frame="158" outside="0" occluded="0" keyframe="0" points="447.05,643.50" z_order="0">
    </points>
    <points frame="159" outside="0" occluded="0" keyframe="0" points="447.68,643.50" z_order="0">
    </points>
    <points frame="160" outside="0" occluded="0" keyframe="0" points="448.31,643.50" z_order="0">
    </points>
    <points frame="161" outside="0" occluded="0" keyframe="0" points="448.94,643.50" z_order="0">
    </points>
    <points frame="162" outside="0" occluded="0" keyframe="0" points="449.57,643.50" z_order="0">
    </points>
    <points frame="163" outside="0" occluded="0" keyframe="1" points="450.20,643.50" z_order="0">
    </points>
    <points frame="164" outside="0" occluded="0" keyframe="0" points="450.27,643.25" z_order="0">
    </points>
    <points frame="165" outside="0" occluded="0" keyframe="0" points="450.33,643.00" z_order="0">
    </points>
    <points frame="166" outside="0" occluded="0" keyframe="0" points="450.40,642.75" z_order="0">
    </points>
    <points frame="167" outside="0" occluded="0" keyframe="0" points="450.46,642.50" z_order="0">
    </points>
    <points frame="168" outside="0" occluded="0" keyframe="0" points="450.53,642.25" z_order="0">
    </points>
    <points frame="169" outside="0" occluded="0" keyframe="0" points="450.59,642.00" z_order="0">
    </points>
    <points frame="170" outside="0" occluded="0" keyframe="0" points="450.66,641.75" z_order="0">
    </points>
    <points frame="171" outside="0" occluded="0" keyframe="0" points="450.72,641.50" z_order="0">
    </points>
    <points frame="172" outside="0" occluded="0" keyframe="0" points="450.79,641.25" z_order="0">
    </points>
    <points frame="173" outside="0" occluded="0" keyframe="0" points="450.85,641.00" z_order="0">
    </points>
    <points frame="174" outside="0" occluded="0" keyframe="0" points="450.92,640.75" z_order="0">
    </points>
    <points frame="175" outside="0" occluded="0" keyframe="0" points="450.98,640.50" z_order="0">
    </points>
    <points frame="176" outside="0" occluded="0" keyframe="0" points="451.05,640.25" z_order="0">
    </points>
    <points frame="177" outside="0" occluded="0" keyframe="0" points="451.11,640.00" z_order="0">
    </points>
    <points frame="178" outside="0" occluded="0" keyframe="0" points="451.18,639.75" z_order="0">
    </points>
    <points frame="179" outside="0" occluded="0" keyframe="0" points="451.24,639.50" z_order="0">
    </points>
    <points frame="180" outside="0" occluded="0" keyframe="0" points="451.31,639.25" z_order="0">
    </points>
    <points frame="181" outside="0" occluded="0" keyframe="0" points="451.37,639.00" z_order="0">
    </points>
    <points frame="182" outside="0" occluded="0" keyframe="0" points="451.44,638.75" z_order="0">
    </points>
    <points frame="183" outside="0" occluded="0" keyframe="1" points="451.50,638.50" z_order="0">
    </points>
    <points frame="184" outside="0" occluded="0" keyframe="0" points="451.50,638.46" z_order="0">
    </points>
    <points frame="185" outside="0" occluded="0" keyframe="0" points="451.50,638.41" z_order="0">
    </points>
    <points frame="186" outside="0" occluded="0" keyframe="0" points="451.50,638.37" z_order="0">
    </points>
    <points frame="187" outside="0" occluded="0" keyframe="0" points="451.50,638.33" z_order="0">
    </points>
    <points frame="188" outside="0" occluded="0" keyframe="0" points="451.50,638.28" z_order="0">
    </points>
    <points frame="189" outside="0" occluded="0" keyframe="0" points="451.50,638.24" z_order="0">
    </points>
    <points frame="190" outside="0" occluded="0" keyframe="0" points="451.50,638.20" z_order="0">
    </points>
    <points frame="191" outside="0" occluded="0" keyframe="0" points="451.50,638.15" z_order="0">
    </points>
    <points frame="192" outside="0" occluded="0" keyframe="0" points="451.50,638.11" z_order="0">
    </points>
    <points frame="193" outside="0" occluded="0" keyframe="0" points="451.50,638.07" z_order="0">
    </points>
    <points frame="194" outside="0" occluded="0" keyframe="0" points="451.50,638.02" z_order="0">
    </points>
    <points frame="195" outside="0" occluded="0" keyframe="0" points="451.50,637.98" z_order="0">
    </points>
    <points frame="196" outside="0" occluded="0" keyframe="0" points="451.50,637.94" z_order="0">
    </points>
    <points frame="197" outside="0" occluded="0" keyframe="0" points="451.50,637.89" z_order="0">
    </points>
    <points frame="198" outside="0" occluded="0" keyframe="0" points="451.50,637.85" z_order="0">
    </points>
    <points frame="199" outside="0" occluded="0" keyframe="0" points="451.50,637.81" z_order="0">
    </points>
    <points frame="200" outside="0" occluded="0" keyframe="0" points="451.50,637.76" z_order="0">
    </points>
    <points frame="201" outside="0" occluded="0" keyframe="0" points="451.50,637.72" z_order="0">
    </points>
    <points frame="202" outside="0" occluded="0" keyframe="0" points="451.50,637.68" z_order="0">
    </points>
    <points frame="203" outside="0" occluded="0" keyframe="0" points="451.50,637.63" z_order="0">
    </points>
    <points frame="204" outside="0" occluded="0" keyframe="0" points="451.50,637.59" z_order="0">
    </points>
    <points frame="205" outside="0" occluded="0" keyframe="0" points="451.50,637.55" z_order="0">
    </points>
    <points frame="206" outside="0" occluded="0" keyframe="0" points="451.50,637.50" z_order="0">
    </points>
    <points frame="207" outside="0" occluded="0" keyframe="0" points="451.50,637.46" z_order="0">
    </points>
    <points frame="208" outside="0" occluded="0" keyframe="0" points="451.50,637.42" z_order="0">
    </points>
    <points frame="209" outside="0" occluded="0" keyframe="0" points="451.50,637.37" z_order="0">
    </points>
    <points frame="210" outside="0" occluded="0" keyframe="0" points="451.50,637.33" z_order="0">
    </points>
    <points frame="211" outside="0" occluded="0" keyframe="0" points="451.50,637.29" z_order="0">
    </points>
    <points frame="212" outside="0" occluded="0" keyframe="0" points="451.50,637.24" z_order="0">
    </points>
    <points frame="213" outside="0" occluded="0" keyframe="1" points="451.50,637.20" z_order="0">
    </points>
    <points frame="214" outside="0" occluded="0" keyframe="0" points="451.62,637.08" z_order="0">
    </points>
    <points frame="215" outside="0" occluded="0" keyframe="0" points="451.75,636.95" z_order="0">
    </points>
    <points frame="216" outside="0" occluded="0" keyframe="0" points="451.88,636.83" z_order="0">
    </points>
    <points frame="217" outside="0" occluded="0" keyframe="0" points="452.00,636.70" z_order="0">
    </points>
    <points frame="218" outside="0" occluded="0" keyframe="0" points="452.12,636.58" z_order="0">
    </points>
    <points frame="219" outside="0" occluded="0" keyframe="0" points="452.25,636.45" z_order="0">
    </points>
    <points frame="220" outside="0" occluded="0" keyframe="0" points="452.38,636.33" z_order="0">
    </points>
    <points frame="221" outside="0" occluded="0" keyframe="0" points="452.50,636.20" z_order="0">
    </points>
    <points frame="222" outside="0" occluded="0" keyframe="0" points="452.62,636.08" z_order="0">
    </points>
    <points frame="223" outside="0" occluded="0" keyframe="0" points="452.75,635.95" z_order="0">
    </points>
    <points frame="224" outside="0" occluded="0" keyframe="0" points="452.88,635.83" z_order="0">
    </points>
    <points frame="225" outside="0" occluded="0" keyframe="0" points="453.00,635.70" z_order="0">
    </points>
    <points frame="226" outside="0" occluded="0" keyframe="0" points="453.12,635.58" z_order="0">
    </points>
    <points frame="227" outside="0" occluded="0" keyframe="0" points="453.25,635.45" z_order="0">
    </points>
    <points frame="228" outside="0" occluded="0" keyframe="0" points="453.38,635.33" z_order="0">
    </points>
    <points frame="229" outside="0" occluded="0" keyframe="0" points="453.50,635.20" z_order="0">
    </points>
    <points frame="230" outside="0" occluded="0" keyframe="0" points="453.62,635.08" z_order="0">
    </points>
    <points frame="231" outside="0" occluded="0" keyframe="0" points="453.75,634.95" z_order="0">
    </points>
    <points frame="232" outside="0" occluded="0" keyframe="0" points="453.88,634.83" z_order="0">
    </points>
    <points frame="233" outside="0" occluded="0" keyframe="1" points="454.00,634.70" z_order="0">
    </points>
    <points frame="234" outside="0" occluded="0" keyframe="0" points="453.75,634.57" z_order="0">
    </points>
    <points frame="235" outside="0" occluded="0" keyframe="0" points="453.50,634.44" z_order="0">
    </points>
    <points frame="236" outside="0" occluded="0" keyframe="0" points="453.25,634.31" z_order="0">
    </points>
    <points frame="237" outside="0" occluded="0" keyframe="0" points="453.00,634.18" z_order="0">
    </points>
    <points frame="238" outside="0" occluded="0" keyframe="0" points="452.75,634.05" z_order="0">
    </points>
    <points frame="239" outside="0" occluded="0" keyframe="0" points="452.50,633.92" z_order="0">
    </points>
    <points frame="240" outside="0" occluded="0" keyframe="0" points="452.25,633.79" z_order="0">
    </points>
    <points frame="241" outside="0" occluded="0" keyframe="0" points="452.00,633.66" z_order="0">
    </points>
    <points frame="242" outside="0" occluded="0" keyframe="0" points="451.75,633.53" z_order="0">
    </points>
    <points frame="243" outside="0" occluded="0" keyframe="1" points="451.50,633.40" z_order="0">
    </points>
    <points frame="244" outside="0" occluded="0" keyframe="0" points="451.50,633.27" z_order="0">
    </points>
    <points frame="245" outside="0" occluded="0" keyframe="0" points="451.50,633.15" z_order="0">
    </points>
    <points frame="246" outside="0" occluded="0" keyframe="0" points="451.50,633.02" z_order="0">
    </points>
    <points frame="247" outside="0" occluded="0" keyframe="0" points="451.50,632.89" z_order="0">
    </points>
    <points frame="248" outside="0" occluded="0" keyframe="0" points="451.50,632.77" z_order="0">
    </points>
    <points frame="249" outside="0" occluded="0" keyframe="0" points="451.50,632.64" z_order="0">
    </points>
    <points frame="250" outside="0" occluded="0" keyframe="0" points="451.50,632.51" z_order="0">
    </points>
    <points frame="251" outside="0" occluded="0" keyframe="0" points="451.50,632.39" z_order="0">
    </points>
    <points frame="252" outside="0" occluded="0" keyframe="0" points="451.50,632.26" z_order="0">
    </points>
    <points frame="253" outside="0" occluded="0" keyframe="0" points="451.50,632.13" z_order="0">
    </points>
    <points frame="254" outside="0" occluded="0" keyframe="0" points="451.50,632.01" z_order="0">
    </points>
    <points frame="255" outside="0" occluded="0" keyframe="0" points="451.50,631.88" z_order="0">
    </points>
    <points frame="256" outside="0" occluded="0" keyframe="0" points="451.50,631.75" z_order="0">
    </points>
    <points frame="257" outside="0" occluded="0" keyframe="0" points="451.50,631.63" z_order="0">
    </points>
    <points frame="258" outside="0" occluded="0" keyframe="0" points="451.50,631.50" z_order="0">
    </points>
    <points frame="259" outside="0" occluded="0" keyframe="0" points="451.50,631.37" z_order="0">
    </points>
    <points frame="260" outside="0" occluded="0" keyframe="0" points="451.50,631.25" z_order="0">
    </points>
    <points frame="261" outside="0" occluded="0" keyframe="0" points="451.50,631.12" z_order="0">
    </points>
    <points frame="262" outside="0" occluded="0" keyframe="0" points="451.50,630.99" z_order="0">
    </points>
    <points frame="263" outside="0" occluded="0" keyframe="0" points="451.50,630.87" z_order="0">
    </points>
    <points frame="264" outside="0" occluded="0" keyframe="0" points="451.50,630.74" z_order="0">
    </points>
    <points frame="265" outside="0" occluded="0" keyframe="0" points="451.50,630.61" z_order="0">
    </points>
    <points frame="266" outside="0" occluded="0" keyframe="0" points="451.50,630.49" z_order="0">
    </points>
    <points frame="267" outside="0" occluded="0" keyframe="0" points="451.50,630.36" z_order="0">
    </points>
    <points frame="268" outside="0" occluded="0" keyframe="0" points="451.50,630.23" z_order="0">
    </points>
    <points frame="269" outside="0" occluded="0" keyframe="0" points="451.50,630.11" z_order="0">
    </points>
    <points frame="270" outside="0" occluded="0" keyframe="0" points="451.50,629.98" z_order="0">
    </points>
    <points frame="271" outside="0" occluded="0" keyframe="0" points="451.50,629.85" z_order="0">
    </points>
    <points frame="272" outside="0" occluded="0" keyframe="0" points="451.50,629.73" z_order="0">
    </points>
    <points frame="273" outside="0" occluded="0" keyframe="1" points="451.50,629.60" z_order="0">
    </points>
    <points frame="274" outside="0" occluded="0" keyframe="0" points="451.37,629.60" z_order="0">
    </points>
    <points frame="275" outside="0" occluded="0" keyframe="0" points="451.25,629.60" z_order="0">
    </points>
    <points frame="276" outside="0" occluded="0" keyframe="0" points="451.12,629.60" z_order="0">
    </points>
    <points frame="277" outside="0" occluded="0" keyframe="0" points="450.99,629.60" z_order="0">
    </points>
    <points frame="278" outside="0" occluded="0" keyframe="0" points="450.87,629.60" z_order="0">
    </points>
    <points frame="279" outside="0" occluded="0" keyframe="0" points="450.74,629.60" z_order="0">
    </points>
    <points frame="280" outside="0" occluded="0" keyframe="0" points="450.61,629.60" z_order="0">
    </points>
    <points frame="281" outside="0" occluded="0" keyframe="0" points="450.49,629.60" z_order="0">
    </points>
    <points frame="282" outside="0" occluded="0" keyframe="0" points="450.36,629.60" z_order="0">
    </points>
    <points frame="283" outside="0" occluded="0" keyframe="0" points="450.23,629.60" z_order="0">
    </points>
    <points frame="284" outside="0" occluded="0" keyframe="0" points="450.11,629.60" z_order="0">
    </points>
    <points frame="285" outside="0" occluded="0" keyframe="0" points="449.98,629.60" z_order="0">
    </points>
    <points frame="286" outside="0" occluded="0" keyframe="0" points="449.85,629.60" z_order="0">
    </points>
    <points frame="287" outside="0" occluded="0" keyframe="0" points="449.73,629.60" z_order="0">
    </points>
    <points frame="288" outside="0" occluded="0" keyframe="0" points="449.60,629.60" z_order="0">
    </points>
    <points frame="289" outside="0" occluded="0" keyframe="0" points="449.47,629.60" z_order="0">
    </points>
    <points frame="290" outside="0" occluded="0" keyframe="0" points="449.35,629.60" z_order="0">
    </points>
    <points frame="291" outside="0" occluded="0" keyframe="0" points="449.22,629.60" z_order="0">
    </points>
    <points frame="292" outside="0" occluded="0" keyframe="0" points="449.09,629.60" z_order="0">
    </points>
    <points frame="293" outside="0" occluded="0" keyframe="0" points="448.97,629.60" z_order="0">
    </points>
    <points frame="294" outside="0" occluded="0" keyframe="0" points="448.84,629.60" z_order="0">
    </points>
    <points frame="295" outside="0" occluded="0" keyframe="0" points="448.71,629.60" z_order="0">
    </points>
    <points frame="296" outside="0" occluded="0" keyframe="0" points="448.59,629.60" z_order="0">
    </points>
    <points frame="297" outside="0" occluded="0" keyframe="0" points="448.46,629.60" z_order="0">
    </points>
    <points frame="298" outside="0" occluded="0" keyframe="0" points="448.33,629.60" z_order="0">
    </points>
    <points frame="299" outside="0" occluded="0" keyframe="0" points="448.21,629.60" z_order="0">
    </points>
    <points frame="300" outside="0" occluded="0" keyframe="0" points="448.08,629.60" z_order="0">
    </points>
    <points frame="301" outside="0" occluded="0" keyframe="0" points="447.95,629.60" z_order="0">
    </points>
    <points frame="302" outside="0" occluded="0" keyframe="0" points="447.83,629.60" z_order="0">
    </points>
    <points frame="303" outside="0" occluded="0" keyframe="1" points="447.70,629.60" z_order="0">
    </points>
    <points frame="304" outside="0" occluded="0" keyframe="0" points="447.45,629.60" z_order="0">
    </points>
    <points frame="305" outside="0" occluded="0" keyframe="0" points="447.20,629.60" z_order="0">
    </points>
    <points frame="306" outside="0" occluded="0" keyframe="0" points="446.95,629.60" z_order="0">
    </points>
    <points frame="307" outside="0" occluded="0" keyframe="0" points="446.70,629.60" z_order="0">
    </points>
    <points frame="308" outside="0" occluded="0" keyframe="0" points="446.45,629.60" z_order="0">
    </points>
    <points frame="309" outside="0" occluded="0" keyframe="0" points="446.20,629.60" z_order="0">
    </points>
    <points frame="310" outside="0" occluded="0" keyframe="0" points="445.95,629.60" z_order="0">
    </points>
    <points frame="311" outside="0" occluded="0" keyframe="0" points="445.70,629.60" z_order="0">
    </points>
    <points frame="312" outside="0" occluded="0" keyframe="0" points="445.45,629.60" z_order="0">
    </points>
    <points frame="313" outside="0" occluded="0" keyframe="1" points="445.20,629.60" z_order="0">
    </points>
    <points frame="314" outside="0" occluded="0" keyframe="0" points="445.24,629.60" z_order="0">
    </points>
    <points frame="315" outside="0" occluded="0" keyframe="0" points="445.28,629.60" z_order="0">
    </points>
    <points frame="316" outside="0" occluded="0" keyframe="0" points="445.33,629.60" z_order="0">
    </points>
    <points frame="317" outside="0" occluded="0" keyframe="0" points="445.37,629.60" z_order="0">
    </points>
    <points frame="318" outside="0" occluded="0" keyframe="0" points="445.41,629.60" z_order="0">
    </points>
    <points frame="319" outside="0" occluded="0" keyframe="0" points="445.45,629.60" z_order="0">
    </points>
    <points frame="320" outside="0" occluded="0" keyframe="0" points="445.49,629.60" z_order="0">
    </points>
    <points frame="321" outside="0" occluded="0" keyframe="0" points="445.53,629.60" z_order="0">
    </points>
    <points frame="322" outside="0" occluded="0" keyframe="0" points="445.58,629.60" z_order="0">
    </points>
    <points frame="323" outside="0" occluded="0" keyframe="0" points="445.62,629.60" z_order="0">
    </points>
    <points frame="324" outside="0" occluded="0" keyframe="0" points="445.66,629.60" z_order="0">
    </points>
    <points frame="325" outside="0" occluded="0" keyframe="0" points="445.70,629.60" z_order="0">
    </points>
    <points frame="326" outside="0" occluded="0" keyframe="0" points="445.74,629.60" z_order="0">
    </points>
    <points frame="327" outside="0" occluded="0" keyframe="0" points="445.78,629.60" z_order="0">
    </points>
    <points frame="328" outside="0" occluded="0" keyframe="0" points="445.83,629.60" z_order="0">
    </points>
    <points frame="329" outside="0" occluded="0" keyframe="0" points="445.87,629.60" z_order="0">
    </points>
    <points frame="330" outside="0" occluded="0" keyframe="0" points="445.91,629.60" z_order="0">
    </points>
    <points frame="331" outside="0" occluded="0" keyframe="0" points="445.95,629.60" z_order="0">
    </points>
    <points frame="332" outside="0" occluded="0" keyframe="0" points="445.99,629.60" z_order="0">
    </points>
    <points frame="333" outside="0" occluded="0" keyframe="0" points="446.03,629.60" z_order="0">
    </points>
    <points frame="334" outside="0" occluded="0" keyframe="0" points="446.08,629.60" z_order="0">
    </points>
    <points frame="335" outside="0" occluded="0" keyframe="0" points="446.12,629.60" z_order="0">
    </points>
    <points frame="336" outside="0" occluded="0" keyframe="0" points="446.16,629.60" z_order="0">
    </points>
    <points frame="337" outside="0" occluded="0" keyframe="0" points="446.20,629.60" z_order="0">
    </points>
    <points frame="338" outside="0" occluded="0" keyframe="0" points="446.24,629.60" z_order="0">
    </points>
    <points frame="339" outside="0" occluded="0" keyframe="0" points="446.28,629.60" z_order="0">
    </points>
    <points frame="340" outside="0" occluded="0" keyframe="0" points="446.33,629.60" z_order="0">
    </points>
    <points frame="341" outside="0" occluded="0" keyframe="0" points="446.37,629.60" z_order="0">
    </points>
    <points frame="342" outside="0" occluded="0" keyframe="0" points="446.41,629.60" z_order="0">
    </points>
    <points frame="343" outside="0" occluded="0" keyframe="0" points="446.45,629.60" z_order="0">
    </points>
    <points frame="344" outside="0" occluded="0" keyframe="0" points="446.49,629.60" z_order="0">
    </points>
    <points frame="345" outside="0" occluded="0" keyframe="0" points="446.53,629.60" z_order="0">
    </points>
    <points frame="346" outside="0" occluded="0" keyframe="0" points="446.58,629.60" z_order="0">
    </points>
    <points frame="347" outside="0" occluded="0" keyframe="0" points="446.62,629.60" z_order="0">
    </points>
    <points frame="348" outside="0" occluded="0" keyframe="0" points="446.66,629.60" z_order="0">
    </points>
    <points frame="349" outside="0" occluded="0" keyframe="0" points="446.70,629.60" z_order="0">
    </points>
    <points frame="350" outside="0" occluded="0" keyframe="0" points="446.74,629.60" z_order="0">
    </points>
    <points frame="351" outside="0" occluded="0" keyframe="0" points="446.78,629.60" z_order="0">
    </points>
    <points frame="352" outside="0" occluded="0" keyframe="0" points="446.83,629.60" z_order="0">
    </points>
    <points frame="353" outside="0" occluded="0" keyframe="0" points="446.87,629.60" z_order="0">
    </points>
    <points frame="354" outside="0" occluded="0" keyframe="0" points="446.91,629.60" z_order="0">
    </points>
    <points frame="355" outside="0" occluded="0" keyframe="0" points="446.95,629.60" z_order="0">
    </points>
    <points frame="356" outside="0" occluded="0" keyframe="0" points="446.99,629.60" z_order="0">
    </points>
    <points frame="357" outside="0" occluded="0" keyframe="0" points="447.03,629.60" z_order="0">
    </points>
    <points frame="358" outside="0" occluded="0" keyframe="0" points="447.08,629.60" z_order="0">
    </points>
    <points frame="359" outside="0" occluded="0" keyframe="0" points="447.12,629.60" z_order="0">
    </points>
    <points frame="360" outside="0" occluded="0" keyframe="0" points="447.16,629.60" z_order="0">
    </points>
    <points frame="361" outside="0" occluded="0" keyframe="0" points="447.20,629.60" z_order="0">
    </points>
    <points frame="362" outside="0" occluded="0" keyframe="0" points="447.24,629.60" z_order="0">
    </points>
    <points frame="363" outside="0" occluded="0" keyframe="0" points="447.28,629.60" z_order="0">
    </points>
    <points frame="364" outside="0" occluded="0" keyframe="0" points="447.33,629.60" z_order="0">
    </points>
    <points frame="365" outside="0" occluded="0" keyframe="0" points="447.37,629.60" z_order="0">
    </points>
    <points frame="366" outside="0" occluded="0" keyframe="0" points="447.41,629.60" z_order="0">
    </points>
    <points frame="367" outside="0" occluded="0" keyframe="0" points="447.45,629.60" z_order="0">
    </points>
    <points frame="368" outside="0" occluded="0" keyframe="0" points="447.49,629.60" z_order="0">
    </points>
    <points frame="369" outside="0" occluded="0" keyframe="0" points="447.53,629.60" z_order="0">
    </points>
    <points frame="370" outside="0" occluded="0" keyframe="0" points="447.58,629.60" z_order="0">
    </points>
    <points frame="371" outside="0" occluded="0" keyframe="0" points="447.62,629.60" z_order="0">
    </points>
    <points frame="372" outside="0" occluded="0" keyframe="0" points="447.66,629.60" z_order="0">
    </points>
    <points frame="373" outside="0" occluded="0" keyframe="1" points="447.70,629.60" z_order="0">
    </points>
    <points frame="374" outside="0" occluded="0" keyframe="0" points="446.70,629.85" z_order="0">
    </points>
    <points frame="375" outside="0" occluded="0" keyframe="0" points="445.70,630.10" z_order="0">
    </points>
    <points frame="376" outside="0" occluded="0" keyframe="0" points="444.70,630.35" z_order="0">
    </points>
    <points frame="377" outside="0" occluded="0" keyframe="0" points="443.70,630.60" z_order="0">
    </points>
    <points frame="378" outside="0" occluded="0" keyframe="0" points="442.70,630.85" z_order="0">
    </points>
    <points frame="379" outside="0" occluded="0" keyframe="0" points="441.70,631.10" z_order="0">
    </points>
    <points frame="380" outside="0" occluded="0" keyframe="0" points="440.70,631.35" z_order="0">
    </points>
    <points frame="381" outside="0" occluded="0" keyframe="0" points="439.70,631.60" z_order="0">
    </points>
    <points frame="382" outside="0" occluded="0" keyframe="0" points="438.70,631.85" z_order="0">
    </points>
    <points frame="383" outside="0" occluded="0" keyframe="1" points="437.70,632.10" z_order="0">
    </points>
    <points frame="384" outside="0" occluded="0" keyframe="0" points="437.95,631.72" z_order="0">
    </points>
    <points frame="385" outside="0" occluded="0" keyframe="0" points="438.20,631.34" z_order="0">
    </points>
    <points frame="386" outside="0" occluded="0" keyframe="0" points="438.45,630.96" z_order="0">
    </points>
    <points frame="387" outside="0" occluded="0" keyframe="0" points="438.70,630.58" z_order="0">
    </points>
    <points frame="388" outside="0" occluded="0" keyframe="0" points="438.95,630.20" z_order="0">
    </points>
    <points frame="389" outside="0" occluded="0" keyframe="0" points="439.20,629.82" z_order="0">
    </points>
    <points frame="390" outside="0" occluded="0" keyframe="0" points="439.45,629.44" z_order="0">
    </points>
    <points frame="391" outside="0" occluded="0" keyframe="0" points="439.70,629.06" z_order="0">
    </points>
    <points frame="392" outside="0" occluded="0" keyframe="0" points="439.95,628.68" z_order="0">
    </points>
    <points frame="393" outside="0" occluded="0" keyframe="1" points="440.20,628.30" z_order="0">
    </points>
    <points frame="394" outside="0" occluded="0" keyframe="0" points="440.45,628.27" z_order="0">
    </points>
    <points frame="395" outside="0" occluded="0" keyframe="0" points="440.70,628.25" z_order="0">
    </points>
    <points frame="396" outside="0" occluded="0" keyframe="0" points="440.95,628.22" z_order="0">
    </points>
    <points frame="397" outside="0" occluded="0" keyframe="0" points="441.20,628.20" z_order="0">
    </points>
    <points frame="398" outside="0" occluded="0" keyframe="0" points="441.45,628.17" z_order="0">
    </points>
    <points frame="399" outside="0" occluded="0" keyframe="0" points="441.70,628.14" z_order="0">
    </points>
    <points frame="400" outside="0" occluded="0" keyframe="0" points="441.95,628.12" z_order="0">
    </points>
    <points frame="401" outside="0" occluded="0" keyframe="0" points="442.20,628.09" z_order="0">
    </points>
    <points frame="402" outside="0" occluded="0" keyframe="0" points="442.45,628.07" z_order="0">
    </points>
    <points frame="403" outside="0" occluded="0" keyframe="0" points="442.70,628.04" z_order="0">
    </points>
    <points frame="404" outside="0" occluded="0" keyframe="0" points="442.95,628.01" z_order="0">
    </points>
    <points frame="405" outside="0" occluded="0" keyframe="0" points="443.20,627.99" z_order="0">
    </points>
    <points frame="406" outside="0" occluded="0" keyframe="0" points="443.45,627.96" z_order="0">
    </points>
    <points frame="407" outside="0" occluded="0" keyframe="0" points="443.70,627.94" z_order="0">
    </points>
    <points frame="408" outside="0" occluded="0" keyframe="0" points="443.95,627.91" z_order="0">
    </points>
    <points frame="409" outside="0" occluded="0" keyframe="0" points="444.20,627.88" z_order="0">
    </points>
    <points frame="410" outside="0" occluded="0" keyframe="0" points="444.45,627.86" z_order="0">
    </points>
    <points frame="411" outside="0" occluded="0" keyframe="0" points="444.70,627.83" z_order="0">
    </points>
    <points frame="412" outside="0" occluded="0" keyframe="0" points="444.95,627.81" z_order="0">
    </points>
    <points frame="413" outside="0" occluded="0" keyframe="0" points="445.20,627.78" z_order="0">
    </points>
    <points frame="414" outside="0" occluded="0" keyframe="0" points="445.45,627.75" z_order="0">
    </points>
    <points frame="415" outside="0" occluded="0" keyframe="0" points="445.70,627.73" z_order="0">
    </points>
    <points frame="416" outside="0" occluded="0" keyframe="0" points="445.95,627.70" z_order="0">
    </points>
    <points frame="417" outside="0" occluded="0" keyframe="0" points="446.20,627.68" z_order="0">
    </points>
    <points frame="418" outside="0" occluded="0" keyframe="0" points="446.45,627.65" z_order="0">
    </points>
    <points frame="419" outside="0" occluded="0" keyframe="0" points="446.70,627.62" z_order="0">
    </points>
    <points frame="420" outside="0" occluded="0" keyframe="0" points="446.95,627.60" z_order="0">
    </points>
    <points frame="421" outside="0" occluded="0" keyframe="0" points="447.20,627.57" z_order="0">
    </points>
    <points frame="422" outside="0" occluded="0" keyframe="0" points="447.45,627.55" z_order="0">
    </points>
    <points frame="423" outside="0" occluded="0" keyframe="0" points="447.70,627.52" z_order="0">
    </points>
    <points frame="424" outside="0" occluded="0" keyframe="0" points="447.95,627.49" z_order="0">
    </points>
    <points frame="425" outside="0" occluded="0" keyframe="0" points="448.20,627.47" z_order="0">
    </points>
    <points frame="426" outside="0" occluded="0" keyframe="0" points="448.45,627.44" z_order="0">
    </points>
    <points frame="427" outside="0" occluded="0" keyframe="0" points="448.70,627.42" z_order="0">
    </points>
    <points frame="428" outside="0" occluded="0" keyframe="0" points="448.95,627.39" z_order="0">
    </points>
    <points frame="429" outside="0" occluded="0" keyframe="0" points="449.20,627.36" z_order="0">
    </points>
    <points frame="430" outside="0" occluded="0" keyframe="0" points="449.45,627.34" z_order="0">
    </points>
    <points frame="431" outside="0" occluded="0" keyframe="0" points="449.70,627.31" z_order="0">
    </points>
    <points frame="432" outside="0" occluded="0" keyframe="0" points="449.95,627.29" z_order="0">
    </points>
    <points frame="433" outside="0" occluded="0" keyframe="0" points="450.20,627.26" z_order="0">
    </points>
    <points frame="434" outside="0" occluded="0" keyframe="0" points="450.45,627.23" z_order="0">
    </points>
    <points frame="435" outside="0" occluded="0" keyframe="0" points="450.70,627.21" z_order="0">
    </points>
    <points frame="436" outside="0" occluded="0" keyframe="0" points="450.95,627.18" z_order="0">
    </points>
    <points frame="437" outside="0" occluded="0" keyframe="0" points="451.20,627.16" z_order="0">
    </points>
    <points frame="438" outside="0" occluded="0" keyframe="0" points="451.45,627.13" z_order="0">
    </points>
    <points frame="439" outside="0" occluded="0" keyframe="0" points="451.70,627.10" z_order="0">
    </points>
    <points frame="440" outside="0" occluded="0" keyframe="0" points="451.95,627.08" z_order="0">
    </points>
    <points frame="441" outside="0" occluded="0" keyframe="0" points="452.20,627.05" z_order="0">
    </points>
    <points frame="442" outside="0" occluded="0" keyframe="0" points="452.45,627.03" z_order="0">
    </points>
    <points frame="443" outside="0" occluded="0" keyframe="1" points="452.70,627.00" z_order="0">
    </points>
    <points frame="444" outside="0" occluded="0" keyframe="0" points="452.45,627.00" z_order="0">
    </points>
    <points frame="445" outside="0" occluded="0" keyframe="0" points="452.20,627.00" z_order="0">
    </points>
    <points frame="446" outside="0" occluded="0" keyframe="0" points="451.95,627.00" z_order="0">
    </points>
    <points frame="447" outside="0" occluded="0" keyframe="0" points="451.70,627.00" z_order="0">
    </points>
    <points frame="448" outside="0" occluded="0" keyframe="0" points="451.45,627.00" z_order="0">
    </points>
    <points frame="449" outside="0" occluded="0" keyframe="0" points="451.20,627.00" z_order="0">
    </points>
    <points frame="450" outside="0" occluded="0" keyframe="0" points="450.95,627.00" z_order="0">
    </points>
    <points frame="451" outside="0" occluded="0" keyframe="0" points="450.70,627.00" z_order="0">
    </points>
    <points frame="452" outside="0" occluded="0" keyframe="0" points="450.45,627.00" z_order="0">
    </points>
    <points frame="453" outside="0" occluded="0" keyframe="1" points="450.20,627.00" z_order="0">
    </points>
    <points frame="454" outside="0" occluded="0" keyframe="0" points="448.95,626.62" z_order="0">
    </points>
    <points frame="455" outside="0" occluded="0" keyframe="0" points="447.70,626.24" z_order="0">
    </points>
    <points frame="456" outside="0" occluded="0" keyframe="0" points="446.45,625.86" z_order="0">
    </points>
    <points frame="457" outside="0" occluded="0" keyframe="0" points="445.20,625.48" z_order="0">
    </points>
    <points frame="458" outside="0" occluded="0" keyframe="0" points="443.95,625.10" z_order="0">
    </points>
    <points frame="459" outside="0" occluded="0" keyframe="0" points="442.70,624.72" z_order="0">
    </points>
    <points frame="460" outside="0" occluded="0" keyframe="0" points="441.45,624.34" z_order="0">
    </points>
    <points frame="461" outside="0" occluded="0" keyframe="0" points="440.20,623.96" z_order="0">
    </points>
    <points frame="462" outside="0" occluded="0" keyframe="0" points="438.95,623.58" z_order="0">
    </points>
    <points frame="463" outside="0" occluded="0" keyframe="1" points="437.70,623.20" z_order="0">
    </points>
    <points frame="464" outside="0" occluded="0" keyframe="0" points="437.89,623.20" z_order="0">
    </points>
    <points frame="465" outside="0" occluded="0" keyframe="0" points="438.08,623.20" z_order="0">
    </points>
    <points frame="466" outside="0" occluded="0" keyframe="0" points="438.27,623.20" z_order="0">
    </points>
    <points frame="467" outside="0" occluded="0" keyframe="0" points="438.46,623.20" z_order="0">
    </points>
    <points frame="468" outside="0" occluded="0" keyframe="0" points="438.65,623.20" z_order="0">
    </points>
    <points frame="469" outside="0" occluded="0" keyframe="0" points="438.84,623.20" z_order="0">
    </points>
    <points frame="470" outside="0" occluded="0" keyframe="0" points="439.03,623.20" z_order="0">
    </points>
    <points frame="471" outside="0" occluded="0" keyframe="0" points="439.22,623.20" z_order="0">
    </points>
    <points frame="472" outside="0" occluded="0" keyframe="0" points="439.41,623.20" z_order="0">
    </points>
    <points frame="473" outside="0" occluded="0" keyframe="0" points="439.60,623.20" z_order="0">
    </points>
    <points frame="474" outside="0" occluded="0" keyframe="0" points="439.79,623.20" z_order="0">
    </points>
    <points frame="475" outside="0" occluded="0" keyframe="0" points="439.98,623.20" z_order="0">
    </points>
    <points frame="476" outside="0" occluded="0" keyframe="0" points="440.17,623.20" z_order="0">
    </points>
    <points frame="477" outside="0" occluded="0" keyframe="0" points="440.36,623.20" z_order="0">
    </points>
    <points frame="478" outside="0" occluded="0" keyframe="0" points="440.55,623.20" z_order="0">
    </points>
    <points frame="479" outside="0" occluded="0" keyframe="0" points="440.74,623.20" z_order="0">
    </points>
    <points frame="480" outside="0" occluded="0" keyframe="0" points="440.93,623.20" z_order="0">
    </points>
    <points frame="481" outside="0" occluded="0" keyframe="0" points="441.12,623.20" z_order="0">
    </points>
    <points frame="482" outside="0" occluded="0" keyframe="0" points="441.31,623.20" z_order="0">
    </points>
    <points frame="483" outside="0" occluded="0" keyframe="1" points="441.50,623.20" z_order="0">
    </points>
    <points frame="484" outside="0" occluded="0" keyframe="0" points="441.69,623.33" z_order="0">
    </points>
    <points frame="485" outside="0" occluded="0" keyframe="0" points="441.88,623.45" z_order="0">
    </points>
    <points frame="486" outside="0" occluded="0" keyframe="0" points="442.07,623.58" z_order="0">
    </points>
    <points frame="487" outside="0" occluded="0" keyframe="0" points="442.26,623.70" z_order="0">
    </points>
    <points frame="488" outside="0" occluded="0" keyframe="0" points="442.45,623.83" z_order="0">
    </points>
    <points frame="489" outside="0" occluded="0" keyframe="0" points="442.64,623.95" z_order="0">
    </points>
    <points frame="490" outside="0" occluded="0" keyframe="0" points="442.83,624.08" z_order="0">
    </points>
    <points frame="491" outside="0" occluded="0" keyframe="0" points="443.02,624.20" z_order="0">
    </points>
    <points frame="492" outside="0" occluded="0" keyframe="0" points="443.21,624.33" z_order="0">
    </points>
    <points frame="493" outside="0" occluded="0" keyframe="0" points="443.40,624.45" z_order="0">
    </points>
    <points frame="494" outside="0" occluded="0" keyframe="0" points="443.59,624.58" z_order="0">
    </points>
    <points frame="495" outside="0" occluded="0" keyframe="0" points="443.78,624.70" z_order="0">
    </points>
    <points frame="496" outside="0" occluded="0" keyframe="0" points="443.97,624.83" z_order="0">
    </points>
    <points frame="497" outside="0" occluded="0" keyframe="0" points="444.16,624.95" z_order="0">
    </points>
    <points frame="498" outside="0" occluded="0" keyframe="0" points="444.35,625.08" z_order="0">
    </points>
    <points frame="499" outside="0" occluded="0" keyframe="0" points="444.54,625.20" z_order="0">
    </points>
    <points frame="500" outside="0" occluded="0" keyframe="0" points="444.73,625.33" z_order="0">
    </points>
    <points frame="501" outside="0" occluded="0" keyframe="0" points="444.92,625.45" z_order="0">
    </points>
    <points frame="502" outside="0" occluded="0" keyframe="0" points="445.11,625.58" z_order="0">
    </points>
    <points frame="503" outside="0" occluded="0" keyframe="1" points="445.30,625.70" z_order="0">
    </points>
    <points frame="504" outside="0" occluded="0" keyframe="0" points="445.55,625.58" z_order="0">
    </points>
    <points frame="505" outside="0" occluded="0" keyframe="0" points="445.80,625.45" z_order="0">
    </points>
    <points frame="506" outside="0" occluded="0" keyframe="0" points="446.05,625.33" z_order="0">
    </points>
    <points frame="507" outside="0" occluded="0" keyframe="0" points="446.30,625.20" z_order="0">
    </points>
    <points frame="508" outside="0" occluded="0" keyframe="0" points="446.55,625.08" z_order="0">
    </points>
    <points frame="509" outside="0" occluded="0" keyframe="0" points="446.80,624.95" z_order="0">
    </points>
    <points frame="510" outside="0" occluded="0" keyframe="0" points="447.05,624.83" z_order="0">
    </points>
    <points frame="511" outside="0" occluded="0" keyframe="0" points="447.30,624.70" z_order="0">
    </points>
    <points frame="512" outside="0" occluded="0" keyframe="0" points="447.55,624.58" z_order="0">
    </points>
    <points frame="513" outside="0" occluded="0" keyframe="0" points="447.80,624.45" z_order="0">
    </points>
    <points frame="514" outside="0" occluded="0" keyframe="0" points="448.05,624.33" z_order="0">
    </points>
    <points frame="515" outside="0" occluded="0" keyframe="0" points="448.30,624.20" z_order="0">
    </points>
    <points frame="516" outside="0" occluded="0" keyframe="0" points="448.55,624.08" z_order="0">
    </points>
    <points frame="517" outside="0" occluded="0" keyframe="0" points="448.80,623.95" z_order="0">
    </points>
    <points frame="518" outside="0" occluded="0" keyframe="0" points="449.05,623.83" z_order="0">
    </points>
    <points frame="519" outside="0" occluded="0" keyframe="0" points="449.30,623.70" z_order="0">
    </points>
    <points frame="520" outside="0" occluded="0" keyframe="0" points="449.55,623.58" z_order="0">
    </points>
    <points frame="521" outside="0" occluded="0" keyframe="0" points="449.80,623.45" z_order="0">
    </points>
    <points frame="522" outside="0" occluded="0" keyframe="0" points="450.05,623.33" z_order="0">
    </points>
    <points frame="523" outside="0" occluded="0" keyframe="1" points="450.30,623.20" z_order="0">
    </points>
    <points frame="524" outside="0" occluded="0" keyframe="0" points="448.67,622.82" z_order="0">
    </points>
    <points frame="525" outside="0" occluded="0" keyframe="0" points="447.04,622.44" z_order="0">
    </points>
    <points frame="526" outside="0" occluded="0" keyframe="0" points="445.41,622.06" z_order="0">
    </points>
    <points frame="527" outside="0" occluded="0" keyframe="0" points="443.78,621.68" z_order="0">
    </points>
    <points frame="528" outside="0" occluded="0" keyframe="0" points="442.15,621.30" z_order="0">
    </points>
    <points frame="529" outside="0" occluded="0" keyframe="0" points="440.52,620.92" z_order="0">
    </points>
    <points frame="530" outside="0" occluded="0" keyframe="0" points="438.89,620.54" z_order="0">
    </points>
    <points frame="531" outside="0" occluded="0" keyframe="0" points="437.26,620.16" z_order="0">
    </points>
    <points frame="532" outside="0" occluded="0" keyframe="0" points="435.63,619.78" z_order="0">
    </points>
    <points frame="533" outside="0" occluded="0" keyframe="1" points="434.00,619.40" z_order="0">
    </points>
    <points frame="534" outside="0" occluded="0" keyframe="0" points="434.00,619.40" z_order="0">
    </points>
    <points frame="535" outside="0" occluded="0" keyframe="0" points="434.00,619.40" z_order="0">
    </points>
    <points frame="536" outside="0" occluded="0" keyframe="0" points="434.00,619.40" z_order="0">
    </points>
    <points frame="537" outside="0" occluded="0" keyframe="0" points="434.00,619.40" z_order="0">
    </points>
    <points frame="538" outside="0" occluded="0" keyframe="0" points="434.00,619.40" z_order="0">
    </points>
    <points frame="539" outside="0" occluded="0" keyframe="0" points="434.00,619.40" z_order="0">
    </points>
    <points frame="540" outside="0" occluded="0" keyframe="0" points="434.00,619.40" z_order="0">
    </points>
  </track>
</annotations>
