<?xml version="1.0" encoding="utf-8"?>
<annotations>
  <version>1.1</version>
  <meta>
    <task>
      <id>101</id>
      <name>D06_Dry-15</name>
      <size>239</size>
      <mode>interpolation</mode>
      <overlap>5</overlap>
      <bugtracker></bugtracker>
      <created>2021-11-20 03:12:01.655588+00:00</created>
      <updated>2021-11-20 03:29:42.959108+00:00</updated>
      <subset>default</subset>
      <start_frame>0</start_frame>
      <stop_frame>238</stop_frame>
      <frame_filter></frame_filter>
      <segments>
        <segment>
          <id>100</id>
          <start>0</start>
          <stop>238</stop>
          <url>http://localhost:8080/?id=100</url>
        </segment>
      </segments>
      <owner>
        <username>hubertachan</username>
        <email>hubertachan@gmail.com</email>
      </owner>
      <assignee></assignee>
      <labels>
        <label>
          <name>HB</name>
          <color>#3b0c73</color>
          <attributes>
          </attributes>
        </label>
      </labels>
      <original_size>
        <width>1068</width>
        <height>800</height>
      </original_size>
    </task>
    <dumped>2021-11-20 03:29:45.933625+00:00</dumped>
    <source>D06_Dry-15.avi</source>
  </meta>
  <track id="0" label="HB" source="manual">
    <points frame="110" outside="0" occluded="0" keyframe="1" points="627.23,550.66" z_order="0">
    </points>
    <points frame="111" outside="0" occluded="0" keyframe="0" points="625.74,548.77" z_order="0">
    </points>
    <points frame="112" outside="0" occluded="0" keyframe="0" points="624.25,546.87" z_order="0">
    </points>
    <points frame="113" outside="0" occluded="0" keyframe="0" points="622.76,544.98" z_order="0">
    </points>
    <points frame="114" outside="0" occluded="0" keyframe="0" points="621.28,543.09" z_order="0">
    </points>
    <points frame="115" outside="0" occluded="0" keyframe="0" points="619.79,541.19" z_order="0">
    </points>
    <points frame="116" outside="0" occluded="0" keyframe="1" points="618.30,539.30" z_order="0">
    </points>
    <points frame="117" outside="0" occluded="0" keyframe="0" points="622.85,536.85" z_order="0">
    </points>
    <points frame="118" outside="0" occluded="0" keyframe="0" points="627.40,534.40" z_order="0">
    </points>
    <points frame="119" outside="0" occluded="0" keyframe="0" points="631.95,531.95" z_order="0">
    </points>
    <points frame="120" outside="0" occluded="0" keyframe="1" points="636.50,529.50" z_order="0">
    </points>
    <points frame="121" outside="0" occluded="0" keyframe="0" points="637.03,528.97" z_order="0">
    </points>
    <points frame="122" outside="0" occluded="0" keyframe="0" points="637.56,528.44" z_order="0">
    </points>
    <points frame="123" outside="0" occluded="0" keyframe="0" points="638.09,527.91" z_order="0">
    </points>
    <points frame="124" outside="0" occluded="0" keyframe="0" points="638.62,527.38" z_order="0">
    </points>
    <points frame="125" outside="0" occluded="0" keyframe="0" points="639.15,526.85" z_order="0">
    </points>
    <points frame="126" outside="0" occluded="0" keyframe="0" points="639.68,526.32" z_order="0">
    </points>
    <points frame="127" outside="0" occluded="0" keyframe="0" points="640.21,525.79" z_order="0">
    </points>
    <points frame="128" outside="0" occluded="0" keyframe="0" points="640.74,525.26" z_order="0">
    </points>
    <points frame="129" outside="0" occluded="0" keyframe="0" points="641.27,524.73" z_order="0">
    </points>
    <points frame="130" outside="0" occluded="0" keyframe="1" points="641.80,524.20" z_order="0">
    </points>
    <points frame="131" outside="0" occluded="0" keyframe="0" points="646.68,524.88" z_order="0">
    </points>
    <points frame="132" outside="0" occluded="0" keyframe="0" points="651.56,525.56" z_order="0">
    </points>
    <points frame="133" outside="0" occluded="0" keyframe="0" points="656.44,526.24" z_order="0">
    </points>
    <points frame="134" outside="0" occluded="0" keyframe="0" points="661.32,526.92" z_order="0">
    </points>
    <points frame="135" outside="0" occluded="0" keyframe="1" points="666.20,527.60" z_order="0">
    </points>
    <points frame="136" outside="0" occluded="0" keyframe="0" points="648.93,519.63" z_order="0">
    </points>
    <points frame="137" outside="0" occluded="0" keyframe="0" points="631.67,511.67" z_order="0">
    </points>
    <points frame="138" outside="0" occluded="0" keyframe="1" points="614.40,503.70" z_order="0">
    </points>
    <points frame="139" outside="0" occluded="0" keyframe="0" points="616.90,506.70" z_order="0">
    </points>
    <points frame="140" outside="0" occluded="0" keyframe="1" points="619.40,509.70" z_order="0">
    </points>
    <points frame="141" outside="0" occluded="0" keyframe="0" points="624.42,510.89" z_order="0">
    </points>
    <points frame="142" outside="0" occluded="0" keyframe="0" points="629.44,512.08" z_order="0">
    </points>
    <points frame="143" outside="0" occluded="0" keyframe="0" points="634.46,513.27" z_order="0">
    </points>
    <points frame="144" outside="0" occluded="0" keyframe="0" points="639.48,514.46" z_order="0">
    </points>
    <points frame="145" outside="0" occluded="0" keyframe="0" points="644.50,515.65" z_order="0">
    </points>
    <points frame="146" outside="0" occluded="0" keyframe="0" points="649.52,516.84" z_order="0">
    </points>
    <points frame="147" outside="0" occluded="0" keyframe="0" points="654.54,518.03" z_order="0">
    </points>
    <points frame="148" outside="0" occluded="0" keyframe="0" points="659.56,519.22" z_order="0">
    </points>
    <points frame="149" outside="0" occluded="0" keyframe="0" points="664.58,520.41" z_order="0">
    </points>
    <points frame="150" outside="0" occluded="0" keyframe="1" points="669.60,521.60" z_order="0">
    </points>
    <points frame="151" outside="0" occluded="0" keyframe="0" points="671.95,521.65" z_order="0">
    </points>
    <points frame="152" outside="0" occluded="0" keyframe="0" points="674.30,521.70" z_order="0">
    </points>
    <points frame="153" outside="0" occluded="0" keyframe="0" points="676.65,521.75" z_order="0">
    </points>
    <points frame="154" outside="0" occluded="0" keyframe="1" points="679.00,521.80" z_order="0">
    </points>
    <points frame="155" outside="0" occluded="0" keyframe="0" points="677.93,521.84" z_order="0">
    </points>
    <points frame="156" outside="0" occluded="0" keyframe="0" points="676.85,521.88" z_order="0">
    </points>
    <points frame="157" outside="0" occluded="0" keyframe="0" points="675.78,521.93" z_order="0">
    </points>
    <points frame="158" outside="0" occluded="0" keyframe="0" points="674.71,521.97" z_order="0">
    </points>
    <points frame="159" outside="0" occluded="0" keyframe="0" points="673.63,522.01" z_order="0">
    </points>
    <points frame="160" outside="0" occluded="0" keyframe="0" points="672.56,522.05" z_order="0">
    </points>
    <points frame="161" outside="0" occluded="0" keyframe="0" points="671.49,522.10" z_order="0">
    </points>
    <points frame="162" outside="0" occluded="0" keyframe="0" points="670.42,522.14" z_order="0">
    </points>
    <points frame="163" outside="0" occluded="0" keyframe="0" points="669.34,522.18" z_order="0">
    </points>
    <points frame="164" outside="0" occluded="0" keyframe="0" points="668.27,522.22" z_order="0">
    </points>
    <points frame="165" outside="0" occluded="0" keyframe="0" points="667.20,522.27" z_order="0">
    </points>
    <points frame="166" outside="0" occluded="0" keyframe="0" points="666.12,522.31" z_order="0">
    </points>
    <points frame="167" outside="0" occluded="0" keyframe="0" points="665.05,522.35" z_order="0">
    </points>
    <points frame="168" outside="0" occluded="0" keyframe="0" points="663.98,522.39" z_order="0">
    </points>
    <points frame="169" outside="0" occluded="0" keyframe="0" points="662.90,522.43" z_order="0">
    </points>
    <points frame="170" outside="0" occluded="0" keyframe="0" points="661.83,522.48" z_order="0">
    </points>
    <points frame="171" outside="0" occluded="0" keyframe="0" points="660.76,522.52" z_order="0">
    </points>
    <points frame="172" outside="0" occluded="0" keyframe="0" points="659.68,522.56" z_order="0">
    </points>
    <points frame="173" outside="0" occluded="0" keyframe="0" points="658.61,522.60" z_order="0">
    </points>
    <points frame="174" outside="0" occluded="0" keyframe="0" points="657.54,522.65" z_order="0">
    </points>
    <points frame="175" outside="0" occluded="0" keyframe="0" points="656.47,522.69" z_order="0">
    </points>
    <points frame="176" outside="0" occluded="0" keyframe="0" points="655.39,522.73" z_order="0">
    </points>
    <points frame="177" outside="0" occluded="0" keyframe="0" points="654.32,522.77" z_order="0">
    </points>
    <points frame="178" outside="0" occluded="0" keyframe="0" points="653.25,522.82" z_order="0">
    </points>
    <points frame="179" outside="0" occluded="0" keyframe="0" points="652.17,522.86" z_order="0">
    </points>
    <points frame="180" outside="0" occluded="0" keyframe="1" points="651.10,522.90" z_order="0">
    </points>
    <points frame="181" outside="0" occluded="0" keyframe="0" points="650.18,522.77" z_order="0">
    </points>
    <points frame="182" outside="0" occluded="0" keyframe="0" points="649.26,522.64" z_order="0">
    </points>
    <points frame="183" outside="0" occluded="0" keyframe="0" points="648.34,522.51" z_order="0">
    </points>
    <points frame="184" outside="0" occluded="0" keyframe="0" points="647.42,522.38" z_order="0">
    </points>
    <points frame="185" outside="0" occluded="0" keyframe="0" points="646.50,522.25" z_order="0">
    </points>
    <points frame="186" outside="0" occluded="0" keyframe="0" points="645.58,522.12" z_order="0">
    </points>
    <points frame="187" outside="0" occluded="0" keyframe="0" points="644.66,521.99" z_order="0">
    </points>
    <points frame="188" outside="0" occluded="0" keyframe="0" points="643.74,521.86" z_order="0">
    </points>
    <points frame="189" outside="0" occluded="0" keyframe="0" points="642.82,521.73" z_order="0">
    </points>
    <points frame="190" outside="0" occluded="0" keyframe="1" points="641.90,521.60" z_order="0">
    </points>
    <points frame="191" outside="0" occluded="0" keyframe="0" points="639.26,521.86" z_order="0">
    </points>
    <points frame="192" outside="0" occluded="0" keyframe="0" points="636.62,522.12" z_order="0">
    </points>
    <points frame="193" outside="0" occluded="0" keyframe="0" points="633.98,522.38" z_order="0">
    </points>
    <points frame="194" outside="0" occluded="0" keyframe="0" points="631.34,522.64" z_order="0">
    </points>
    <points frame="195" outside="0" occluded="0" keyframe="0" points="628.70,522.90" z_order="0">
    </points>
    <points frame="196" outside="0" occluded="0" keyframe="0" points="626.06,523.16" z_order="0">
    </points>
    <points frame="197" outside="0" occluded="0" keyframe="0" points="623.42,523.42" z_order="0">
    </points>
    <points frame="198" outside="0" occluded="0" keyframe="0" points="620.78,523.68" z_order="0">
    </points>
    <points frame="199" outside="0" occluded="0" keyframe="0" points="618.14,523.94" z_order="0">
    </points>
    <points frame="200" outside="0" occluded="0" keyframe="1" points="615.50,524.20" z_order="0">
    </points>
    <points frame="201" outside="0" occluded="0" keyframe="0" points="614.84,524.20" z_order="0">
    </points>
    <points frame="202" outside="0" occluded="0" keyframe="0" points="614.18,524.20" z_order="0">
    </points>
    <points frame="203" outside="0" occluded="0" keyframe="0" points="613.52,524.20" z_order="0">
    </points>
    <points frame="204" outside="0" occluded="0" keyframe="0" points="612.86,524.20" z_order="0">
    </points>
    <points frame="205" outside="0" occluded="0" keyframe="0" points="612.20,524.20" z_order="0">
    </points>
    <points frame="206" outside="0" occluded="0" keyframe="0" points="611.54,524.20" z_order="0">
    </points>
    <points frame="207" outside="0" occluded="0" keyframe="0" points="610.88,524.20" z_order="0">
    </points>
    <points frame="208" outside="0" occluded="0" keyframe="0" points="610.22,524.20" z_order="0">
    </points>
    <points frame="209" outside="0" occluded="0" keyframe="0" points="609.56,524.20" z_order="0">
    </points>
    <points frame="210" outside="0" occluded="0" keyframe="1" points="608.90,524.20" z_order="0">
    </points>
    <points frame="211" outside="0" occluded="0" keyframe="0" points="611.00,523.68" z_order="0">
    </points>
    <points frame="212" outside="0" occluded="0" keyframe="0" points="613.10,523.16" z_order="0">
    </points>
    <points frame="213" outside="0" occluded="0" keyframe="0" points="615.20,522.64" z_order="0">
    </points>
    <points frame="214" outside="0" occluded="0" keyframe="0" points="617.30,522.12" z_order="0">
    </points>
    <points frame="215" outside="0" occluded="0" keyframe="1" points="619.40,521.60" z_order="0">
    </points>
    <points frame="216" outside="0" occluded="0" keyframe="0" points="631.02,522.12" z_order="0">
    </points>
    <points frame="217" outside="0" occluded="0" keyframe="0" points="642.64,522.64" z_order="0">
    </points>
    <points frame="218" outside="0" occluded="0" keyframe="0" points="654.26,523.16" z_order="0">
    </points>
    <points frame="219" outside="0" occluded="0" keyframe="0" points="665.88,523.68" z_order="0">
    </points>
    <points frame="220" outside="0" occluded="0" keyframe="1" points="677.50,524.20" z_order="0">
    </points>
    <points frame="221" outside="0" occluded="0" keyframe="0" points="675.78,523.94" z_order="0">
    </points>
    <points frame="222" outside="0" occluded="0" keyframe="0" points="674.06,523.68" z_order="0">
    </points>
    <points frame="223" outside="0" occluded="0" keyframe="0" points="672.34,523.42" z_order="0">
    </points>
    <points frame="224" outside="0" occluded="0" keyframe="0" points="670.62,523.16" z_order="0">
    </points>
    <points frame="225" outside="0" occluded="0" keyframe="0" points="668.90,522.90" z_order="0">
    </points>
    <points frame="226" outside="0" occluded="0" keyframe="0" points="667.18,522.64" z_order="0">
    </points>
    <points frame="227" outside="0" occluded="0" keyframe="0" points="665.46,522.38" z_order="0">
    </points>
    <points frame="228" outside="0" occluded="0" keyframe="0" points="663.74,522.12" z_order="0">
    </points>
    <points frame="229" outside="0" occluded="0" keyframe="0" points="662.02,521.86" z_order="0">
    </points>
    <points frame="230" outside="0" occluded="0" keyframe="1" points="660.30,521.60" z_order="0">
    </points>
    <points frame="231" outside="0" occluded="0" keyframe="0" points="659.64,521.60" z_order="0">
    </points>
    <points frame="232" outside="0" occluded="0" keyframe="0" points="658.98,521.60" z_order="0">
    </points>
    <points frame="233" outside="0" occluded="0" keyframe="0" points="658.31,521.60" z_order="0">
    </points>
    <points frame="234" outside="0" occluded="0" keyframe="0" points="657.65,521.60" z_order="0">
    </points>
    <points frame="235" outside="0" occluded="0" keyframe="0" points="656.99,521.60" z_order="0">
    </points>
    <points frame="236" outside="0" occluded="0" keyframe="0" points="656.33,521.60" z_order="0">
    </points>
    <points frame="237" outside="0" occluded="0" keyframe="0" points="655.66,521.60" z_order="0">
    </points>
    <points frame="238" outside="0" occluded="0" keyframe="1" points="655.00,521.60" z_order="0">
    </points>
  </track>
</annotations>
