<?xml version="1.0" encoding="utf-8"?>
<annotations>
  <version>1.1</version>
  <meta>
    <task>
      <id>109</id>
      <name>D01_Dry-3</name>
      <size>347</size>
      <mode>interpolation</mode>
      <overlap>5</overlap>
      <bugtracker></bugtracker>
      <created>2021-11-20 03:46:28.487812+00:00</created>
      <updated>2021-11-20 04:44:33.853890+00:00</updated>
      <subset>default</subset>
      <start_frame>0</start_frame>
      <stop_frame>346</stop_frame>
      <frame_filter></frame_filter>
      <segments>
        <segment>
          <id>108</id>
          <start>0</start>
          <stop>346</stop>
          <url>http://localhost:8080/?id=108</url>
        </segment>
      </segments>
      <owner>
        <username>hubertachan</username>
        <email>hubertachan@gmail.com</email>
      </owner>
      <assignee></assignee>
      <labels>
        <label>
          <name>HB</name>
          <color>#3b0c73</color>
          <attributes>
          </attributes>
        </label>
      </labels>
      <original_size>
        <width>1068</width>
        <height>800</height>
      </original_size>
    </task>
    <dumped>2021-11-20 04:44:37.910606+00:00</dumped>
    <source>D01_Dry-3.avi</source>
  </meta>
  <track id="0" label="HB" source="manual">
    <points frame="200" outside="0" occluded="0" keyframe="1" points="667.89,578.51" z_order="0">
    </points>
    <points frame="201" outside="0" occluded="0" keyframe="0" points="667.36,578.25" z_order="0">
    </points>
    <points frame="202" outside="0" occluded="0" keyframe="0" points="666.83,577.99" z_order="0">
    </points>
    <points frame="203" outside="0" occluded="0" keyframe="0" points="666.30,577.73" z_order="0">
    </points>
    <points frame="204" outside="0" occluded="0" keyframe="0" points="665.77,577.47" z_order="0">
    </points>
    <points frame="205" outside="0" occluded="0" keyframe="0" points="665.24,577.21" z_order="0">
    </points>
    <points frame="206" outside="0" occluded="0" keyframe="0" points="664.72,576.95" z_order="0">
    </points>
    <points frame="207" outside="0" occluded="0" keyframe="0" points="664.19,576.68" z_order="0">
    </points>
    <points frame="208" outside="0" occluded="0" keyframe="0" points="663.66,576.42" z_order="0">
    </points>
    <points frame="209" outside="0" occluded="0" keyframe="0" points="663.13,576.16" z_order="0">
    </points>
    <points frame="210" outside="0" occluded="0" keyframe="1" points="662.60,575.90" z_order="0">
    </points>
    <points frame="211" outside="0" occluded="0" keyframe="0" points="660.17,571.49" z_order="0">
    </points>
    <points frame="212" outside="0" occluded="0" keyframe="0" points="657.74,567.07" z_order="0">
    </points>
    <points frame="213" outside="0" occluded="0" keyframe="0" points="655.31,562.66" z_order="0">
    </points>
    <points frame="214" outside="0" occluded="0" keyframe="0" points="652.89,558.24" z_order="0">
    </points>
    <points frame="215" outside="0" occluded="0" keyframe="0" points="650.46,553.83" z_order="0">
    </points>
    <points frame="216" outside="0" occluded="0" keyframe="0" points="648.03,549.41" z_order="0">
    </points>
    <points frame="217" outside="0" occluded="0" keyframe="1" points="645.60,545.00" z_order="0">
    </points>
    <points frame="218" outside="0" occluded="0" keyframe="0" points="648.20,554.43" z_order="0">
    </points>
    <points frame="219" outside="0" occluded="0" keyframe="0" points="650.80,563.87" z_order="0">
    </points>
    <points frame="220" outside="0" occluded="0" keyframe="1" points="653.40,573.30" z_order="0">
    </points>
    <points frame="221" outside="0" occluded="0" keyframe="0" points="656.58,570.14" z_order="0">
    </points>
    <points frame="222" outside="0" occluded="0" keyframe="0" points="659.76,566.98" z_order="0">
    </points>
    <points frame="223" outside="0" occluded="0" keyframe="0" points="662.94,563.82" z_order="0">
    </points>
    <points frame="224" outside="0" occluded="0" keyframe="0" points="666.12,560.66" z_order="0">
    </points>
    <points frame="225" outside="0" occluded="0" keyframe="1" points="669.30,557.50" z_order="0">
    </points>
    <points frame="226" outside="0" occluded="0" keyframe="0" points="667.18,560.14" z_order="0">
    </points>
    <points frame="227" outside="0" occluded="0" keyframe="0" points="665.06,562.78" z_order="0">
    </points>
    <points frame="228" outside="0" occluded="0" keyframe="0" points="662.94,565.42" z_order="0">
    </points>
    <points frame="229" outside="0" occluded="0" keyframe="0" points="660.82,568.06" z_order="0">
    </points>
    <points frame="230" outside="0" occluded="0" keyframe="1" points="658.70,570.70" z_order="0">
    </points>
    <points frame="231" outside="0" occluded="0" keyframe="0" points="663.65,567.93" z_order="0">
    </points>
    <points frame="232" outside="0" occluded="0" keyframe="0" points="668.60,565.15" z_order="0">
    </points>
    <points frame="233" outside="0" occluded="0" keyframe="0" points="673.55,562.38" z_order="0">
    </points>
    <points frame="234" outside="0" occluded="0" keyframe="1" points="678.50,559.60" z_order="0">
    </points>
    <points frame="235" outside="0" occluded="0" keyframe="0" points="674.10,561.23" z_order="0">
    </points>
    <points frame="236" outside="0" occluded="0" keyframe="0" points="669.70,562.87" z_order="0">
    </points>
    <points frame="237" outside="0" occluded="0" keyframe="0" points="665.30,564.50" z_order="0">
    </points>
    <points frame="238" outside="0" occluded="0" keyframe="0" points="660.90,566.13" z_order="0">
    </points>
    <points frame="239" outside="0" occluded="0" keyframe="0" points="656.50,567.77" z_order="0">
    </points>
    <points frame="240" outside="0" occluded="0" keyframe="1" points="652.10,569.40" z_order="0">
    </points>
    <points frame="241" outside="0" occluded="0" keyframe="0" points="661.27,569.27" z_order="0">
    </points>
    <points frame="242" outside="0" occluded="0" keyframe="0" points="670.43,569.13" z_order="0">
    </points>
    <points frame="243" outside="0" occluded="0" keyframe="1" points="679.60,569.00" z_order="0">
    </points>
    <points frame="244" outside="0" occluded="0" keyframe="0" points="675.17,568.87" z_order="0">
    </points>
    <points frame="245" outside="0" occluded="0" keyframe="0" points="670.73,568.73" z_order="0">
    </points>
    <points frame="246" outside="0" occluded="0" keyframe="1" points="666.30,568.60" z_order="0">
    </points>
    <points frame="247" outside="0" occluded="0" keyframe="0" points="668.03,568.48" z_order="0">
    </points>
    <points frame="248" outside="0" occluded="0" keyframe="0" points="669.75,568.35" z_order="0">
    </points>
    <points frame="249" outside="0" occluded="0" keyframe="0" points="671.48,568.23" z_order="0">
    </points>
    <points frame="250" outside="0" occluded="0" keyframe="1" points="673.20,568.10" z_order="0">
    </points>
    <points frame="251" outside="0" occluded="0" keyframe="1" points="657.60,562.70" z_order="0">
    </points>
    <points frame="252" outside="0" occluded="0" keyframe="1" points="659.90,558.10" z_order="0">
    </points>
    <points frame="253" outside="0" occluded="0" keyframe="0" points="649.05,555.20" z_order="0">
    </points>
    <points frame="254" outside="0" occluded="0" keyframe="0" points="638.20,552.30" z_order="0">
    </points>
    <points frame="255" outside="0" occluded="0" keyframe="0" points="627.35,549.40" z_order="0">
    </points>
    <points frame="256" outside="0" occluded="0" keyframe="1" points="616.50,546.50" z_order="0">
    </points>
    <points frame="257" outside="0" occluded="0" keyframe="0" points="606.15,543.65" z_order="0">
    </points>
    <points frame="258" outside="0" occluded="0" keyframe="1" points="595.80,540.80" z_order="0">
    </points>
    <points frame="259" outside="0" occluded="0" keyframe="1" points="605.20,559.70" z_order="0">
    </points>
    <points frame="260" outside="0" occluded="0" keyframe="1" points="609.80,566.80" z_order="0">
    </points>
    <points frame="261" outside="0" occluded="0" keyframe="0" points="621.40,567.00" z_order="0">
    </points>
    <points frame="262" outside="0" occluded="0" keyframe="0" points="633.00,567.20" z_order="0">
    </points>
    <points frame="263" outside="0" occluded="0" keyframe="1" points="644.60,567.40" z_order="0">
    </points>
    <points frame="264" outside="0" occluded="0" keyframe="1" points="666.70,567.60" z_order="0">
    </points>
    <points frame="265" outside="0" occluded="0" keyframe="1" points="662.00,567.80" z_order="0">
    </points>
    <points frame="266" outside="0" occluded="0" keyframe="0" points="662.65,568.00" z_order="0">
    </points>
    <points frame="267" outside="0" occluded="0" keyframe="1" points="663.30,568.20" z_order="0">
    </points>
    <points frame="268" outside="0" occluded="0" keyframe="1" points="663.90,568.40" z_order="0">
    </points>
    <points frame="269" outside="0" occluded="0" keyframe="0" points="666.55,566.95" z_order="0">
    </points>
    <points frame="270" outside="0" occluded="0" keyframe="1" points="669.20,565.50" z_order="0">
    </points>
    <points frame="271" outside="0" occluded="0" keyframe="0" points="671.44,565.50" z_order="0">
    </points>
    <points frame="272" outside="0" occluded="0" keyframe="0" points="673.68,565.50" z_order="0">
    </points>
    <points frame="273" outside="0" occluded="0" keyframe="0" points="675.92,565.50" z_order="0">
    </points>
    <points frame="274" outside="0" occluded="0" keyframe="0" points="678.16,565.50" z_order="0">
    </points>
    <points frame="275" outside="0" occluded="0" keyframe="0" points="680.40,565.50" z_order="0">
    </points>
    <points frame="276" outside="0" occluded="0" keyframe="0" points="682.64,565.50" z_order="0">
    </points>
    <points frame="277" outside="0" occluded="0" keyframe="0" points="684.88,565.50" z_order="0">
    </points>
    <points frame="278" outside="0" occluded="0" keyframe="0" points="687.12,565.50" z_order="0">
    </points>
    <points frame="279" outside="0" occluded="0" keyframe="0" points="689.36,565.50" z_order="0">
    </points>
    <points frame="280" outside="0" occluded="0" keyframe="1" points="691.60,565.50" z_order="0">
    </points>
    <points frame="281" outside="0" occluded="0" keyframe="0" points="691.73,565.90" z_order="0">
    </points>
    <points frame="282" outside="0" occluded="0" keyframe="0" points="691.86,566.30" z_order="0">
    </points>
    <points frame="283" outside="0" occluded="0" keyframe="0" points="691.99,566.70" z_order="0">
    </points>
    <points frame="284" outside="0" occluded="0" keyframe="0" points="692.12,567.10" z_order="0">
    </points>
    <points frame="285" outside="0" occluded="0" keyframe="0" points="692.25,567.50" z_order="0">
    </points>
    <points frame="286" outside="0" occluded="0" keyframe="0" points="692.38,567.90" z_order="0">
    </points>
    <points frame="287" outside="0" occluded="0" keyframe="0" points="692.51,568.30" z_order="0">
    </points>
    <points frame="288" outside="0" occluded="0" keyframe="0" points="692.64,568.70" z_order="0">
    </points>
    <points frame="289" outside="0" occluded="0" keyframe="0" points="692.77,569.10" z_order="0">
    </points>
    <points frame="290" outside="0" occluded="0" keyframe="1" points="692.90,569.50" z_order="0">
    </points>
    <points frame="291" outside="0" occluded="0" keyframe="0" points="692.77,569.50" z_order="0">
    </points>
    <points frame="292" outside="0" occluded="0" keyframe="0" points="692.64,569.50" z_order="0">
    </points>
    <points frame="293" outside="0" occluded="0" keyframe="0" points="692.51,569.50" z_order="0">
    </points>
    <points frame="294" outside="0" occluded="0" keyframe="0" points="692.38,569.50" z_order="0">
    </points>
    <points frame="295" outside="0" occluded="0" keyframe="0" points="692.25,569.50" z_order="0">
    </points>
    <points frame="296" outside="0" occluded="0" keyframe="0" points="692.12,569.50" z_order="0">
    </points>
    <points frame="297" outside="0" occluded="0" keyframe="0" points="691.99,569.50" z_order="0">
    </points>
    <points frame="298" outside="0" occluded="0" keyframe="0" points="691.86,569.50" z_order="0">
    </points>
    <points frame="299" outside="0" occluded="0" keyframe="0" points="691.73,569.50" z_order="0">
    </points>
    <points frame="300" outside="0" occluded="0" keyframe="0" points="691.60,569.50" z_order="0">
    </points>
    <points frame="301" outside="0" occluded="0" keyframe="0" points="691.47,569.50" z_order="0">
    </points>
    <points frame="302" outside="0" occluded="0" keyframe="0" points="691.34,569.50" z_order="0">
    </points>
    <points frame="303" outside="0" occluded="0" keyframe="0" points="691.21,569.50" z_order="0">
    </points>
    <points frame="304" outside="0" occluded="0" keyframe="0" points="691.08,569.50" z_order="0">
    </points>
    <points frame="305" outside="0" occluded="0" keyframe="0" points="690.95,569.50" z_order="0">
    </points>
    <points frame="306" outside="0" occluded="0" keyframe="0" points="690.82,569.50" z_order="0">
    </points>
    <points frame="307" outside="0" occluded="0" keyframe="0" points="690.69,569.50" z_order="0">
    </points>
    <points frame="308" outside="0" occluded="0" keyframe="0" points="690.56,569.50" z_order="0">
    </points>
    <points frame="309" outside="0" occluded="0" keyframe="0" points="690.43,569.50" z_order="0">
    </points>
    <points frame="310" outside="0" occluded="0" keyframe="1" points="690.30,569.50" z_order="0">
    </points>
    <points frame="311" outside="0" occluded="0" keyframe="0" points="689.64,568.44" z_order="0">
    </points>
    <points frame="312" outside="0" occluded="0" keyframe="0" points="688.98,567.38" z_order="0">
    </points>
    <points frame="313" outside="0" occluded="0" keyframe="0" points="688.32,566.32" z_order="0">
    </points>
    <points frame="314" outside="0" occluded="0" keyframe="0" points="687.66,565.26" z_order="0">
    </points>
    <points frame="315" outside="0" occluded="0" keyframe="0" points="687.00,564.20" z_order="0">
    </points>
    <points frame="316" outside="0" occluded="0" keyframe="0" points="686.34,563.14" z_order="0">
    </points>
    <points frame="317" outside="0" occluded="0" keyframe="0" points="685.68,562.08" z_order="0">
    </points>
    <points frame="318" outside="0" occluded="0" keyframe="0" points="685.02,561.02" z_order="0">
    </points>
    <points frame="319" outside="0" occluded="0" keyframe="0" points="684.36,559.96" z_order="0">
    </points>
    <points frame="320" outside="0" occluded="0" keyframe="1" points="683.70,558.90" z_order="0">
    </points>
    <points frame="321" outside="0" occluded="0" keyframe="0" points="683.30,559.03" z_order="0">
    </points>
    <points frame="322" outside="0" occluded="0" keyframe="0" points="682.90,559.16" z_order="0">
    </points>
    <points frame="323" outside="0" occluded="0" keyframe="0" points="682.50,559.29" z_order="0">
    </points>
    <points frame="324" outside="0" occluded="0" keyframe="0" points="682.10,559.42" z_order="0">
    </points>
    <points frame="325" outside="0" occluded="0" keyframe="0" points="681.70,559.55" z_order="0">
    </points>
    <points frame="326" outside="0" occluded="0" keyframe="0" points="681.30,559.68" z_order="0">
    </points>
    <points frame="327" outside="0" occluded="0" keyframe="0" points="680.90,559.81" z_order="0">
    </points>
    <points frame="328" outside="0" occluded="0" keyframe="0" points="680.50,559.94" z_order="0">
    </points>
    <points frame="329" outside="0" occluded="0" keyframe="0" points="680.10,560.07" z_order="0">
    </points>
    <points frame="330" outside="0" occluded="0" keyframe="1" points="679.70,560.20" z_order="0">
    </points>
    <points frame="331" outside="0" occluded="0" keyframe="0" points="679.95,560.20" z_order="0">
    </points>
    <points frame="332" outside="0" occluded="0" keyframe="0" points="680.20,560.20" z_order="0">
    </points>
    <points frame="333" outside="0" occluded="0" keyframe="0" points="680.45,560.20" z_order="0">
    </points>
    <points frame="334" outside="0" occluded="0" keyframe="0" points="680.70,560.20" z_order="0">
    </points>
    <points frame="335" outside="0" occluded="0" keyframe="0" points="680.95,560.20" z_order="0">
    </points>
    <points frame="336" outside="0" occluded="0" keyframe="0" points="681.20,560.20" z_order="0">
    </points>
    <points frame="337" outside="0" occluded="0" keyframe="0" points="681.45,560.20" z_order="0">
    </points>
    <points frame="338" outside="0" occluded="0" keyframe="0" points="681.70,560.20" z_order="0">
    </points>
    <points frame="339" outside="0" occluded="0" keyframe="0" points="681.95,560.20" z_order="0">
    </points>
    <points frame="340" outside="0" occluded="0" keyframe="0" points="682.20,560.20" z_order="0">
    </points>
    <points frame="341" outside="0" occluded="0" keyframe="0" points="682.45,560.20" z_order="0">
    </points>
    <points frame="342" outside="0" occluded="0" keyframe="0" points="682.70,560.20" z_order="0">
    </points>
    <points frame="343" outside="0" occluded="0" keyframe="0" points="682.95,560.20" z_order="0">
    </points>
    <points frame="344" outside="0" occluded="0" keyframe="0" points="683.20,560.20" z_order="0">
    </points>
    <points frame="345" outside="0" occluded="0" keyframe="0" points="683.45,560.20" z_order="0">
    </points>
    <points frame="346" outside="0" occluded="0" keyframe="1" points="683.70,560.20" z_order="0">
    </points>
  </track>
</annotations>
