<?xml version="1.0" encoding="utf-8"?>
<annotations>
  <version>1.1</version>
  <meta>
    <task>
      <id>100</id>
      <name>D06_Dry-14</name>
      <size>238</size>
      <mode>interpolation</mode>
      <overlap>5</overlap>
      <bugtracker></bugtracker>
      <created>2021-11-20 03:11:46.874629+00:00</created>
      <updated>2021-11-20 13:20:22.972034+00:00</updated>
      <subset>default</subset>
      <start_frame>0</start_frame>
      <stop_frame>237</stop_frame>
      <frame_filter></frame_filter>
      <segments>
        <segment>
          <id>99</id>
          <start>0</start>
          <stop>237</stop>
          <url>http://localhost:8080/?id=99</url>
        </segment>
      </segments>
      <owner>
        <username>hubertachan</username>
        <email>hubertachan@gmail.com</email>
      </owner>
      <assignee></assignee>
      <labels>
        <label>
          <name>HB</name>
          <color>#3b0c73</color>
          <attributes>
          </attributes>
        </label>
        <label>
          <name>M</name>
          <color>#ff355e</color>
          <attributes>
          </attributes>
        </label>
      </labels>
      <original_size>
        <width>1068</width>
        <height>800</height>
      </original_size>
    </task>
    <dumped>2021-11-20 13:20:28.139707+00:00</dumped>
    <source>D06_Dry-14.avi</source>
  </meta>
  <track id="0" label="HB" source="manual">
    <points frame="109" outside="0" occluded="0" keyframe="1" points="616.50,547.90" z_order="0">
    </points>
    <points frame="110" outside="0" occluded="0" keyframe="0" points="615.71,545.13" z_order="0">
    </points>
    <points frame="111" outside="0" occluded="0" keyframe="0" points="614.92,542.36" z_order="0">
    </points>
    <points frame="112" outside="0" occluded="0" keyframe="0" points="614.13,539.59" z_order="0">
    </points>
    <points frame="113" outside="0" occluded="0" keyframe="0" points="613.34,536.82" z_order="0">
    </points>
    <points frame="114" outside="0" occluded="0" keyframe="0" points="612.55,534.05" z_order="0">
    </points>
    <points frame="115" outside="0" occluded="0" keyframe="0" points="611.76,531.28" z_order="0">
    </points>
    <points frame="116" outside="0" occluded="0" keyframe="0" points="610.97,528.51" z_order="0">
    </points>
    <points frame="117" outside="0" occluded="0" keyframe="0" points="610.18,525.74" z_order="0">
    </points>
    <points frame="118" outside="0" occluded="0" keyframe="0" points="609.39,522.97" z_order="0">
    </points>
    <points frame="119" outside="0" occluded="0" keyframe="1" points="608.60,520.20" z_order="0">
    </points>
    <points frame="120" outside="0" occluded="0" keyframe="0" points="612.83,520.20" z_order="0">
    </points>
    <points frame="121" outside="0" occluded="0" keyframe="0" points="617.05,520.20" z_order="0">
    </points>
    <points frame="122" outside="0" occluded="0" keyframe="0" points="621.28,520.20" z_order="0">
    </points>
    <points frame="123" outside="0" occluded="0" keyframe="1" points="625.50,520.20" z_order="0">
    </points>
    <points frame="124" outside="0" occluded="0" keyframe="0" points="626.42,521.30" z_order="0">
    </points>
    <points frame="125" outside="0" occluded="0" keyframe="0" points="627.33,522.40" z_order="0">
    </points>
    <points frame="126" outside="0" occluded="0" keyframe="0" points="628.25,523.50" z_order="0">
    </points>
    <points frame="127" outside="0" occluded="0" keyframe="0" points="629.17,524.60" z_order="0">
    </points>
    <points frame="128" outside="0" occluded="0" keyframe="0" points="630.08,525.70" z_order="0">
    </points>
    <points frame="129" outside="0" occluded="0" keyframe="1" points="631.00,526.80" z_order="0">
    </points>
    <points frame="130" outside="0" occluded="0" keyframe="0" points="629.15,526.80" z_order="0">
    </points>
    <points frame="131" outside="0" occluded="0" keyframe="0" points="627.30,526.80" z_order="0">
    </points>
    <points frame="132" outside="0" occluded="0" keyframe="0" points="625.45,526.80" z_order="0">
    </points>
    <points frame="133" outside="0" occluded="0" keyframe="0" points="623.60,526.80" z_order="0">
    </points>
    <points frame="134" outside="0" occluded="0" keyframe="0" points="621.75,526.80" z_order="0">
    </points>
    <points frame="135" outside="0" occluded="0" keyframe="0" points="619.90,526.80" z_order="0">
    </points>
    <points frame="136" outside="0" occluded="0" keyframe="0" points="618.05,526.80" z_order="0">
    </points>
    <points frame="137" outside="0" occluded="0" keyframe="0" points="616.20,526.80" z_order="0">
    </points>
    <points frame="138" outside="0" occluded="0" keyframe="0" points="614.35,526.80" z_order="0">
    </points>
    <points frame="139" outside="0" occluded="0" keyframe="1" points="612.50,526.80" z_order="0">
    </points>
    <points frame="140" outside="0" occluded="0" keyframe="0" points="601.30,517.10" z_order="0">
    </points>
    <points frame="141" outside="0" occluded="0" keyframe="0" points="590.10,507.40" z_order="0">
    </points>
    <points frame="142" outside="0" occluded="0" keyframe="1" points="578.90,497.70" z_order="0">
    </points>
    <points frame="143" outside="0" occluded="0" keyframe="1" points="583.50,509.10" z_order="0">
    </points>
    <points frame="144" outside="0" occluded="0" keyframe="0" points="592.73,507.65" z_order="0">
    </points>
    <points frame="145" outside="0" occluded="0" keyframe="0" points="601.97,506.20" z_order="0">
    </points>
    <points frame="146" outside="0" occluded="0" keyframe="0" points="611.20,504.75" z_order="0">
    </points>
    <points frame="147" outside="0" occluded="0" keyframe="0" points="620.43,503.30" z_order="0">
    </points>
    <points frame="148" outside="0" occluded="0" keyframe="0" points="629.67,501.85" z_order="0">
    </points>
    <points frame="149" outside="0" occluded="0" keyframe="1" points="638.90,500.40" z_order="0">
    </points>
    <points frame="150" outside="0" occluded="0" keyframe="0" points="644.05,506.02" z_order="0">
    </points>
    <points frame="151" outside="0" occluded="0" keyframe="0" points="649.20,511.65" z_order="0">
    </points>
    <points frame="152" outside="0" occluded="0" keyframe="0" points="654.35,517.27" z_order="0">
    </points>
    <points frame="153" outside="0" occluded="0" keyframe="1" points="659.50,522.90" z_order="0">
    </points>
    <points frame="154" outside="0" occluded="0" keyframe="0" points="660.68,521.57" z_order="0">
    </points>
    <points frame="155" outside="0" occluded="0" keyframe="0" points="661.87,520.23" z_order="0">
    </points>
    <points frame="156" outside="0" occluded="0" keyframe="0" points="663.05,518.90" z_order="0">
    </points>
    <points frame="157" outside="0" occluded="0" keyframe="0" points="664.23,517.57" z_order="0">
    </points>
    <points frame="158" outside="0" occluded="0" keyframe="0" points="665.42,516.23" z_order="0">
    </points>
    <points frame="159" outside="0" occluded="0" keyframe="1" points="666.60,514.90" z_order="0">
    </points>
    <points frame="160" outside="0" occluded="0" keyframe="0" points="664.49,515.96" z_order="0">
    </points>
    <points frame="161" outside="0" occluded="0" keyframe="0" points="662.38,517.02" z_order="0">
    </points>
    <points frame="162" outside="0" occluded="0" keyframe="0" points="660.27,518.08" z_order="0">
    </points>
    <points frame="163" outside="0" occluded="0" keyframe="0" points="658.16,519.14" z_order="0">
    </points>
    <points frame="164" outside="0" occluded="0" keyframe="0" points="656.05,520.20" z_order="0">
    </points>
    <points frame="165" outside="0" occluded="0" keyframe="0" points="653.94,521.26" z_order="0">
    </points>
    <points frame="166" outside="0" occluded="0" keyframe="0" points="651.83,522.32" z_order="0">
    </points>
    <points frame="167" outside="0" occluded="0" keyframe="0" points="649.72,523.38" z_order="0">
    </points>
    <points frame="168" outside="0" occluded="0" keyframe="0" points="647.61,524.44" z_order="0">
    </points>
    <points frame="169" outside="0" occluded="0" keyframe="1" points="645.50,525.50" z_order="0">
    </points>
    <points frame="170" outside="0" occluded="0" keyframe="0" points="644.58,525.50" z_order="0">
    </points>
    <points frame="171" outside="0" occluded="0" keyframe="0" points="643.66,525.50" z_order="0">
    </points>
    <points frame="172" outside="0" occluded="0" keyframe="0" points="642.74,525.50" z_order="0">
    </points>
    <points frame="173" outside="0" occluded="0" keyframe="0" points="641.82,525.50" z_order="0">
    </points>
    <points frame="174" outside="0" occluded="0" keyframe="0" points="640.90,525.50" z_order="0">
    </points>
    <points frame="175" outside="0" occluded="0" keyframe="0" points="639.98,525.50" z_order="0">
    </points>
    <points frame="176" outside="0" occluded="0" keyframe="0" points="639.06,525.50" z_order="0">
    </points>
    <points frame="177" outside="0" occluded="0" keyframe="0" points="638.14,525.50" z_order="0">
    </points>
    <points frame="178" outside="0" occluded="0" keyframe="0" points="637.22,525.50" z_order="0">
    </points>
    <points frame="179" outside="0" occluded="0" keyframe="1" points="636.30,525.50" z_order="0">
    </points>
    <points frame="180" outside="0" occluded="0" keyframe="0" points="650.37,521.10" z_order="0">
    </points>
    <points frame="181" outside="0" occluded="0" keyframe="0" points="664.43,516.70" z_order="0">
    </points>
    <points frame="182" outside="0" occluded="0" keyframe="1" points="678.50,512.30" z_order="0">
    </points>
    <points frame="183" outside="0" occluded="0" keyframe="0" points="674.36,514.19" z_order="0">
    </points>
    <points frame="184" outside="0" occluded="0" keyframe="0" points="670.21,516.07" z_order="0">
    </points>
    <points frame="185" outside="0" occluded="0" keyframe="0" points="666.07,517.96" z_order="0">
    </points>
    <points frame="186" outside="0" occluded="0" keyframe="0" points="661.93,519.84" z_order="0">
    </points>
    <points frame="187" outside="0" occluded="0" keyframe="0" points="657.79,521.73" z_order="0">
    </points>
    <points frame="188" outside="0" occluded="0" keyframe="0" points="653.64,523.61" z_order="0">
    </points>
    <points frame="189" outside="0" occluded="0" keyframe="1" points="649.50,525.50" z_order="0">
    </points>
    <points frame="190" outside="0" occluded="0" keyframe="0" points="646.73,526.82" z_order="0">
    </points>
    <points frame="191" outside="0" occluded="0" keyframe="0" points="643.96,528.14" z_order="0">
    </points>
    <points frame="192" outside="0" occluded="0" keyframe="0" points="641.19,529.46" z_order="0">
    </points>
    <points frame="193" outside="0" occluded="0" keyframe="0" points="638.42,530.78" z_order="0">
    </points>
    <points frame="194" outside="0" occluded="0" keyframe="0" points="635.65,532.10" z_order="0">
    </points>
    <points frame="195" outside="0" occluded="0" keyframe="0" points="632.88,533.42" z_order="0">
    </points>
    <points frame="196" outside="0" occluded="0" keyframe="0" points="630.11,534.74" z_order="0">
    </points>
    <points frame="197" outside="0" occluded="0" keyframe="0" points="627.34,536.06" z_order="0">
    </points>
    <points frame="198" outside="0" occluded="0" keyframe="0" points="624.57,537.38" z_order="0">
    </points>
    <points frame="199" outside="0" occluded="0" keyframe="1" points="621.80,538.70" z_order="0">
    </points>
    <points frame="200" outside="0" occluded="0" keyframe="0" points="620.74,538.96" z_order="0">
    </points>
    <points frame="201" outside="0" occluded="0" keyframe="0" points="619.68,539.22" z_order="0">
    </points>
    <points frame="202" outside="0" occluded="0" keyframe="0" points="618.62,539.48" z_order="0">
    </points>
    <points frame="203" outside="0" occluded="0" keyframe="0" points="617.56,539.74" z_order="0">
    </points>
    <points frame="204" outside="0" occluded="0" keyframe="0" points="616.50,540.00" z_order="0">
    </points>
    <points frame="205" outside="0" occluded="0" keyframe="0" points="615.44,540.26" z_order="0">
    </points>
    <points frame="206" outside="0" occluded="0" keyframe="0" points="614.38,540.52" z_order="0">
    </points>
    <points frame="207" outside="0" occluded="0" keyframe="0" points="613.32,540.78" z_order="0">
    </points>
    <points frame="208" outside="0" occluded="0" keyframe="0" points="612.26,541.04" z_order="0">
    </points>
    <points frame="209" outside="0" occluded="0" keyframe="1" points="611.20,541.30" z_order="0">
    </points>
    <points frame="210" outside="0" occluded="0" keyframe="0" points="613.71,540.77" z_order="0">
    </points>
    <points frame="211" outside="0" occluded="0" keyframe="0" points="616.22,540.24" z_order="0">
    </points>
    <points frame="212" outside="0" occluded="0" keyframe="0" points="618.73,539.71" z_order="0">
    </points>
    <points frame="213" outside="0" occluded="0" keyframe="0" points="621.24,539.18" z_order="0">
    </points>
    <points frame="214" outside="0" occluded="0" keyframe="0" points="623.75,538.65" z_order="0">
    </points>
    <points frame="215" outside="0" occluded="0" keyframe="0" points="626.26,538.12" z_order="0">
    </points>
    <points frame="216" outside="0" occluded="0" keyframe="0" points="628.77,537.59" z_order="0">
    </points>
    <points frame="217" outside="0" occluded="0" keyframe="0" points="631.28,537.06" z_order="0">
    </points>
    <points frame="218" outside="0" occluded="0" keyframe="0" points="633.79,536.53" z_order="0">
    </points>
    <points frame="219" outside="0" occluded="0" keyframe="1" points="636.30,536.00" z_order="0">
    </points>
    <points frame="220" outside="0" occluded="0" keyframe="0" points="636.83,535.60" z_order="0">
    </points>
    <points frame="221" outside="0" occluded="0" keyframe="0" points="637.36,535.20" z_order="0">
    </points>
    <points frame="222" outside="0" occluded="0" keyframe="0" points="637.89,534.80" z_order="0">
    </points>
    <points frame="223" outside="0" occluded="0" keyframe="0" points="638.42,534.40" z_order="0">
    </points>
    <points frame="224" outside="0" occluded="0" keyframe="0" points="638.95,534.00" z_order="0">
    </points>
    <points frame="225" outside="0" occluded="0" keyframe="0" points="639.48,533.60" z_order="0">
    </points>
    <points frame="226" outside="0" occluded="0" keyframe="0" points="640.01,533.20" z_order="0">
    </points>
    <points frame="227" outside="0" occluded="0" keyframe="0" points="640.54,532.80" z_order="0">
    </points>
    <points frame="228" outside="0" occluded="0" keyframe="0" points="641.07,532.40" z_order="0">
    </points>
    <points frame="229" outside="0" occluded="0" keyframe="1" points="641.60,532.00" z_order="0">
    </points>
    <points frame="230" outside="0" occluded="0" keyframe="0" points="641.60,531.34" z_order="0">
    </points>
    <points frame="231" outside="0" occluded="0" keyframe="0" points="641.60,530.68" z_order="0">
    </points>
    <points frame="232" outside="0" occluded="0" keyframe="0" points="641.60,530.01" z_order="0">
    </points>
    <points frame="233" outside="0" occluded="0" keyframe="0" points="641.60,529.35" z_order="0">
    </points>
    <points frame="234" outside="0" occluded="0" keyframe="0" points="641.60,528.69" z_order="0">
    </points>
    <points frame="235" outside="0" occluded="0" keyframe="0" points="641.60,528.03" z_order="0">
    </points>
    <points frame="236" outside="0" occluded="0" keyframe="0" points="641.60,527.36" z_order="0">
    </points>
    <points frame="237" outside="0" occluded="0" keyframe="1" points="641.60,526.70" z_order="0">
    </points>
  </track>
  <track id="1" label="M" source="manual">
    <points frame="106" outside="0" occluded="0" keyframe="1" points="461.96,642.24" z_order="0">
    </points>
    <points frame="107" outside="0" occluded="0" keyframe="0" points="462.21,642.23" z_order="0">
    </points>
    <points frame="108" outside="0" occluded="0" keyframe="0" points="462.46,642.23" z_order="0">
    </points>
    <points frame="109" outside="0" occluded="0" keyframe="0" points="462.72,642.23" z_order="0">
    </points>
    <points frame="110" outside="0" occluded="0" keyframe="0" points="462.97,642.22" z_order="0">
    </points>
    <points frame="111" outside="0" occluded="0" keyframe="0" points="463.23,642.22" z_order="0">
    </points>
    <points frame="112" outside="0" occluded="0" keyframe="0" points="463.48,642.22" z_order="0">
    </points>
    <points frame="113" outside="0" occluded="0" keyframe="0" points="463.74,642.21" z_order="0">
    </points>
    <points frame="114" outside="0" occluded="0" keyframe="0" points="463.99,642.21" z_order="0">
    </points>
    <points frame="115" outside="0" occluded="0" keyframe="0" points="464.25,642.20" z_order="0">
    </points>
    <points frame="116" outside="0" occluded="0" keyframe="1" points="464.50,642.20" z_order="0">
    </points>
    <points frame="117" outside="0" occluded="0" keyframe="0" points="464.75,642.20" z_order="0">
    </points>
    <points frame="118" outside="0" occluded="0" keyframe="0" points="465.00,642.20" z_order="0">
    </points>
    <points frame="119" outside="0" occluded="0" keyframe="0" points="465.25,642.20" z_order="0">
    </points>
    <points frame="120" outside="0" occluded="0" keyframe="0" points="465.50,642.20" z_order="0">
    </points>
    <points frame="121" outside="0" occluded="0" keyframe="0" points="465.75,642.20" z_order="0">
    </points>
    <points frame="122" outside="0" occluded="0" keyframe="0" points="466.00,642.20" z_order="0">
    </points>
    <points frame="123" outside="0" occluded="0" keyframe="0" points="466.25,642.20" z_order="0">
    </points>
    <points frame="124" outside="0" occluded="0" keyframe="0" points="466.50,642.20" z_order="0">
    </points>
    <points frame="125" outside="0" occluded="0" keyframe="0" points="466.75,642.20" z_order="0">
    </points>
    <points frame="126" outside="0" occluded="0" keyframe="1" points="467.00,642.20" z_order="0">
    </points>
    <points frame="127" outside="0" occluded="0" keyframe="0" points="467.25,642.20" z_order="0">
    </points>
    <points frame="128" outside="0" occluded="0" keyframe="0" points="467.50,642.20" z_order="0">
    </points>
    <points frame="129" outside="0" occluded="0" keyframe="0" points="467.75,642.20" z_order="0">
    </points>
    <points frame="130" outside="0" occluded="0" keyframe="0" points="468.00,642.20" z_order="0">
    </points>
    <points frame="131" outside="0" occluded="0" keyframe="0" points="468.25,642.20" z_order="0">
    </points>
    <points frame="132" outside="0" occluded="0" keyframe="0" points="468.50,642.20" z_order="0">
    </points>
    <points frame="133" outside="0" occluded="0" keyframe="0" points="468.75,642.20" z_order="0">
    </points>
    <points frame="134" outside="0" occluded="0" keyframe="0" points="469.00,642.20" z_order="0">
    </points>
    <points frame="135" outside="0" occluded="0" keyframe="0" points="469.25,642.20" z_order="0">
    </points>
    <points frame="136" outside="0" occluded="0" keyframe="1" points="469.50,642.20" z_order="0">
    </points>
    <points frame="137" outside="0" occluded="0" keyframe="0" points="470.50,641.95" z_order="0">
    </points>
    <points frame="138" outside="0" occluded="0" keyframe="0" points="471.50,641.70" z_order="0">
    </points>
    <points frame="139" outside="0" occluded="0" keyframe="0" points="472.50,641.45" z_order="0">
    </points>
    <points frame="140" outside="0" occluded="0" keyframe="0" points="473.50,641.20" z_order="0">
    </points>
    <points frame="141" outside="0" occluded="0" keyframe="0" points="474.50,640.95" z_order="0">
    </points>
    <points frame="142" outside="0" occluded="0" keyframe="0" points="475.50,640.70" z_order="0">
    </points>
    <points frame="143" outside="0" occluded="0" keyframe="0" points="476.50,640.45" z_order="0">
    </points>
    <points frame="144" outside="0" occluded="0" keyframe="0" points="477.50,640.20" z_order="0">
    </points>
    <points frame="145" outside="0" occluded="0" keyframe="0" points="478.50,639.95" z_order="0">
    </points>
    <points frame="146" outside="0" occluded="0" keyframe="1" points="479.50,639.70" z_order="0">
    </points>
    <points frame="147" outside="0" occluded="0" keyframe="0" points="480.00,639.32" z_order="0">
    </points>
    <points frame="148" outside="0" occluded="0" keyframe="0" points="480.50,638.94" z_order="0">
    </points>
    <points frame="149" outside="0" occluded="0" keyframe="0" points="481.00,638.56" z_order="0">
    </points>
    <points frame="150" outside="0" occluded="0" keyframe="0" points="481.50,638.18" z_order="0">
    </points>
    <points frame="151" outside="0" occluded="0" keyframe="0" points="482.00,637.80" z_order="0">
    </points>
    <points frame="152" outside="0" occluded="0" keyframe="0" points="482.50,637.42" z_order="0">
    </points>
    <points frame="153" outside="0" occluded="0" keyframe="0" points="483.00,637.04" z_order="0">
    </points>
    <points frame="154" outside="0" occluded="0" keyframe="0" points="483.50,636.66" z_order="0">
    </points>
    <points frame="155" outside="0" occluded="0" keyframe="0" points="484.00,636.28" z_order="0">
    </points>
    <points frame="156" outside="0" occluded="0" keyframe="1" points="484.50,635.90" z_order="0">
    </points>
    <points frame="157" outside="0" occluded="0" keyframe="0" points="484.63,635.52" z_order="0">
    </points>
    <points frame="158" outside="0" occluded="0" keyframe="0" points="484.76,635.14" z_order="0">
    </points>
    <points frame="159" outside="0" occluded="0" keyframe="0" points="484.89,634.76" z_order="0">
    </points>
    <points frame="160" outside="0" occluded="0" keyframe="0" points="485.02,634.38" z_order="0">
    </points>
    <points frame="161" outside="0" occluded="0" keyframe="0" points="485.15,634.00" z_order="0">
    </points>
    <points frame="162" outside="0" occluded="0" keyframe="0" points="485.28,633.62" z_order="0">
    </points>
    <points frame="163" outside="0" occluded="0" keyframe="0" points="485.41,633.24" z_order="0">
    </points>
    <points frame="164" outside="0" occluded="0" keyframe="0" points="485.54,632.86" z_order="0">
    </points>
    <points frame="165" outside="0" occluded="0" keyframe="0" points="485.67,632.48" z_order="0">
    </points>
    <points frame="166" outside="0" occluded="0" keyframe="1" points="485.80,632.10" z_order="0">
    </points>
    <points frame="167" outside="0" occluded="0" keyframe="0" points="485.55,631.60" z_order="0">
    </points>
    <points frame="168" outside="0" occluded="0" keyframe="0" points="485.30,631.10" z_order="0">
    </points>
    <points frame="169" outside="0" occluded="0" keyframe="0" points="485.05,630.60" z_order="0">
    </points>
    <points frame="170" outside="0" occluded="0" keyframe="0" points="484.80,630.10" z_order="0">
    </points>
    <points frame="171" outside="0" occluded="0" keyframe="0" points="484.55,629.60" z_order="0">
    </points>
    <points frame="172" outside="0" occluded="0" keyframe="0" points="484.30,629.10" z_order="0">
    </points>
    <points frame="173" outside="0" occluded="0" keyframe="0" points="484.05,628.60" z_order="0">
    </points>
    <points frame="174" outside="0" occluded="0" keyframe="0" points="483.80,628.10" z_order="0">
    </points>
    <points frame="175" outside="0" occluded="0" keyframe="0" points="483.55,627.60" z_order="0">
    </points>
    <points frame="176" outside="0" occluded="0" keyframe="1" points="483.30,627.10" z_order="0">
    </points>
    <points frame="177" outside="0" occluded="0" keyframe="0" points="482.80,627.10" z_order="0">
    </points>
    <points frame="178" outside="0" occluded="0" keyframe="0" points="482.30,627.10" z_order="0">
    </points>
    <points frame="179" outside="0" occluded="0" keyframe="0" points="481.80,627.10" z_order="0">
    </points>
    <points frame="180" outside="0" occluded="0" keyframe="0" points="481.30,627.10" z_order="0">
    </points>
    <points frame="181" outside="0" occluded="0" keyframe="0" points="480.80,627.10" z_order="0">
    </points>
    <points frame="182" outside="0" occluded="0" keyframe="0" points="480.30,627.10" z_order="0">
    </points>
    <points frame="183" outside="0" occluded="0" keyframe="0" points="479.80,627.10" z_order="0">
    </points>
    <points frame="184" outside="0" occluded="0" keyframe="0" points="479.30,627.10" z_order="0">
    </points>
    <points frame="185" outside="0" occluded="0" keyframe="0" points="478.80,627.10" z_order="0">
    </points>
    <points frame="186" outside="0" occluded="0" keyframe="0" points="478.30,627.10" z_order="0">
    </points>
    <points frame="187" outside="0" occluded="0" keyframe="0" points="477.80,627.10" z_order="0">
    </points>
    <points frame="188" outside="0" occluded="0" keyframe="0" points="477.30,627.10" z_order="0">
    </points>
    <points frame="189" outside="0" occluded="0" keyframe="0" points="476.80,627.10" z_order="0">
    </points>
    <points frame="190" outside="0" occluded="0" keyframe="0" points="476.30,627.10" z_order="0">
    </points>
    <points frame="191" outside="0" occluded="0" keyframe="0" points="475.80,627.10" z_order="0">
    </points>
    <points frame="192" outside="0" occluded="0" keyframe="0" points="475.30,627.10" z_order="0">
    </points>
    <points frame="193" outside="0" occluded="0" keyframe="0" points="474.80,627.10" z_order="0">
    </points>
    <points frame="194" outside="0" occluded="0" keyframe="0" points="474.30,627.10" z_order="0">
    </points>
    <points frame="195" outside="0" occluded="0" keyframe="0" points="473.80,627.10" z_order="0">
    </points>
    <points frame="196" outside="0" occluded="0" keyframe="1" points="473.30,627.10" z_order="0">
    </points>
    <points frame="197" outside="0" occluded="0" keyframe="0" points="473.05,627.23" z_order="0">
    </points>
    <points frame="198" outside="0" occluded="0" keyframe="0" points="472.80,627.36" z_order="0">
    </points>
    <points frame="199" outside="0" occluded="0" keyframe="0" points="472.55,627.49" z_order="0">
    </points>
    <points frame="200" outside="0" occluded="0" keyframe="0" points="472.30,627.62" z_order="0">
    </points>
    <points frame="201" outside="0" occluded="0" keyframe="0" points="472.05,627.75" z_order="0">
    </points>
    <points frame="202" outside="0" occluded="0" keyframe="0" points="471.80,627.88" z_order="0">
    </points>
    <points frame="203" outside="0" occluded="0" keyframe="0" points="471.55,628.01" z_order="0">
    </points>
    <points frame="204" outside="0" occluded="0" keyframe="0" points="471.30,628.14" z_order="0">
    </points>
    <points frame="205" outside="0" occluded="0" keyframe="0" points="471.05,628.27" z_order="0">
    </points>
    <points frame="206" outside="0" occluded="0" keyframe="1" points="470.80,628.40" z_order="0">
    </points>
    <points frame="207" outside="0" occluded="0" keyframe="0" points="471.12,628.40" z_order="0">
    </points>
    <points frame="208" outside="0" occluded="0" keyframe="0" points="471.43,628.40" z_order="0">
    </points>
    <points frame="209" outside="0" occluded="0" keyframe="0" points="471.75,628.40" z_order="0">
    </points>
    <points frame="210" outside="0" occluded="0" keyframe="0" points="472.06,628.40" z_order="0">
    </points>
    <points frame="211" outside="0" occluded="0" keyframe="0" points="472.38,628.40" z_order="0">
    </points>
    <points frame="212" outside="0" occluded="0" keyframe="0" points="472.69,628.40" z_order="0">
    </points>
    <points frame="213" outside="0" occluded="0" keyframe="0" points="473.01,628.40" z_order="0">
    </points>
    <points frame="214" outside="0" occluded="0" keyframe="0" points="473.32,628.40" z_order="0">
    </points>
    <points frame="215" outside="0" occluded="0" keyframe="0" points="473.64,628.40" z_order="0">
    </points>
    <points frame="216" outside="0" occluded="0" keyframe="0" points="473.95,628.40" z_order="0">
    </points>
    <points frame="217" outside="0" occluded="0" keyframe="0" points="474.27,628.40" z_order="0">
    </points>
    <points frame="218" outside="0" occluded="0" keyframe="0" points="474.58,628.40" z_order="0">
    </points>
    <points frame="219" outside="0" occluded="0" keyframe="0" points="474.90,628.40" z_order="0">
    </points>
    <points frame="220" outside="0" occluded="0" keyframe="0" points="475.21,628.40" z_order="0">
    </points>
    <points frame="221" outside="0" occluded="0" keyframe="0" points="475.53,628.40" z_order="0">
    </points>
    <points frame="222" outside="0" occluded="0" keyframe="0" points="475.84,628.40" z_order="0">
    </points>
    <points frame="223" outside="0" occluded="0" keyframe="0" points="476.16,628.40" z_order="0">
    </points>
    <points frame="224" outside="0" occluded="0" keyframe="0" points="476.47,628.40" z_order="0">
    </points>
    <points frame="225" outside="0" occluded="0" keyframe="0" points="476.79,628.40" z_order="0">
    </points>
    <points frame="226" outside="0" occluded="0" keyframe="1" points="477.10,628.40" z_order="0">
    </points>
    <points frame="227" outside="0" occluded="0" keyframe="0" points="477.10,628.40" z_order="0">
    </points>
    <points frame="228" outside="0" occluded="0" keyframe="0" points="477.10,628.40" z_order="0">
    </points>
    <points frame="229" outside="0" occluded="0" keyframe="0" points="477.10,628.40" z_order="0">
    </points>
    <points frame="230" outside="0" occluded="0" keyframe="0" points="477.10,628.40" z_order="0">
    </points>
    <points frame="231" outside="0" occluded="0" keyframe="0" points="477.10,628.40" z_order="0">
    </points>
    <points frame="232" outside="0" occluded="0" keyframe="0" points="477.10,628.40" z_order="0">
    </points>
    <points frame="233" outside="0" occluded="0" keyframe="0" points="477.10,628.40" z_order="0">
    </points>
    <points frame="234" outside="0" occluded="0" keyframe="0" points="477.10,628.40" z_order="0">
    </points>
    <points frame="235" outside="0" occluded="0" keyframe="0" points="477.10,628.40" z_order="0">
    </points>
    <points frame="236" outside="0" occluded="0" keyframe="0" points="477.10,628.40" z_order="0">
    </points>
    <points frame="237" outside="0" occluded="0" keyframe="0" points="477.10,628.40" z_order="0">
    </points>
  </track>
</annotations>
