<?xml version="1.0" encoding="utf-8"?>
<annotations>
  <version>1.1</version>
  <meta>
    <task>
      <id>99</id>
      <name>D06_Dry-12</name>
      <size>267</size>
      <mode>interpolation</mode>
      <overlap>5</overlap>
      <bugtracker></bugtracker>
      <created>2021-11-20 03:11:36.351187+00:00</created>
      <updated>2021-11-20 13:19:10.341443+00:00</updated>
      <subset>default</subset>
      <start_frame>0</start_frame>
      <stop_frame>266</stop_frame>
      <frame_filter></frame_filter>
      <segments>
        <segment>
          <id>98</id>
          <start>0</start>
          <stop>266</stop>
          <url>http://localhost:8080/?id=98</url>
        </segment>
      </segments>
      <owner>
        <username>hubertachan</username>
        <email>hubertachan@gmail.com</email>
      </owner>
      <assignee></assignee>
      <labels>
        <label>
          <name>HB</name>
          <color>#3b0c73</color>
          <attributes>
          </attributes>
        </label>
        <label>
          <name>M</name>
          <color>#ff355e</color>
          <attributes>
          </attributes>
        </label>
      </labels>
      <original_size>
        <width>1068</width>
        <height>800</height>
      </original_size>
    </task>
    <dumped>2021-11-20 13:19:16.937121+00:00</dumped>
    <source>D06_Dry-12.avi</source>
  </meta>
  <track id="0" label="HB" source="manual">
    <points frame="110" outside="0" occluded="0" keyframe="1" points="573.10,546.70" z_order="0">
    </points>
    <points frame="111" outside="0" occluded="0" keyframe="0" points="573.76,546.30" z_order="0">
    </points>
    <points frame="112" outside="0" occluded="0" keyframe="0" points="574.42,545.90" z_order="0">
    </points>
    <points frame="113" outside="0" occluded="0" keyframe="0" points="575.08,545.50" z_order="0">
    </points>
    <points frame="114" outside="0" occluded="0" keyframe="0" points="575.74,545.10" z_order="0">
    </points>
    <points frame="115" outside="0" occluded="0" keyframe="0" points="576.40,544.70" z_order="0">
    </points>
    <points frame="116" outside="0" occluded="0" keyframe="0" points="577.06,544.30" z_order="0">
    </points>
    <points frame="117" outside="0" occluded="0" keyframe="0" points="577.72,543.90" z_order="0">
    </points>
    <points frame="118" outside="0" occluded="0" keyframe="0" points="578.38,543.50" z_order="0">
    </points>
    <points frame="119" outside="0" occluded="0" keyframe="0" points="579.04,543.10" z_order="0">
    </points>
    <points frame="120" outside="0" occluded="0" keyframe="1" points="579.70,542.70" z_order="0">
    </points>
    <points frame="121" outside="0" occluded="0" keyframe="0" points="580.10,542.57" z_order="0">
    </points>
    <points frame="122" outside="0" occluded="0" keyframe="0" points="580.50,542.44" z_order="0">
    </points>
    <points frame="123" outside="0" occluded="0" keyframe="0" points="580.90,542.31" z_order="0">
    </points>
    <points frame="124" outside="0" occluded="0" keyframe="0" points="581.30,542.18" z_order="0">
    </points>
    <points frame="125" outside="0" occluded="0" keyframe="0" points="581.70,542.05" z_order="0">
    </points>
    <points frame="126" outside="0" occluded="0" keyframe="0" points="582.10,541.92" z_order="0">
    </points>
    <points frame="127" outside="0" occluded="0" keyframe="0" points="582.50,541.79" z_order="0">
    </points>
    <points frame="128" outside="0" occluded="0" keyframe="0" points="582.90,541.66" z_order="0">
    </points>
    <points frame="129" outside="0" occluded="0" keyframe="0" points="583.30,541.53" z_order="0">
    </points>
    <points frame="130" outside="0" occluded="0" keyframe="1" points="583.70,541.40" z_order="0">
    </points>
    <points frame="131" outside="0" occluded="0" keyframe="0" points="584.89,540.74" z_order="0">
    </points>
    <points frame="132" outside="0" occluded="0" keyframe="0" points="586.08,540.08" z_order="0">
    </points>
    <points frame="133" outside="0" occluded="0" keyframe="0" points="587.27,539.42" z_order="0">
    </points>
    <points frame="134" outside="0" occluded="0" keyframe="0" points="588.46,538.76" z_order="0">
    </points>
    <points frame="135" outside="0" occluded="0" keyframe="0" points="589.65,538.10" z_order="0">
    </points>
    <points frame="136" outside="0" occluded="0" keyframe="0" points="590.84,537.44" z_order="0">
    </points>
    <points frame="137" outside="0" occluded="0" keyframe="0" points="592.03,536.78" z_order="0">
    </points>
    <points frame="138" outside="0" occluded="0" keyframe="0" points="593.22,536.12" z_order="0">
    </points>
    <points frame="139" outside="0" occluded="0" keyframe="0" points="594.41,535.46" z_order="0">
    </points>
    <points frame="140" outside="0" occluded="0" keyframe="1" points="595.60,534.80" z_order="0">
    </points>
    <points frame="141" outside="0" occluded="0" keyframe="1" points="613.20,534.30" z_order="0">
    </points>
    <points frame="142" outside="0" occluded="0" keyframe="1" points="622.50,532.40" z_order="0">
    </points>
    <points frame="143" outside="0" occluded="0" keyframe="1" points="626.90,532.00" z_order="0">
    </points>
    <points frame="144" outside="0" occluded="0" keyframe="1" points="616.20,527.70" z_order="0">
    </points>
    <points frame="145" outside="0" occluded="0" keyframe="1" points="620.50,528.00" z_order="0">
    </points>
    <points frame="146" outside="0" occluded="0" keyframe="1" points="625.50,528.30" z_order="0">
    </points>
    <points frame="147" outside="0" occluded="0" keyframe="1" points="632.20,528.60" z_order="0">
    </points>
    <points frame="148" outside="0" occluded="0" keyframe="1" points="636.70,528.90" z_order="0">
    </points>
    <points frame="149" outside="0" occluded="0" keyframe="1" points="616.70,520.00" z_order="0">
    </points>
    <points frame="150" outside="0" occluded="0" keyframe="1" points="619.30,517.60" z_order="0">
    </points>
    <points frame="151" outside="0" occluded="0" keyframe="0" points="612.30,517.03" z_order="0">
    </points>
    <points frame="152" outside="0" occluded="0" keyframe="0" points="605.30,516.47" z_order="0">
    </points>
    <points frame="153" outside="0" occluded="0" keyframe="1" points="598.30,515.90" z_order="0">
    </points>
    <points frame="154" outside="0" occluded="0" keyframe="1" points="593.40,508.60" z_order="0">
    </points>
    <points frame="155" outside="0" occluded="0" keyframe="0" points="599.25,512.08" z_order="0">
    </points>
    <points frame="156" outside="0" occluded="0" keyframe="0" points="605.10,515.57" z_order="0">
    </points>
    <points frame="157" outside="0" occluded="0" keyframe="0" points="610.95,519.05" z_order="0">
    </points>
    <points frame="158" outside="0" occluded="0" keyframe="0" points="616.80,522.53" z_order="0">
    </points>
    <points frame="159" outside="0" occluded="0" keyframe="0" points="622.65,526.02" z_order="0">
    </points>
    <points frame="160" outside="0" occluded="0" keyframe="1" points="628.50,529.50" z_order="0">
    </points>
    <points frame="161" outside="0" occluded="0" keyframe="0" points="624.94,528.97" z_order="0">
    </points>
    <points frame="162" outside="0" occluded="0" keyframe="0" points="621.38,528.44" z_order="0">
    </points>
    <points frame="163" outside="0" occluded="0" keyframe="0" points="617.82,527.91" z_order="0">
    </points>
    <points frame="164" outside="0" occluded="0" keyframe="0" points="614.26,527.38" z_order="0">
    </points>
    <points frame="165" outside="0" occluded="0" keyframe="0" points="610.70,526.85" z_order="0">
    </points>
    <points frame="166" outside="0" occluded="0" keyframe="0" points="607.14,526.32" z_order="0">
    </points>
    <points frame="167" outside="0" occluded="0" keyframe="0" points="603.58,525.79" z_order="0">
    </points>
    <points frame="168" outside="0" occluded="0" keyframe="0" points="600.02,525.26" z_order="0">
    </points>
    <points frame="169" outside="0" occluded="0" keyframe="0" points="596.46,524.73" z_order="0">
    </points>
    <points frame="170" outside="0" occluded="0" keyframe="1" points="592.90,524.20" z_order="0">
    </points>
    <points frame="171" outside="0" occluded="0" keyframe="0" points="592.57,524.53" z_order="0">
    </points>
    <points frame="172" outside="0" occluded="0" keyframe="0" points="592.25,524.85" z_order="0">
    </points>
    <points frame="173" outside="0" occluded="0" keyframe="0" points="591.93,525.18" z_order="0">
    </points>
    <points frame="174" outside="0" occluded="0" keyframe="1" points="591.60,525.50" z_order="0">
    </points>
    <points frame="175" outside="0" occluded="0" keyframe="0" points="596.22,525.28" z_order="0">
    </points>
    <points frame="176" outside="0" occluded="0" keyframe="0" points="600.83,525.07" z_order="0">
    </points>
    <points frame="177" outside="0" occluded="0" keyframe="0" points="605.45,524.85" z_order="0">
    </points>
    <points frame="178" outside="0" occluded="0" keyframe="0" points="610.07,524.63" z_order="0">
    </points>
    <points frame="179" outside="0" occluded="0" keyframe="0" points="614.68,524.42" z_order="0">
    </points>
    <points frame="180" outside="0" occluded="0" keyframe="1" points="619.30,524.20" z_order="0">
    </points>
    <points frame="181" outside="0" occluded="0" keyframe="0" points="621.41,524.07" z_order="0">
    </points>
    <points frame="182" outside="0" occluded="0" keyframe="0" points="623.52,523.94" z_order="0">
    </points>
    <points frame="183" outside="0" occluded="0" keyframe="0" points="625.63,523.81" z_order="0">
    </points>
    <points frame="184" outside="0" occluded="0" keyframe="0" points="627.74,523.68" z_order="0">
    </points>
    <points frame="185" outside="0" occluded="0" keyframe="0" points="629.85,523.55" z_order="0">
    </points>
    <points frame="186" outside="0" occluded="0" keyframe="0" points="631.96,523.42" z_order="0">
    </points>
    <points frame="187" outside="0" occluded="0" keyframe="0" points="634.07,523.29" z_order="0">
    </points>
    <points frame="188" outside="0" occluded="0" keyframe="0" points="636.18,523.16" z_order="0">
    </points>
    <points frame="189" outside="0" occluded="0" keyframe="0" points="638.29,523.03" z_order="0">
    </points>
    <points frame="190" outside="0" occluded="0" keyframe="1" points="640.40,522.90" z_order="0">
    </points>
    <points frame="191" outside="0" occluded="0" keyframe="0" points="639.74,522.90" z_order="0">
    </points>
    <points frame="192" outside="0" occluded="0" keyframe="0" points="639.08,522.90" z_order="0">
    </points>
    <points frame="193" outside="0" occluded="0" keyframe="0" points="638.42,522.90" z_order="0">
    </points>
    <points frame="194" outside="0" occluded="0" keyframe="0" points="637.76,522.90" z_order="0">
    </points>
    <points frame="195" outside="0" occluded="0" keyframe="0" points="637.10,522.90" z_order="0">
    </points>
    <points frame="196" outside="0" occluded="0" keyframe="0" points="636.44,522.90" z_order="0">
    </points>
    <points frame="197" outside="0" occluded="0" keyframe="0" points="635.78,522.90" z_order="0">
    </points>
    <points frame="198" outside="0" occluded="0" keyframe="0" points="635.12,522.90" z_order="0">
    </points>
    <points frame="199" outside="0" occluded="0" keyframe="0" points="634.46,522.90" z_order="0">
    </points>
    <points frame="200" outside="0" occluded="0" keyframe="1" points="633.80,522.90" z_order="0">
    </points>
    <points frame="201" outside="0" occluded="0" keyframe="0" points="634.06,522.90" z_order="0">
    </points>
    <points frame="202" outside="0" occluded="0" keyframe="0" points="634.32,522.90" z_order="0">
    </points>
    <points frame="203" outside="0" occluded="0" keyframe="0" points="634.58,522.90" z_order="0">
    </points>
    <points frame="204" outside="0" occluded="0" keyframe="0" points="634.84,522.90" z_order="0">
    </points>
    <points frame="205" outside="0" occluded="0" keyframe="0" points="635.10,522.90" z_order="0">
    </points>
    <points frame="206" outside="0" occluded="0" keyframe="0" points="635.36,522.90" z_order="0">
    </points>
    <points frame="207" outside="0" occluded="0" keyframe="0" points="635.62,522.90" z_order="0">
    </points>
    <points frame="208" outside="0" occluded="0" keyframe="0" points="635.88,522.90" z_order="0">
    </points>
    <points frame="209" outside="0" occluded="0" keyframe="0" points="636.14,522.90" z_order="0">
    </points>
    <points frame="210" outside="0" occluded="0" keyframe="1" points="636.40,522.90" z_order="0">
    </points>
    <points frame="211" outside="0" occluded="0" keyframe="0" points="634.55,523.16" z_order="0">
    </points>
    <points frame="212" outside="0" occluded="0" keyframe="0" points="632.70,523.43" z_order="0">
    </points>
    <points frame="213" outside="0" occluded="0" keyframe="0" points="630.85,523.69" z_order="0">
    </points>
    <points frame="214" outside="0" occluded="0" keyframe="0" points="629.00,523.96" z_order="0">
    </points>
    <points frame="215" outside="0" occluded="0" keyframe="0" points="627.15,524.22" z_order="0">
    </points>
    <points frame="216" outside="0" occluded="0" keyframe="0" points="625.30,524.49" z_order="0">
    </points>
    <points frame="217" outside="0" occluded="0" keyframe="0" points="623.45,524.75" z_order="0">
    </points>
    <points frame="218" outside="0" occluded="0" keyframe="0" points="621.60,525.02" z_order="0">
    </points>
    <points frame="219" outside="0" occluded="0" keyframe="0" points="619.75,525.29" z_order="0">
    </points>
    <points frame="220" outside="0" occluded="0" keyframe="0" points="617.90,525.55" z_order="0">
    </points>
    <points frame="221" outside="0" occluded="0" keyframe="0" points="616.05,525.82" z_order="0">
    </points>
    <points frame="222" outside="0" occluded="0" keyframe="0" points="614.20,526.08" z_order="0">
    </points>
    <points frame="223" outside="0" occluded="0" keyframe="0" points="612.35,526.35" z_order="0">
    </points>
    <points frame="224" outside="0" occluded="0" keyframe="0" points="610.50,526.61" z_order="0">
    </points>
    <points frame="225" outside="0" occluded="0" keyframe="0" points="608.65,526.88" z_order="0">
    </points>
    <points frame="226" outside="0" occluded="0" keyframe="0" points="606.80,527.14" z_order="0">
    </points>
    <points frame="227" outside="0" occluded="0" keyframe="0" points="604.95,527.41" z_order="0">
    </points>
    <points frame="228" outside="0" occluded="0" keyframe="0" points="603.10,527.67" z_order="0">
    </points>
    <points frame="229" outside="0" occluded="0" keyframe="0" points="601.25,527.94" z_order="0">
    </points>
    <points frame="230" outside="0" occluded="0" keyframe="1" points="599.40,528.20" z_order="0">
    </points>
    <points frame="231" outside="0" occluded="0" keyframe="0" points="598.74,528.20" z_order="0">
    </points>
    <points frame="232" outside="0" occluded="0" keyframe="0" points="598.08,528.20" z_order="0">
    </points>
    <points frame="233" outside="0" occluded="0" keyframe="0" points="597.42,528.20" z_order="0">
    </points>
    <points frame="234" outside="0" occluded="0" keyframe="0" points="596.76,528.20" z_order="0">
    </points>
    <points frame="235" outside="0" occluded="0" keyframe="0" points="596.10,528.20" z_order="0">
    </points>
    <points frame="236" outside="0" occluded="0" keyframe="0" points="595.44,528.20" z_order="0">
    </points>
    <points frame="237" outside="0" occluded="0" keyframe="0" points="594.78,528.20" z_order="0">
    </points>
    <points frame="238" outside="0" occluded="0" keyframe="0" points="594.12,528.20" z_order="0">
    </points>
    <points frame="239" outside="0" occluded="0" keyframe="0" points="593.46,528.20" z_order="0">
    </points>
    <points frame="240" outside="0" occluded="0" keyframe="1" points="592.80,528.20" z_order="0">
    </points>
    <points frame="241" outside="0" occluded="0" keyframe="0" points="594.58,527.87" z_order="0">
    </points>
    <points frame="242" outside="0" occluded="0" keyframe="0" points="596.36,527.54" z_order="0">
    </points>
    <points frame="243" outside="0" occluded="0" keyframe="0" points="598.14,527.21" z_order="0">
    </points>
    <points frame="244" outside="0" occluded="0" keyframe="0" points="599.92,526.88" z_order="0">
    </points>
    <points frame="245" outside="0" occluded="0" keyframe="0" points="601.70,526.55" z_order="0">
    </points>
    <points frame="246" outside="0" occluded="0" keyframe="0" points="603.48,526.22" z_order="0">
    </points>
    <points frame="247" outside="0" occluded="0" keyframe="0" points="605.26,525.89" z_order="0">
    </points>
    <points frame="248" outside="0" occluded="0" keyframe="0" points="607.04,525.56" z_order="0">
    </points>
    <points frame="249" outside="0" occluded="0" keyframe="0" points="608.82,525.23" z_order="0">
    </points>
    <points frame="250" outside="0" occluded="0" keyframe="0" points="610.60,524.90" z_order="0">
    </points>
    <points frame="251" outside="0" occluded="0" keyframe="0" points="612.38,524.57" z_order="0">
    </points>
    <points frame="252" outside="0" occluded="0" keyframe="0" points="614.16,524.24" z_order="0">
    </points>
    <points frame="253" outside="0" occluded="0" keyframe="0" points="615.94,523.91" z_order="0">
    </points>
    <points frame="254" outside="0" occluded="0" keyframe="0" points="617.72,523.58" z_order="0">
    </points>
    <points frame="255" outside="0" occluded="0" keyframe="0" points="619.50,523.25" z_order="0">
    </points>
    <points frame="256" outside="0" occluded="0" keyframe="0" points="621.28,522.92" z_order="0">
    </points>
    <points frame="257" outside="0" occluded="0" keyframe="0" points="623.06,522.59" z_order="0">
    </points>
    <points frame="258" outside="0" occluded="0" keyframe="0" points="624.84,522.26" z_order="0">
    </points>
    <points frame="259" outside="0" occluded="0" keyframe="0" points="626.62,521.93" z_order="0">
    </points>
    <points frame="260" outside="0" occluded="0" keyframe="1" points="628.40,521.60" z_order="0">
    </points>
    <points frame="261" outside="0" occluded="0" keyframe="0" points="624.22,521.60" z_order="0">
    </points>
    <points frame="262" outside="0" occluded="0" keyframe="0" points="620.03,521.60" z_order="0">
    </points>
    <points frame="263" outside="0" occluded="0" keyframe="0" points="615.85,521.60" z_order="0">
    </points>
    <points frame="264" outside="0" occluded="0" keyframe="0" points="611.67,521.60" z_order="0">
    </points>
    <points frame="265" outside="0" occluded="0" keyframe="0" points="607.48,521.60" z_order="0">
    </points>
    <points frame="266" outside="0" occluded="0" keyframe="1" points="603.30,521.60" z_order="0">
    </points>
  </track>
  <track id="1" label="M" source="manual">
    <points frame="94" outside="0" occluded="0" keyframe="1" points="468.22,634.73" z_order="0">
    </points>
    <points frame="95" outside="0" occluded="0" keyframe="0" points="467.35,634.82" z_order="0">
    </points>
    <points frame="96" outside="0" occluded="0" keyframe="0" points="466.47,634.92" z_order="0">
    </points>
    <points frame="97" outside="0" occluded="0" keyframe="0" points="465.60,635.02" z_order="0">
    </points>
    <points frame="98" outside="0" occluded="0" keyframe="0" points="464.73,635.12" z_order="0">
    </points>
    <points frame="99" outside="0" occluded="0" keyframe="0" points="463.86,635.22" z_order="0">
    </points>
    <points frame="100" outside="0" occluded="0" keyframe="0" points="462.99,635.31" z_order="0">
    </points>
    <points frame="101" outside="0" occluded="0" keyframe="0" points="462.12,635.41" z_order="0">
    </points>
    <points frame="102" outside="0" occluded="0" keyframe="0" points="461.25,635.51" z_order="0">
    </points>
    <points frame="103" outside="0" occluded="0" keyframe="0" points="460.38,635.61" z_order="0">
    </points>
    <points frame="104" outside="0" occluded="0" keyframe="0" points="459.51,635.71" z_order="0">
    </points>
    <points frame="105" outside="0" occluded="0" keyframe="0" points="458.64,635.80" z_order="0">
    </points>
    <points frame="106" outside="0" occluded="0" keyframe="0" points="457.77,635.90" z_order="0">
    </points>
    <points frame="107" outside="0" occluded="0" keyframe="1" points="456.90,636.00" z_order="0">
    </points>
    <points frame="108" outside="0" occluded="0" keyframe="0" points="456.40,636.63" z_order="0">
    </points>
    <points frame="109" outside="0" occluded="0" keyframe="0" points="455.90,637.26" z_order="0">
    </points>
    <points frame="110" outside="0" occluded="0" keyframe="0" points="455.40,637.89" z_order="0">
    </points>
    <points frame="111" outside="0" occluded="0" keyframe="0" points="454.90,638.52" z_order="0">
    </points>
    <points frame="112" outside="0" occluded="0" keyframe="0" points="454.40,639.15" z_order="0">
    </points>
    <points frame="113" outside="0" occluded="0" keyframe="0" points="453.90,639.78" z_order="0">
    </points>
    <points frame="114" outside="0" occluded="0" keyframe="0" points="453.40,640.41" z_order="0">
    </points>
    <points frame="115" outside="0" occluded="0" keyframe="0" points="452.90,641.04" z_order="0">
    </points>
    <points frame="116" outside="0" occluded="0" keyframe="0" points="452.40,641.67" z_order="0">
    </points>
    <points frame="117" outside="0" occluded="0" keyframe="1" points="451.90,642.30" z_order="0">
    </points>
    <points frame="118" outside="0" occluded="0" keyframe="0" points="452.09,642.24" z_order="0">
    </points>
    <points frame="119" outside="0" occluded="0" keyframe="0" points="452.28,642.18" z_order="0">
    </points>
    <points frame="120" outside="0" occluded="0" keyframe="0" points="452.46,642.11" z_order="0">
    </points>
    <points frame="121" outside="0" occluded="0" keyframe="0" points="452.65,642.05" z_order="0">
    </points>
    <points frame="122" outside="0" occluded="0" keyframe="0" points="452.84,641.99" z_order="0">
    </points>
    <points frame="123" outside="0" occluded="0" keyframe="0" points="453.03,641.93" z_order="0">
    </points>
    <points frame="124" outside="0" occluded="0" keyframe="0" points="453.21,641.86" z_order="0">
    </points>
    <points frame="125" outside="0" occluded="0" keyframe="0" points="453.40,641.80" z_order="0">
    </points>
    <points frame="126" outside="0" occluded="0" keyframe="0" points="453.59,641.74" z_order="0">
    </points>
    <points frame="127" outside="0" occluded="0" keyframe="0" points="453.78,641.68" z_order="0">
    </points>
    <points frame="128" outside="0" occluded="0" keyframe="0" points="453.96,641.61" z_order="0">
    </points>
    <points frame="129" outside="0" occluded="0" keyframe="0" points="454.15,641.55" z_order="0">
    </points>
    <points frame="130" outside="0" occluded="0" keyframe="0" points="454.34,641.49" z_order="0">
    </points>
    <points frame="131" outside="0" occluded="0" keyframe="0" points="454.53,641.43" z_order="0">
    </points>
    <points frame="132" outside="0" occluded="0" keyframe="0" points="454.71,641.36" z_order="0">
    </points>
    <points frame="133" outside="0" occluded="0" keyframe="0" points="454.90,641.30" z_order="0">
    </points>
    <points frame="134" outside="0" occluded="0" keyframe="0" points="455.09,641.24" z_order="0">
    </points>
    <points frame="135" outside="0" occluded="0" keyframe="0" points="455.28,641.18" z_order="0">
    </points>
    <points frame="136" outside="0" occluded="0" keyframe="0" points="455.46,641.11" z_order="0">
    </points>
    <points frame="137" outside="0" occluded="0" keyframe="0" points="455.65,641.05" z_order="0">
    </points>
    <points frame="138" outside="0" occluded="0" keyframe="0" points="455.84,640.99" z_order="0">
    </points>
    <points frame="139" outside="0" occluded="0" keyframe="0" points="456.03,640.93" z_order="0">
    </points>
    <points frame="140" outside="0" occluded="0" keyframe="0" points="456.21,640.86" z_order="0">
    </points>
    <points frame="141" outside="0" occluded="0" keyframe="0" points="456.40,640.80" z_order="0">
    </points>
    <points frame="142" outside="0" occluded="0" keyframe="0" points="456.59,640.74" z_order="0">
    </points>
    <points frame="143" outside="0" occluded="0" keyframe="0" points="456.78,640.68" z_order="0">
    </points>
    <points frame="144" outside="0" occluded="0" keyframe="0" points="456.96,640.61" z_order="0">
    </points>
    <points frame="145" outside="0" occluded="0" keyframe="0" points="457.15,640.55" z_order="0">
    </points>
    <points frame="146" outside="0" occluded="0" keyframe="0" points="457.34,640.49" z_order="0">
    </points>
    <points frame="147" outside="0" occluded="0" keyframe="0" points="457.53,640.43" z_order="0">
    </points>
    <points frame="148" outside="0" occluded="0" keyframe="0" points="457.71,640.36" z_order="0">
    </points>
    <points frame="149" outside="0" occluded="0" keyframe="0" points="457.90,640.30" z_order="0">
    </points>
    <points frame="150" outside="0" occluded="0" keyframe="0" points="458.09,640.24" z_order="0">
    </points>
    <points frame="151" outside="0" occluded="0" keyframe="0" points="458.28,640.18" z_order="0">
    </points>
    <points frame="152" outside="0" occluded="0" keyframe="0" points="458.46,640.11" z_order="0">
    </points>
    <points frame="153" outside="0" occluded="0" keyframe="0" points="458.65,640.05" z_order="0">
    </points>
    <points frame="154" outside="0" occluded="0" keyframe="0" points="458.84,639.99" z_order="0">
    </points>
    <points frame="155" outside="0" occluded="0" keyframe="0" points="459.03,639.93" z_order="0">
    </points>
    <points frame="156" outside="0" occluded="0" keyframe="0" points="459.21,639.86" z_order="0">
    </points>
    <points frame="157" outside="0" occluded="0" keyframe="1" points="459.40,639.80" z_order="0">
    </points>
    <points frame="158" outside="0" occluded="0" keyframe="0" points="459.98,638.80" z_order="0">
    </points>
    <points frame="159" outside="0" occluded="0" keyframe="0" points="460.56,637.80" z_order="0">
    </points>
    <points frame="160" outside="0" occluded="0" keyframe="0" points="461.14,636.80" z_order="0">
    </points>
    <points frame="161" outside="0" occluded="0" keyframe="0" points="461.72,635.80" z_order="0">
    </points>
    <points frame="162" outside="0" occluded="0" keyframe="0" points="462.30,634.80" z_order="0">
    </points>
    <points frame="163" outside="0" occluded="0" keyframe="0" points="462.88,633.80" z_order="0">
    </points>
    <points frame="164" outside="0" occluded="0" keyframe="0" points="463.46,632.80" z_order="0">
    </points>
    <points frame="165" outside="0" occluded="0" keyframe="0" points="464.04,631.80" z_order="0">
    </points>
    <points frame="166" outside="0" occluded="0" keyframe="0" points="464.62,630.80" z_order="0">
    </points>
    <points frame="167" outside="0" occluded="0" keyframe="0" points="465.20,629.80" z_order="0">
    </points>
    <points frame="168" outside="0" occluded="0" keyframe="0" points="465.78,628.80" z_order="0">
    </points>
    <points frame="169" outside="0" occluded="0" keyframe="0" points="466.36,627.80" z_order="0">
    </points>
    <points frame="170" outside="0" occluded="0" keyframe="0" points="466.94,626.80" z_order="0">
    </points>
    <points frame="171" outside="0" occluded="0" keyframe="0" points="467.52,625.80" z_order="0">
    </points>
    <points frame="172" outside="0" occluded="0" keyframe="1" points="468.10,624.80" z_order="0">
    </points>
    <points frame="173" outside="0" occluded="0" keyframe="0" points="467.93,625.16" z_order="0">
    </points>
    <points frame="174" outside="0" occluded="0" keyframe="0" points="467.76,625.52" z_order="0">
    </points>
    <points frame="175" outside="0" occluded="0" keyframe="0" points="467.60,625.88" z_order="0">
    </points>
    <points frame="176" outside="0" occluded="0" keyframe="0" points="467.43,626.25" z_order="0">
    </points>
    <points frame="177" outside="0" occluded="0" keyframe="0" points="467.26,626.61" z_order="0">
    </points>
    <points frame="178" outside="0" occluded="0" keyframe="0" points="467.09,626.97" z_order="0">
    </points>
    <points frame="179" outside="0" occluded="0" keyframe="0" points="466.93,627.33" z_order="0">
    </points>
    <points frame="180" outside="0" occluded="0" keyframe="0" points="466.76,627.69" z_order="0">
    </points>
    <points frame="181" outside="0" occluded="0" keyframe="0" points="466.59,628.05" z_order="0">
    </points>
    <points frame="182" outside="0" occluded="0" keyframe="0" points="466.42,628.41" z_order="0">
    </points>
    <points frame="183" outside="0" occluded="0" keyframe="0" points="466.25,628.77" z_order="0">
    </points>
    <points frame="184" outside="0" occluded="0" keyframe="0" points="466.09,629.14" z_order="0">
    </points>
    <points frame="185" outside="0" occluded="0" keyframe="0" points="465.92,629.50" z_order="0">
    </points>
    <points frame="186" outside="0" occluded="0" keyframe="0" points="465.75,629.86" z_order="0">
    </points>
    <points frame="187" outside="0" occluded="0" keyframe="0" points="465.58,630.22" z_order="0">
    </points>
    <points frame="188" outside="0" occluded="0" keyframe="0" points="465.42,630.58" z_order="0">
    </points>
    <points frame="189" outside="0" occluded="0" keyframe="0" points="465.25,630.94" z_order="0">
    </points>
    <points frame="190" outside="0" occluded="0" keyframe="0" points="465.08,631.30" z_order="0">
    </points>
    <points frame="191" outside="0" occluded="0" keyframe="0" points="464.91,631.66" z_order="0">
    </points>
    <points frame="192" outside="0" occluded="0" keyframe="0" points="464.75,632.03" z_order="0">
    </points>
    <points frame="193" outside="0" occluded="0" keyframe="0" points="464.58,632.39" z_order="0">
    </points>
    <points frame="194" outside="0" occluded="0" keyframe="0" points="464.41,632.75" z_order="0">
    </points>
    <points frame="195" outside="0" occluded="0" keyframe="0" points="464.24,633.11" z_order="0">
    </points>
    <points frame="196" outside="0" occluded="0" keyframe="0" points="464.07,633.47" z_order="0">
    </points>
    <points frame="197" outside="0" occluded="0" keyframe="0" points="463.91,633.83" z_order="0">
    </points>
    <points frame="198" outside="0" occluded="0" keyframe="0" points="463.74,634.19" z_order="0">
    </points>
    <points frame="199" outside="0" occluded="0" keyframe="0" points="463.57,634.55" z_order="0">
    </points>
    <points frame="200" outside="0" occluded="0" keyframe="0" points="463.40,634.92" z_order="0">
    </points>
    <points frame="201" outside="0" occluded="0" keyframe="0" points="463.24,635.28" z_order="0">
    </points>
    <points frame="202" outside="0" occluded="0" keyframe="0" points="463.07,635.64" z_order="0">
    </points>
    <points frame="203" outside="0" occluded="0" keyframe="1" points="462.90,636.00" z_order="0">
    </points>
    <points frame="204" outside="0" occluded="0" keyframe="0" points="462.46,635.85" z_order="0">
    </points>
    <points frame="205" outside="0" occluded="0" keyframe="0" points="462.03,635.71" z_order="0">
    </points>
    <points frame="206" outside="0" occluded="0" keyframe="0" points="461.59,635.56" z_order="0">
    </points>
    <points frame="207" outside="0" occluded="0" keyframe="0" points="461.16,635.41" z_order="0">
    </points>
    <points frame="208" outside="0" occluded="0" keyframe="0" points="460.72,635.26" z_order="0">
    </points>
    <points frame="209" outside="0" occluded="0" keyframe="0" points="460.29,635.12" z_order="0">
    </points>
    <points frame="210" outside="0" occluded="0" keyframe="0" points="459.85,634.97" z_order="0">
    </points>
    <points frame="211" outside="0" occluded="0" keyframe="0" points="459.42,634.82" z_order="0">
    </points>
    <points frame="212" outside="0" occluded="0" keyframe="0" points="458.98,634.68" z_order="0">
    </points>
    <points frame="213" outside="0" occluded="0" keyframe="0" points="458.55,634.53" z_order="0">
    </points>
    <points frame="214" outside="0" occluded="0" keyframe="0" points="458.11,634.38" z_order="0">
    </points>
    <points frame="215" outside="0" occluded="0" keyframe="0" points="457.68,634.24" z_order="0">
    </points>
    <points frame="216" outside="0" occluded="0" keyframe="0" points="457.24,634.09" z_order="0">
    </points>
    <points frame="217" outside="0" occluded="0" keyframe="0" points="456.81,633.94" z_order="0">
    </points>
    <points frame="218" outside="0" occluded="0" keyframe="0" points="456.37,633.79" z_order="0">
    </points>
    <points frame="219" outside="0" occluded="0" keyframe="0" points="455.94,633.65" z_order="0">
    </points>
    <points frame="220" outside="0" occluded="0" keyframe="0" points="455.50,633.50" z_order="0">
    </points>
    <points frame="221" outside="0" occluded="0" keyframe="0" points="455.06,633.35" z_order="0">
    </points>
    <points frame="222" outside="0" occluded="0" keyframe="0" points="454.63,633.21" z_order="0">
    </points>
    <points frame="223" outside="0" occluded="0" keyframe="0" points="454.19,633.06" z_order="0">
    </points>
    <points frame="224" outside="0" occluded="0" keyframe="0" points="453.76,632.91" z_order="0">
    </points>
    <points frame="225" outside="0" occluded="0" keyframe="0" points="453.32,632.76" z_order="0">
    </points>
    <points frame="226" outside="0" occluded="0" keyframe="0" points="452.89,632.62" z_order="0">
    </points>
    <points frame="227" outside="0" occluded="0" keyframe="0" points="452.45,632.47" z_order="0">
    </points>
    <points frame="228" outside="0" occluded="0" keyframe="0" points="452.02,632.32" z_order="0">
    </points>
    <points frame="229" outside="0" occluded="0" keyframe="0" points="451.58,632.18" z_order="0">
    </points>
    <points frame="230" outside="0" occluded="0" keyframe="0" points="451.15,632.03" z_order="0">
    </points>
    <points frame="231" outside="0" occluded="0" keyframe="0" points="450.71,631.88" z_order="0">
    </points>
    <points frame="232" outside="0" occluded="0" keyframe="0" points="450.28,631.74" z_order="0">
    </points>
    <points frame="233" outside="0" occluded="0" keyframe="0" points="449.84,631.59" z_order="0">
    </points>
    <points frame="234" outside="0" occluded="0" keyframe="0" points="449.41,631.44" z_order="0">
    </points>
    <points frame="235" outside="0" occluded="0" keyframe="0" points="448.97,631.29" z_order="0">
    </points>
    <points frame="236" outside="0" occluded="0" keyframe="0" points="448.54,631.15" z_order="0">
    </points>
    <points frame="237" outside="0" occluded="0" keyframe="1" points="448.10,631.00" z_order="0">
    </points>
    <points frame="238" outside="0" occluded="0" keyframe="0" points="448.44,631.00" z_order="0">
    </points>
    <points frame="239" outside="0" occluded="0" keyframe="0" points="448.79,631.00" z_order="0">
    </points>
    <points frame="240" outside="0" occluded="0" keyframe="0" points="449.13,631.00" z_order="0">
    </points>
    <points frame="241" outside="0" occluded="0" keyframe="0" points="449.48,631.00" z_order="0">
    </points>
    <points frame="242" outside="0" occluded="0" keyframe="0" points="449.82,631.00" z_order="0">
    </points>
    <points frame="243" outside="0" occluded="0" keyframe="0" points="450.17,631.00" z_order="0">
    </points>
    <points frame="244" outside="0" occluded="0" keyframe="0" points="450.51,631.00" z_order="0">
    </points>
    <points frame="245" outside="0" occluded="0" keyframe="0" points="450.86,631.00" z_order="0">
    </points>
    <points frame="246" outside="0" occluded="0" keyframe="0" points="451.20,631.00" z_order="0">
    </points>
    <points frame="247" outside="0" occluded="0" keyframe="0" points="451.55,631.00" z_order="0">
    </points>
    <points frame="248" outside="0" occluded="0" keyframe="0" points="451.89,631.00" z_order="0">
    </points>
    <points frame="249" outside="0" occluded="0" keyframe="0" points="452.24,631.00" z_order="0">
    </points>
    <points frame="250" outside="0" occluded="0" keyframe="0" points="452.58,631.00" z_order="0">
    </points>
    <points frame="251" outside="0" occluded="0" keyframe="0" points="452.93,631.00" z_order="0">
    </points>
    <points frame="252" outside="0" occluded="0" keyframe="0" points="453.27,631.00" z_order="0">
    </points>
    <points frame="253" outside="0" occluded="0" keyframe="0" points="453.62,631.00" z_order="0">
    </points>
    <points frame="254" outside="0" occluded="0" keyframe="0" points="453.96,631.00" z_order="0">
    </points>
    <points frame="255" outside="0" occluded="0" keyframe="0" points="454.31,631.00" z_order="0">
    </points>
    <points frame="256" outside="0" occluded="0" keyframe="0" points="454.65,631.00" z_order="0">
    </points>
    <points frame="257" outside="0" occluded="0" keyframe="0" points="455.00,631.00" z_order="0">
    </points>
    <points frame="258" outside="0" occluded="0" keyframe="0" points="455.34,631.00" z_order="0">
    </points>
    <points frame="259" outside="0" occluded="0" keyframe="0" points="455.69,631.00" z_order="0">
    </points>
    <points frame="260" outside="0" occluded="0" keyframe="0" points="456.03,631.00" z_order="0">
    </points>
    <points frame="261" outside="0" occluded="0" keyframe="0" points="456.38,631.00" z_order="0">
    </points>
    <points frame="262" outside="0" occluded="0" keyframe="0" points="456.72,631.00" z_order="0">
    </points>
    <points frame="263" outside="0" occluded="0" keyframe="0" points="457.07,631.00" z_order="0">
    </points>
    <points frame="264" outside="0" occluded="0" keyframe="0" points="457.41,631.00" z_order="0">
    </points>
    <points frame="265" outside="0" occluded="0" keyframe="0" points="457.76,631.00" z_order="0">
    </points>
    <points frame="266" outside="0" occluded="0" keyframe="1" points="458.10,631.00" z_order="0">
    </points>
  </track>
</annotations>
