<?xml version="1.0" encoding="utf-8"?>
<annotations>
  <version>1.1</version>
  <meta>
    <task>
      <id>185</id>
      <name>D08_Dry-1</name>
      <size>196</size>
      <mode>interpolation</mode>
      <overlap>5</overlap>
      <bugtracker></bugtracker>
      <created>2021-11-20 15:55:48.917871+00:00</created>
      <updated>2021-11-20 16:18:06.214634+00:00</updated>
      <subset>default</subset>
      <start_frame>0</start_frame>
      <stop_frame>195</stop_frame>
      <frame_filter></frame_filter>
      <segments>
        <segment>
          <id>184</id>
          <start>0</start>
          <stop>195</stop>
          <url>http://localhost:8080/?id=184</url>
        </segment>
      </segments>
      <owner>
        <username>hubertachan</username>
        <email>hubertachan@gmail.com</email>
      </owner>
      <assignee></assignee>
      <labels>
        <label>
          <name>M</name>
          <color>#ff355e</color>
          <attributes>
          </attributes>
        </label>
        <label>
          <name>HB</name>
          <color>#3b0c73</color>
          <attributes>
          </attributes>
        </label>
      </labels>
      <original_size>
        <width>1068</width>
        <height>800</height>
      </original_size>
    </task>
    <dumped>2021-11-20 16:18:12.227456+00:00</dumped>
    <source>D08_Dry-1.avi</source>
  </meta>
  <track id="0" label="M" source="manual">
    <points frame="0" outside="0" occluded="0" keyframe="1" points="457.39,652.11" z_order="0">
    </points>
    <points frame="1" outside="0" occluded="0" keyframe="0" points="457.39,651.92" z_order="0">
    </points>
    <points frame="2" outside="0" occluded="0" keyframe="0" points="457.39,651.73" z_order="0">
    </points>
    <points frame="3" outside="0" occluded="0" keyframe="0" points="457.39,651.53" z_order="0">
    </points>
    <points frame="4" outside="0" occluded="0" keyframe="0" points="457.39,651.34" z_order="0">
    </points>
    <points frame="5" outside="0" occluded="0" keyframe="0" points="457.39,651.15" z_order="0">
    </points>
    <points frame="6" outside="0" occluded="0" keyframe="0" points="457.39,650.95" z_order="0">
    </points>
    <points frame="7" outside="0" occluded="0" keyframe="0" points="457.39,650.76" z_order="0">
    </points>
    <points frame="8" outside="0" occluded="0" keyframe="0" points="457.39,650.57" z_order="0">
    </points>
    <points frame="9" outside="0" occluded="0" keyframe="0" points="457.39,650.38" z_order="0">
    </points>
    <points frame="10" outside="0" occluded="0" keyframe="0" points="457.39,650.18" z_order="0">
    </points>
    <points frame="11" outside="0" occluded="0" keyframe="0" points="457.39,649.99" z_order="0">
    </points>
    <points frame="12" outside="0" occluded="0" keyframe="0" points="457.39,649.80" z_order="0">
    </points>
    <points frame="13" outside="0" occluded="0" keyframe="0" points="457.39,649.60" z_order="0">
    </points>
    <points frame="14" outside="0" occluded="0" keyframe="0" points="457.40,649.41" z_order="0">
    </points>
    <points frame="15" outside="0" occluded="0" keyframe="0" points="457.40,649.22" z_order="0">
    </points>
    <points frame="16" outside="0" occluded="0" keyframe="0" points="457.40,649.02" z_order="0">
    </points>
    <points frame="17" outside="0" occluded="0" keyframe="0" points="457.40,648.83" z_order="0">
    </points>
    <points frame="18" outside="0" occluded="0" keyframe="0" points="457.40,648.64" z_order="0">
    </points>
    <points frame="19" outside="0" occluded="0" keyframe="0" points="457.40,648.45" z_order="0">
    </points>
    <points frame="20" outside="0" occluded="0" keyframe="0" points="457.40,648.25" z_order="0">
    </points>
    <points frame="21" outside="0" occluded="0" keyframe="0" points="457.40,648.06" z_order="0">
    </points>
    <points frame="22" outside="0" occluded="0" keyframe="0" points="457.40,647.87" z_order="0">
    </points>
    <points frame="23" outside="0" occluded="0" keyframe="0" points="457.40,647.67" z_order="0">
    </points>
    <points frame="24" outside="0" occluded="0" keyframe="0" points="457.40,647.48" z_order="0">
    </points>
    <points frame="25" outside="0" occluded="0" keyframe="0" points="457.40,647.29" z_order="0">
    </points>
    <points frame="26" outside="0" occluded="0" keyframe="0" points="457.40,647.09" z_order="0">
    </points>
    <points frame="27" outside="0" occluded="0" keyframe="0" points="457.40,646.90" z_order="0">
    </points>
    <points frame="28" outside="0" occluded="0" keyframe="0" points="457.40,646.71" z_order="0">
    </points>
    <points frame="29" outside="0" occluded="0" keyframe="0" points="457.40,646.52" z_order="0">
    </points>
    <points frame="30" outside="0" occluded="0" keyframe="0" points="457.40,646.32" z_order="0">
    </points>
    <points frame="31" outside="0" occluded="0" keyframe="0" points="457.40,646.13" z_order="0">
    </points>
    <points frame="32" outside="0" occluded="0" keyframe="0" points="457.40,645.94" z_order="0">
    </points>
    <points frame="33" outside="0" occluded="0" keyframe="0" points="457.40,645.74" z_order="0">
    </points>
    <points frame="34" outside="0" occluded="0" keyframe="0" points="457.40,645.55" z_order="0">
    </points>
    <points frame="35" outside="0" occluded="0" keyframe="0" points="457.40,645.36" z_order="0">
    </points>
    <points frame="36" outside="0" occluded="0" keyframe="0" points="457.40,645.16" z_order="0">
    </points>
    <points frame="37" outside="0" occluded="0" keyframe="0" points="457.40,644.97" z_order="0">
    </points>
    <points frame="38" outside="0" occluded="0" keyframe="0" points="457.40,644.78" z_order="0">
    </points>
    <points frame="39" outside="0" occluded="0" keyframe="0" points="457.40,644.59" z_order="0">
    </points>
    <points frame="40" outside="0" occluded="0" keyframe="0" points="457.40,644.39" z_order="0">
    </points>
    <points frame="41" outside="0" occluded="0" keyframe="1" points="457.40,644.20" z_order="0">
    </points>
    <points frame="42" outside="0" occluded="0" keyframe="0" points="457.21,643.92" z_order="0">
    </points>
    <points frame="43" outside="0" occluded="0" keyframe="0" points="457.02,643.65" z_order="0">
    </points>
    <points frame="44" outside="0" occluded="0" keyframe="0" points="456.83,643.37" z_order="0">
    </points>
    <points frame="45" outside="0" occluded="0" keyframe="0" points="456.64,643.10" z_order="0">
    </points>
    <points frame="46" outside="0" occluded="0" keyframe="0" points="456.45,642.82" z_order="0">
    </points>
    <points frame="47" outside="0" occluded="0" keyframe="0" points="456.26,642.55" z_order="0">
    </points>
    <points frame="48" outside="0" occluded="0" keyframe="0" points="456.07,642.27" z_order="0">
    </points>
    <points frame="49" outside="0" occluded="0" keyframe="0" points="455.88,642.00" z_order="0">
    </points>
    <points frame="50" outside="0" occluded="0" keyframe="0" points="455.69,641.72" z_order="0">
    </points>
    <points frame="51" outside="0" occluded="0" keyframe="0" points="455.50,641.45" z_order="0">
    </points>
    <points frame="52" outside="0" occluded="0" keyframe="0" points="455.31,641.17" z_order="0">
    </points>
    <points frame="53" outside="0" occluded="0" keyframe="0" points="455.12,640.90" z_order="0">
    </points>
    <points frame="54" outside="0" occluded="0" keyframe="0" points="454.93,640.62" z_order="0">
    </points>
    <points frame="55" outside="0" occluded="0" keyframe="0" points="454.74,640.34" z_order="0">
    </points>
    <points frame="56" outside="0" occluded="0" keyframe="0" points="454.55,640.07" z_order="0">
    </points>
    <points frame="57" outside="0" occluded="0" keyframe="0" points="454.36,639.79" z_order="0">
    </points>
    <points frame="58" outside="0" occluded="0" keyframe="0" points="454.17,639.52" z_order="0">
    </points>
    <points frame="59" outside="0" occluded="0" keyframe="0" points="453.98,639.24" z_order="0">
    </points>
    <points frame="60" outside="0" occluded="0" keyframe="0" points="453.79,638.97" z_order="0">
    </points>
    <points frame="61" outside="0" occluded="0" keyframe="0" points="453.60,638.69" z_order="0">
    </points>
    <points frame="62" outside="0" occluded="0" keyframe="0" points="453.41,638.42" z_order="0">
    </points>
    <points frame="63" outside="0" occluded="0" keyframe="0" points="453.22,638.14" z_order="0">
    </points>
    <points frame="64" outside="0" occluded="0" keyframe="0" points="453.03,637.87" z_order="0">
    </points>
    <points frame="65" outside="0" occluded="0" keyframe="0" points="452.84,637.59" z_order="0">
    </points>
    <points frame="66" outside="0" occluded="0" keyframe="0" points="452.65,637.31" z_order="0">
    </points>
    <points frame="67" outside="0" occluded="0" keyframe="0" points="452.46,637.04" z_order="0">
    </points>
    <points frame="68" outside="0" occluded="0" keyframe="0" points="452.27,636.76" z_order="0">
    </points>
    <points frame="69" outside="0" occluded="0" keyframe="0" points="452.08,636.49" z_order="0">
    </points>
    <points frame="70" outside="0" occluded="0" keyframe="0" points="451.89,636.21" z_order="0">
    </points>
    <points frame="71" outside="0" occluded="0" keyframe="0" points="451.70,635.94" z_order="0">
    </points>
    <points frame="72" outside="0" occluded="0" keyframe="0" points="451.50,635.66" z_order="0">
    </points>
    <points frame="73" outside="0" occluded="0" keyframe="0" points="451.31,635.39" z_order="0">
    </points>
    <points frame="74" outside="0" occluded="0" keyframe="0" points="451.12,635.11" z_order="0">
    </points>
    <points frame="75" outside="0" occluded="0" keyframe="0" points="450.93,634.84" z_order="0">
    </points>
    <points frame="76" outside="0" occluded="0" keyframe="0" points="450.74,634.56" z_order="0">
    </points>
    <points frame="77" outside="0" occluded="0" keyframe="0" points="450.55,634.29" z_order="0">
    </points>
    <points frame="78" outside="0" occluded="0" keyframe="0" points="450.36,634.01" z_order="0">
    </points>
    <points frame="79" outside="0" occluded="0" keyframe="0" points="450.17,633.73" z_order="0">
    </points>
    <points frame="80" outside="0" occluded="0" keyframe="0" points="449.98,633.46" z_order="0">
    </points>
    <points frame="81" outside="0" occluded="0" keyframe="0" points="449.79,633.18" z_order="0">
    </points>
    <points frame="82" outside="0" occluded="0" keyframe="0" points="449.60,632.91" z_order="0">
    </points>
    <points frame="83" outside="0" occluded="0" keyframe="0" points="449.41,632.63" z_order="0">
    </points>
    <points frame="84" outside="0" occluded="0" keyframe="0" points="449.22,632.36" z_order="0">
    </points>
    <points frame="85" outside="0" occluded="0" keyframe="0" points="449.03,632.08" z_order="0">
    </points>
    <points frame="86" outside="0" occluded="0" keyframe="0" points="448.84,631.81" z_order="0">
    </points>
    <points frame="87" outside="0" occluded="0" keyframe="0" points="448.65,631.53" z_order="0">
    </points>
    <points frame="88" outside="0" occluded="0" keyframe="0" points="448.46,631.26" z_order="0">
    </points>
    <points frame="89" outside="0" occluded="0" keyframe="0" points="448.27,630.98" z_order="0">
    </points>
    <points frame="90" outside="0" occluded="0" keyframe="0" points="448.08,630.70" z_order="0">
    </points>
    <points frame="91" outside="0" occluded="0" keyframe="0" points="447.89,630.43" z_order="0">
    </points>
    <points frame="92" outside="0" occluded="0" keyframe="0" points="447.70,630.15" z_order="0">
    </points>
    <points frame="93" outside="0" occluded="0" keyframe="0" points="447.51,629.88" z_order="0">
    </points>
    <points frame="94" outside="0" occluded="0" keyframe="0" points="447.32,629.60" z_order="0">
    </points>
    <points frame="95" outside="0" occluded="0" keyframe="0" points="447.13,629.33" z_order="0">
    </points>
    <points frame="96" outside="0" occluded="0" keyframe="0" points="446.94,629.05" z_order="0">
    </points>
    <points frame="97" outside="0" occluded="0" keyframe="0" points="446.75,628.78" z_order="0">
    </points>
    <points frame="98" outside="0" occluded="0" keyframe="0" points="446.56,628.50" z_order="0">
    </points>
    <points frame="99" outside="0" occluded="0" keyframe="0" points="446.37,628.23" z_order="0">
    </points>
    <points frame="100" outside="0" occluded="0" keyframe="0" points="446.18,627.95" z_order="0">
    </points>
    <points frame="101" outside="0" occluded="0" keyframe="0" points="445.99,627.68" z_order="0">
    </points>
    <points frame="102" outside="0" occluded="0" keyframe="1" points="445.80,627.40" z_order="0">
    </points>
    <points frame="103" outside="0" occluded="0" keyframe="0" points="447.45,626.42" z_order="0">
    </points>
    <points frame="104" outside="0" occluded="0" keyframe="0" points="449.11,625.44" z_order="0">
    </points>
    <points frame="105" outside="0" occluded="0" keyframe="0" points="450.76,624.45" z_order="0">
    </points>
    <points frame="106" outside="0" occluded="0" keyframe="0" points="452.42,623.47" z_order="0">
    </points>
    <points frame="107" outside="0" occluded="0" keyframe="0" points="454.07,622.49" z_order="0">
    </points>
    <points frame="108" outside="0" occluded="0" keyframe="0" points="455.73,621.51" z_order="0">
    </points>
    <points frame="109" outside="0" occluded="0" keyframe="0" points="457.38,620.53" z_order="0">
    </points>
    <points frame="110" outside="0" occluded="0" keyframe="0" points="459.04,619.55" z_order="0">
    </points>
    <points frame="111" outside="0" occluded="0" keyframe="0" points="460.69,618.56" z_order="0">
    </points>
    <points frame="112" outside="0" occluded="0" keyframe="0" points="462.35,617.58" z_order="0">
    </points>
    <points frame="113" outside="0" occluded="0" keyframe="1" points="464.00,616.60" z_order="0">
    </points>
    <points frame="114" outside="0" occluded="0" keyframe="0" points="466.35,613.15" z_order="0">
    </points>
    <points frame="115" outside="0" occluded="0" keyframe="1" points="468.70,609.70" z_order="0">
    </points>
    <points frame="116" outside="0" occluded="0" keyframe="0" points="465.63,610.43" z_order="0">
    </points>
    <points frame="117" outside="0" occluded="0" keyframe="0" points="462.57,611.17" z_order="0">
    </points>
    <points frame="118" outside="0" occluded="0" keyframe="1" points="459.50,611.90" z_order="0">
    </points>
    <points frame="119" outside="0" occluded="0" keyframe="1" points="456.70,616.60" z_order="0">
    </points>
    <points frame="120" outside="0" occluded="0" keyframe="0" points="455.94,617.74" z_order="0">
    </points>
    <points frame="121" outside="0" occluded="0" keyframe="0" points="455.18,618.88" z_order="0">
    </points>
    <points frame="122" outside="0" occluded="0" keyframe="0" points="454.42,620.02" z_order="0">
    </points>
    <points frame="123" outside="0" occluded="0" keyframe="0" points="453.66,621.16" z_order="0">
    </points>
    <points frame="124" outside="0" occluded="0" keyframe="0" points="452.90,622.30" z_order="0">
    </points>
    <points frame="125" outside="0" occluded="0" keyframe="0" points="452.14,623.44" z_order="0">
    </points>
    <points frame="126" outside="0" occluded="0" keyframe="0" points="451.38,624.58" z_order="0">
    </points>
    <points frame="127" outside="0" occluded="0" keyframe="0" points="450.62,625.72" z_order="0">
    </points>
    <points frame="128" outside="0" occluded="0" keyframe="0" points="449.86,626.86" z_order="0">
    </points>
    <points frame="129" outside="0" occluded="0" keyframe="1" points="449.10,628.00" z_order="0">
    </points>
    <points frame="130" outside="0" occluded="0" keyframe="0" points="449.30,628.38" z_order="0">
    </points>
    <points frame="131" outside="0" occluded="0" keyframe="0" points="449.49,628.75" z_order="0">
    </points>
    <points frame="132" outside="0" occluded="0" keyframe="0" points="449.69,629.13" z_order="0">
    </points>
    <points frame="133" outside="0" occluded="0" keyframe="0" points="449.88,629.51" z_order="0">
    </points>
    <points frame="134" outside="0" occluded="0" keyframe="0" points="450.08,629.89" z_order="0">
    </points>
    <points frame="135" outside="0" occluded="0" keyframe="0" points="450.27,630.26" z_order="0">
    </points>
    <points frame="136" outside="0" occluded="0" keyframe="0" points="450.47,630.64" z_order="0">
    </points>
    <points frame="137" outside="0" occluded="0" keyframe="0" points="450.66,631.02" z_order="0">
    </points>
    <points frame="138" outside="0" occluded="0" keyframe="0" points="450.86,631.40" z_order="0">
    </points>
    <points frame="139" outside="0" occluded="0" keyframe="0" points="451.05,631.77" z_order="0">
    </points>
    <points frame="140" outside="0" occluded="0" keyframe="0" points="451.25,632.15" z_order="0">
    </points>
    <points frame="141" outside="0" occluded="0" keyframe="0" points="451.45,632.53" z_order="0">
    </points>
    <points frame="142" outside="0" occluded="0" keyframe="0" points="451.64,632.90" z_order="0">
    </points>
    <points frame="143" outside="0" occluded="0" keyframe="0" points="451.84,633.28" z_order="0">
    </points>
    <points frame="144" outside="0" occluded="0" keyframe="0" points="452.03,633.66" z_order="0">
    </points>
    <points frame="145" outside="0" occluded="0" keyframe="0" points="452.23,634.04" z_order="0">
    </points>
    <points frame="146" outside="0" occluded="0" keyframe="0" points="452.42,634.41" z_order="0">
    </points>
    <points frame="147" outside="0" occluded="0" keyframe="0" points="452.62,634.79" z_order="0">
    </points>
    <points frame="148" outside="0" occluded="0" keyframe="0" points="452.81,635.17" z_order="0">
    </points>
    <points frame="149" outside="0" occluded="0" keyframe="0" points="453.01,635.55" z_order="0">
    </points>
    <points frame="150" outside="0" occluded="0" keyframe="0" points="453.20,635.92" z_order="0">
    </points>
    <points frame="151" outside="0" occluded="0" keyframe="1" points="453.40,636.30" z_order="0">
    </points>
    <points frame="152" outside="0" occluded="0" keyframe="0" points="453.23,636.33" z_order="0">
    </points>
    <points frame="153" outside="0" occluded="0" keyframe="0" points="453.07,636.37" z_order="0">
    </points>
    <points frame="154" outside="0" occluded="0" keyframe="0" points="452.90,636.40" z_order="0">
    </points>
    <points frame="155" outside="0" occluded="0" keyframe="0" points="452.74,636.43" z_order="0">
    </points>
    <points frame="156" outside="0" occluded="0" keyframe="0" points="452.57,636.46" z_order="0">
    </points>
    <points frame="157" outside="0" occluded="0" keyframe="0" points="452.41,636.50" z_order="0">
    </points>
    <points frame="158" outside="0" occluded="0" keyframe="0" points="452.24,636.53" z_order="0">
    </points>
    <points frame="159" outside="0" occluded="0" keyframe="0" points="452.08,636.56" z_order="0">
    </points>
    <points frame="160" outside="0" occluded="0" keyframe="0" points="451.91,636.59" z_order="0">
    </points>
    <points frame="161" outside="0" occluded="0" keyframe="0" points="451.75,636.63" z_order="0">
    </points>
    <points frame="162" outside="0" occluded="0" keyframe="0" points="451.59,636.66" z_order="0">
    </points>
    <points frame="163" outside="0" occluded="0" keyframe="0" points="451.42,636.69" z_order="0">
    </points>
    <points frame="164" outside="0" occluded="0" keyframe="0" points="451.26,636.72" z_order="0">
    </points>
    <points frame="165" outside="0" occluded="0" keyframe="0" points="451.09,636.76" z_order="0">
    </points>
    <points frame="166" outside="0" occluded="0" keyframe="0" points="450.93,636.79" z_order="0">
    </points>
    <points frame="167" outside="0" occluded="0" keyframe="0" points="450.76,636.82" z_order="0">
    </points>
    <points frame="168" outside="0" occluded="0" keyframe="0" points="450.60,636.85" z_order="0">
    </points>
    <points frame="169" outside="0" occluded="0" keyframe="0" points="450.43,636.89" z_order="0">
    </points>
    <points frame="170" outside="0" occluded="0" keyframe="0" points="450.27,636.92" z_order="0">
    </points>
    <points frame="171" outside="0" occluded="0" keyframe="0" points="450.10,636.95" z_order="0">
    </points>
    <points frame="172" outside="0" occluded="0" keyframe="0" points="449.94,636.98" z_order="0">
    </points>
    <points frame="173" outside="0" occluded="0" keyframe="0" points="449.77,637.02" z_order="0">
    </points>
    <points frame="174" outside="0" occluded="0" keyframe="0" points="449.61,637.05" z_order="0">
    </points>
    <points frame="175" outside="0" occluded="0" keyframe="0" points="449.44,637.08" z_order="0">
    </points>
    <points frame="176" outside="0" occluded="0" keyframe="0" points="449.28,637.11" z_order="0">
    </points>
    <points frame="177" outside="0" occluded="0" keyframe="0" points="449.11,637.15" z_order="0">
    </points>
    <points frame="178" outside="0" occluded="0" keyframe="0" points="448.95,637.18" z_order="0">
    </points>
    <points frame="179" outside="0" occluded="0" keyframe="0" points="448.78,637.21" z_order="0">
    </points>
    <points frame="180" outside="0" occluded="0" keyframe="0" points="448.62,637.24" z_order="0">
    </points>
    <points frame="181" outside="0" occluded="0" keyframe="0" points="448.45,637.28" z_order="0">
    </points>
    <points frame="182" outside="0" occluded="0" keyframe="0" points="448.29,637.31" z_order="0">
    </points>
    <points frame="183" outside="0" occluded="0" keyframe="0" points="448.12,637.34" z_order="0">
    </points>
    <points frame="184" outside="0" occluded="0" keyframe="0" points="447.96,637.37" z_order="0">
    </points>
    <points frame="185" outside="0" occluded="0" keyframe="0" points="447.79,637.41" z_order="0">
    </points>
    <points frame="186" outside="0" occluded="0" keyframe="0" points="447.63,637.44" z_order="0">
    </points>
    <points frame="187" outside="0" occluded="0" keyframe="0" points="447.46,637.47" z_order="0">
    </points>
    <points frame="188" outside="0" occluded="0" keyframe="0" points="447.30,637.50" z_order="0">
    </points>
    <points frame="189" outside="0" occluded="0" keyframe="0" points="447.13,637.54" z_order="0">
    </points>
    <points frame="190" outside="0" occluded="0" keyframe="0" points="446.97,637.57" z_order="0">
    </points>
    <points frame="191" outside="0" occluded="0" keyframe="1" points="446.80,637.60" z_order="0">
    </points>
    <points frame="192" outside="0" occluded="0" keyframe="0" points="446.80,637.60" z_order="0">
    </points>
    <points frame="193" outside="0" occluded="0" keyframe="0" points="446.80,637.60" z_order="0">
    </points>
    <points frame="194" outside="0" occluded="0" keyframe="0" points="446.80,637.60" z_order="0">
    </points>
    <points frame="195" outside="0" occluded="0" keyframe="0" points="446.80,637.60" z_order="0">
    </points>
  </track>
  <track id="1" label="HB" source="manual">
    <points frame="4" outside="0" occluded="0" keyframe="1" points="652.77,514.82" z_order="0">
    </points>
    <points frame="5" outside="0" occluded="0" keyframe="0" points="651.95,514.60" z_order="0">
    </points>
    <points frame="6" outside="0" occluded="0" keyframe="0" points="651.13,514.39" z_order="0">
    </points>
    <points frame="7" outside="0" occluded="0" keyframe="0" points="650.30,514.18" z_order="0">
    </points>
    <points frame="8" outside="0" occluded="0" keyframe="0" points="649.48,513.96" z_order="0">
    </points>
    <points frame="9" outside="0" occluded="0" keyframe="0" points="648.66,513.75" z_order="0">
    </points>
    <points frame="10" outside="0" occluded="0" keyframe="0" points="647.83,513.54" z_order="0">
    </points>
    <points frame="11" outside="0" occluded="0" keyframe="0" points="647.01,513.32" z_order="0">
    </points>
    <points frame="12" outside="0" occluded="0" keyframe="0" points="646.19,513.11" z_order="0">
    </points>
    <points frame="13" outside="0" occluded="0" keyframe="0" points="645.36,512.90" z_order="0">
    </points>
    <points frame="14" outside="0" occluded="0" keyframe="0" points="644.54,512.68" z_order="0">
    </points>
    <points frame="15" outside="0" occluded="0" keyframe="0" points="643.72,512.47" z_order="0">
    </points>
    <points frame="16" outside="0" occluded="0" keyframe="0" points="642.89,512.25" z_order="0">
    </points>
    <points frame="17" outside="0" occluded="0" keyframe="0" points="642.07,512.04" z_order="0">
    </points>
    <points frame="18" outside="0" occluded="0" keyframe="0" points="641.25,511.83" z_order="0">
    </points>
    <points frame="19" outside="0" occluded="0" keyframe="0" points="640.42,511.61" z_order="0">
    </points>
    <points frame="20" outside="0" occluded="0" keyframe="1" points="639.60,511.40" z_order="0">
    </points>
    <points frame="21" outside="0" occluded="0" keyframe="0" points="642.90,511.60" z_order="0">
    </points>
    <points frame="22" outside="0" occluded="0" keyframe="0" points="646.20,511.80" z_order="0">
    </points>
    <points frame="23" outside="0" occluded="0" keyframe="0" points="649.50,512.00" z_order="0">
    </points>
    <points frame="24" outside="0" occluded="0" keyframe="1" points="652.80,512.20" z_order="0">
    </points>
    <points frame="25" outside="0" occluded="0" keyframe="0" points="651.88,511.80" z_order="0">
    </points>
    <points frame="26" outside="0" occluded="0" keyframe="0" points="650.96,511.40" z_order="0">
    </points>
    <points frame="27" outside="0" occluded="0" keyframe="0" points="650.04,511.00" z_order="0">
    </points>
    <points frame="28" outside="0" occluded="0" keyframe="0" points="649.12,510.60" z_order="0">
    </points>
    <points frame="29" outside="0" occluded="0" keyframe="0" points="648.20,510.20" z_order="0">
    </points>
    <points frame="30" outside="0" occluded="0" keyframe="0" points="647.28,509.80" z_order="0">
    </points>
    <points frame="31" outside="0" occluded="0" keyframe="0" points="646.36,509.40" z_order="0">
    </points>
    <points frame="32" outside="0" occluded="0" keyframe="0" points="645.44,509.00" z_order="0">
    </points>
    <points frame="33" outside="0" occluded="0" keyframe="0" points="644.52,508.60" z_order="0">
    </points>
    <points frame="34" outside="0" occluded="0" keyframe="1" points="643.60,508.20" z_order="0">
    </points>
    <points frame="35" outside="0" occluded="0" keyframe="0" points="642.28,507.10" z_order="0">
    </points>
    <points frame="36" outside="0" occluded="0" keyframe="0" points="640.97,506.00" z_order="0">
    </points>
    <points frame="37" outside="0" occluded="0" keyframe="0" points="639.65,504.90" z_order="0">
    </points>
    <points frame="38" outside="0" occluded="0" keyframe="0" points="638.33,503.80" z_order="0">
    </points>
    <points frame="39" outside="0" occluded="0" keyframe="0" points="637.02,502.70" z_order="0">
    </points>
    <points frame="40" outside="0" occluded="0" keyframe="1" points="635.70,501.60" z_order="0">
    </points>
    <points frame="41" outside="0" occluded="0" keyframe="0" points="637.68,503.25" z_order="0">
    </points>
    <points frame="42" outside="0" occluded="0" keyframe="0" points="639.65,504.90" z_order="0">
    </points>
    <points frame="43" outside="0" occluded="0" keyframe="0" points="641.63,506.55" z_order="0">
    </points>
    <points frame="44" outside="0" occluded="0" keyframe="1" points="643.60,508.20" z_order="0">
    </points>
    <points frame="45" outside="0" occluded="0" keyframe="0" points="644.52,508.20" z_order="0">
    </points>
    <points frame="46" outside="0" occluded="0" keyframe="0" points="645.44,508.20" z_order="0">
    </points>
    <points frame="47" outside="0" occluded="0" keyframe="0" points="646.36,508.20" z_order="0">
    </points>
    <points frame="48" outside="0" occluded="0" keyframe="0" points="647.28,508.20" z_order="0">
    </points>
    <points frame="49" outside="0" occluded="0" keyframe="0" points="648.20,508.20" z_order="0">
    </points>
    <points frame="50" outside="0" occluded="0" keyframe="0" points="649.12,508.20" z_order="0">
    </points>
    <points frame="51" outside="0" occluded="0" keyframe="0" points="650.04,508.20" z_order="0">
    </points>
    <points frame="52" outside="0" occluded="0" keyframe="0" points="650.96,508.20" z_order="0">
    </points>
    <points frame="53" outside="0" occluded="0" keyframe="0" points="651.88,508.20" z_order="0">
    </points>
    <points frame="54" outside="0" occluded="0" keyframe="1" points="652.80,508.20" z_order="0">
    </points>
    <points frame="55" outside="0" occluded="0" keyframe="0" points="649.54,506.43" z_order="0">
    </points>
    <points frame="56" outside="0" occluded="0" keyframe="0" points="646.28,504.65" z_order="0">
    </points>
    <points frame="57" outside="0" occluded="0" keyframe="0" points="643.01,502.88" z_order="0">
    </points>
    <points frame="58" outside="0" occluded="0" keyframe="0" points="639.75,501.10" z_order="0">
    </points>
    <points frame="59" outside="0" occluded="0" keyframe="0" points="636.49,499.33" z_order="0">
    </points>
    <points frame="60" outside="0" occluded="0" keyframe="0" points="633.23,497.55" z_order="0">
    </points>
    <points frame="61" outside="0" occluded="0" keyframe="0" points="629.96,495.78" z_order="0">
    </points>
    <points frame="62" outside="0" occluded="0" keyframe="1" points="626.70,494.00" z_order="0">
    </points>
    <points frame="63" outside="0" occluded="0" keyframe="0" points="632.50,500.45" z_order="0">
    </points>
    <points frame="64" outside="0" occluded="0" keyframe="1" points="638.30,506.90" z_order="0">
    </points>
    <points frame="65" outside="0" occluded="0" keyframe="0" points="638.43,506.90" z_order="0">
    </points>
    <points frame="66" outside="0" occluded="0" keyframe="0" points="638.56,506.90" z_order="0">
    </points>
    <points frame="67" outside="0" occluded="0" keyframe="0" points="638.69,506.90" z_order="0">
    </points>
    <points frame="68" outside="0" occluded="0" keyframe="0" points="638.82,506.90" z_order="0">
    </points>
    <points frame="69" outside="0" occluded="0" keyframe="0" points="638.95,506.90" z_order="0">
    </points>
    <points frame="70" outside="0" occluded="0" keyframe="0" points="639.08,506.90" z_order="0">
    </points>
    <points frame="71" outside="0" occluded="0" keyframe="0" points="639.21,506.90" z_order="0">
    </points>
    <points frame="72" outside="0" occluded="0" keyframe="0" points="639.34,506.90" z_order="0">
    </points>
    <points frame="73" outside="0" occluded="0" keyframe="0" points="639.47,506.90" z_order="0">
    </points>
    <points frame="74" outside="0" occluded="0" keyframe="1" points="639.60,506.90" z_order="0">
    </points>
    <points frame="75" outside="0" occluded="0" keyframe="0" points="638.54,506.90" z_order="0">
    </points>
    <points frame="76" outside="0" occluded="0" keyframe="0" points="637.48,506.90" z_order="0">
    </points>
    <points frame="77" outside="0" occluded="0" keyframe="0" points="636.42,506.90" z_order="0">
    </points>
    <points frame="78" outside="0" occluded="0" keyframe="0" points="635.36,506.90" z_order="0">
    </points>
    <points frame="79" outside="0" occluded="0" keyframe="0" points="634.30,506.90" z_order="0">
    </points>
    <points frame="80" outside="0" occluded="0" keyframe="0" points="633.24,506.90" z_order="0">
    </points>
    <points frame="81" outside="0" occluded="0" keyframe="0" points="632.18,506.90" z_order="0">
    </points>
    <points frame="82" outside="0" occluded="0" keyframe="0" points="631.12,506.90" z_order="0">
    </points>
    <points frame="83" outside="0" occluded="0" keyframe="0" points="630.06,506.90" z_order="0">
    </points>
    <points frame="84" outside="0" occluded="0" keyframe="1" points="629.00,506.90" z_order="0">
    </points>
    <points frame="85" outside="0" occluded="0" keyframe="0" points="629.53,506.90" z_order="0">
    </points>
    <points frame="86" outside="0" occluded="0" keyframe="0" points="630.06,506.90" z_order="0">
    </points>
    <points frame="87" outside="0" occluded="0" keyframe="0" points="630.59,506.90" z_order="0">
    </points>
    <points frame="88" outside="0" occluded="0" keyframe="0" points="631.12,506.90" z_order="0">
    </points>
    <points frame="89" outside="0" occluded="0" keyframe="0" points="631.65,506.90" z_order="0">
    </points>
    <points frame="90" outside="0" occluded="0" keyframe="0" points="632.18,506.90" z_order="0">
    </points>
    <points frame="91" outside="0" occluded="0" keyframe="0" points="632.71,506.90" z_order="0">
    </points>
    <points frame="92" outside="0" occluded="0" keyframe="0" points="633.24,506.90" z_order="0">
    </points>
    <points frame="93" outside="0" occluded="0" keyframe="0" points="633.77,506.90" z_order="0">
    </points>
    <points frame="94" outside="0" occluded="0" keyframe="1" points="634.30,506.90" z_order="0">
    </points>
    <points frame="95" outside="0" occluded="0" keyframe="0" points="636.28,504.97" z_order="0">
    </points>
    <points frame="96" outside="0" occluded="0" keyframe="0" points="638.27,503.03" z_order="0">
    </points>
    <points frame="97" outside="0" occluded="0" keyframe="0" points="640.25,501.10" z_order="0">
    </points>
    <points frame="98" outside="0" occluded="0" keyframe="0" points="642.23,499.17" z_order="0">
    </points>
    <points frame="99" outside="0" occluded="0" keyframe="0" points="644.22,497.23" z_order="0">
    </points>
    <points frame="100" outside="0" occluded="0" keyframe="1" points="646.20,495.30" z_order="0">
    </points>
    <points frame="101" outside="0" occluded="0" keyframe="0" points="641.58,497.20" z_order="0">
    </points>
    <points frame="102" outside="0" occluded="0" keyframe="0" points="636.95,499.10" z_order="0">
    </points>
    <points frame="103" outside="0" occluded="0" keyframe="0" points="632.33,501.00" z_order="0">
    </points>
    <points frame="104" outside="0" occluded="0" keyframe="1" points="627.70,502.90" z_order="0">
    </points>
    <points frame="105" outside="0" occluded="0" keyframe="0" points="624.27,502.90" z_order="0">
    </points>
    <points frame="106" outside="0" occluded="0" keyframe="0" points="620.84,502.90" z_order="0">
    </points>
    <points frame="107" outside="0" occluded="0" keyframe="0" points="617.41,502.90" z_order="0">
    </points>
    <points frame="108" outside="0" occluded="0" keyframe="0" points="613.98,502.90" z_order="0">
    </points>
    <points frame="109" outside="0" occluded="0" keyframe="0" points="610.55,502.90" z_order="0">
    </points>
    <points frame="110" outside="0" occluded="0" keyframe="0" points="607.12,502.90" z_order="0">
    </points>
    <points frame="111" outside="0" occluded="0" keyframe="0" points="603.69,502.90" z_order="0">
    </points>
    <points frame="112" outside="0" occluded="0" keyframe="0" points="600.26,502.90" z_order="0">
    </points>
    <points frame="113" outside="0" occluded="0" keyframe="0" points="596.83,502.90" z_order="0">
    </points>
    <points frame="114" outside="0" occluded="0" keyframe="1" points="593.40,502.90" z_order="0">
    </points>
    <points frame="115" outside="0" occluded="0" keyframe="0" points="595.38,502.90" z_order="0">
    </points>
    <points frame="116" outside="0" occluded="0" keyframe="0" points="597.36,502.90" z_order="0">
    </points>
    <points frame="117" outside="0" occluded="0" keyframe="0" points="599.34,502.90" z_order="0">
    </points>
    <points frame="118" outside="0" occluded="0" keyframe="0" points="601.32,502.90" z_order="0">
    </points>
    <points frame="119" outside="0" occluded="0" keyframe="0" points="603.30,502.90" z_order="0">
    </points>
    <points frame="120" outside="0" occluded="0" keyframe="0" points="605.28,502.90" z_order="0">
    </points>
    <points frame="121" outside="0" occluded="0" keyframe="0" points="607.26,502.90" z_order="0">
    </points>
    <points frame="122" outside="0" occluded="0" keyframe="0" points="609.24,502.90" z_order="0">
    </points>
    <points frame="123" outside="0" occluded="0" keyframe="0" points="611.22,502.90" z_order="0">
    </points>
    <points frame="124" outside="0" occluded="0" keyframe="1" points="613.20,502.90" z_order="0">
    </points>
    <points frame="125" outside="0" occluded="0" keyframe="0" points="617.68,502.90" z_order="0">
    </points>
    <points frame="126" outside="0" occluded="0" keyframe="0" points="622.16,502.90" z_order="0">
    </points>
    <points frame="127" outside="0" occluded="0" keyframe="0" points="626.64,502.90" z_order="0">
    </points>
    <points frame="128" outside="0" occluded="0" keyframe="0" points="631.12,502.90" z_order="0">
    </points>
    <points frame="129" outside="0" occluded="0" keyframe="1" points="635.60,502.90" z_order="0">
    </points>
    <points frame="130" outside="0" occluded="0" keyframe="0" points="634.28,502.90" z_order="0">
    </points>
    <points frame="131" outside="0" occluded="0" keyframe="0" points="632.96,502.90" z_order="0">
    </points>
    <points frame="132" outside="0" occluded="0" keyframe="0" points="631.64,502.90" z_order="0">
    </points>
    <points frame="133" outside="0" occluded="0" keyframe="0" points="630.32,502.90" z_order="0">
    </points>
    <points frame="134" outside="0" occluded="0" keyframe="1" points="629.00,502.90" z_order="0">
    </points>
    <points frame="135" outside="0" occluded="0" keyframe="0" points="630.19,502.90" z_order="0">
    </points>
    <points frame="136" outside="0" occluded="0" keyframe="0" points="631.38,502.90" z_order="0">
    </points>
    <points frame="137" outside="0" occluded="0" keyframe="0" points="632.57,502.90" z_order="0">
    </points>
    <points frame="138" outside="0" occluded="0" keyframe="0" points="633.76,502.90" z_order="0">
    </points>
    <points frame="139" outside="0" occluded="0" keyframe="0" points="634.95,502.90" z_order="0">
    </points>
    <points frame="140" outside="0" occluded="0" keyframe="0" points="636.14,502.90" z_order="0">
    </points>
    <points frame="141" outside="0" occluded="0" keyframe="0" points="637.33,502.90" z_order="0">
    </points>
    <points frame="142" outside="0" occluded="0" keyframe="0" points="638.52,502.90" z_order="0">
    </points>
    <points frame="143" outside="0" occluded="0" keyframe="0" points="639.71,502.90" z_order="0">
    </points>
    <points frame="144" outside="0" occluded="0" keyframe="1" points="640.90,502.90" z_order="0">
    </points>
    <points frame="145" outside="0" occluded="0" keyframe="0" points="640.50,502.90" z_order="0">
    </points>
    <points frame="146" outside="0" occluded="0" keyframe="0" points="640.10,502.90" z_order="0">
    </points>
    <points frame="147" outside="0" occluded="0" keyframe="0" points="639.70,502.90" z_order="0">
    </points>
    <points frame="148" outside="0" occluded="0" keyframe="0" points="639.30,502.90" z_order="0">
    </points>
    <points frame="149" outside="0" occluded="0" keyframe="0" points="638.90,502.90" z_order="0">
    </points>
    <points frame="150" outside="0" occluded="0" keyframe="0" points="638.50,502.90" z_order="0">
    </points>
    <points frame="151" outside="0" occluded="0" keyframe="0" points="638.10,502.90" z_order="0">
    </points>
    <points frame="152" outside="0" occluded="0" keyframe="0" points="637.70,502.90" z_order="0">
    </points>
    <points frame="153" outside="0" occluded="0" keyframe="0" points="637.30,502.90" z_order="0">
    </points>
    <points frame="154" outside="0" occluded="0" keyframe="1" points="636.90,502.90" z_order="0">
    </points>
    <points frame="155" outside="0" occluded="0" keyframe="0" points="638.09,502.77" z_order="0">
    </points>
    <points frame="156" outside="0" occluded="0" keyframe="0" points="639.28,502.64" z_order="0">
    </points>
    <points frame="157" outside="0" occluded="0" keyframe="0" points="640.47,502.51" z_order="0">
    </points>
    <points frame="158" outside="0" occluded="0" keyframe="0" points="641.66,502.38" z_order="0">
    </points>
    <points frame="159" outside="0" occluded="0" keyframe="0" points="642.85,502.25" z_order="0">
    </points>
    <points frame="160" outside="0" occluded="0" keyframe="0" points="644.04,502.12" z_order="0">
    </points>
    <points frame="161" outside="0" occluded="0" keyframe="0" points="645.23,501.99" z_order="0">
    </points>
    <points frame="162" outside="0" occluded="0" keyframe="0" points="646.42,501.86" z_order="0">
    </points>
    <points frame="163" outside="0" occluded="0" keyframe="0" points="647.61,501.73" z_order="0">
    </points>
    <points frame="164" outside="0" occluded="0" keyframe="1" points="648.80,501.60" z_order="0">
    </points>
    <points frame="165" outside="0" occluded="0" keyframe="0" points="647.48,501.47" z_order="0">
    </points>
    <points frame="166" outside="0" occluded="0" keyframe="0" points="646.16,501.34" z_order="0">
    </points>
    <points frame="167" outside="0" occluded="0" keyframe="0" points="644.84,501.21" z_order="0">
    </points>
    <points frame="168" outside="0" occluded="0" keyframe="0" points="643.52,501.08" z_order="0">
    </points>
    <points frame="169" outside="0" occluded="0" keyframe="0" points="642.20,500.95" z_order="0">
    </points>
    <points frame="170" outside="0" occluded="0" keyframe="0" points="640.88,500.82" z_order="0">
    </points>
    <points frame="171" outside="0" occluded="0" keyframe="0" points="639.56,500.69" z_order="0">
    </points>
    <points frame="172" outside="0" occluded="0" keyframe="0" points="638.24,500.56" z_order="0">
    </points>
    <points frame="173" outside="0" occluded="0" keyframe="0" points="636.92,500.43" z_order="0">
    </points>
    <points frame="174" outside="0" occluded="0" keyframe="1" points="635.60,500.30" z_order="0">
    </points>
    <points frame="175" outside="0" occluded="0" keyframe="0" points="636.26,500.43" z_order="0">
    </points>
    <points frame="176" outside="0" occluded="0" keyframe="0" points="636.92,500.56" z_order="0">
    </points>
    <points frame="177" outside="0" occluded="0" keyframe="0" points="637.58,500.69" z_order="0">
    </points>
    <points frame="178" outside="0" occluded="0" keyframe="0" points="638.24,500.82" z_order="0">
    </points>
    <points frame="179" outside="0" occluded="0" keyframe="0" points="638.90,500.95" z_order="0">
    </points>
    <points frame="180" outside="0" occluded="0" keyframe="0" points="639.56,501.08" z_order="0">
    </points>
    <points frame="181" outside="0" occluded="0" keyframe="0" points="640.22,501.21" z_order="0">
    </points>
    <points frame="182" outside="0" occluded="0" keyframe="0" points="640.88,501.34" z_order="0">
    </points>
    <points frame="183" outside="0" occluded="0" keyframe="0" points="641.54,501.47" z_order="0">
    </points>
    <points frame="184" outside="0" occluded="0" keyframe="1" points="642.20,501.60" z_order="0">
    </points>
    <points frame="185" outside="0" occluded="0" keyframe="0" points="642.46,501.60" z_order="0">
    </points>
    <points frame="186" outside="0" occluded="0" keyframe="0" points="642.72,501.60" z_order="0">
    </points>
    <points frame="187" outside="0" occluded="0" keyframe="0" points="642.98,501.60" z_order="0">
    </points>
    <points frame="188" outside="0" occluded="0" keyframe="0" points="643.24,501.60" z_order="0">
    </points>
    <points frame="189" outside="0" occluded="0" keyframe="0" points="643.50,501.60" z_order="0">
    </points>
    <points frame="190" outside="0" occluded="0" keyframe="0" points="643.76,501.60" z_order="0">
    </points>
    <points frame="191" outside="0" occluded="0" keyframe="0" points="644.02,501.60" z_order="0">
    </points>
    <points frame="192" outside="0" occluded="0" keyframe="0" points="644.28,501.60" z_order="0">
    </points>
    <points frame="193" outside="0" occluded="0" keyframe="0" points="644.54,501.60" z_order="0">
    </points>
    <points frame="194" outside="0" occluded="0" keyframe="1" points="644.80,501.60" z_order="0">
    </points>
    <points frame="195" outside="0" occluded="0" keyframe="0" points="644.80,501.60" z_order="0">
    </points>
  </track>
</annotations>
