<?xml version="1.0" encoding="utf-8"?>
<annotations>
  <version>1.1</version>
  <meta>
    <task>
      <id>102</id>
      <name>D06_3ML-L1-1</name>
      <size>272</size>
      <mode>interpolation</mode>
      <overlap>5</overlap>
      <bugtracker></bugtracker>
      <created>2021-11-20 03:12:12.695984+00:00</created>
      <updated>2021-11-20 13:36:14.996156+00:00</updated>
      <subset>default</subset>
      <start_frame>0</start_frame>
      <stop_frame>271</stop_frame>
      <frame_filter></frame_filter>
      <segments>
        <segment>
          <id>101</id>
          <start>0</start>
          <stop>271</stop>
          <url>http://localhost:8080/?id=101</url>
        </segment>
      </segments>
      <owner>
        <username>hubertachan</username>
        <email>hubertachan@gmail.com</email>
      </owner>
      <assignee></assignee>
      <labels>
        <label>
          <name>HB</name>
          <color>#3b0c73</color>
          <attributes>
          </attributes>
        </label>
        <label>
          <name>M</name>
          <color>#ff355e</color>
          <attributes>
          </attributes>
        </label>
      </labels>
      <original_size>
        <width>1068</width>
        <height>800</height>
      </original_size>
    </task>
    <dumped>2021-11-20 13:36:23.027815+00:00</dumped>
    <source>D06_3ML-L1-1.avi</source>
  </meta>
  <track id="0" label="HB" source="manual">
    <points frame="80" outside="0" occluded="0" keyframe="1" points="629.94,521.25" z_order="0">
    </points>
    <points frame="81" outside="0" occluded="0" keyframe="0" points="628.29,519.85" z_order="0">
    </points>
    <points frame="82" outside="0" occluded="0" keyframe="0" points="626.65,518.46" z_order="0">
    </points>
    <points frame="83" outside="0" occluded="0" keyframe="0" points="625.01,517.06" z_order="0">
    </points>
    <points frame="84" outside="0" occluded="0" keyframe="0" points="623.36,515.67" z_order="0">
    </points>
    <points frame="85" outside="0" occluded="0" keyframe="0" points="621.72,514.27" z_order="0">
    </points>
    <points frame="86" outside="0" occluded="0" keyframe="0" points="620.07,512.88" z_order="0">
    </points>
    <points frame="87" outside="0" occluded="0" keyframe="0" points="618.43,511.48" z_order="0">
    </points>
    <points frame="88" outside="0" occluded="0" keyframe="0" points="616.79,510.09" z_order="0">
    </points>
    <points frame="89" outside="0" occluded="0" keyframe="0" points="615.14,508.69" z_order="0">
    </points>
    <points frame="90" outside="0" occluded="0" keyframe="1" points="613.50,507.30" z_order="0">
    </points>
    <points frame="91" outside="0" occluded="0" keyframe="1" points="625.10,507.80" z_order="0">
    </points>
    <points frame="92" outside="0" occluded="0" keyframe="0" points="621.29,508.31" z_order="0">
    </points>
    <points frame="93" outside="0" occluded="0" keyframe="0" points="617.48,508.82" z_order="0">
    </points>
    <points frame="94" outside="0" occluded="0" keyframe="0" points="613.67,509.33" z_order="0">
    </points>
    <points frame="95" outside="0" occluded="0" keyframe="0" points="609.86,509.84" z_order="0">
    </points>
    <points frame="96" outside="0" occluded="0" keyframe="0" points="606.04,510.36" z_order="0">
    </points>
    <points frame="97" outside="0" occluded="0" keyframe="0" points="602.23,510.87" z_order="0">
    </points>
    <points frame="98" outside="0" occluded="0" keyframe="0" points="598.42,511.38" z_order="0">
    </points>
    <points frame="99" outside="0" occluded="0" keyframe="0" points="594.61,511.89" z_order="0">
    </points>
    <points frame="100" outside="0" occluded="0" keyframe="1" points="590.80,512.40" z_order="0">
    </points>
    <points frame="101" outside="0" occluded="0" keyframe="0" points="591.56,512.40" z_order="0">
    </points>
    <points frame="102" outside="0" occluded="0" keyframe="0" points="592.32,512.40" z_order="0">
    </points>
    <points frame="103" outside="0" occluded="0" keyframe="0" points="593.08,512.40" z_order="0">
    </points>
    <points frame="104" outside="0" occluded="0" keyframe="0" points="593.84,512.40" z_order="0">
    </points>
    <points frame="105" outside="0" occluded="0" keyframe="0" points="594.60,512.40" z_order="0">
    </points>
    <points frame="106" outside="0" occluded="0" keyframe="0" points="595.36,512.40" z_order="0">
    </points>
    <points frame="107" outside="0" occluded="0" keyframe="0" points="596.12,512.40" z_order="0">
    </points>
    <points frame="108" outside="0" occluded="0" keyframe="0" points="596.88,512.40" z_order="0">
    </points>
    <points frame="109" outside="0" occluded="0" keyframe="0" points="597.64,512.40" z_order="0">
    </points>
    <points frame="110" outside="0" occluded="0" keyframe="1" points="598.40,512.40" z_order="0">
    </points>
    <points frame="111" outside="0" occluded="0" keyframe="0" points="598.40,516.44" z_order="0">
    </points>
    <points frame="112" outside="0" occluded="0" keyframe="0" points="598.40,520.48" z_order="0">
    </points>
    <points frame="113" outside="0" occluded="0" keyframe="0" points="598.40,524.52" z_order="0">
    </points>
    <points frame="114" outside="0" occluded="0" keyframe="0" points="598.40,528.56" z_order="0">
    </points>
    <points frame="115" outside="0" occluded="0" keyframe="0" points="598.40,532.60" z_order="0">
    </points>
    <points frame="116" outside="0" occluded="0" keyframe="0" points="598.40,536.64" z_order="0">
    </points>
    <points frame="117" outside="0" occluded="0" keyframe="0" points="598.40,540.68" z_order="0">
    </points>
    <points frame="118" outside="0" occluded="0" keyframe="0" points="598.40,544.72" z_order="0">
    </points>
    <points frame="119" outside="0" occluded="0" keyframe="0" points="598.40,548.76" z_order="0">
    </points>
    <points frame="120" outside="0" occluded="0" keyframe="1" points="598.40,552.80" z_order="0">
    </points>
    <points frame="121" outside="0" occluded="0" keyframe="0" points="598.15,552.04" z_order="0">
    </points>
    <points frame="122" outside="0" occluded="0" keyframe="0" points="597.90,551.28" z_order="0">
    </points>
    <points frame="123" outside="0" occluded="0" keyframe="0" points="597.65,550.52" z_order="0">
    </points>
    <points frame="124" outside="0" occluded="0" keyframe="0" points="597.40,549.76" z_order="0">
    </points>
    <points frame="125" outside="0" occluded="0" keyframe="0" points="597.15,549.00" z_order="0">
    </points>
    <points frame="126" outside="0" occluded="0" keyframe="0" points="596.90,548.24" z_order="0">
    </points>
    <points frame="127" outside="0" occluded="0" keyframe="0" points="596.65,547.48" z_order="0">
    </points>
    <points frame="128" outside="0" occluded="0" keyframe="0" points="596.40,546.72" z_order="0">
    </points>
    <points frame="129" outside="0" occluded="0" keyframe="0" points="596.15,545.96" z_order="0">
    </points>
    <points frame="130" outside="0" occluded="0" keyframe="1" points="595.90,545.20" z_order="0">
    </points>
    <points frame="131" outside="0" occluded="0" keyframe="0" points="598.68,543.56" z_order="0">
    </points>
    <points frame="132" outside="0" occluded="0" keyframe="0" points="601.46,541.92" z_order="0">
    </points>
    <points frame="133" outside="0" occluded="0" keyframe="0" points="604.24,540.28" z_order="0">
    </points>
    <points frame="134" outside="0" occluded="0" keyframe="0" points="607.02,538.64" z_order="0">
    </points>
    <points frame="135" outside="0" occluded="0" keyframe="0" points="609.80,537.00" z_order="0">
    </points>
    <points frame="136" outside="0" occluded="0" keyframe="0" points="612.58,535.36" z_order="0">
    </points>
    <points frame="137" outside="0" occluded="0" keyframe="0" points="615.36,533.72" z_order="0">
    </points>
    <points frame="138" outside="0" occluded="0" keyframe="0" points="618.14,532.08" z_order="0">
    </points>
    <points frame="139" outside="0" occluded="0" keyframe="0" points="620.92,530.44" z_order="0">
    </points>
    <points frame="140" outside="0" occluded="0" keyframe="1" points="623.70,528.80" z_order="0">
    </points>
    <points frame="141" outside="0" occluded="0" keyframe="0" points="624.28,528.17" z_order="0">
    </points>
    <points frame="142" outside="0" occluded="0" keyframe="0" points="624.87,527.53" z_order="0">
    </points>
    <points frame="143" outside="0" occluded="0" keyframe="0" points="625.45,526.90" z_order="0">
    </points>
    <points frame="144" outside="0" occluded="0" keyframe="0" points="626.03,526.27" z_order="0">
    </points>
    <points frame="145" outside="0" occluded="0" keyframe="0" points="626.62,525.63" z_order="0">
    </points>
    <points frame="146" outside="0" occluded="0" keyframe="1" points="627.20,525.00" z_order="0">
    </points>
    <points frame="147" outside="0" occluded="0" keyframe="0" points="619.38,525.95" z_order="0">
    </points>
    <points frame="148" outside="0" occluded="0" keyframe="0" points="611.55,526.90" z_order="0">
    </points>
    <points frame="149" outside="0" occluded="0" keyframe="0" points="603.72,527.85" z_order="0">
    </points>
    <points frame="150" outside="0" occluded="0" keyframe="1" points="595.90,528.80" z_order="0">
    </points>
    <points frame="151" outside="0" occluded="0" keyframe="0" points="599.06,527.28" z_order="0">
    </points>
    <points frame="152" outside="0" occluded="0" keyframe="0" points="602.22,525.76" z_order="0">
    </points>
    <points frame="153" outside="0" occluded="0" keyframe="0" points="605.38,524.24" z_order="0">
    </points>
    <points frame="154" outside="0" occluded="0" keyframe="0" points="608.54,522.72" z_order="0">
    </points>
    <points frame="155" outside="0" occluded="0" keyframe="0" points="611.70,521.20" z_order="0">
    </points>
    <points frame="156" outside="0" occluded="0" keyframe="0" points="614.86,519.68" z_order="0">
    </points>
    <points frame="157" outside="0" occluded="0" keyframe="0" points="618.02,518.16" z_order="0">
    </points>
    <points frame="158" outside="0" occluded="0" keyframe="0" points="621.18,516.64" z_order="0">
    </points>
    <points frame="159" outside="0" occluded="0" keyframe="0" points="624.34,515.12" z_order="0">
    </points>
    <points frame="160" outside="0" occluded="0" keyframe="1" points="627.50,513.60" z_order="0">
    </points>
    <points frame="161" outside="0" occluded="0" keyframe="0" points="630.59,513.73" z_order="0">
    </points>
    <points frame="162" outside="0" occluded="0" keyframe="0" points="633.67,513.86" z_order="0">
    </points>
    <points frame="163" outside="0" occluded="0" keyframe="0" points="636.76,513.99" z_order="0">
    </points>
    <points frame="164" outside="0" occluded="0" keyframe="0" points="639.84,514.11" z_order="0">
    </points>
    <points frame="165" outside="0" occluded="0" keyframe="0" points="642.93,514.24" z_order="0">
    </points>
    <points frame="166" outside="0" occluded="0" keyframe="0" points="646.01,514.37" z_order="0">
    </points>
    <points frame="167" outside="0" occluded="0" keyframe="1" points="649.10,514.50" z_order="0">
    </points>
    <points frame="168" outside="0" occluded="0" keyframe="0" points="643.17,514.63" z_order="0">
    </points>
    <points frame="169" outside="0" occluded="0" keyframe="0" points="637.23,514.77" z_order="0">
    </points>
    <points frame="170" outside="0" occluded="0" keyframe="1" points="631.30,514.90" z_order="0">
    </points>
    <points frame="171" outside="0" occluded="0" keyframe="0" points="637.90,515.73" z_order="0">
    </points>
    <points frame="172" outside="0" occluded="0" keyframe="0" points="644.50,516.57" z_order="0">
    </points>
    <points frame="173" outside="0" occluded="0" keyframe="1" points="651.10,517.40" z_order="0">
    </points>
    <points frame="174" outside="0" occluded="0" keyframe="0" points="649.90,517.04" z_order="0">
    </points>
    <points frame="175" outside="0" occluded="0" keyframe="0" points="648.70,516.69" z_order="0">
    </points>
    <points frame="176" outside="0" occluded="0" keyframe="0" points="647.50,516.33" z_order="0">
    </points>
    <points frame="177" outside="0" occluded="0" keyframe="0" points="646.30,515.97" z_order="0">
    </points>
    <points frame="178" outside="0" occluded="0" keyframe="0" points="645.10,515.61" z_order="0">
    </points>
    <points frame="179" outside="0" occluded="0" keyframe="0" points="643.90,515.26" z_order="0">
    </points>
    <points frame="180" outside="0" occluded="0" keyframe="1" points="642.70,514.90" z_order="0">
    </points>
    <points frame="181" outside="0" occluded="0" keyframe="0" points="643.58,514.90" z_order="0">
    </points>
    <points frame="182" outside="0" occluded="0" keyframe="0" points="644.46,514.90" z_order="0">
    </points>
    <points frame="183" outside="0" occluded="0" keyframe="0" points="645.34,514.90" z_order="0">
    </points>
    <points frame="184" outside="0" occluded="0" keyframe="0" points="646.22,514.90" z_order="0">
    </points>
    <points frame="185" outside="0" occluded="0" keyframe="0" points="647.10,514.90" z_order="0">
    </points>
    <points frame="186" outside="0" occluded="0" keyframe="0" points="647.98,514.90" z_order="0">
    </points>
    <points frame="187" outside="0" occluded="0" keyframe="0" points="648.86,514.90" z_order="0">
    </points>
    <points frame="188" outside="0" occluded="0" keyframe="0" points="649.74,514.90" z_order="0">
    </points>
    <points frame="189" outside="0" occluded="0" keyframe="0" points="650.62,514.90" z_order="0">
    </points>
    <points frame="190" outside="0" occluded="0" keyframe="1" points="651.50,514.90" z_order="0">
    </points>
    <points frame="191" outside="0" occluded="0" keyframe="0" points="650.87,514.90" z_order="0">
    </points>
    <points frame="192" outside="0" occluded="0" keyframe="0" points="650.24,514.90" z_order="0">
    </points>
    <points frame="193" outside="0" occluded="0" keyframe="0" points="649.61,514.90" z_order="0">
    </points>
    <points frame="194" outside="0" occluded="0" keyframe="0" points="648.98,514.90" z_order="0">
    </points>
    <points frame="195" outside="0" occluded="0" keyframe="0" points="648.35,514.90" z_order="0">
    </points>
    <points frame="196" outside="0" occluded="0" keyframe="0" points="647.72,514.90" z_order="0">
    </points>
    <points frame="197" outside="0" occluded="0" keyframe="0" points="647.09,514.90" z_order="0">
    </points>
    <points frame="198" outside="0" occluded="0" keyframe="0" points="646.46,514.90" z_order="0">
    </points>
    <points frame="199" outside="0" occluded="0" keyframe="0" points="645.83,514.90" z_order="0">
    </points>
    <points frame="200" outside="0" occluded="0" keyframe="1" points="645.20,514.90" z_order="0">
    </points>
    <points frame="201" outside="0" occluded="0" keyframe="0" points="644.82,514.77" z_order="0">
    </points>
    <points frame="202" outside="0" occluded="0" keyframe="0" points="644.44,514.64" z_order="0">
    </points>
    <points frame="203" outside="0" occluded="0" keyframe="0" points="644.06,514.51" z_order="0">
    </points>
    <points frame="204" outside="0" occluded="0" keyframe="0" points="643.68,514.38" z_order="0">
    </points>
    <points frame="205" outside="0" occluded="0" keyframe="0" points="643.30,514.25" z_order="0">
    </points>
    <points frame="206" outside="0" occluded="0" keyframe="0" points="642.92,514.12" z_order="0">
    </points>
    <points frame="207" outside="0" occluded="0" keyframe="0" points="642.54,513.99" z_order="0">
    </points>
    <points frame="208" outside="0" occluded="0" keyframe="0" points="642.16,513.86" z_order="0">
    </points>
    <points frame="209" outside="0" occluded="0" keyframe="0" points="641.78,513.73" z_order="0">
    </points>
    <points frame="210" outside="0" occluded="0" keyframe="1" points="641.40,513.60" z_order="0">
    </points>
    <points frame="211" outside="0" occluded="0" keyframe="0" points="642.16,513.60" z_order="0">
    </points>
    <points frame="212" outside="0" occluded="0" keyframe="0" points="642.92,513.60" z_order="0">
    </points>
    <points frame="213" outside="0" occluded="0" keyframe="0" points="643.68,513.60" z_order="0">
    </points>
    <points frame="214" outside="0" occluded="0" keyframe="0" points="644.44,513.60" z_order="0">
    </points>
    <points frame="215" outside="0" occluded="0" keyframe="0" points="645.20,513.60" z_order="0">
    </points>
    <points frame="216" outside="0" occluded="0" keyframe="0" points="645.96,513.60" z_order="0">
    </points>
    <points frame="217" outside="0" occluded="0" keyframe="0" points="646.72,513.60" z_order="0">
    </points>
    <points frame="218" outside="0" occluded="0" keyframe="0" points="647.48,513.60" z_order="0">
    </points>
    <points frame="219" outside="0" occluded="0" keyframe="0" points="648.24,513.60" z_order="0">
    </points>
    <points frame="220" outside="0" occluded="0" keyframe="1" points="649.00,513.60" z_order="0">
    </points>
    <points frame="221" outside="0" occluded="0" keyframe="0" points="645.71,515.37" z_order="0">
    </points>
    <points frame="222" outside="0" occluded="0" keyframe="0" points="642.42,517.14" z_order="0">
    </points>
    <points frame="223" outside="0" occluded="0" keyframe="0" points="639.13,518.91" z_order="0">
    </points>
    <points frame="224" outside="0" occluded="0" keyframe="0" points="635.84,520.68" z_order="0">
    </points>
    <points frame="225" outside="0" occluded="0" keyframe="0" points="632.55,522.45" z_order="0">
    </points>
    <points frame="226" outside="0" occluded="0" keyframe="0" points="629.26,524.22" z_order="0">
    </points>
    <points frame="227" outside="0" occluded="0" keyframe="0" points="625.97,525.99" z_order="0">
    </points>
    <points frame="228" outside="0" occluded="0" keyframe="0" points="622.68,527.76" z_order="0">
    </points>
    <points frame="229" outside="0" occluded="0" keyframe="0" points="619.39,529.53" z_order="0">
    </points>
    <points frame="230" outside="0" occluded="0" keyframe="1" points="616.10,531.30" z_order="0">
    </points>
    <points frame="231" outside="0" occluded="0" keyframe="0" points="615.34,531.30" z_order="0">
    </points>
    <points frame="232" outside="0" occluded="0" keyframe="0" points="614.58,531.30" z_order="0">
    </points>
    <points frame="233" outside="0" occluded="0" keyframe="0" points="613.82,531.30" z_order="0">
    </points>
    <points frame="234" outside="0" occluded="0" keyframe="0" points="613.06,531.30" z_order="0">
    </points>
    <points frame="235" outside="0" occluded="0" keyframe="0" points="612.30,531.30" z_order="0">
    </points>
    <points frame="236" outside="0" occluded="0" keyframe="0" points="611.54,531.30" z_order="0">
    </points>
    <points frame="237" outside="0" occluded="0" keyframe="0" points="610.78,531.30" z_order="0">
    </points>
    <points frame="238" outside="0" occluded="0" keyframe="0" points="610.02,531.30" z_order="0">
    </points>
    <points frame="239" outside="0" occluded="0" keyframe="0" points="609.26,531.30" z_order="0">
    </points>
    <points frame="240" outside="0" occluded="0" keyframe="1" points="608.50,531.30" z_order="0">
    </points>
    <points frame="241" outside="0" occluded="0" keyframe="0" points="610.21,530.61" z_order="0">
    </points>
    <points frame="242" outside="0" occluded="0" keyframe="0" points="611.91,529.91" z_order="0">
    </points>
    <points frame="243" outside="0" occluded="0" keyframe="0" points="613.62,529.22" z_order="0">
    </points>
    <points frame="244" outside="0" occluded="0" keyframe="0" points="615.32,528.52" z_order="0">
    </points>
    <points frame="245" outside="0" occluded="0" keyframe="0" points="617.03,527.83" z_order="0">
    </points>
    <points frame="246" outside="0" occluded="0" keyframe="0" points="618.73,527.13" z_order="0">
    </points>
    <points frame="247" outside="0" occluded="0" keyframe="0" points="620.44,526.44" z_order="0">
    </points>
    <points frame="248" outside="0" occluded="0" keyframe="0" points="622.14,525.74" z_order="0">
    </points>
    <points frame="249" outside="0" occluded="0" keyframe="0" points="623.85,525.05" z_order="0">
    </points>
    <points frame="250" outside="0" occluded="0" keyframe="0" points="625.55,524.35" z_order="0">
    </points>
    <points frame="251" outside="0" occluded="0" keyframe="0" points="627.26,523.66" z_order="0">
    </points>
    <points frame="252" outside="0" occluded="0" keyframe="0" points="628.96,522.96" z_order="0">
    </points>
    <points frame="253" outside="0" occluded="0" keyframe="0" points="630.67,522.27" z_order="0">
    </points>
    <points frame="254" outside="0" occluded="0" keyframe="0" points="632.37,521.57" z_order="0">
    </points>
    <points frame="255" outside="0" occluded="0" keyframe="0" points="634.08,520.88" z_order="0">
    </points>
    <points frame="256" outside="0" occluded="0" keyframe="0" points="635.78,520.18" z_order="0">
    </points>
    <points frame="257" outside="0" occluded="0" keyframe="0" points="637.49,519.48" z_order="0">
    </points>
    <points frame="258" outside="0" occluded="0" keyframe="0" points="639.19,518.79" z_order="0">
    </points>
    <points frame="259" outside="0" occluded="0" keyframe="0" points="640.90,518.09" z_order="0">
    </points>
    <points frame="260" outside="0" occluded="0" keyframe="1" points="642.60,517.40" z_order="0">
    </points>
    <points frame="261" outside="0" occluded="0" keyframe="0" points="644.24,515.38" z_order="0">
    </points>
    <points frame="262" outside="0" occluded="0" keyframe="0" points="645.88,513.36" z_order="0">
    </points>
    <points frame="263" outside="0" occluded="0" keyframe="0" points="647.52,511.34" z_order="0">
    </points>
    <points frame="264" outside="0" occluded="0" keyframe="0" points="649.16,509.32" z_order="0">
    </points>
    <points frame="265" outside="0" occluded="0" keyframe="0" points="650.80,507.30" z_order="0">
    </points>
    <points frame="266" outside="0" occluded="0" keyframe="0" points="652.44,505.28" z_order="0">
    </points>
    <points frame="267" outside="0" occluded="0" keyframe="0" points="654.08,503.26" z_order="0">
    </points>
    <points frame="268" outside="0" occluded="0" keyframe="0" points="655.72,501.24" z_order="0">
    </points>
    <points frame="269" outside="0" occluded="0" keyframe="0" points="657.36,499.22" z_order="0">
    </points>
    <points frame="270" outside="0" occluded="0" keyframe="1" points="659.00,497.20" z_order="0">
    </points>
    <points frame="271" outside="0" occluded="0" keyframe="0" points="659.00,497.20" z_order="0">
    </points>
  </track>
  <track id="1" label="M" source="manual">
    <points frame="75" outside="0" occluded="0" keyframe="1" points="459.47,636.37" z_order="0">
    </points>
    <points frame="76" outside="0" occluded="0" keyframe="0" points="458.28,636.50" z_order="0">
    </points>
    <points frame="77" outside="0" occluded="0" keyframe="0" points="457.10,636.64" z_order="0">
    </points>
    <points frame="78" outside="0" occluded="0" keyframe="0" points="455.91,636.77" z_order="0">
    </points>
    <points frame="79" outside="0" occluded="0" keyframe="0" points="454.72,636.90" z_order="0">
    </points>
    <points frame="80" outside="0" occluded="0" keyframe="0" points="453.54,637.04" z_order="0">
    </points>
    <points frame="81" outside="0" occluded="0" keyframe="0" points="452.35,637.17" z_order="0">
    </points>
    <points frame="82" outside="0" occluded="0" keyframe="0" points="451.16,637.30" z_order="0">
    </points>
    <points frame="83" outside="0" occluded="0" keyframe="0" points="449.97,637.43" z_order="0">
    </points>
    <points frame="84" outside="0" occluded="0" keyframe="0" points="448.79,637.57" z_order="0">
    </points>
    <points frame="85" outside="0" occluded="0" keyframe="1" points="447.60,637.70" z_order="0">
    </points>
    <points frame="86" outside="0" occluded="0" keyframe="0" points="450.07,636.17" z_order="0">
    </points>
    <points frame="87" outside="0" occluded="0" keyframe="0" points="452.53,634.63" z_order="0">
    </points>
    <points frame="88" outside="0" occluded="0" keyframe="0" points="455.00,633.10" z_order="0">
    </points>
    <points frame="89" outside="0" occluded="0" keyframe="0" points="457.47,631.57" z_order="0">
    </points>
    <points frame="90" outside="0" occluded="0" keyframe="0" points="459.93,630.03" z_order="0">
    </points>
    <points frame="91" outside="0" occluded="0" keyframe="1" points="462.40,628.50" z_order="0">
    </points>
    <points frame="92" outside="0" occluded="0" keyframe="0" points="461.00,630.80" z_order="0">
    </points>
    <points frame="93" outside="0" occluded="0" keyframe="0" points="459.60,633.10" z_order="0">
    </points>
    <points frame="94" outside="0" occluded="0" keyframe="0" points="458.20,635.40" z_order="0">
    </points>
    <points frame="95" outside="0" occluded="0" keyframe="1" points="456.80,637.70" z_order="0">
    </points>
    <points frame="96" outside="0" occluded="0" keyframe="0" points="456.40,638.36" z_order="0">
    </points>
    <points frame="97" outside="0" occluded="0" keyframe="0" points="456.00,639.02" z_order="0">
    </points>
    <points frame="98" outside="0" occluded="0" keyframe="0" points="455.60,639.68" z_order="0">
    </points>
    <points frame="99" outside="0" occluded="0" keyframe="0" points="455.20,640.34" z_order="0">
    </points>
    <points frame="100" outside="0" occluded="0" keyframe="0" points="454.80,641.00" z_order="0">
    </points>
    <points frame="101" outside="0" occluded="0" keyframe="0" points="454.40,641.66" z_order="0">
    </points>
    <points frame="102" outside="0" occluded="0" keyframe="0" points="454.00,642.32" z_order="0">
    </points>
    <points frame="103" outside="0" occluded="0" keyframe="0" points="453.60,642.98" z_order="0">
    </points>
    <points frame="104" outside="0" occluded="0" keyframe="0" points="453.20,643.64" z_order="0">
    </points>
    <points frame="105" outside="0" occluded="0" keyframe="1" points="452.80,644.30" z_order="0">
    </points>
    <points frame="106" outside="0" occluded="0" keyframe="0" points="453.41,644.14" z_order="0">
    </points>
    <points frame="107" outside="0" occluded="0" keyframe="0" points="454.02,643.98" z_order="0">
    </points>
    <points frame="108" outside="0" occluded="0" keyframe="0" points="454.62,643.83" z_order="0">
    </points>
    <points frame="109" outside="0" occluded="0" keyframe="0" points="455.23,643.67" z_order="0">
    </points>
    <points frame="110" outside="0" occluded="0" keyframe="0" points="455.84,643.51" z_order="0">
    </points>
    <points frame="111" outside="0" occluded="0" keyframe="0" points="456.45,643.35" z_order="0">
    </points>
    <points frame="112" outside="0" occluded="0" keyframe="0" points="457.06,643.19" z_order="0">
    </points>
    <points frame="113" outside="0" occluded="0" keyframe="0" points="457.66,643.04" z_order="0">
    </points>
    <points frame="114" outside="0" occluded="0" keyframe="0" points="458.27,642.88" z_order="0">
    </points>
    <points frame="115" outside="0" occluded="0" keyframe="0" points="458.88,642.72" z_order="0">
    </points>
    <points frame="116" outside="0" occluded="0" keyframe="0" points="459.49,642.56" z_order="0">
    </points>
    <points frame="117" outside="0" occluded="0" keyframe="0" points="460.10,642.40" z_order="0">
    </points>
    <points frame="118" outside="0" occluded="0" keyframe="0" points="460.70,642.25" z_order="0">
    </points>
    <points frame="119" outside="0" occluded="0" keyframe="0" points="461.31,642.09" z_order="0">
    </points>
    <points frame="120" outside="0" occluded="0" keyframe="0" points="461.92,641.93" z_order="0">
    </points>
    <points frame="121" outside="0" occluded="0" keyframe="0" points="462.53,641.77" z_order="0">
    </points>
    <points frame="122" outside="0" occluded="0" keyframe="0" points="463.14,641.61" z_order="0">
    </points>
    <points frame="123" outside="0" occluded="0" keyframe="0" points="463.74,641.46" z_order="0">
    </points>
    <points frame="124" outside="0" occluded="0" keyframe="0" points="464.35,641.30" z_order="0">
    </points>
    <points frame="125" outside="0" occluded="0" keyframe="0" points="464.96,641.14" z_order="0">
    </points>
    <points frame="126" outside="0" occluded="0" keyframe="0" points="465.57,640.98" z_order="0">
    </points>
    <points frame="127" outside="0" occluded="0" keyframe="0" points="466.18,640.82" z_order="0">
    </points>
    <points frame="128" outside="0" occluded="0" keyframe="0" points="466.78,640.67" z_order="0">
    </points>
    <points frame="129" outside="0" occluded="0" keyframe="0" points="467.39,640.51" z_order="0">
    </points>
    <points frame="130" outside="0" occluded="0" keyframe="0" points="468.00,640.35" z_order="0">
    </points>
    <points frame="131" outside="0" occluded="0" keyframe="0" points="468.61,640.19" z_order="0">
    </points>
    <points frame="132" outside="0" occluded="0" keyframe="0" points="469.22,640.03" z_order="0">
    </points>
    <points frame="133" outside="0" occluded="0" keyframe="0" points="469.82,639.88" z_order="0">
    </points>
    <points frame="134" outside="0" occluded="0" keyframe="0" points="470.43,639.72" z_order="0">
    </points>
    <points frame="135" outside="0" occluded="0" keyframe="0" points="471.04,639.56" z_order="0">
    </points>
    <points frame="136" outside="0" occluded="0" keyframe="0" points="471.65,639.40" z_order="0">
    </points>
    <points frame="137" outside="0" occluded="0" keyframe="0" points="472.26,639.24" z_order="0">
    </points>
    <points frame="138" outside="0" occluded="0" keyframe="0" points="472.86,639.09" z_order="0">
    </points>
    <points frame="139" outside="0" occluded="0" keyframe="0" points="473.47,638.93" z_order="0">
    </points>
    <points frame="140" outside="0" occluded="0" keyframe="0" points="474.08,638.77" z_order="0">
    </points>
    <points frame="141" outside="0" occluded="0" keyframe="0" points="474.69,638.61" z_order="0">
    </points>
    <points frame="142" outside="0" occluded="0" keyframe="0" points="475.30,638.45" z_order="0">
    </points>
    <points frame="143" outside="0" occluded="0" keyframe="0" points="475.90,638.30" z_order="0">
    </points>
    <points frame="144" outside="0" occluded="0" keyframe="0" points="476.51,638.14" z_order="0">
    </points>
    <points frame="145" outside="0" occluded="0" keyframe="0" points="477.12,637.98" z_order="0">
    </points>
    <points frame="146" outside="0" occluded="0" keyframe="0" points="477.73,637.82" z_order="0">
    </points>
    <points frame="147" outside="0" occluded="0" keyframe="0" points="478.34,637.66" z_order="0">
    </points>
    <points frame="148" outside="0" occluded="0" keyframe="0" points="478.94,637.51" z_order="0">
    </points>
    <points frame="149" outside="0" occluded="0" keyframe="0" points="479.55,637.35" z_order="0">
    </points>
    <points frame="150" outside="0" occluded="0" keyframe="0" points="480.16,637.19" z_order="0">
    </points>
    <points frame="151" outside="0" occluded="0" keyframe="0" points="480.77,637.03" z_order="0">
    </points>
    <points frame="152" outside="0" occluded="0" keyframe="0" points="481.38,636.87" z_order="0">
    </points>
    <points frame="153" outside="0" occluded="0" keyframe="0" points="481.98,636.72" z_order="0">
    </points>
    <points frame="154" outside="0" occluded="0" keyframe="0" points="482.59,636.56" z_order="0">
    </points>
    <points frame="155" outside="0" occluded="0" keyframe="1" points="483.20,636.40" z_order="0">
    </points>
    <points frame="156" outside="0" occluded="0" keyframe="0" points="482.41,636.00" z_order="0">
    </points>
    <points frame="157" outside="0" occluded="0" keyframe="0" points="481.62,635.60" z_order="0">
    </points>
    <points frame="158" outside="0" occluded="0" keyframe="0" points="480.83,635.20" z_order="0">
    </points>
    <points frame="159" outside="0" occluded="0" keyframe="0" points="480.04,634.80" z_order="0">
    </points>
    <points frame="160" outside="0" occluded="0" keyframe="0" points="479.25,634.40" z_order="0">
    </points>
    <points frame="161" outside="0" occluded="0" keyframe="0" points="478.46,634.00" z_order="0">
    </points>
    <points frame="162" outside="0" occluded="0" keyframe="0" points="477.67,633.60" z_order="0">
    </points>
    <points frame="163" outside="0" occluded="0" keyframe="0" points="476.88,633.20" z_order="0">
    </points>
    <points frame="164" outside="0" occluded="0" keyframe="0" points="476.09,632.80" z_order="0">
    </points>
    <points frame="165" outside="0" occluded="0" keyframe="1" points="475.30,632.40" z_order="0">
    </points>
    <points frame="166" outside="0" occluded="0" keyframe="0" points="475.14,632.40" z_order="0">
    </points>
    <points frame="167" outside="0" occluded="0" keyframe="0" points="474.98,632.40" z_order="0">
    </points>
    <points frame="168" outside="0" occluded="0" keyframe="0" points="474.83,632.40" z_order="0">
    </points>
    <points frame="169" outside="0" occluded="0" keyframe="0" points="474.67,632.40" z_order="0">
    </points>
    <points frame="170" outside="0" occluded="0" keyframe="0" points="474.51,632.40" z_order="0">
    </points>
    <points frame="171" outside="0" occluded="0" keyframe="0" points="474.35,632.40" z_order="0">
    </points>
    <points frame="172" outside="0" occluded="0" keyframe="0" points="474.19,632.40" z_order="0">
    </points>
    <points frame="173" outside="0" occluded="0" keyframe="0" points="474.04,632.40" z_order="0">
    </points>
    <points frame="174" outside="0" occluded="0" keyframe="0" points="473.88,632.40" z_order="0">
    </points>
    <points frame="175" outside="0" occluded="0" keyframe="0" points="473.72,632.40" z_order="0">
    </points>
    <points frame="176" outside="0" occluded="0" keyframe="0" points="473.56,632.40" z_order="0">
    </points>
    <points frame="177" outside="0" occluded="0" keyframe="0" points="473.40,632.40" z_order="0">
    </points>
    <points frame="178" outside="0" occluded="0" keyframe="0" points="473.25,632.40" z_order="0">
    </points>
    <points frame="179" outside="0" occluded="0" keyframe="0" points="473.09,632.40" z_order="0">
    </points>
    <points frame="180" outside="0" occluded="0" keyframe="0" points="472.93,632.40" z_order="0">
    </points>
    <points frame="181" outside="0" occluded="0" keyframe="0" points="472.77,632.40" z_order="0">
    </points>
    <points frame="182" outside="0" occluded="0" keyframe="0" points="472.61,632.40" z_order="0">
    </points>
    <points frame="183" outside="0" occluded="0" keyframe="0" points="472.46,632.40" z_order="0">
    </points>
    <points frame="184" outside="0" occluded="0" keyframe="0" points="472.30,632.40" z_order="0">
    </points>
    <points frame="185" outside="0" occluded="0" keyframe="0" points="472.14,632.40" z_order="0">
    </points>
    <points frame="186" outside="0" occluded="0" keyframe="0" points="471.98,632.40" z_order="0">
    </points>
    <points frame="187" outside="0" occluded="0" keyframe="0" points="471.82,632.40" z_order="0">
    </points>
    <points frame="188" outside="0" occluded="0" keyframe="0" points="471.67,632.40" z_order="0">
    </points>
    <points frame="189" outside="0" occluded="0" keyframe="0" points="471.51,632.40" z_order="0">
    </points>
    <points frame="190" outside="0" occluded="0" keyframe="0" points="471.35,632.40" z_order="0">
    </points>
    <points frame="191" outside="0" occluded="0" keyframe="0" points="471.19,632.40" z_order="0">
    </points>
    <points frame="192" outside="0" occluded="0" keyframe="0" points="471.03,632.40" z_order="0">
    </points>
    <points frame="193" outside="0" occluded="0" keyframe="0" points="470.88,632.40" z_order="0">
    </points>
    <points frame="194" outside="0" occluded="0" keyframe="0" points="470.72,632.40" z_order="0">
    </points>
    <points frame="195" outside="0" occluded="0" keyframe="0" points="470.56,632.40" z_order="0">
    </points>
    <points frame="196" outside="0" occluded="0" keyframe="0" points="470.40,632.40" z_order="0">
    </points>
    <points frame="197" outside="0" occluded="0" keyframe="0" points="470.24,632.40" z_order="0">
    </points>
    <points frame="198" outside="0" occluded="0" keyframe="0" points="470.09,632.40" z_order="0">
    </points>
    <points frame="199" outside="0" occluded="0" keyframe="0" points="469.93,632.40" z_order="0">
    </points>
    <points frame="200" outside="0" occluded="0" keyframe="0" points="469.77,632.40" z_order="0">
    </points>
    <points frame="201" outside="0" occluded="0" keyframe="0" points="469.61,632.40" z_order="0">
    </points>
    <points frame="202" outside="0" occluded="0" keyframe="0" points="469.45,632.40" z_order="0">
    </points>
    <points frame="203" outside="0" occluded="0" keyframe="0" points="469.30,632.40" z_order="0">
    </points>
    <points frame="204" outside="0" occluded="0" keyframe="0" points="469.14,632.40" z_order="0">
    </points>
    <points frame="205" outside="0" occluded="0" keyframe="0" points="468.98,632.40" z_order="0">
    </points>
    <points frame="206" outside="0" occluded="0" keyframe="0" points="468.82,632.40" z_order="0">
    </points>
    <points frame="207" outside="0" occluded="0" keyframe="0" points="468.66,632.40" z_order="0">
    </points>
    <points frame="208" outside="0" occluded="0" keyframe="0" points="468.51,632.40" z_order="0">
    </points>
    <points frame="209" outside="0" occluded="0" keyframe="0" points="468.35,632.40" z_order="0">
    </points>
    <points frame="210" outside="0" occluded="0" keyframe="0" points="468.19,632.40" z_order="0">
    </points>
    <points frame="211" outside="0" occluded="0" keyframe="0" points="468.03,632.40" z_order="0">
    </points>
    <points frame="212" outside="0" occluded="0" keyframe="0" points="467.87,632.40" z_order="0">
    </points>
    <points frame="213" outside="0" occluded="0" keyframe="0" points="467.72,632.40" z_order="0">
    </points>
    <points frame="214" outside="0" occluded="0" keyframe="0" points="467.56,632.40" z_order="0">
    </points>
    <points frame="215" outside="0" occluded="0" keyframe="1" points="467.40,632.40" z_order="0">
    </points>
    <points frame="216" outside="0" occluded="0" keyframe="0" points="466.94,631.28" z_order="0">
    </points>
    <points frame="217" outside="0" occluded="0" keyframe="0" points="466.48,630.16" z_order="0">
    </points>
    <points frame="218" outside="0" occluded="0" keyframe="0" points="466.02,629.04" z_order="0">
    </points>
    <points frame="219" outside="0" occluded="0" keyframe="0" points="465.56,627.92" z_order="0">
    </points>
    <points frame="220" outside="0" occluded="0" keyframe="0" points="465.10,626.80" z_order="0">
    </points>
    <points frame="221" outside="0" occluded="0" keyframe="0" points="464.64,625.68" z_order="0">
    </points>
    <points frame="222" outside="0" occluded="0" keyframe="0" points="464.18,624.56" z_order="0">
    </points>
    <points frame="223" outside="0" occluded="0" keyframe="0" points="463.72,623.44" z_order="0">
    </points>
    <points frame="224" outside="0" occluded="0" keyframe="0" points="463.26,622.32" z_order="0">
    </points>
    <points frame="225" outside="0" occluded="0" keyframe="0" points="462.80,621.20" z_order="0">
    </points>
    <points frame="226" outside="0" occluded="0" keyframe="0" points="462.34,620.08" z_order="0">
    </points>
    <points frame="227" outside="0" occluded="0" keyframe="0" points="461.88,618.96" z_order="0">
    </points>
    <points frame="228" outside="0" occluded="0" keyframe="0" points="461.42,617.84" z_order="0">
    </points>
    <points frame="229" outside="0" occluded="0" keyframe="0" points="460.96,616.72" z_order="0">
    </points>
    <points frame="230" outside="0" occluded="0" keyframe="0" points="460.50,615.60" z_order="0">
    </points>
    <points frame="231" outside="0" occluded="0" keyframe="0" points="460.04,614.48" z_order="0">
    </points>
    <points frame="232" outside="0" occluded="0" keyframe="0" points="459.58,613.36" z_order="0">
    </points>
    <points frame="233" outside="0" occluded="0" keyframe="0" points="459.12,612.24" z_order="0">
    </points>
    <points frame="234" outside="0" occluded="0" keyframe="0" points="458.66,611.12" z_order="0">
    </points>
    <points frame="235" outside="0" occluded="0" keyframe="1" points="458.20,610.00" z_order="0">
    </points>
    <points frame="236" outside="0" occluded="0" keyframe="0" points="457.71,610.45" z_order="0">
    </points>
    <points frame="237" outside="0" occluded="0" keyframe="0" points="457.23,610.90" z_order="0">
    </points>
    <points frame="238" outside="0" occluded="0" keyframe="0" points="456.74,611.35" z_order="0">
    </points>
    <points frame="239" outside="0" occluded="0" keyframe="0" points="456.25,611.80" z_order="0">
    </points>
    <points frame="240" outside="0" occluded="0" keyframe="0" points="455.76,612.25" z_order="0">
    </points>
    <points frame="241" outside="0" occluded="0" keyframe="0" points="455.28,612.70" z_order="0">
    </points>
    <points frame="242" outside="0" occluded="0" keyframe="0" points="454.79,613.15" z_order="0">
    </points>
    <points frame="243" outside="0" occluded="0" keyframe="0" points="454.30,613.60" z_order="0">
    </points>
    <points frame="244" outside="0" occluded="0" keyframe="0" points="453.81,614.05" z_order="0">
    </points>
    <points frame="245" outside="0" occluded="0" keyframe="0" points="453.33,614.50" z_order="0">
    </points>
    <points frame="246" outside="0" occluded="0" keyframe="0" points="452.84,614.95" z_order="0">
    </points>
    <points frame="247" outside="0" occluded="0" keyframe="0" points="452.35,615.40" z_order="0">
    </points>
    <points frame="248" outside="0" occluded="0" keyframe="0" points="451.86,615.85" z_order="0">
    </points>
    <points frame="249" outside="0" occluded="0" keyframe="0" points="451.38,616.30" z_order="0">
    </points>
    <points frame="250" outside="0" occluded="0" keyframe="0" points="450.89,616.75" z_order="0">
    </points>
    <points frame="251" outside="0" occluded="0" keyframe="1" points="450.40,617.20" z_order="0">
    </points>
    <points frame="252" outside="0" occluded="0" keyframe="0" points="451.44,617.59" z_order="0">
    </points>
    <points frame="253" outside="0" occluded="0" keyframe="0" points="452.48,617.98" z_order="0">
    </points>
    <points frame="254" outside="0" occluded="0" keyframe="0" points="453.52,618.37" z_order="0">
    </points>
    <points frame="255" outside="0" occluded="0" keyframe="0" points="454.56,618.76" z_order="0">
    </points>
    <points frame="256" outside="0" occluded="0" keyframe="0" points="455.60,619.15" z_order="0">
    </points>
    <points frame="257" outside="0" occluded="0" keyframe="0" points="456.64,619.54" z_order="0">
    </points>
    <points frame="258" outside="0" occluded="0" keyframe="0" points="457.68,619.93" z_order="0">
    </points>
    <points frame="259" outside="0" occluded="0" keyframe="0" points="458.72,620.32" z_order="0">
    </points>
    <points frame="260" outside="0" occluded="0" keyframe="0" points="459.76,620.71" z_order="0">
    </points>
    <points frame="261" outside="0" occluded="0" keyframe="1" points="460.80,621.10" z_order="0">
    </points>
    <points frame="262" outside="0" occluded="0" keyframe="0" points="467.10,619.15" z_order="0">
    </points>
    <points frame="263" outside="0" occluded="0" keyframe="0" points="473.40,617.20" z_order="0">
    </points>
    <points frame="264" outside="0" occluded="0" keyframe="0" points="479.70,615.25" z_order="0">
    </points>
    <points frame="265" outside="0" occluded="0" keyframe="0" points="486.00,613.30" z_order="0">
    </points>
    <points frame="266" outside="0" occluded="0" keyframe="0" points="492.30,611.35" z_order="0">
    </points>
    <points frame="267" outside="0" occluded="0" keyframe="1" points="498.60,609.40" z_order="0">
    </points>
    <points frame="268" outside="0" occluded="0" keyframe="0" points="494.45,610.20" z_order="0">
    </points>
    <points frame="269" outside="0" occluded="0" keyframe="0" points="490.30,611.00" z_order="0">
    </points>
    <points frame="270" outside="0" occluded="0" keyframe="0" points="486.15,611.80" z_order="0">
    </points>
    <points frame="271" outside="0" occluded="0" keyframe="1" points="482.00,612.60" z_order="0">
    </points>
  </track>
</annotations>
