<?xml version="1.0" encoding="utf-8"?>
<annotations>
  <version>1.1</version>
  <meta>
    <task>
      <id>96</id>
      <name>D07_5ML-L0-2</name>
      <size>569</size>
      <mode>interpolation</mode>
      <overlap>5</overlap>
      <bugtracker></bugtracker>
      <created>2021-11-20 02:50:38.952681+00:00</created>
      <updated>2021-11-20 02:59:26.898733+00:00</updated>
      <subset>default</subset>
      <start_frame>0</start_frame>
      <stop_frame>568</stop_frame>
      <frame_filter></frame_filter>
      <segments>
        <segment>
          <id>95</id>
          <start>0</start>
          <stop>568</stop>
          <url>http://localhost:8080/?id=95</url>
        </segment>
      </segments>
      <owner>
        <username>hubertachan</username>
        <email>hubertachan@gmail.com</email>
      </owner>
      <assignee></assignee>
      <labels>
        <label>
          <name>HB</name>
          <color>#3b0c73</color>
          <attributes>
          </attributes>
        </label>
      </labels>
      <original_size>
        <width>1068</width>
        <height>800</height>
      </original_size>
    </task>
    <dumped>2021-11-20 02:59:29.948301+00:00</dumped>
    <source>D07_5ML-L0-2.avi</source>
  </meta>
  <track id="0" label="HB" source="manual">
    <points frame="410" outside="0" occluded="0" keyframe="1" points="705.88,573.86" z_order="0">
    </points>
    <points frame="411" outside="0" occluded="0" keyframe="0" points="706.80,574.13" z_order="0">
    </points>
    <points frame="412" outside="0" occluded="0" keyframe="0" points="707.72,574.39" z_order="0">
    </points>
    <points frame="413" outside="0" occluded="0" keyframe="0" points="708.64,574.65" z_order="0">
    </points>
    <points frame="414" outside="0" occluded="0" keyframe="0" points="709.57,574.92" z_order="0">
    </points>
    <points frame="415" outside="0" occluded="0" keyframe="0" points="710.49,575.18" z_order="0">
    </points>
    <points frame="416" outside="0" occluded="0" keyframe="0" points="711.41,575.44" z_order="0">
    </points>
    <points frame="417" outside="0" occluded="0" keyframe="0" points="712.33,575.71" z_order="0">
    </points>
    <points frame="418" outside="0" occluded="0" keyframe="0" points="713.26,575.97" z_order="0">
    </points>
    <points frame="419" outside="0" occluded="0" keyframe="0" points="714.18,576.24" z_order="0">
    </points>
    <points frame="420" outside="0" occluded="0" keyframe="1" points="715.10,576.50" z_order="0">
    </points>
    <points frame="421" outside="0" occluded="0" keyframe="0" points="714.57,576.37" z_order="0">
    </points>
    <points frame="422" outside="0" occluded="0" keyframe="0" points="714.04,576.24" z_order="0">
    </points>
    <points frame="423" outside="0" occluded="0" keyframe="0" points="713.51,576.11" z_order="0">
    </points>
    <points frame="424" outside="0" occluded="0" keyframe="0" points="712.98,575.98" z_order="0">
    </points>
    <points frame="425" outside="0" occluded="0" keyframe="0" points="712.45,575.85" z_order="0">
    </points>
    <points frame="426" outside="0" occluded="0" keyframe="0" points="711.92,575.72" z_order="0">
    </points>
    <points frame="427" outside="0" occluded="0" keyframe="0" points="711.39,575.59" z_order="0">
    </points>
    <points frame="428" outside="0" occluded="0" keyframe="0" points="710.86,575.46" z_order="0">
    </points>
    <points frame="429" outside="0" occluded="0" keyframe="0" points="710.33,575.33" z_order="0">
    </points>
    <points frame="430" outside="0" occluded="0" keyframe="1" points="709.80,575.20" z_order="0">
    </points>
    <points frame="431" outside="0" occluded="0" keyframe="0" points="709.18,575.07" z_order="0">
    </points>
    <points frame="432" outside="0" occluded="0" keyframe="0" points="708.57,574.93" z_order="0">
    </points>
    <points frame="433" outside="0" occluded="0" keyframe="0" points="707.95,574.80" z_order="0">
    </points>
    <points frame="434" outside="0" occluded="0" keyframe="0" points="707.33,574.67" z_order="0">
    </points>
    <points frame="435" outside="0" occluded="0" keyframe="0" points="706.72,574.53" z_order="0">
    </points>
    <points frame="436" outside="0" occluded="0" keyframe="0" points="706.10,574.40" z_order="0">
    </points>
    <points frame="437" outside="0" occluded="0" keyframe="0" points="705.48,574.27" z_order="0">
    </points>
    <points frame="438" outside="0" occluded="0" keyframe="0" points="704.87,574.13" z_order="0">
    </points>
    <points frame="439" outside="0" occluded="0" keyframe="0" points="704.25,574.00" z_order="0">
    </points>
    <points frame="440" outside="0" occluded="0" keyframe="0" points="703.63,573.87" z_order="0">
    </points>
    <points frame="441" outside="0" occluded="0" keyframe="0" points="703.02,573.73" z_order="0">
    </points>
    <points frame="442" outside="0" occluded="0" keyframe="0" points="702.40,573.60" z_order="0">
    </points>
    <points frame="443" outside="0" occluded="0" keyframe="0" points="701.78,573.47" z_order="0">
    </points>
    <points frame="444" outside="0" occluded="0" keyframe="0" points="701.17,573.33" z_order="0">
    </points>
    <points frame="445" outside="0" occluded="0" keyframe="0" points="700.55,573.20" z_order="0">
    </points>
    <points frame="446" outside="0" occluded="0" keyframe="0" points="699.93,573.07" z_order="0">
    </points>
    <points frame="447" outside="0" occluded="0" keyframe="0" points="699.32,572.93" z_order="0">
    </points>
    <points frame="448" outside="0" occluded="0" keyframe="0" points="698.70,572.80" z_order="0">
    </points>
    <points frame="449" outside="0" occluded="0" keyframe="0" points="698.08,572.67" z_order="0">
    </points>
    <points frame="450" outside="0" occluded="0" keyframe="0" points="697.47,572.53" z_order="0">
    </points>
    <points frame="451" outside="0" occluded="0" keyframe="0" points="696.85,572.40" z_order="0">
    </points>
    <points frame="452" outside="0" occluded="0" keyframe="0" points="696.23,572.27" z_order="0">
    </points>
    <points frame="453" outside="0" occluded="0" keyframe="0" points="695.62,572.13" z_order="0">
    </points>
    <points frame="454" outside="0" occluded="0" keyframe="0" points="695.00,572.00" z_order="0">
    </points>
    <points frame="455" outside="0" occluded="0" keyframe="0" points="694.38,571.87" z_order="0">
    </points>
    <points frame="456" outside="0" occluded="0" keyframe="0" points="693.77,571.73" z_order="0">
    </points>
    <points frame="457" outside="0" occluded="0" keyframe="0" points="693.15,571.60" z_order="0">
    </points>
    <points frame="458" outside="0" occluded="0" keyframe="0" points="692.53,571.47" z_order="0">
    </points>
    <points frame="459" outside="0" occluded="0" keyframe="0" points="691.92,571.33" z_order="0">
    </points>
    <points frame="460" outside="0" occluded="0" keyframe="1" points="691.30,571.20" z_order="0">
    </points>
    <points frame="461" outside="0" occluded="0" keyframe="0" points="677.38,568.10" z_order="0">
    </points>
    <points frame="462" outside="0" occluded="0" keyframe="0" points="663.45,565.00" z_order="0">
    </points>
    <points frame="463" outside="0" occluded="0" keyframe="0" points="649.53,561.90" z_order="0">
    </points>
    <points frame="464" outside="0" occluded="0" keyframe="1" points="635.60,558.80" z_order="0">
    </points>
    <points frame="465" outside="0" occluded="0" keyframe="0" points="642.02,560.65" z_order="0">
    </points>
    <points frame="466" outside="0" occluded="0" keyframe="0" points="648.43,562.50" z_order="0">
    </points>
    <points frame="467" outside="0" occluded="0" keyframe="0" points="654.85,564.35" z_order="0">
    </points>
    <points frame="468" outside="0" occluded="0" keyframe="0" points="661.27,566.20" z_order="0">
    </points>
    <points frame="469" outside="0" occluded="0" keyframe="0" points="667.68,568.05" z_order="0">
    </points>
    <points frame="470" outside="0" occluded="0" keyframe="1" points="674.10,569.90" z_order="0">
    </points>
    <points frame="471" outside="0" occluded="0" keyframe="0" points="675.95,570.30" z_order="0">
    </points>
    <points frame="472" outside="0" occluded="0" keyframe="0" points="677.80,570.70" z_order="0">
    </points>
    <points frame="473" outside="0" occluded="0" keyframe="0" points="679.65,571.10" z_order="0">
    </points>
    <points frame="474" outside="0" occluded="0" keyframe="0" points="681.50,571.50" z_order="0">
    </points>
    <points frame="475" outside="0" occluded="0" keyframe="0" points="683.35,571.90" z_order="0">
    </points>
    <points frame="476" outside="0" occluded="0" keyframe="0" points="685.20,572.30" z_order="0">
    </points>
    <points frame="477" outside="0" occluded="0" keyframe="0" points="687.05,572.70" z_order="0">
    </points>
    <points frame="478" outside="0" occluded="0" keyframe="0" points="688.90,573.10" z_order="0">
    </points>
    <points frame="479" outside="0" occluded="0" keyframe="0" points="690.75,573.50" z_order="0">
    </points>
    <points frame="480" outside="0" occluded="0" keyframe="1" points="692.60,573.90" z_order="0">
    </points>
    <points frame="481" outside="0" occluded="0" keyframe="0" points="688.15,573.27" z_order="0">
    </points>
    <points frame="482" outside="0" occluded="0" keyframe="0" points="683.70,572.65" z_order="0">
    </points>
    <points frame="483" outside="0" occluded="0" keyframe="0" points="679.25,572.02" z_order="0">
    </points>
    <points frame="484" outside="0" occluded="0" keyframe="0" points="674.80,571.40" z_order="0">
    </points>
    <points frame="485" outside="0" occluded="0" keyframe="0" points="670.35,570.77" z_order="0">
    </points>
    <points frame="486" outside="0" occluded="0" keyframe="0" points="665.90,570.15" z_order="0">
    </points>
    <points frame="487" outside="0" occluded="0" keyframe="0" points="661.45,569.52" z_order="0">
    </points>
    <points frame="488" outside="0" occluded="0" keyframe="1" points="657.00,568.90" z_order="0">
    </points>
    <points frame="489" outside="0" occluded="0" keyframe="0" points="661.60,570.75" z_order="0">
    </points>
    <points frame="490" outside="0" occluded="0" keyframe="1" points="666.20,572.60" z_order="0">
    </points>
    <points frame="491" outside="0" occluded="0" keyframe="0" points="672.35,574.05" z_order="0">
    </points>
    <points frame="492" outside="0" occluded="0" keyframe="0" points="678.50,575.50" z_order="0">
    </points>
    <points frame="493" outside="0" occluded="0" keyframe="0" points="684.65,576.95" z_order="0">
    </points>
    <points frame="494" outside="0" occluded="0" keyframe="1" points="690.80,578.40" z_order="0">
    </points>
    <points frame="495" outside="0" occluded="0" keyframe="0" points="689.78,577.65" z_order="0">
    </points>
    <points frame="496" outside="0" occluded="0" keyframe="0" points="688.77,576.90" z_order="0">
    </points>
    <points frame="497" outside="0" occluded="0" keyframe="0" points="687.75,576.15" z_order="0">
    </points>
    <points frame="498" outside="0" occluded="0" keyframe="0" points="686.73,575.40" z_order="0">
    </points>
    <points frame="499" outside="0" occluded="0" keyframe="0" points="685.72,574.65" z_order="0">
    </points>
    <points frame="500" outside="0" occluded="0" keyframe="1" points="684.70,573.90" z_order="0">
    </points>
    <points frame="501" outside="0" occluded="0" keyframe="0" points="686.42,574.03" z_order="0">
    </points>
    <points frame="502" outside="0" occluded="0" keyframe="0" points="688.14,574.16" z_order="0">
    </points>
    <points frame="503" outside="0" occluded="0" keyframe="0" points="689.86,574.29" z_order="0">
    </points>
    <points frame="504" outside="0" occluded="0" keyframe="0" points="691.58,574.42" z_order="0">
    </points>
    <points frame="505" outside="0" occluded="0" keyframe="0" points="693.30,574.55" z_order="0">
    </points>
    <points frame="506" outside="0" occluded="0" keyframe="0" points="695.02,574.68" z_order="0">
    </points>
    <points frame="507" outside="0" occluded="0" keyframe="0" points="696.74,574.81" z_order="0">
    </points>
    <points frame="508" outside="0" occluded="0" keyframe="0" points="698.46,574.94" z_order="0">
    </points>
    <points frame="509" outside="0" occluded="0" keyframe="0" points="700.18,575.07" z_order="0">
    </points>
    <points frame="510" outside="0" occluded="0" keyframe="1" points="701.90,575.20" z_order="0">
    </points>
    <points frame="511" outside="0" occluded="0" keyframe="0" points="703.02,575.60" z_order="0">
    </points>
    <points frame="512" outside="0" occluded="0" keyframe="0" points="704.14,576.00" z_order="0">
    </points>
    <points frame="513" outside="0" occluded="0" keyframe="0" points="705.26,576.40" z_order="0">
    </points>
    <points frame="514" outside="0" occluded="0" keyframe="0" points="706.38,576.80" z_order="0">
    </points>
    <points frame="515" outside="0" occluded="0" keyframe="0" points="707.50,577.20" z_order="0">
    </points>
    <points frame="516" outside="0" occluded="0" keyframe="0" points="708.62,577.60" z_order="0">
    </points>
    <points frame="517" outside="0" occluded="0" keyframe="0" points="709.74,578.00" z_order="0">
    </points>
    <points frame="518" outside="0" occluded="0" keyframe="0" points="710.86,578.40" z_order="0">
    </points>
    <points frame="519" outside="0" occluded="0" keyframe="0" points="711.98,578.80" z_order="0">
    </points>
    <points frame="520" outside="0" occluded="0" keyframe="1" points="713.10,579.20" z_order="0">
    </points>
    <points frame="521" outside="0" occluded="0" keyframe="0" points="708.98,577.22" z_order="0">
    </points>
    <points frame="522" outside="0" occluded="0" keyframe="0" points="704.87,575.23" z_order="0">
    </points>
    <points frame="523" outside="0" occluded="0" keyframe="0" points="700.75,573.25" z_order="0">
    </points>
    <points frame="524" outside="0" occluded="0" keyframe="0" points="696.63,571.27" z_order="0">
    </points>
    <points frame="525" outside="0" occluded="0" keyframe="0" points="692.52,569.28" z_order="0">
    </points>
    <points frame="526" outside="0" occluded="0" keyframe="1" points="688.40,567.30" z_order="0">
    </points>
    <points frame="527" outside="0" occluded="0" keyframe="0" points="688.15,568.63" z_order="0">
    </points>
    <points frame="528" outside="0" occluded="0" keyframe="0" points="687.90,569.95" z_order="0">
    </points>
    <points frame="529" outside="0" occluded="0" keyframe="0" points="687.65,571.28" z_order="0">
    </points>
    <points frame="530" outside="0" occluded="0" keyframe="1" points="687.40,572.60" z_order="0">
    </points>
    <points frame="531" outside="0" occluded="0" keyframe="0" points="683.96,571.28" z_order="0">
    </points>
    <points frame="532" outside="0" occluded="0" keyframe="0" points="680.52,569.96" z_order="0">
    </points>
    <points frame="533" outside="0" occluded="0" keyframe="0" points="677.08,568.64" z_order="0">
    </points>
    <points frame="534" outside="0" occluded="0" keyframe="0" points="673.64,567.32" z_order="0">
    </points>
    <points frame="535" outside="0" occluded="0" keyframe="1" points="670.20,566.00" z_order="0">
    </points>
    <points frame="536" outside="0" occluded="0" keyframe="0" points="673.64,567.32" z_order="0">
    </points>
    <points frame="537" outside="0" occluded="0" keyframe="0" points="677.08,568.64" z_order="0">
    </points>
    <points frame="538" outside="0" occluded="0" keyframe="0" points="680.52,569.96" z_order="0">
    </points>
    <points frame="539" outside="0" occluded="0" keyframe="0" points="683.96,571.28" z_order="0">
    </points>
    <points frame="540" outside="0" occluded="0" keyframe="1" points="687.40,572.60" z_order="0">
    </points>
    <points frame="541" outside="0" occluded="0" keyframe="0" points="695.23,573.67" z_order="0">
    </points>
    <points frame="542" outside="0" occluded="0" keyframe="0" points="703.07,574.73" z_order="0">
    </points>
    <points frame="543" outside="0" occluded="0" keyframe="1" points="710.90,575.80" z_order="0">
    </points>
    <points frame="544" outside="0" occluded="0" keyframe="0" points="704.90,574.97" z_order="0">
    </points>
    <points frame="545" outside="0" occluded="0" keyframe="0" points="698.90,574.14" z_order="0">
    </points>
    <points frame="546" outside="0" occluded="0" keyframe="0" points="692.90,573.31" z_order="0">
    </points>
    <points frame="547" outside="0" occluded="0" keyframe="0" points="686.90,572.49" z_order="0">
    </points>
    <points frame="548" outside="0" occluded="0" keyframe="0" points="680.90,571.66" z_order="0">
    </points>
    <points frame="549" outside="0" occluded="0" keyframe="0" points="674.90,570.83" z_order="0">
    </points>
    <points frame="550" outside="0" occluded="0" keyframe="1" points="668.90,570.00" z_order="0">
    </points>
    <points frame="551" outside="0" occluded="0" keyframe="0" points="669.63,570.14" z_order="0">
    </points>
    <points frame="552" outside="0" occluded="0" keyframe="0" points="670.37,570.29" z_order="0">
    </points>
    <points frame="553" outside="0" occluded="0" keyframe="0" points="671.10,570.43" z_order="0">
    </points>
    <points frame="554" outside="0" occluded="0" keyframe="0" points="671.83,570.58" z_order="0">
    </points>
    <points frame="555" outside="0" occluded="0" keyframe="0" points="672.57,570.72" z_order="0">
    </points>
    <points frame="556" outside="0" occluded="0" keyframe="0" points="673.30,570.87" z_order="0">
    </points>
    <points frame="557" outside="0" occluded="0" keyframe="0" points="674.03,571.01" z_order="0">
    </points>
    <points frame="558" outside="0" occluded="0" keyframe="0" points="674.77,571.16" z_order="0">
    </points>
    <points frame="559" outside="0" occluded="0" keyframe="0" points="675.50,571.30" z_order="0">
    </points>
    <points frame="560" outside="0" occluded="0" keyframe="0" points="676.23,571.44" z_order="0">
    </points>
    <points frame="561" outside="0" occluded="0" keyframe="0" points="676.97,571.59" z_order="0">
    </points>
    <points frame="562" outside="0" occluded="0" keyframe="0" points="677.70,571.73" z_order="0">
    </points>
    <points frame="563" outside="0" occluded="0" keyframe="0" points="678.43,571.88" z_order="0">
    </points>
    <points frame="564" outside="0" occluded="0" keyframe="0" points="679.17,572.02" z_order="0">
    </points>
    <points frame="565" outside="0" occluded="0" keyframe="0" points="679.90,572.17" z_order="0">
    </points>
    <points frame="566" outside="0" occluded="0" keyframe="0" points="680.63,572.31" z_order="0">
    </points>
    <points frame="567" outside="0" occluded="0" keyframe="0" points="681.37,572.46" z_order="0">
    </points>
    <points frame="568" outside="0" occluded="0" keyframe="1" points="682.10,572.60" z_order="0">
    </points>
  </track>
</annotations>
