<?xml version="1.0" encoding="utf-8"?>
<annotations>
  <version>1.1</version>
  <meta>
    <task>
      <id>115</id>
      <name>D01_5ML-L0-4</name>
      <size>504</size>
      <mode>interpolation</mode>
      <overlap>5</overlap>
      <bugtracker></bugtracker>
      <created>2021-11-20 03:47:43.485806+00:00</created>
      <updated>2021-11-20 05:08:05.704788+00:00</updated>
      <subset>default</subset>
      <start_frame>0</start_frame>
      <stop_frame>503</stop_frame>
      <frame_filter></frame_filter>
      <segments>
        <segment>
          <id>114</id>
          <start>0</start>
          <stop>503</stop>
          <url>http://localhost:8080/?id=114</url>
        </segment>
      </segments>
      <owner>
        <username>hubertachan</username>
        <email>hubertachan@gmail.com</email>
      </owner>
      <assignee></assignee>
      <labels>
        <label>
          <name>HB</name>
          <color>#3b0c73</color>
          <attributes>
          </attributes>
        </label>
      </labels>
      <original_size>
        <width>1068</width>
        <height>800</height>
      </original_size>
    </task>
    <dumped>2021-11-20 05:08:06.498796+00:00</dumped>
    <source>D01_5ML-L0-4.avi</source>
  </meta>
  <track id="0" label="HB" source="manual">
    <points frame="180" outside="0" occluded="0" keyframe="1" points="724.79,580.89" z_order="0">
    </points>
    <points frame="181" outside="0" occluded="0" keyframe="1" points="710.80,579.40" z_order="0">
    </points>
    <points frame="182" outside="0" occluded="0" keyframe="1" points="703.40,579.40" z_order="0">
    </points>
    <points frame="183" outside="0" occluded="0" keyframe="0" points="703.44,579.43" z_order="0">
    </points>
    <points frame="184" outside="0" occluded="0" keyframe="0" points="703.48,579.45" z_order="0">
    </points>
    <points frame="185" outside="0" occluded="0" keyframe="0" points="703.51,579.48" z_order="0">
    </points>
    <points frame="186" outside="0" occluded="0" keyframe="0" points="703.55,579.50" z_order="0">
    </points>
    <points frame="187" outside="0" occluded="0" keyframe="0" points="703.59,579.53" z_order="0">
    </points>
    <points frame="188" outside="0" occluded="0" keyframe="0" points="703.63,579.55" z_order="0">
    </points>
    <points frame="189" outside="0" occluded="0" keyframe="0" points="703.66,579.58" z_order="0">
    </points>
    <points frame="190" outside="0" occluded="0" keyframe="1" points="703.70,579.60" z_order="0">
    </points>
    <points frame="191" outside="0" occluded="0" keyframe="0" points="703.44,579.60" z_order="0">
    </points>
    <points frame="192" outside="0" occluded="0" keyframe="0" points="703.18,579.60" z_order="0">
    </points>
    <points frame="193" outside="0" occluded="0" keyframe="0" points="702.92,579.60" z_order="0">
    </points>
    <points frame="194" outside="0" occluded="0" keyframe="0" points="702.66,579.60" z_order="0">
    </points>
    <points frame="195" outside="0" occluded="0" keyframe="0" points="702.40,579.60" z_order="0">
    </points>
    <points frame="196" outside="0" occluded="0" keyframe="0" points="702.14,579.60" z_order="0">
    </points>
    <points frame="197" outside="0" occluded="0" keyframe="0" points="701.88,579.60" z_order="0">
    </points>
    <points frame="198" outside="0" occluded="0" keyframe="0" points="701.62,579.60" z_order="0">
    </points>
    <points frame="199" outside="0" occluded="0" keyframe="0" points="701.36,579.60" z_order="0">
    </points>
    <points frame="200" outside="0" occluded="0" keyframe="1" points="701.10,579.60" z_order="0">
    </points>
    <points frame="201" outside="0" occluded="0" keyframe="0" points="701.76,579.60" z_order="0">
    </points>
    <points frame="202" outside="0" occluded="0" keyframe="0" points="702.42,579.60" z_order="0">
    </points>
    <points frame="203" outside="0" occluded="0" keyframe="0" points="703.08,579.60" z_order="0">
    </points>
    <points frame="204" outside="0" occluded="0" keyframe="0" points="703.74,579.60" z_order="0">
    </points>
    <points frame="205" outside="0" occluded="0" keyframe="0" points="704.40,579.60" z_order="0">
    </points>
    <points frame="206" outside="0" occluded="0" keyframe="0" points="705.06,579.60" z_order="0">
    </points>
    <points frame="207" outside="0" occluded="0" keyframe="0" points="705.72,579.60" z_order="0">
    </points>
    <points frame="208" outside="0" occluded="0" keyframe="0" points="706.38,579.60" z_order="0">
    </points>
    <points frame="209" outside="0" occluded="0" keyframe="0" points="707.04,579.60" z_order="0">
    </points>
    <points frame="210" outside="0" occluded="0" keyframe="1" points="707.70,579.60" z_order="0">
    </points>
    <points frame="211" outside="0" occluded="0" keyframe="0" points="708.76,579.80" z_order="0">
    </points>
    <points frame="212" outside="0" occluded="0" keyframe="0" points="709.83,580.00" z_order="0">
    </points>
    <points frame="213" outside="0" occluded="0" keyframe="0" points="710.89,580.20" z_order="0">
    </points>
    <points frame="214" outside="0" occluded="0" keyframe="0" points="711.95,580.40" z_order="0">
    </points>
    <points frame="215" outside="0" occluded="0" keyframe="0" points="713.01,580.60" z_order="0">
    </points>
    <points frame="216" outside="0" occluded="0" keyframe="0" points="714.08,580.80" z_order="0">
    </points>
    <points frame="217" outside="0" occluded="0" keyframe="0" points="715.14,581.00" z_order="0">
    </points>
    <points frame="218" outside="0" occluded="0" keyframe="1" points="716.20,581.20" z_order="0">
    </points>
    <points frame="219" outside="0" occluded="0" keyframe="0" points="704.05,579.75" z_order="0">
    </points>
    <points frame="220" outside="0" occluded="0" keyframe="1" points="691.90,578.30" z_order="0">
    </points>
    <points frame="221" outside="0" occluded="0" keyframe="0" points="686.87,576.91" z_order="0">
    </points>
    <points frame="222" outside="0" occluded="0" keyframe="0" points="681.84,575.53" z_order="0">
    </points>
    <points frame="223" outside="0" occluded="0" keyframe="0" points="676.81,574.14" z_order="0">
    </points>
    <points frame="224" outside="0" occluded="0" keyframe="0" points="671.79,572.76" z_order="0">
    </points>
    <points frame="225" outside="0" occluded="0" keyframe="0" points="666.76,571.37" z_order="0">
    </points>
    <points frame="226" outside="0" occluded="0" keyframe="0" points="661.73,569.99" z_order="0">
    </points>
    <points frame="227" outside="0" occluded="0" keyframe="1" points="656.70,568.60" z_order="0">
    </points>
    <points frame="228" outside="0" occluded="0" keyframe="0" points="663.60,570.97" z_order="0">
    </points>
    <points frame="229" outside="0" occluded="0" keyframe="0" points="670.50,573.33" z_order="0">
    </points>
    <points frame="230" outside="0" occluded="0" keyframe="1" points="677.40,575.70" z_order="0">
    </points>
    <points frame="231" outside="0" occluded="0" keyframe="0" points="690.20,578.60" z_order="0">
    </points>
    <points frame="232" outside="0" occluded="0" keyframe="1" points="703.00,581.50" z_order="0">
    </points>
    <points frame="233" outside="0" occluded="0" keyframe="0" points="704.25,581.93" z_order="0">
    </points>
    <points frame="234" outside="0" occluded="0" keyframe="0" points="705.50,582.35" z_order="0">
    </points>
    <points frame="235" outside="0" occluded="0" keyframe="0" points="706.75,582.78" z_order="0">
    </points>
    <points frame="236" outside="0" occluded="0" keyframe="0" points="708.00,583.20" z_order="0">
    </points>
    <points frame="237" outside="0" occluded="0" keyframe="0" points="709.25,583.63" z_order="0">
    </points>
    <points frame="238" outside="0" occluded="0" keyframe="0" points="710.50,584.05" z_order="0">
    </points>
    <points frame="239" outside="0" occluded="0" keyframe="0" points="711.75,584.48" z_order="0">
    </points>
    <points frame="240" outside="0" occluded="0" keyframe="1" points="713.00,584.90" z_order="0">
    </points>
    <points frame="241" outside="0" occluded="0" keyframe="0" points="723.83,584.33" z_order="0">
    </points>
    <points frame="242" outside="0" occluded="0" keyframe="0" points="734.67,583.77" z_order="0">
    </points>
    <points frame="243" outside="0" occluded="0" keyframe="1" points="745.50,583.20" z_order="0">
    </points>
    <points frame="244" outside="0" occluded="0" keyframe="0" points="743.11,583.26" z_order="0">
    </points>
    <points frame="245" outside="0" occluded="0" keyframe="0" points="740.73,583.31" z_order="0">
    </points>
    <points frame="246" outside="0" occluded="0" keyframe="0" points="738.34,583.37" z_order="0">
    </points>
    <points frame="247" outside="0" occluded="0" keyframe="0" points="735.96,583.43" z_order="0">
    </points>
    <points frame="248" outside="0" occluded="0" keyframe="0" points="733.57,583.49" z_order="0">
    </points>
    <points frame="249" outside="0" occluded="0" keyframe="0" points="731.19,583.54" z_order="0">
    </points>
    <points frame="250" outside="0" occluded="0" keyframe="1" points="728.80,583.60" z_order="0">
    </points>
    <points frame="251" outside="0" occluded="0" keyframe="0" points="732.83,585.36" z_order="0">
    </points>
    <points frame="252" outside="0" occluded="0" keyframe="0" points="736.86,587.11" z_order="0">
    </points>
    <points frame="253" outside="0" occluded="0" keyframe="0" points="740.89,588.87" z_order="0">
    </points>
    <points frame="254" outside="0" occluded="0" keyframe="0" points="744.91,590.63" z_order="0">
    </points>
    <points frame="255" outside="0" occluded="0" keyframe="0" points="748.94,592.39" z_order="0">
    </points>
    <points frame="256" outside="0" occluded="0" keyframe="0" points="752.97,594.14" z_order="0">
    </points>
    <points frame="257" outside="0" occluded="0" keyframe="1" points="757.00,595.90" z_order="0">
    </points>
    <points frame="258" outside="0" occluded="0" keyframe="0" points="755.97,595.77" z_order="0">
    </points>
    <points frame="259" outside="0" occluded="0" keyframe="0" points="754.93,595.63" z_order="0">
    </points>
    <points frame="260" outside="0" occluded="0" keyframe="1" points="753.90,595.50" z_order="0">
    </points>
    <points frame="261" outside="0" occluded="0" keyframe="0" points="754.16,595.17" z_order="0">
    </points>
    <points frame="262" outside="0" occluded="0" keyframe="0" points="754.42,594.84" z_order="0">
    </points>
    <points frame="263" outside="0" occluded="0" keyframe="0" points="754.68,594.51" z_order="0">
    </points>
    <points frame="264" outside="0" occluded="0" keyframe="0" points="754.94,594.18" z_order="0">
    </points>
    <points frame="265" outside="0" occluded="0" keyframe="0" points="755.20,593.85" z_order="0">
    </points>
    <points frame="266" outside="0" occluded="0" keyframe="0" points="755.46,593.52" z_order="0">
    </points>
    <points frame="267" outside="0" occluded="0" keyframe="0" points="755.72,593.19" z_order="0">
    </points>
    <points frame="268" outside="0" occluded="0" keyframe="0" points="755.98,592.86" z_order="0">
    </points>
    <points frame="269" outside="0" occluded="0" keyframe="0" points="756.24,592.53" z_order="0">
    </points>
    <points frame="270" outside="0" occluded="0" keyframe="0" points="756.50,592.20" z_order="0">
    </points>
    <points frame="271" outside="0" occluded="0" keyframe="0" points="756.76,591.87" z_order="0">
    </points>
    <points frame="272" outside="0" occluded="0" keyframe="0" points="757.02,591.54" z_order="0">
    </points>
    <points frame="273" outside="0" occluded="0" keyframe="0" points="757.28,591.21" z_order="0">
    </points>
    <points frame="274" outside="0" occluded="0" keyframe="0" points="757.54,590.88" z_order="0">
    </points>
    <points frame="275" outside="0" occluded="0" keyframe="0" points="757.80,590.55" z_order="0">
    </points>
    <points frame="276" outside="0" occluded="0" keyframe="0" points="758.06,590.22" z_order="0">
    </points>
    <points frame="277" outside="0" occluded="0" keyframe="0" points="758.32,589.89" z_order="0">
    </points>
    <points frame="278" outside="0" occluded="0" keyframe="0" points="758.58,589.56" z_order="0">
    </points>
    <points frame="279" outside="0" occluded="0" keyframe="0" points="758.84,589.23" z_order="0">
    </points>
    <points frame="280" outside="0" occluded="0" keyframe="1" points="759.10,588.90" z_order="0">
    </points>
    <points frame="281" outside="0" occluded="0" keyframe="1" points="749.30,586.30" z_order="0">
    </points>
    <points frame="282" outside="0" occluded="0" keyframe="1" points="741.10,585.10" z_order="0">
    </points>
    <points frame="283" outside="0" occluded="0" keyframe="1" points="739.70,585.30" z_order="0">
    </points>
    <points frame="284" outside="0" occluded="0" keyframe="0" points="741.65,585.47" z_order="0">
    </points>
    <points frame="285" outside="0" occluded="0" keyframe="0" points="743.59,585.64" z_order="0">
    </points>
    <points frame="286" outside="0" occluded="0" keyframe="0" points="745.54,585.81" z_order="0">
    </points>
    <points frame="287" outside="0" occluded="0" keyframe="0" points="747.48,585.98" z_order="0">
    </points>
    <points frame="288" outside="0" occluded="0" keyframe="0" points="749.43,586.15" z_order="0">
    </points>
    <points frame="289" outside="0" occluded="0" keyframe="0" points="751.38,586.32" z_order="0">
    </points>
    <points frame="290" outside="0" occluded="0" keyframe="0" points="753.32,586.48" z_order="0">
    </points>
    <points frame="291" outside="0" occluded="0" keyframe="0" points="755.27,586.65" z_order="0">
    </points>
    <points frame="292" outside="0" occluded="0" keyframe="0" points="757.22,586.82" z_order="0">
    </points>
    <points frame="293" outside="0" occluded="0" keyframe="0" points="759.16,586.99" z_order="0">
    </points>
    <points frame="294" outside="0" occluded="0" keyframe="0" points="761.11,587.16" z_order="0">
    </points>
    <points frame="295" outside="0" occluded="0" keyframe="0" points="763.05,587.33" z_order="0">
    </points>
    <points frame="296" outside="0" occluded="0" keyframe="1" points="765.00,587.50" z_order="0">
    </points>
    <points frame="297" outside="0" occluded="0" keyframe="0" points="764.97,587.84" z_order="0">
    </points>
    <points frame="298" outside="0" occluded="0" keyframe="0" points="764.93,588.18" z_order="0">
    </points>
    <points frame="299" outside="0" occluded="0" keyframe="0" points="764.90,588.52" z_order="0">
    </points>
    <points frame="300" outside="0" occluded="0" keyframe="0" points="764.87,588.86" z_order="0">
    </points>
    <points frame="301" outside="0" occluded="0" keyframe="0" points="764.83,589.20" z_order="0">
    </points>
    <points frame="302" outside="0" occluded="0" keyframe="0" points="764.80,589.54" z_order="0">
    </points>
    <points frame="303" outside="0" occluded="0" keyframe="0" points="764.77,589.88" z_order="0">
    </points>
    <points frame="304" outside="0" occluded="0" keyframe="0" points="764.73,590.22" z_order="0">
    </points>
    <points frame="305" outside="0" occluded="0" keyframe="0" points="764.70,590.56" z_order="0">
    </points>
    <points frame="306" outside="0" occluded="0" keyframe="0" points="764.67,590.90" z_order="0">
    </points>
    <points frame="307" outside="0" occluded="0" keyframe="0" points="764.63,591.24" z_order="0">
    </points>
    <points frame="308" outside="0" occluded="0" keyframe="0" points="764.60,591.58" z_order="0">
    </points>
    <points frame="309" outside="0" occluded="0" keyframe="0" points="764.57,591.92" z_order="0">
    </points>
    <points frame="310" outside="0" occluded="0" keyframe="0" points="764.53,592.26" z_order="0">
    </points>
    <points frame="311" outside="0" occluded="0" keyframe="1" points="764.50,592.60" z_order="0">
    </points>
    <points frame="312" outside="0" occluded="0" keyframe="0" points="761.41,592.48" z_order="0">
    </points>
    <points frame="313" outside="0" occluded="0" keyframe="0" points="758.32,592.36" z_order="0">
    </points>
    <points frame="314" outside="0" occluded="0" keyframe="0" points="755.23,592.23" z_order="0">
    </points>
    <points frame="315" outside="0" occluded="0" keyframe="0" points="752.14,592.11" z_order="0">
    </points>
    <points frame="316" outside="0" occluded="0" keyframe="0" points="749.06,591.99" z_order="0">
    </points>
    <points frame="317" outside="0" occluded="0" keyframe="0" points="745.97,591.87" z_order="0">
    </points>
    <points frame="318" outside="0" occluded="0" keyframe="0" points="742.88,591.74" z_order="0">
    </points>
    <points frame="319" outside="0" occluded="0" keyframe="0" points="739.79,591.62" z_order="0">
    </points>
    <points frame="320" outside="0" occluded="0" keyframe="1" points="736.70,591.50" z_order="0">
    </points>
    <points frame="321" outside="0" occluded="0" keyframe="0" points="738.29,590.97" z_order="0">
    </points>
    <points frame="322" outside="0" occluded="0" keyframe="0" points="739.88,590.44" z_order="0">
    </points>
    <points frame="323" outside="0" occluded="0" keyframe="0" points="741.47,589.91" z_order="0">
    </points>
    <points frame="324" outside="0" occluded="0" keyframe="0" points="743.06,589.38" z_order="0">
    </points>
    <points frame="325" outside="0" occluded="0" keyframe="0" points="744.65,588.85" z_order="0">
    </points>
    <points frame="326" outside="0" occluded="0" keyframe="0" points="746.24,588.32" z_order="0">
    </points>
    <points frame="327" outside="0" occluded="0" keyframe="0" points="747.83,587.79" z_order="0">
    </points>
    <points frame="328" outside="0" occluded="0" keyframe="0" points="749.42,587.26" z_order="0">
    </points>
    <points frame="329" outside="0" occluded="0" keyframe="0" points="751.01,586.73" z_order="0">
    </points>
    <points frame="330" outside="0" occluded="0" keyframe="1" points="752.60,586.20" z_order="0">
    </points>
    <points frame="331" outside="0" occluded="0" keyframe="0" points="748.87,585.47" z_order="0">
    </points>
    <points frame="332" outside="0" occluded="0" keyframe="0" points="745.13,584.73" z_order="0">
    </points>
    <points frame="333" outside="0" occluded="0" keyframe="0" points="741.40,584.00" z_order="0">
    </points>
    <points frame="334" outside="0" occluded="0" keyframe="0" points="737.67,583.27" z_order="0">
    </points>
    <points frame="335" outside="0" occluded="0" keyframe="0" points="733.93,582.53" z_order="0">
    </points>
    <points frame="336" outside="0" occluded="0" keyframe="1" points="730.20,581.80" z_order="0">
    </points>
    <points frame="337" outside="0" occluded="0" keyframe="0" points="732.04,581.18" z_order="0">
    </points>
    <points frame="338" outside="0" occluded="0" keyframe="0" points="733.88,580.55" z_order="0">
    </points>
    <points frame="339" outside="0" occluded="0" keyframe="0" points="735.71,579.93" z_order="0">
    </points>
    <points frame="340" outside="0" occluded="0" keyframe="0" points="737.55,579.30" z_order="0">
    </points>
    <points frame="341" outside="0" occluded="0" keyframe="0" points="739.39,578.68" z_order="0">
    </points>
    <points frame="342" outside="0" occluded="0" keyframe="0" points="741.23,578.05" z_order="0">
    </points>
    <points frame="343" outside="0" occluded="0" keyframe="0" points="743.06,577.43" z_order="0">
    </points>
    <points frame="344" outside="0" occluded="0" keyframe="1" points="744.90,576.80" z_order="0">
    </points>
    <points frame="345" outside="0" occluded="0" keyframe="0" points="735.83,573.32" z_order="0">
    </points>
    <points frame="346" outside="0" occluded="0" keyframe="0" points="726.77,569.83" z_order="0">
    </points>
    <points frame="347" outside="0" occluded="0" keyframe="0" points="717.70,566.35" z_order="0">
    </points>
    <points frame="348" outside="0" occluded="0" keyframe="0" points="708.63,562.87" z_order="0">
    </points>
    <points frame="349" outside="0" occluded="0" keyframe="0" points="699.57,559.38" z_order="0">
    </points>
    <points frame="350" outside="0" occluded="0" keyframe="1" points="690.50,555.90" z_order="0">
    </points>
    <points frame="351" outside="0" occluded="0" keyframe="1" points="685.70,558.30" z_order="0">
    </points>
    <points frame="352" outside="0" occluded="0" keyframe="0" points="685.70,560.66" z_order="0">
    </points>
    <points frame="353" outside="0" occluded="0" keyframe="0" points="685.70,563.02" z_order="0">
    </points>
    <points frame="354" outside="0" occluded="0" keyframe="0" points="685.70,565.38" z_order="0">
    </points>
    <points frame="355" outside="0" occluded="0" keyframe="0" points="685.70,567.74" z_order="0">
    </points>
    <points frame="356" outside="0" occluded="0" keyframe="1" points="685.70,570.10" z_order="0">
    </points>
    <points frame="357" outside="0" occluded="0" keyframe="0" points="697.43,574.43" z_order="0">
    </points>
    <points frame="358" outside="0" occluded="0" keyframe="0" points="709.17,578.77" z_order="0">
    </points>
    <points frame="359" outside="0" occluded="0" keyframe="1" points="720.90,583.10" z_order="0">
    </points>
    <points frame="360" outside="0" occluded="0" keyframe="1" points="730.10,587.60" z_order="0">
    </points>
    <points frame="361" outside="0" occluded="0" keyframe="0" points="729.73,587.51" z_order="0">
    </points>
    <points frame="362" outside="0" occluded="0" keyframe="0" points="729.35,587.42" z_order="0">
    </points>
    <points frame="363" outside="0" occluded="0" keyframe="0" points="728.98,587.33" z_order="0">
    </points>
    <points frame="364" outside="0" occluded="0" keyframe="0" points="728.60,587.24" z_order="0">
    </points>
    <points frame="365" outside="0" occluded="0" keyframe="0" points="728.23,587.15" z_order="0">
    </points>
    <points frame="366" outside="0" occluded="0" keyframe="0" points="727.85,587.06" z_order="0">
    </points>
    <points frame="367" outside="0" occluded="0" keyframe="0" points="727.48,586.97" z_order="0">
    </points>
    <points frame="368" outside="0" occluded="0" keyframe="0" points="727.10,586.88" z_order="0">
    </points>
    <points frame="369" outside="0" occluded="0" keyframe="0" points="726.73,586.79" z_order="0">
    </points>
    <points frame="370" outside="0" occluded="0" keyframe="0" points="726.35,586.70" z_order="0">
    </points>
    <points frame="371" outside="0" occluded="0" keyframe="0" points="725.98,586.61" z_order="0">
    </points>
    <points frame="372" outside="0" occluded="0" keyframe="0" points="725.60,586.52" z_order="0">
    </points>
    <points frame="373" outside="0" occluded="0" keyframe="0" points="725.23,586.43" z_order="0">
    </points>
    <points frame="374" outside="0" occluded="0" keyframe="0" points="724.85,586.34" z_order="0">
    </points>
    <points frame="375" outside="0" occluded="0" keyframe="0" points="724.48,586.25" z_order="0">
    </points>
    <points frame="376" outside="0" occluded="0" keyframe="0" points="724.10,586.16" z_order="0">
    </points>
    <points frame="377" outside="0" occluded="0" keyframe="0" points="723.73,586.07" z_order="0">
    </points>
    <points frame="378" outside="0" occluded="0" keyframe="0" points="723.35,585.98" z_order="0">
    </points>
    <points frame="379" outside="0" occluded="0" keyframe="0" points="722.98,585.89" z_order="0">
    </points>
    <points frame="380" outside="0" occluded="0" keyframe="1" points="722.60,585.80" z_order="0">
    </points>
    <points frame="381" outside="0" occluded="0" keyframe="0" points="722.43,585.81" z_order="0">
    </points>
    <points frame="382" outside="0" occluded="0" keyframe="0" points="722.25,585.83" z_order="0">
    </points>
    <points frame="383" outside="0" occluded="0" keyframe="0" points="722.08,585.84" z_order="0">
    </points>
    <points frame="384" outside="0" occluded="0" keyframe="0" points="721.90,585.85" z_order="0">
    </points>
    <points frame="385" outside="0" occluded="0" keyframe="0" points="721.73,585.86" z_order="0">
    </points>
    <points frame="386" outside="0" occluded="0" keyframe="0" points="721.55,585.88" z_order="0">
    </points>
    <points frame="387" outside="0" occluded="0" keyframe="0" points="721.38,585.89" z_order="0">
    </points>
    <points frame="388" outside="0" occluded="0" keyframe="0" points="721.20,585.90" z_order="0">
    </points>
    <points frame="389" outside="0" occluded="0" keyframe="0" points="721.03,585.91" z_order="0">
    </points>
    <points frame="390" outside="0" occluded="0" keyframe="0" points="720.85,585.93" z_order="0">
    </points>
    <points frame="391" outside="0" occluded="0" keyframe="0" points="720.68,585.94" z_order="0">
    </points>
    <points frame="392" outside="0" occluded="0" keyframe="0" points="720.50,585.95" z_order="0">
    </points>
    <points frame="393" outside="0" occluded="0" keyframe="0" points="720.33,585.96" z_order="0">
    </points>
    <points frame="394" outside="0" occluded="0" keyframe="0" points="720.15,585.98" z_order="0">
    </points>
    <points frame="395" outside="0" occluded="0" keyframe="0" points="719.98,585.99" z_order="0">
    </points>
    <points frame="396" outside="0" occluded="0" keyframe="0" points="719.80,586.00" z_order="0">
    </points>
    <points frame="397" outside="0" occluded="0" keyframe="0" points="719.63,586.01" z_order="0">
    </points>
    <points frame="398" outside="0" occluded="0" keyframe="0" points="719.45,586.03" z_order="0">
    </points>
    <points frame="399" outside="0" occluded="0" keyframe="0" points="719.28,586.04" z_order="0">
    </points>
    <points frame="400" outside="0" occluded="0" keyframe="0" points="719.10,586.05" z_order="0">
    </points>
    <points frame="401" outside="0" occluded="0" keyframe="0" points="718.93,586.06" z_order="0">
    </points>
    <points frame="402" outside="0" occluded="0" keyframe="0" points="718.75,586.08" z_order="0">
    </points>
    <points frame="403" outside="0" occluded="0" keyframe="0" points="718.58,586.09" z_order="0">
    </points>
    <points frame="404" outside="0" occluded="0" keyframe="0" points="718.40,586.10" z_order="0">
    </points>
    <points frame="405" outside="0" occluded="0" keyframe="0" points="718.23,586.11" z_order="0">
    </points>
    <points frame="406" outside="0" occluded="0" keyframe="0" points="718.05,586.13" z_order="0">
    </points>
    <points frame="407" outside="0" occluded="0" keyframe="0" points="717.88,586.14" z_order="0">
    </points>
    <points frame="408" outside="0" occluded="0" keyframe="0" points="717.70,586.15" z_order="0">
    </points>
    <points frame="409" outside="0" occluded="0" keyframe="0" points="717.53,586.16" z_order="0">
    </points>
    <points frame="410" outside="0" occluded="0" keyframe="0" points="717.35,586.18" z_order="0">
    </points>
    <points frame="411" outside="0" occluded="0" keyframe="0" points="717.18,586.19" z_order="0">
    </points>
    <points frame="412" outside="0" occluded="0" keyframe="0" points="717.00,586.20" z_order="0">
    </points>
    <points frame="413" outside="0" occluded="0" keyframe="0" points="716.83,586.21" z_order="0">
    </points>
    <points frame="414" outside="0" occluded="0" keyframe="0" points="716.65,586.23" z_order="0">
    </points>
    <points frame="415" outside="0" occluded="0" keyframe="0" points="716.48,586.24" z_order="0">
    </points>
    <points frame="416" outside="0" occluded="0" keyframe="0" points="716.30,586.25" z_order="0">
    </points>
    <points frame="417" outside="0" occluded="0" keyframe="0" points="716.13,586.26" z_order="0">
    </points>
    <points frame="418" outside="0" occluded="0" keyframe="0" points="715.95,586.28" z_order="0">
    </points>
    <points frame="419" outside="0" occluded="0" keyframe="0" points="715.78,586.29" z_order="0">
    </points>
    <points frame="420" outside="0" occluded="0" keyframe="1" points="715.60,586.30" z_order="0">
    </points>
    <points frame="421" outside="0" occluded="0" keyframe="0" points="715.82,586.30" z_order="0">
    </points>
    <points frame="422" outside="0" occluded="0" keyframe="0" points="716.04,586.30" z_order="0">
    </points>
    <points frame="423" outside="0" occluded="0" keyframe="0" points="716.26,586.30" z_order="0">
    </points>
    <points frame="424" outside="0" occluded="0" keyframe="0" points="716.48,586.30" z_order="0">
    </points>
    <points frame="425" outside="0" occluded="0" keyframe="0" points="716.70,586.30" z_order="0">
    </points>
    <points frame="426" outside="0" occluded="0" keyframe="0" points="716.92,586.30" z_order="0">
    </points>
    <points frame="427" outside="0" occluded="0" keyframe="0" points="717.14,586.30" z_order="0">
    </points>
    <points frame="428" outside="0" occluded="0" keyframe="0" points="717.36,586.30" z_order="0">
    </points>
    <points frame="429" outside="0" occluded="0" keyframe="0" points="717.58,586.30" z_order="0">
    </points>
    <points frame="430" outside="0" occluded="0" keyframe="0" points="717.80,586.30" z_order="0">
    </points>
    <points frame="431" outside="0" occluded="0" keyframe="0" points="718.02,586.30" z_order="0">
    </points>
    <points frame="432" outside="0" occluded="0" keyframe="0" points="718.24,586.30" z_order="0">
    </points>
    <points frame="433" outside="0" occluded="0" keyframe="0" points="718.46,586.30" z_order="0">
    </points>
    <points frame="434" outside="0" occluded="0" keyframe="0" points="718.68,586.30" z_order="0">
    </points>
    <points frame="435" outside="0" occluded="0" keyframe="0" points="718.90,586.30" z_order="0">
    </points>
    <points frame="436" outside="0" occluded="0" keyframe="0" points="719.12,586.30" z_order="0">
    </points>
    <points frame="437" outside="0" occluded="0" keyframe="0" points="719.34,586.30" z_order="0">
    </points>
    <points frame="438" outside="0" occluded="0" keyframe="0" points="719.56,586.30" z_order="0">
    </points>
    <points frame="439" outside="0" occluded="0" keyframe="0" points="719.78,586.30" z_order="0">
    </points>
    <points frame="440" outside="0" occluded="0" keyframe="0" points="720.00,586.30" z_order="0">
    </points>
    <points frame="441" outside="0" occluded="0" keyframe="0" points="720.22,586.30" z_order="0">
    </points>
    <points frame="442" outside="0" occluded="0" keyframe="0" points="720.44,586.30" z_order="0">
    </points>
    <points frame="443" outside="0" occluded="0" keyframe="0" points="720.66,586.30" z_order="0">
    </points>
    <points frame="444" outside="0" occluded="0" keyframe="0" points="720.88,586.30" z_order="0">
    </points>
    <points frame="445" outside="0" occluded="0" keyframe="0" points="721.10,586.30" z_order="0">
    </points>
    <points frame="446" outside="0" occluded="0" keyframe="0" points="721.32,586.30" z_order="0">
    </points>
    <points frame="447" outside="0" occluded="0" keyframe="0" points="721.54,586.30" z_order="0">
    </points>
    <points frame="448" outside="0" occluded="0" keyframe="0" points="721.76,586.30" z_order="0">
    </points>
    <points frame="449" outside="0" occluded="0" keyframe="0" points="721.98,586.30" z_order="0">
    </points>
    <points frame="450" outside="0" occluded="0" keyframe="1" points="722.20,586.30" z_order="0">
    </points>
    <points frame="451" outside="0" occluded="0" keyframe="0" points="722.20,586.30" z_order="0">
    </points>
    <points frame="452" outside="0" occluded="0" keyframe="0" points="722.20,586.30" z_order="0">
    </points>
    <points frame="453" outside="0" occluded="0" keyframe="0" points="722.20,586.30" z_order="0">
    </points>
    <points frame="454" outside="0" occluded="0" keyframe="0" points="722.20,586.30" z_order="0">
    </points>
    <points frame="455" outside="0" occluded="0" keyframe="0" points="722.20,586.30" z_order="0">
    </points>
    <points frame="456" outside="0" occluded="0" keyframe="0" points="722.20,586.30" z_order="0">
    </points>
    <points frame="457" outside="0" occluded="0" keyframe="0" points="722.20,586.30" z_order="0">
    </points>
    <points frame="458" outside="0" occluded="0" keyframe="0" points="722.20,586.30" z_order="0">
    </points>
    <points frame="459" outside="0" occluded="0" keyframe="0" points="722.20,586.30" z_order="0">
    </points>
    <points frame="460" outside="0" occluded="0" keyframe="0" points="722.20,586.30" z_order="0">
    </points>
    <points frame="461" outside="0" occluded="0" keyframe="0" points="722.20,586.30" z_order="0">
    </points>
    <points frame="462" outside="0" occluded="0" keyframe="0" points="722.20,586.30" z_order="0">
    </points>
    <points frame="463" outside="0" occluded="0" keyframe="0" points="722.20,586.30" z_order="0">
    </points>
    <points frame="464" outside="0" occluded="0" keyframe="0" points="722.20,586.30" z_order="0">
    </points>
    <points frame="465" outside="0" occluded="0" keyframe="0" points="722.20,586.30" z_order="0">
    </points>
    <points frame="466" outside="0" occluded="0" keyframe="0" points="722.20,586.30" z_order="0">
    </points>
    <points frame="467" outside="0" occluded="0" keyframe="0" points="722.20,586.30" z_order="0">
    </points>
    <points frame="468" outside="0" occluded="0" keyframe="0" points="722.20,586.30" z_order="0">
    </points>
    <points frame="469" outside="0" occluded="0" keyframe="0" points="722.20,586.30" z_order="0">
    </points>
    <points frame="470" outside="0" occluded="0" keyframe="0" points="722.20,586.30" z_order="0">
    </points>
    <points frame="471" outside="0" occluded="0" keyframe="0" points="722.20,586.30" z_order="0">
    </points>
    <points frame="472" outside="0" occluded="0" keyframe="0" points="722.20,586.30" z_order="0">
    </points>
    <points frame="473" outside="0" occluded="0" keyframe="0" points="722.20,586.30" z_order="0">
    </points>
    <points frame="474" outside="0" occluded="0" keyframe="0" points="722.20,586.30" z_order="0">
    </points>
    <points frame="475" outside="0" occluded="0" keyframe="0" points="722.20,586.30" z_order="0">
    </points>
    <points frame="476" outside="0" occluded="0" keyframe="0" points="722.20,586.30" z_order="0">
    </points>
    <points frame="477" outside="0" occluded="0" keyframe="0" points="722.20,586.30" z_order="0">
    </points>
    <points frame="478" outside="0" occluded="0" keyframe="0" points="722.20,586.30" z_order="0">
    </points>
    <points frame="479" outside="0" occluded="0" keyframe="0" points="722.20,586.30" z_order="0">
    </points>
    <points frame="480" outside="0" occluded="0" keyframe="0" points="722.20,586.30" z_order="0">
    </points>
    <points frame="481" outside="0" occluded="0" keyframe="0" points="722.20,586.30" z_order="0">
    </points>
    <points frame="482" outside="0" occluded="0" keyframe="0" points="722.20,586.30" z_order="0">
    </points>
    <points frame="483" outside="0" occluded="0" keyframe="0" points="722.20,586.30" z_order="0">
    </points>
    <points frame="484" outside="0" occluded="0" keyframe="0" points="722.20,586.30" z_order="0">
    </points>
    <points frame="485" outside="0" occluded="0" keyframe="0" points="722.20,586.30" z_order="0">
    </points>
    <points frame="486" outside="0" occluded="0" keyframe="0" points="722.20,586.30" z_order="0">
    </points>
    <points frame="487" outside="0" occluded="0" keyframe="0" points="722.20,586.30" z_order="0">
    </points>
    <points frame="488" outside="0" occluded="0" keyframe="0" points="722.20,586.30" z_order="0">
    </points>
    <points frame="489" outside="0" occluded="0" keyframe="0" points="722.20,586.30" z_order="0">
    </points>
    <points frame="490" outside="0" occluded="0" keyframe="0" points="722.20,586.30" z_order="0">
    </points>
    <points frame="491" outside="0" occluded="0" keyframe="0" points="722.20,586.30" z_order="0">
    </points>
    <points frame="492" outside="0" occluded="0" keyframe="0" points="722.20,586.30" z_order="0">
    </points>
    <points frame="493" outside="0" occluded="0" keyframe="0" points="722.20,586.30" z_order="0">
    </points>
    <points frame="494" outside="0" occluded="0" keyframe="0" points="722.20,586.30" z_order="0">
    </points>
    <points frame="495" outside="0" occluded="0" keyframe="0" points="722.20,586.30" z_order="0">
    </points>
    <points frame="496" outside="0" occluded="0" keyframe="0" points="722.20,586.30" z_order="0">
    </points>
    <points frame="497" outside="0" occluded="0" keyframe="0" points="722.20,586.30" z_order="0">
    </points>
    <points frame="498" outside="0" occluded="0" keyframe="0" points="722.20,586.30" z_order="0">
    </points>
    <points frame="499" outside="0" occluded="0" keyframe="0" points="722.20,586.30" z_order="0">
    </points>
    <points frame="500" outside="0" occluded="0" keyframe="0" points="722.20,586.30" z_order="0">
    </points>
    <points frame="501" outside="0" occluded="0" keyframe="0" points="722.20,586.30" z_order="0">
    </points>
    <points frame="502" outside="0" occluded="0" keyframe="0" points="722.20,586.30" z_order="0">
    </points>
    <points frame="503" outside="0" occluded="0" keyframe="0" points="722.20,586.30" z_order="0">
    </points>
  </track>
</annotations>
