<?xml version="1.0" encoding="utf-8"?>
<annotations>
  <version>1.1</version>
  <meta>
    <task>
      <id>80</id>
      <name>D07_Dry-3</name>
      <size>169</size>
      <mode>interpolation</mode>
      <overlap>5</overlap>
      <bugtracker></bugtracker>
      <created>2021-11-20 02:10:40.705414+00:00</created>
      <updated>2021-11-20 13:52:01.882089+00:00</updated>
      <subset>default</subset>
      <start_frame>0</start_frame>
      <stop_frame>168</stop_frame>
      <frame_filter></frame_filter>
      <segments>
        <segment>
          <id>79</id>
          <start>0</start>
          <stop>168</stop>
          <url>http://localhost:8080/?id=79</url>
        </segment>
      </segments>
      <owner>
        <username>hubertachan</username>
        <email>hubertachan@gmail.com</email>
      </owner>
      <assignee></assignee>
      <labels>
        <label>
          <name>HB</name>
          <color>#3b0c73</color>
          <attributes>
          </attributes>
        </label>
        <label>
          <name>M</name>
          <color>#ff355e</color>
          <attributes>
          </attributes>
        </label>
      </labels>
      <original_size>
        <width>1068</width>
        <height>800</height>
      </original_size>
    </task>
    <dumped>2021-11-20 13:52:04.604800+00:00</dumped>
    <source>D07_Dry-3.avi</source>
  </meta>
  <track id="0" label="HB" source="manual">
    <points frame="35" outside="0" occluded="0" keyframe="1" points="679.86,573.70" z_order="0">
    </points>
    <points frame="36" outside="0" occluded="0" keyframe="0" points="682.00,573.95" z_order="0">
    </points>
    <points frame="37" outside="0" occluded="0" keyframe="0" points="684.15,574.20" z_order="0">
    </points>
    <points frame="38" outside="0" occluded="0" keyframe="0" points="686.29,574.45" z_order="0">
    </points>
    <points frame="39" outside="0" occluded="0" keyframe="0" points="688.43,574.70" z_order="0">
    </points>
    <points frame="40" outside="0" occluded="0" keyframe="0" points="690.58,574.95" z_order="0">
    </points>
    <points frame="41" outside="0" occluded="0" keyframe="0" points="692.72,575.20" z_order="0">
    </points>
    <points frame="42" outside="0" occluded="0" keyframe="0" points="694.87,575.45" z_order="0">
    </points>
    <points frame="43" outside="0" occluded="0" keyframe="0" points="697.01,575.70" z_order="0">
    </points>
    <points frame="44" outside="0" occluded="0" keyframe="0" points="699.16,575.95" z_order="0">
    </points>
    <points frame="45" outside="0" occluded="0" keyframe="1" points="701.30,576.20" z_order="0">
    </points>
    <points frame="46" outside="0" occluded="0" keyframe="0" points="700.42,576.08" z_order="0">
    </points>
    <points frame="47" outside="0" occluded="0" keyframe="0" points="699.53,575.95" z_order="0">
    </points>
    <points frame="48" outside="0" occluded="0" keyframe="0" points="698.65,575.83" z_order="0">
    </points>
    <points frame="49" outside="0" occluded="0" keyframe="0" points="697.76,575.70" z_order="0">
    </points>
    <points frame="50" outside="0" occluded="0" keyframe="0" points="696.88,575.58" z_order="0">
    </points>
    <points frame="51" outside="0" occluded="0" keyframe="0" points="695.99,575.45" z_order="0">
    </points>
    <points frame="52" outside="0" occluded="0" keyframe="0" points="695.11,575.33" z_order="0">
    </points>
    <points frame="53" outside="0" occluded="0" keyframe="0" points="694.22,575.20" z_order="0">
    </points>
    <points frame="54" outside="0" occluded="0" keyframe="0" points="693.34,575.08" z_order="0">
    </points>
    <points frame="55" outside="0" occluded="0" keyframe="0" points="692.45,574.95" z_order="0">
    </points>
    <points frame="56" outside="0" occluded="0" keyframe="0" points="691.57,574.83" z_order="0">
    </points>
    <points frame="57" outside="0" occluded="0" keyframe="0" points="690.68,574.70" z_order="0">
    </points>
    <points frame="58" outside="0" occluded="0" keyframe="0" points="689.80,574.58" z_order="0">
    </points>
    <points frame="59" outside="0" occluded="0" keyframe="0" points="688.91,574.45" z_order="0">
    </points>
    <points frame="60" outside="0" occluded="0" keyframe="0" points="688.03,574.33" z_order="0">
    </points>
    <points frame="61" outside="0" occluded="0" keyframe="0" points="687.14,574.20" z_order="0">
    </points>
    <points frame="62" outside="0" occluded="0" keyframe="0" points="686.26,574.08" z_order="0">
    </points>
    <points frame="63" outside="0" occluded="0" keyframe="0" points="685.37,573.95" z_order="0">
    </points>
    <points frame="64" outside="0" occluded="0" keyframe="0" points="684.49,573.83" z_order="0">
    </points>
    <points frame="65" outside="0" occluded="0" keyframe="1" points="683.60,573.70" z_order="0">
    </points>
    <points frame="66" outside="0" occluded="0" keyframe="0" points="685.50,573.45" z_order="0">
    </points>
    <points frame="67" outside="0" occluded="0" keyframe="0" points="687.40,573.20" z_order="0">
    </points>
    <points frame="68" outside="0" occluded="0" keyframe="0" points="689.30,572.95" z_order="0">
    </points>
    <points frame="69" outside="0" occluded="0" keyframe="0" points="691.20,572.70" z_order="0">
    </points>
    <points frame="70" outside="0" occluded="0" keyframe="0" points="693.10,572.45" z_order="0">
    </points>
    <points frame="71" outside="0" occluded="0" keyframe="0" points="695.00,572.20" z_order="0">
    </points>
    <points frame="72" outside="0" occluded="0" keyframe="0" points="696.90,571.95" z_order="0">
    </points>
    <points frame="73" outside="0" occluded="0" keyframe="0" points="698.80,571.70" z_order="0">
    </points>
    <points frame="74" outside="0" occluded="0" keyframe="0" points="700.70,571.45" z_order="0">
    </points>
    <points frame="75" outside="0" occluded="0" keyframe="1" points="702.60,571.20" z_order="0">
    </points>
    <points frame="76" outside="0" occluded="0" keyframe="0" points="705.51,572.59" z_order="0">
    </points>
    <points frame="77" outside="0" occluded="0" keyframe="0" points="708.42,573.98" z_order="0">
    </points>
    <points frame="78" outside="0" occluded="0" keyframe="0" points="711.33,575.37" z_order="0">
    </points>
    <points frame="79" outside="0" occluded="0" keyframe="0" points="714.24,576.76" z_order="0">
    </points>
    <points frame="80" outside="0" occluded="0" keyframe="0" points="717.15,578.15" z_order="0">
    </points>
    <points frame="81" outside="0" occluded="0" keyframe="0" points="720.06,579.54" z_order="0">
    </points>
    <points frame="82" outside="0" occluded="0" keyframe="0" points="722.97,580.93" z_order="0">
    </points>
    <points frame="83" outside="0" occluded="0" keyframe="0" points="725.88,582.32" z_order="0">
    </points>
    <points frame="84" outside="0" occluded="0" keyframe="0" points="728.79,583.71" z_order="0">
    </points>
    <points frame="85" outside="0" occluded="0" keyframe="1" points="731.70,585.10" z_order="0">
    </points>
    <points frame="86" outside="0" occluded="0" keyframe="0" points="727.15,582.95" z_order="0">
    </points>
    <points frame="87" outside="0" occluded="0" keyframe="0" points="722.60,580.80" z_order="0">
    </points>
    <points frame="88" outside="0" occluded="0" keyframe="0" points="718.05,578.65" z_order="0">
    </points>
    <points frame="89" outside="0" occluded="0" keyframe="0" points="713.50,576.50" z_order="0">
    </points>
    <points frame="90" outside="0" occluded="0" keyframe="0" points="708.95,574.35" z_order="0">
    </points>
    <points frame="91" outside="0" occluded="0" keyframe="0" points="704.40,572.20" z_order="0">
    </points>
    <points frame="92" outside="0" occluded="0" keyframe="0" points="699.85,570.05" z_order="0">
    </points>
    <points frame="93" outside="0" occluded="0" keyframe="0" points="695.30,567.90" z_order="0">
    </points>
    <points frame="94" outside="0" occluded="0" keyframe="0" points="690.75,565.75" z_order="0">
    </points>
    <points frame="95" outside="0" occluded="0" keyframe="1" points="686.20,563.60" z_order="0">
    </points>
    <points frame="96" outside="0" occluded="0" keyframe="0" points="689.36,564.36" z_order="0">
    </points>
    <points frame="97" outside="0" occluded="0" keyframe="0" points="692.52,565.12" z_order="0">
    </points>
    <points frame="98" outside="0" occluded="0" keyframe="0" points="695.68,565.88" z_order="0">
    </points>
    <points frame="99" outside="0" occluded="0" keyframe="0" points="698.84,566.64" z_order="0">
    </points>
    <points frame="100" outside="0" occluded="0" keyframe="0" points="702.00,567.40" z_order="0">
    </points>
    <points frame="101" outside="0" occluded="0" keyframe="0" points="705.16,568.16" z_order="0">
    </points>
    <points frame="102" outside="0" occluded="0" keyframe="0" points="708.32,568.92" z_order="0">
    </points>
    <points frame="103" outside="0" occluded="0" keyframe="0" points="711.48,569.68" z_order="0">
    </points>
    <points frame="104" outside="0" occluded="0" keyframe="0" points="714.64,570.44" z_order="0">
    </points>
    <points frame="105" outside="0" occluded="0" keyframe="1" points="717.80,571.20" z_order="0">
    </points>
    <points frame="106" outside="0" occluded="0" keyframe="0" points="718.56,571.58" z_order="0">
    </points>
    <points frame="107" outside="0" occluded="0" keyframe="0" points="719.32,571.96" z_order="0">
    </points>
    <points frame="108" outside="0" occluded="0" keyframe="0" points="720.08,572.34" z_order="0">
    </points>
    <points frame="109" outside="0" occluded="0" keyframe="0" points="720.84,572.72" z_order="0">
    </points>
    <points frame="110" outside="0" occluded="0" keyframe="0" points="721.60,573.10" z_order="0">
    </points>
    <points frame="111" outside="0" occluded="0" keyframe="0" points="722.36,573.48" z_order="0">
    </points>
    <points frame="112" outside="0" occluded="0" keyframe="0" points="723.12,573.86" z_order="0">
    </points>
    <points frame="113" outside="0" occluded="0" keyframe="0" points="723.88,574.24" z_order="0">
    </points>
    <points frame="114" outside="0" occluded="0" keyframe="0" points="724.64,574.62" z_order="0">
    </points>
    <points frame="115" outside="0" occluded="0" keyframe="1" points="725.40,575.00" z_order="0">
    </points>
    <points frame="116" outside="0" occluded="0" keyframe="0" points="725.40,575.00" z_order="0">
    </points>
    <points frame="117" outside="0" occluded="0" keyframe="0" points="725.40,575.00" z_order="0">
    </points>
    <points frame="118" outside="0" occluded="0" keyframe="0" points="725.40,575.00" z_order="0">
    </points>
    <points frame="119" outside="0" occluded="0" keyframe="0" points="725.40,575.00" z_order="0">
    </points>
    <points frame="120" outside="0" occluded="0" keyframe="0" points="725.40,575.00" z_order="0">
    </points>
    <points frame="121" outside="0" occluded="0" keyframe="0" points="725.40,575.00" z_order="0">
    </points>
    <points frame="122" outside="0" occluded="0" keyframe="0" points="725.40,575.00" z_order="0">
    </points>
    <points frame="123" outside="0" occluded="0" keyframe="0" points="725.40,575.00" z_order="0">
    </points>
    <points frame="124" outside="0" occluded="0" keyframe="0" points="725.40,575.00" z_order="0">
    </points>
    <points frame="125" outside="0" occluded="0" keyframe="0" points="725.40,575.00" z_order="0">
    </points>
    <points frame="126" outside="0" occluded="0" keyframe="0" points="725.40,575.00" z_order="0">
    </points>
    <points frame="127" outside="0" occluded="0" keyframe="0" points="725.40,575.00" z_order="0">
    </points>
    <points frame="128" outside="0" occluded="0" keyframe="0" points="725.40,575.00" z_order="0">
    </points>
    <points frame="129" outside="0" occluded="0" keyframe="0" points="725.40,575.00" z_order="0">
    </points>
    <points frame="130" outside="0" occluded="0" keyframe="0" points="725.40,575.00" z_order="0">
    </points>
    <points frame="131" outside="0" occluded="0" keyframe="0" points="725.40,575.00" z_order="0">
    </points>
    <points frame="132" outside="0" occluded="0" keyframe="0" points="725.40,575.00" z_order="0">
    </points>
    <points frame="133" outside="0" occluded="0" keyframe="0" points="725.40,575.00" z_order="0">
    </points>
    <points frame="134" outside="0" occluded="0" keyframe="0" points="725.40,575.00" z_order="0">
    </points>
    <points frame="135" outside="0" occluded="0" keyframe="0" points="725.40,575.00" z_order="0">
    </points>
    <points frame="136" outside="0" occluded="0" keyframe="0" points="725.40,575.00" z_order="0">
    </points>
    <points frame="137" outside="0" occluded="0" keyframe="0" points="725.40,575.00" z_order="0">
    </points>
    <points frame="138" outside="0" occluded="0" keyframe="0" points="725.40,575.00" z_order="0">
    </points>
    <points frame="139" outside="0" occluded="0" keyframe="0" points="725.40,575.00" z_order="0">
    </points>
    <points frame="140" outside="0" occluded="0" keyframe="0" points="725.40,575.00" z_order="0">
    </points>
    <points frame="141" outside="0" occluded="0" keyframe="0" points="725.40,575.00" z_order="0">
    </points>
    <points frame="142" outside="0" occluded="0" keyframe="0" points="725.40,575.00" z_order="0">
    </points>
    <points frame="143" outside="0" occluded="0" keyframe="0" points="725.40,575.00" z_order="0">
    </points>
    <points frame="144" outside="0" occluded="0" keyframe="0" points="725.40,575.00" z_order="0">
    </points>
    <points frame="145" outside="0" occluded="0" keyframe="0" points="725.40,575.00" z_order="0">
    </points>
    <points frame="146" outside="0" occluded="0" keyframe="0" points="725.40,575.00" z_order="0">
    </points>
    <points frame="147" outside="0" occluded="0" keyframe="0" points="725.40,575.00" z_order="0">
    </points>
    <points frame="148" outside="0" occluded="0" keyframe="0" points="725.40,575.00" z_order="0">
    </points>
    <points frame="149" outside="0" occluded="0" keyframe="0" points="725.40,575.00" z_order="0">
    </points>
    <points frame="150" outside="0" occluded="0" keyframe="0" points="725.40,575.00" z_order="0">
    </points>
    <points frame="151" outside="0" occluded="0" keyframe="0" points="725.40,575.00" z_order="0">
    </points>
    <points frame="152" outside="0" occluded="0" keyframe="0" points="725.40,575.00" z_order="0">
    </points>
    <points frame="153" outside="0" occluded="0" keyframe="0" points="725.40,575.00" z_order="0">
    </points>
    <points frame="154" outside="0" occluded="0" keyframe="0" points="725.40,575.00" z_order="0">
    </points>
    <points frame="155" outside="0" occluded="0" keyframe="0" points="725.40,575.00" z_order="0">
    </points>
    <points frame="156" outside="0" occluded="0" keyframe="0" points="725.40,575.00" z_order="0">
    </points>
    <points frame="157" outside="0" occluded="0" keyframe="0" points="725.40,575.00" z_order="0">
    </points>
    <points frame="158" outside="0" occluded="0" keyframe="0" points="725.40,575.00" z_order="0">
    </points>
    <points frame="159" outside="0" occluded="0" keyframe="0" points="725.40,575.00" z_order="0">
    </points>
    <points frame="160" outside="0" occluded="0" keyframe="0" points="725.40,575.00" z_order="0">
    </points>
    <points frame="161" outside="0" occluded="0" keyframe="0" points="725.40,575.00" z_order="0">
    </points>
    <points frame="162" outside="0" occluded="0" keyframe="0" points="725.40,575.00" z_order="0">
    </points>
    <points frame="163" outside="0" occluded="0" keyframe="0" points="725.40,575.00" z_order="0">
    </points>
    <points frame="164" outside="0" occluded="0" keyframe="0" points="725.40,575.00" z_order="0">
    </points>
    <points frame="165" outside="0" occluded="0" keyframe="0" points="725.40,575.00" z_order="0">
    </points>
    <points frame="166" outside="0" occluded="0" keyframe="0" points="725.40,575.00" z_order="0">
    </points>
    <points frame="167" outside="0" occluded="0" keyframe="0" points="725.40,575.00" z_order="0">
    </points>
    <points frame="168" outside="0" occluded="0" keyframe="0" points="725.40,575.00" z_order="0">
    </points>
  </track>
  <track id="1" label="M" source="manual">
    <points frame="25" outside="0" occluded="0" keyframe="1" points="452.68,621.69" z_order="0">
    </points>
    <points frame="26" outside="0" occluded="0" keyframe="0" points="452.55,621.69" z_order="0">
    </points>
    <points frame="27" outside="0" occluded="0" keyframe="0" points="452.43,621.69" z_order="0">
    </points>
    <points frame="28" outside="0" occluded="0" keyframe="0" points="452.30,621.69" z_order="0">
    </points>
    <points frame="29" outside="0" occluded="0" keyframe="0" points="452.18,621.69" z_order="0">
    </points>
    <points frame="30" outside="0" occluded="0" keyframe="0" points="452.06,621.69" z_order="0">
    </points>
    <points frame="31" outside="0" occluded="0" keyframe="0" points="451.93,621.69" z_order="0">
    </points>
    <points frame="32" outside="0" occluded="0" keyframe="0" points="451.81,621.69" z_order="0">
    </points>
    <points frame="33" outside="0" occluded="0" keyframe="0" points="451.69,621.69" z_order="0">
    </points>
    <points frame="34" outside="0" occluded="0" keyframe="0" points="451.56,621.69" z_order="0">
    </points>
    <points frame="35" outside="0" occluded="0" keyframe="0" points="451.44,621.70" z_order="0">
    </points>
    <points frame="36" outside="0" occluded="0" keyframe="0" points="451.31,621.70" z_order="0">
    </points>
    <points frame="37" outside="0" occluded="0" keyframe="0" points="451.19,621.70" z_order="0">
    </points>
    <points frame="38" outside="0" occluded="0" keyframe="0" points="451.07,621.70" z_order="0">
    </points>
    <points frame="39" outside="0" occluded="0" keyframe="0" points="450.94,621.70" z_order="0">
    </points>
    <points frame="40" outside="0" occluded="0" keyframe="0" points="450.82,621.70" z_order="0">
    </points>
    <points frame="41" outside="0" occluded="0" keyframe="0" points="450.70,621.70" z_order="0">
    </points>
    <points frame="42" outside="0" occluded="0" keyframe="0" points="450.57,621.70" z_order="0">
    </points>
    <points frame="43" outside="0" occluded="0" keyframe="0" points="450.45,621.70" z_order="0">
    </points>
    <points frame="44" outside="0" occluded="0" keyframe="0" points="450.32,621.70" z_order="0">
    </points>
    <points frame="45" outside="0" occluded="0" keyframe="1" points="450.20,621.70" z_order="0">
    </points>
    <points frame="46" outside="0" occluded="0" keyframe="0" points="449.70,621.57" z_order="0">
    </points>
    <points frame="47" outside="0" occluded="0" keyframe="0" points="449.20,621.44" z_order="0">
    </points>
    <points frame="48" outside="0" occluded="0" keyframe="0" points="448.70,621.31" z_order="0">
    </points>
    <points frame="49" outside="0" occluded="0" keyframe="0" points="448.20,621.18" z_order="0">
    </points>
    <points frame="50" outside="0" occluded="0" keyframe="0" points="447.70,621.05" z_order="0">
    </points>
    <points frame="51" outside="0" occluded="0" keyframe="0" points="447.20,620.92" z_order="0">
    </points>
    <points frame="52" outside="0" occluded="0" keyframe="0" points="446.70,620.79" z_order="0">
    </points>
    <points frame="53" outside="0" occluded="0" keyframe="0" points="446.20,620.66" z_order="0">
    </points>
    <points frame="54" outside="0" occluded="0" keyframe="0" points="445.70,620.53" z_order="0">
    </points>
    <points frame="55" outside="0" occluded="0" keyframe="1" points="445.20,620.40" z_order="0">
    </points>
    <points frame="56" outside="0" occluded="0" keyframe="0" points="444.44,617.52" z_order="0">
    </points>
    <points frame="57" outside="0" occluded="0" keyframe="0" points="443.68,614.64" z_order="0">
    </points>
    <points frame="58" outside="0" occluded="0" keyframe="0" points="442.92,611.76" z_order="0">
    </points>
    <points frame="59" outside="0" occluded="0" keyframe="0" points="442.16,608.88" z_order="0">
    </points>
    <points frame="60" outside="0" occluded="0" keyframe="1" points="441.40,606.00" z_order="0">
    </points>
    <points frame="61" outside="0" occluded="0" keyframe="0" points="444.16,608.62" z_order="0">
    </points>
    <points frame="62" outside="0" occluded="0" keyframe="0" points="446.92,611.24" z_order="0">
    </points>
    <points frame="63" outside="0" occluded="0" keyframe="0" points="449.68,613.86" z_order="0">
    </points>
    <points frame="64" outside="0" occluded="0" keyframe="0" points="452.44,616.48" z_order="0">
    </points>
    <points frame="65" outside="0" occluded="0" keyframe="1" points="455.20,619.10" z_order="0">
    </points>
    <points frame="66" outside="0" occluded="0" keyframe="0" points="456.21,619.10" z_order="0">
    </points>
    <points frame="67" outside="0" occluded="0" keyframe="0" points="457.22,619.10" z_order="0">
    </points>
    <points frame="68" outside="0" occluded="0" keyframe="0" points="458.23,619.10" z_order="0">
    </points>
    <points frame="69" outside="0" occluded="0" keyframe="0" points="459.24,619.10" z_order="0">
    </points>
    <points frame="70" outside="0" occluded="0" keyframe="0" points="460.25,619.10" z_order="0">
    </points>
    <points frame="71" outside="0" occluded="0" keyframe="0" points="461.26,619.10" z_order="0">
    </points>
    <points frame="72" outside="0" occluded="0" keyframe="0" points="462.27,619.10" z_order="0">
    </points>
    <points frame="73" outside="0" occluded="0" keyframe="0" points="463.28,619.10" z_order="0">
    </points>
    <points frame="74" outside="0" occluded="0" keyframe="0" points="464.29,619.10" z_order="0">
    </points>
    <points frame="75" outside="0" occluded="0" keyframe="1" points="465.30,619.10" z_order="0">
    </points>
    <points frame="76" outside="0" occluded="0" keyframe="0" points="467.58,616.15" z_order="0">
    </points>
    <points frame="77" outside="0" occluded="0" keyframe="0" points="469.87,613.20" z_order="0">
    </points>
    <points frame="78" outside="0" occluded="0" keyframe="0" points="472.15,610.25" z_order="0">
    </points>
    <points frame="79" outside="0" occluded="0" keyframe="0" points="474.43,607.30" z_order="0">
    </points>
    <points frame="80" outside="0" occluded="0" keyframe="0" points="476.72,604.35" z_order="0">
    </points>
    <points frame="81" outside="0" occluded="0" keyframe="1" points="479.00,601.40" z_order="0">
    </points>
    <points frame="82" outside="0" occluded="0" keyframe="1" points="471.10,613.00" z_order="0">
    </points>
    <points frame="83" outside="0" occluded="0" keyframe="0" points="468.33,616.30" z_order="0">
    </points>
    <points frame="84" outside="0" occluded="0" keyframe="0" points="465.57,619.60" z_order="0">
    </points>
    <points frame="85" outside="0" occluded="0" keyframe="1" points="462.80,622.90" z_order="0">
    </points>
    <points frame="86" outside="0" occluded="0" keyframe="1" points="454.20,613.80" z_order="0">
    </points>
    <points frame="87" outside="0" occluded="0" keyframe="0" points="452.63,611.90" z_order="0">
    </points>
    <points frame="88" outside="0" occluded="0" keyframe="0" points="451.07,610.00" z_order="0">
    </points>
    <points frame="89" outside="0" occluded="0" keyframe="1" points="449.50,608.10" z_order="0">
    </points>
    <points frame="90" outside="0" occluded="0" keyframe="0" points="449.83,609.93" z_order="0">
    </points>
    <points frame="91" outside="0" occluded="0" keyframe="0" points="450.17,611.77" z_order="0">
    </points>
    <points frame="92" outside="0" occluded="0" keyframe="0" points="450.50,613.60" z_order="0">
    </points>
    <points frame="93" outside="0" occluded="0" keyframe="0" points="450.83,615.43" z_order="0">
    </points>
    <points frame="94" outside="0" occluded="0" keyframe="0" points="451.17,617.27" z_order="0">
    </points>
    <points frame="95" outside="0" occluded="0" keyframe="1" points="451.50,619.10" z_order="0">
    </points>
    <points frame="96" outside="0" occluded="0" keyframe="0" points="450.15,615.40" z_order="0">
    </points>
    <points frame="97" outside="0" occluded="0" keyframe="1" points="448.80,611.70" z_order="0">
    </points>
    <points frame="98" outside="0" occluded="0" keyframe="0" points="448.75,611.86" z_order="0">
    </points>
    <points frame="99" outside="0" occluded="0" keyframe="0" points="448.69,612.03" z_order="0">
    </points>
    <points frame="100" outside="0" occluded="0" keyframe="0" points="448.64,612.19" z_order="0">
    </points>
    <points frame="101" outside="0" occluded="0" keyframe="0" points="448.59,612.36" z_order="0">
    </points>
    <points frame="102" outside="0" occluded="0" keyframe="0" points="448.54,612.52" z_order="0">
    </points>
    <points frame="103" outside="0" occluded="0" keyframe="0" points="448.48,612.69" z_order="0">
    </points>
    <points frame="104" outside="0" occluded="0" keyframe="0" points="448.43,612.85" z_order="0">
    </points>
    <points frame="105" outside="0" occluded="0" keyframe="0" points="448.38,613.02" z_order="0">
    </points>
    <points frame="106" outside="0" occluded="0" keyframe="0" points="448.32,613.18" z_order="0">
    </points>
    <points frame="107" outside="0" occluded="0" keyframe="0" points="448.27,613.35" z_order="0">
    </points>
    <points frame="108" outside="0" occluded="0" keyframe="0" points="448.22,613.51" z_order="0">
    </points>
    <points frame="109" outside="0" occluded="0" keyframe="0" points="448.16,613.68" z_order="0">
    </points>
    <points frame="110" outside="0" occluded="0" keyframe="0" points="448.11,613.84" z_order="0">
    </points>
    <points frame="111" outside="0" occluded="0" keyframe="0" points="448.06,614.01" z_order="0">
    </points>
    <points frame="112" outside="0" occluded="0" keyframe="0" points="448.01,614.17" z_order="0">
    </points>
    <points frame="113" outside="0" occluded="0" keyframe="0" points="447.95,614.34" z_order="0">
    </points>
    <points frame="114" outside="0" occluded="0" keyframe="0" points="447.90,614.50" z_order="0">
    </points>
    <points frame="115" outside="0" occluded="0" keyframe="0" points="447.85,614.66" z_order="0">
    </points>
    <points frame="116" outside="0" occluded="0" keyframe="0" points="447.79,614.83" z_order="0">
    </points>
    <points frame="117" outside="0" occluded="0" keyframe="0" points="447.74,614.99" z_order="0">
    </points>
    <points frame="118" outside="0" occluded="0" keyframe="0" points="447.69,615.16" z_order="0">
    </points>
    <points frame="119" outside="0" occluded="0" keyframe="0" points="447.64,615.32" z_order="0">
    </points>
    <points frame="120" outside="0" occluded="0" keyframe="0" points="447.58,615.49" z_order="0">
    </points>
    <points frame="121" outside="0" occluded="0" keyframe="0" points="447.53,615.65" z_order="0">
    </points>
    <points frame="122" outside="0" occluded="0" keyframe="0" points="447.48,615.82" z_order="0">
    </points>
    <points frame="123" outside="0" occluded="0" keyframe="0" points="447.42,615.98" z_order="0">
    </points>
    <points frame="124" outside="0" occluded="0" keyframe="0" points="447.37,616.15" z_order="0">
    </points>
    <points frame="125" outside="0" occluded="0" keyframe="0" points="447.32,616.31" z_order="0">
    </points>
    <points frame="126" outside="0" occluded="0" keyframe="0" points="447.26,616.48" z_order="0">
    </points>
    <points frame="127" outside="0" occluded="0" keyframe="0" points="447.21,616.64" z_order="0">
    </points>
    <points frame="128" outside="0" occluded="0" keyframe="0" points="447.16,616.81" z_order="0">
    </points>
    <points frame="129" outside="0" occluded="0" keyframe="0" points="447.11,616.97" z_order="0">
    </points>
    <points frame="130" outside="0" occluded="0" keyframe="0" points="447.05,617.14" z_order="0">
    </points>
    <points frame="131" outside="0" occluded="0" keyframe="0" points="447.00,617.30" z_order="0">
    </points>
    <points frame="132" outside="0" occluded="0" keyframe="0" points="446.95,617.46" z_order="0">
    </points>
    <points frame="133" outside="0" occluded="0" keyframe="0" points="446.89,617.63" z_order="0">
    </points>
    <points frame="134" outside="0" occluded="0" keyframe="0" points="446.84,617.79" z_order="0">
    </points>
    <points frame="135" outside="0" occluded="0" keyframe="0" points="446.79,617.96" z_order="0">
    </points>
    <points frame="136" outside="0" occluded="0" keyframe="0" points="446.74,618.12" z_order="0">
    </points>
    <points frame="137" outside="0" occluded="0" keyframe="0" points="446.68,618.29" z_order="0">
    </points>
    <points frame="138" outside="0" occluded="0" keyframe="0" points="446.63,618.45" z_order="0">
    </points>
    <points frame="139" outside="0" occluded="0" keyframe="0" points="446.58,618.62" z_order="0">
    </points>
    <points frame="140" outside="0" occluded="0" keyframe="0" points="446.52,618.78" z_order="0">
    </points>
    <points frame="141" outside="0" occluded="0" keyframe="0" points="446.47,618.95" z_order="0">
    </points>
    <points frame="142" outside="0" occluded="0" keyframe="0" points="446.42,619.11" z_order="0">
    </points>
    <points frame="143" outside="0" occluded="0" keyframe="0" points="446.36,619.28" z_order="0">
    </points>
    <points frame="144" outside="0" occluded="0" keyframe="0" points="446.31,619.44" z_order="0">
    </points>
    <points frame="145" outside="0" occluded="0" keyframe="0" points="446.26,619.61" z_order="0">
    </points>
    <points frame="146" outside="0" occluded="0" keyframe="0" points="446.21,619.77" z_order="0">
    </points>
    <points frame="147" outside="0" occluded="0" keyframe="0" points="446.15,619.94" z_order="0">
    </points>
    <points frame="148" outside="0" occluded="0" keyframe="0" points="446.10,620.10" z_order="0">
    </points>
    <points frame="149" outside="0" occluded="0" keyframe="0" points="446.05,620.26" z_order="0">
    </points>
    <points frame="150" outside="0" occluded="0" keyframe="0" points="445.99,620.43" z_order="0">
    </points>
    <points frame="151" outside="0" occluded="0" keyframe="0" points="445.94,620.59" z_order="0">
    </points>
    <points frame="152" outside="0" occluded="0" keyframe="0" points="445.89,620.76" z_order="0">
    </points>
    <points frame="153" outside="0" occluded="0" keyframe="0" points="445.84,620.92" z_order="0">
    </points>
    <points frame="154" outside="0" occluded="0" keyframe="0" points="445.78,621.09" z_order="0">
    </points>
    <points frame="155" outside="0" occluded="0" keyframe="0" points="445.73,621.25" z_order="0">
    </points>
    <points frame="156" outside="0" occluded="0" keyframe="0" points="445.68,621.42" z_order="0">
    </points>
    <points frame="157" outside="0" occluded="0" keyframe="0" points="445.62,621.58" z_order="0">
    </points>
    <points frame="158" outside="0" occluded="0" keyframe="0" points="445.57,621.75" z_order="0">
    </points>
    <points frame="159" outside="0" occluded="0" keyframe="0" points="445.52,621.91" z_order="0">
    </points>
    <points frame="160" outside="0" occluded="0" keyframe="0" points="445.46,622.08" z_order="0">
    </points>
    <points frame="161" outside="0" occluded="0" keyframe="0" points="445.41,622.24" z_order="0">
    </points>
    <points frame="162" outside="0" occluded="0" keyframe="0" points="445.36,622.41" z_order="0">
    </points>
    <points frame="163" outside="0" occluded="0" keyframe="0" points="445.31,622.57" z_order="0">
    </points>
    <points frame="164" outside="0" occluded="0" keyframe="0" points="445.25,622.74" z_order="0">
    </points>
    <points frame="165" outside="0" occluded="0" keyframe="1" points="445.20,622.90" z_order="0">
    </points>
    <points frame="166" outside="0" occluded="0" keyframe="0" points="445.20,622.90" z_order="0">
    </points>
    <points frame="167" outside="0" occluded="0" keyframe="0" points="445.20,622.90" z_order="0">
    </points>
    <points frame="168" outside="0" occluded="0" keyframe="0" points="445.20,622.90" z_order="0">
    </points>
  </track>
</annotations>
