<?xml version="1.0" encoding="utf-8"?>
<annotations>
  <version>1.1</version>
  <meta>
    <task>
      <id>173</id>
      <name>D02_5ML-L0-2.avi</name>
      <size>519</size>
      <mode>interpolation</mode>
      <overlap>5</overlap>
      <bugtracker></bugtracker>
      <created>2021-11-20 09:38:10.224462+00:00</created>
      <updated>2021-11-20 18:13:42.446893+00:00</updated>
      <subset>default</subset>
      <start_frame>0</start_frame>
      <stop_frame>518</stop_frame>
      <frame_filter></frame_filter>
      <segments>
        <segment>
          <id>172</id>
          <start>0</start>
          <stop>518</stop>
          <url>http://localhost:8080/?id=172</url>
        </segment>
      </segments>
      <owner>
        <username>hubertachan</username>
        <email>hubertachan@gmail.com</email>
      </owner>
      <assignee></assignee>
      <labels>
        <label>
          <name>HB</name>
          <color>#3b0c73</color>
          <attributes>
          </attributes>
        </label>
        <label>
          <name>M</name>
          <color>#ff355e</color>
          <attributes>
          </attributes>
        </label>
      </labels>
      <original_size>
        <width>1068</width>
        <height>800</height>
      </original_size>
    </task>
    <dumped>2021-11-20 18:13:45.336750+00:00</dumped>
    <source>D02_5ML-L0-2.avi</source>
  </meta>
  <track id="0" label="M" source="manual">
    <points frame="275" outside="0" occluded="0" keyframe="1" points="499.67,567.66" z_order="0">
    </points>
    <points frame="276" outside="0" occluded="0" keyframe="0" points="499.17,578.33" z_order="0">
    </points>
    <points frame="277" outside="0" occluded="0" keyframe="0" points="498.68,589.01" z_order="0">
    </points>
    <points frame="278" outside="0" occluded="0" keyframe="0" points="498.18,599.69" z_order="0">
    </points>
    <points frame="279" outside="0" occluded="0" keyframe="0" points="497.69,610.37" z_order="0">
    </points>
    <points frame="280" outside="0" occluded="0" keyframe="0" points="497.19,621.04" z_order="0">
    </points>
    <points frame="281" outside="0" occluded="0" keyframe="0" points="496.70,631.72" z_order="0">
    </points>
    <points frame="282" outside="0" occluded="0" keyframe="1" points="496.20,642.40" z_order="0">
    </points>
    <points frame="283" outside="0" occluded="0" keyframe="0" points="494.43,633.10" z_order="0">
    </points>
    <points frame="284" outside="0" occluded="0" keyframe="0" points="492.67,623.80" z_order="0">
    </points>
    <points frame="285" outside="0" occluded="0" keyframe="1" points="490.90,614.50" z_order="0">
    </points>
    <points frame="286" outside="0" occluded="0" keyframe="0" points="489.49,617.59" z_order="0">
    </points>
    <points frame="287" outside="0" occluded="0" keyframe="0" points="488.07,620.67" z_order="0">
    </points>
    <points frame="288" outside="0" occluded="0" keyframe="0" points="486.66,623.76" z_order="0">
    </points>
    <points frame="289" outside="0" occluded="0" keyframe="0" points="485.24,626.84" z_order="0">
    </points>
    <points frame="290" outside="0" occluded="0" keyframe="0" points="483.83,629.93" z_order="0">
    </points>
    <points frame="291" outside="0" occluded="0" keyframe="0" points="482.41,633.01" z_order="0">
    </points>
    <points frame="292" outside="0" occluded="0" keyframe="1" points="481.00,636.10" z_order="0">
    </points>
    <points frame="293" outside="0" occluded="0" keyframe="0" points="479.57,634.50" z_order="0">
    </points>
    <points frame="294" outside="0" occluded="0" keyframe="0" points="478.13,632.90" z_order="0">
    </points>
    <points frame="295" outside="0" occluded="0" keyframe="1" points="476.70,631.30" z_order="0">
    </points>
    <points frame="296" outside="0" occluded="0" keyframe="0" points="476.31,634.93" z_order="0">
    </points>
    <points frame="297" outside="0" occluded="0" keyframe="0" points="475.93,638.56" z_order="0">
    </points>
    <points frame="298" outside="0" occluded="0" keyframe="0" points="475.54,642.19" z_order="0">
    </points>
    <points frame="299" outside="0" occluded="0" keyframe="0" points="475.16,645.81" z_order="0">
    </points>
    <points frame="300" outside="0" occluded="0" keyframe="0" points="474.77,649.44" z_order="0">
    </points>
    <points frame="301" outside="0" occluded="0" keyframe="0" points="474.39,653.07" z_order="0">
    </points>
    <points frame="302" outside="0" occluded="0" keyframe="1" points="474.00,656.70" z_order="0">
    </points>
    <points frame="303" outside="0" occluded="0" keyframe="0" points="471.93,649.30" z_order="0">
    </points>
    <points frame="304" outside="0" occluded="0" keyframe="0" points="469.87,641.90" z_order="0">
    </points>
    <points frame="305" outside="0" occluded="0" keyframe="1" points="467.80,634.50" z_order="0">
    </points>
    <points frame="306" outside="0" occluded="0" keyframe="0" points="469.07,636.91" z_order="0">
    </points>
    <points frame="307" outside="0" occluded="0" keyframe="0" points="470.34,639.33" z_order="0">
    </points>
    <points frame="308" outside="0" occluded="0" keyframe="0" points="471.61,641.74" z_order="0">
    </points>
    <points frame="309" outside="0" occluded="0" keyframe="0" points="472.89,644.16" z_order="0">
    </points>
    <points frame="310" outside="0" occluded="0" keyframe="0" points="474.16,646.57" z_order="0">
    </points>
    <points frame="311" outside="0" occluded="0" keyframe="0" points="475.43,648.99" z_order="0">
    </points>
    <points frame="312" outside="0" occluded="0" keyframe="1" points="476.70,651.40" z_order="0">
    </points>
    <points frame="313" outside="0" occluded="0" keyframe="0" points="474.57,647.87" z_order="0">
    </points>
    <points frame="314" outside="0" occluded="0" keyframe="0" points="472.43,644.33" z_order="0">
    </points>
    <points frame="315" outside="0" occluded="0" keyframe="1" points="470.30,640.80" z_order="0">
    </points>
    <points frame="316" outside="0" occluded="0" keyframe="0" points="471.70,643.36" z_order="0">
    </points>
    <points frame="317" outside="0" occluded="0" keyframe="0" points="473.10,645.91" z_order="0">
    </points>
    <points frame="318" outside="0" occluded="0" keyframe="0" points="474.50,648.47" z_order="0">
    </points>
    <points frame="319" outside="0" occluded="0" keyframe="0" points="475.90,651.03" z_order="0">
    </points>
    <points frame="320" outside="0" occluded="0" keyframe="0" points="477.30,653.59" z_order="0">
    </points>
    <points frame="321" outside="0" occluded="0" keyframe="0" points="478.70,656.14" z_order="0">
    </points>
    <points frame="322" outside="0" occluded="0" keyframe="1" points="480.10,658.70" z_order="0">
    </points>
    <points frame="323" outside="0" occluded="0" keyframe="0" points="478.97,646.83" z_order="0">
    </points>
    <points frame="324" outside="0" occluded="0" keyframe="0" points="477.83,634.97" z_order="0">
    </points>
    <points frame="325" outside="0" occluded="0" keyframe="1" points="476.70,623.10" z_order="0">
    </points>
    <points frame="326" outside="0" occluded="0" keyframe="0" points="477.23,627.43" z_order="0">
    </points>
    <points frame="327" outside="0" occluded="0" keyframe="0" points="477.76,631.76" z_order="0">
    </points>
    <points frame="328" outside="0" occluded="0" keyframe="0" points="478.29,636.09" z_order="0">
    </points>
    <points frame="329" outside="0" occluded="0" keyframe="0" points="478.81,640.41" z_order="0">
    </points>
    <points frame="330" outside="0" occluded="0" keyframe="0" points="479.34,644.74" z_order="0">
    </points>
    <points frame="331" outside="0" occluded="0" keyframe="0" points="479.87,649.07" z_order="0">
    </points>
    <points frame="332" outside="0" occluded="0" keyframe="1" points="480.40,653.40" z_order="0">
    </points>
    <points frame="333" outside="0" occluded="0" keyframe="0" points="477.97,659.87" z_order="0">
    </points>
    <points frame="334" outside="0" occluded="0" keyframe="0" points="475.53,666.33" z_order="0">
    </points>
    <points frame="335" outside="0" occluded="0" keyframe="1" points="473.10,672.80" z_order="0">
    </points>
    <points frame="336" outside="0" occluded="0" keyframe="0" points="476.92,668.72" z_order="0">
    </points>
    <points frame="337" outside="0" occluded="0" keyframe="0" points="480.74,664.64" z_order="0">
    </points>
    <points frame="338" outside="0" occluded="0" keyframe="0" points="484.56,660.56" z_order="0">
    </points>
    <points frame="339" outside="0" occluded="0" keyframe="0" points="488.38,656.48" z_order="0">
    </points>
    <points frame="340" outside="0" occluded="0" keyframe="0" points="492.20,652.40" z_order="0">
    </points>
    <points frame="341" outside="0" occluded="0" keyframe="0" points="496.02,648.32" z_order="0">
    </points>
    <points frame="342" outside="0" occluded="0" keyframe="0" points="499.84,644.24" z_order="0">
    </points>
    <points frame="343" outside="0" occluded="0" keyframe="0" points="503.66,640.16" z_order="0">
    </points>
    <points frame="344" outside="0" occluded="0" keyframe="0" points="507.48,636.08" z_order="0">
    </points>
    <points frame="345" outside="0" occluded="0" keyframe="1" points="511.30,632.00" z_order="0">
    </points>
    <points frame="346" outside="0" occluded="0" keyframe="0" points="508.23,636.04" z_order="0">
    </points>
    <points frame="347" outside="0" occluded="0" keyframe="0" points="505.16,640.09" z_order="0">
    </points>
    <points frame="348" outside="0" occluded="0" keyframe="0" points="502.09,644.13" z_order="0">
    </points>
    <points frame="349" outside="0" occluded="0" keyframe="0" points="499.01,648.17" z_order="0">
    </points>
    <points frame="350" outside="0" occluded="0" keyframe="0" points="495.94,652.21" z_order="0">
    </points>
    <points frame="351" outside="0" occluded="0" keyframe="0" points="492.87,656.26" z_order="0">
    </points>
    <points frame="352" outside="0" occluded="0" keyframe="1" points="489.80,660.30" z_order="0">
    </points>
    <points frame="353" outside="0" occluded="0" keyframe="0" points="491.80,656.27" z_order="0">
    </points>
    <points frame="354" outside="0" occluded="0" keyframe="0" points="493.80,652.23" z_order="0">
    </points>
    <points frame="355" outside="0" occluded="0" keyframe="1" points="495.80,648.20" z_order="0">
    </points>
    <points frame="356" outside="0" occluded="0" keyframe="0" points="495.80,645.63" z_order="0">
    </points>
    <points frame="357" outside="0" occluded="0" keyframe="0" points="495.80,643.06" z_order="0">
    </points>
    <points frame="358" outside="0" occluded="0" keyframe="0" points="495.80,640.49" z_order="0">
    </points>
    <points frame="359" outside="0" occluded="0" keyframe="0" points="495.80,637.91" z_order="0">
    </points>
    <points frame="360" outside="0" occluded="0" keyframe="0" points="495.80,635.34" z_order="0">
    </points>
    <points frame="361" outside="0" occluded="0" keyframe="0" points="495.80,632.77" z_order="0">
    </points>
    <points frame="362" outside="0" occluded="0" keyframe="1" points="495.80,630.20" z_order="0">
    </points>
    <points frame="363" outside="0" occluded="0" keyframe="0" points="495.37,632.70" z_order="0">
    </points>
    <points frame="364" outside="0" occluded="0" keyframe="0" points="494.93,635.20" z_order="0">
    </points>
    <points frame="365" outside="0" occluded="0" keyframe="1" points="494.50,637.70" z_order="0">
    </points>
    <points frame="366" outside="0" occluded="0" keyframe="0" points="496.66,635.64" z_order="0">
    </points>
    <points frame="367" outside="0" occluded="0" keyframe="0" points="498.81,633.59" z_order="0">
    </points>
    <points frame="368" outside="0" occluded="0" keyframe="0" points="500.97,631.53" z_order="0">
    </points>
    <points frame="369" outside="0" occluded="0" keyframe="0" points="503.13,629.47" z_order="0">
    </points>
    <points frame="370" outside="0" occluded="0" keyframe="0" points="505.29,627.41" z_order="0">
    </points>
    <points frame="371" outside="0" occluded="0" keyframe="0" points="507.44,625.36" z_order="0">
    </points>
    <points frame="372" outside="0" occluded="0" keyframe="1" points="509.60,623.30" z_order="0">
    </points>
    <points frame="373" outside="0" occluded="0" keyframe="0" points="503.27,626.33" z_order="0">
    </points>
    <points frame="374" outside="0" occluded="0" keyframe="0" points="496.93,629.37" z_order="0">
    </points>
    <points frame="375" outside="0" occluded="0" keyframe="1" points="490.60,632.40" z_order="0">
    </points>
    <points frame="376" outside="0" occluded="0" keyframe="0" points="490.80,631.30" z_order="0">
    </points>
    <points frame="377" outside="0" occluded="0" keyframe="0" points="491.00,630.20" z_order="0">
    </points>
    <points frame="378" outside="0" occluded="0" keyframe="0" points="491.20,629.10" z_order="0">
    </points>
    <points frame="379" outside="0" occluded="0" keyframe="1" points="491.40,628.00" z_order="0">
    </points>
    <points frame="380" outside="0" occluded="0" keyframe="0" points="496.50,626.48" z_order="0">
    </points>
    <points frame="381" outside="0" occluded="0" keyframe="0" points="501.60,624.95" z_order="0">
    </points>
    <points frame="382" outside="0" occluded="0" keyframe="0" points="506.70,623.43" z_order="0">
    </points>
    <points frame="383" outside="0" occluded="0" keyframe="1" points="511.80,621.90" z_order="0">
    </points>
    <points frame="384" outside="0" occluded="0" keyframe="0" points="507.75,624.50" z_order="0">
    </points>
    <points frame="385" outside="0" occluded="0" keyframe="1" points="503.70,627.10" z_order="0">
    </points>
    <points frame="386" outside="0" occluded="0" keyframe="0" points="502.16,625.88" z_order="0">
    </points>
    <points frame="387" outside="0" occluded="0" keyframe="0" points="500.62,624.66" z_order="0">
    </points>
    <points frame="388" outside="0" occluded="0" keyframe="0" points="499.08,623.44" z_order="0">
    </points>
    <points frame="389" outside="0" occluded="0" keyframe="0" points="497.54,622.22" z_order="0">
    </points>
    <points frame="390" outside="0" occluded="0" keyframe="1" points="496.00,621.00" z_order="0">
    </points>
    <points frame="391" outside="0" occluded="0" keyframe="0" points="501.24,619.06" z_order="0">
    </points>
    <points frame="392" outside="0" occluded="0" keyframe="0" points="506.48,617.12" z_order="0">
    </points>
    <points frame="393" outside="0" occluded="0" keyframe="0" points="511.72,615.18" z_order="0">
    </points>
    <points frame="394" outside="0" occluded="0" keyframe="0" points="516.96,613.24" z_order="0">
    </points>
    <points frame="395" outside="0" occluded="0" keyframe="1" points="522.20,611.30" z_order="0">
    </points>
    <points frame="396" outside="0" occluded="0" keyframe="0" points="520.22,608.79" z_order="0">
    </points>
    <points frame="397" outside="0" occluded="0" keyframe="0" points="518.24,606.28" z_order="0">
    </points>
    <points frame="398" outside="0" occluded="0" keyframe="0" points="516.26,603.77" z_order="0">
    </points>
    <points frame="399" outside="0" occluded="0" keyframe="0" points="514.28,601.26" z_order="0">
    </points>
    <points frame="400" outside="0" occluded="0" keyframe="0" points="512.30,598.75" z_order="0">
    </points>
    <points frame="401" outside="0" occluded="0" keyframe="0" points="510.32,596.24" z_order="0">
    </points>
    <points frame="402" outside="0" occluded="0" keyframe="0" points="508.34,593.73" z_order="0">
    </points>
    <points frame="403" outside="0" occluded="0" keyframe="0" points="506.36,591.22" z_order="0">
    </points>
    <points frame="404" outside="0" occluded="0" keyframe="0" points="504.38,588.71" z_order="0">
    </points>
    <points frame="405" outside="0" occluded="0" keyframe="1" points="502.40,586.20" z_order="0">
    </points>
    <points frame="406" outside="0" occluded="0" keyframe="0" points="506.23,589.24" z_order="0">
    </points>
    <points frame="407" outside="0" occluded="0" keyframe="0" points="510.06,592.28" z_order="0">
    </points>
    <points frame="408" outside="0" occluded="0" keyframe="0" points="513.89,595.32" z_order="0">
    </points>
    <points frame="409" outside="0" occluded="0" keyframe="0" points="517.72,598.36" z_order="0">
    </points>
    <points frame="410" outside="0" occluded="0" keyframe="0" points="521.55,601.40" z_order="0">
    </points>
    <points frame="411" outside="0" occluded="0" keyframe="0" points="525.38,604.44" z_order="0">
    </points>
    <points frame="412" outside="0" occluded="0" keyframe="0" points="529.21,607.48" z_order="0">
    </points>
    <points frame="413" outside="0" occluded="0" keyframe="0" points="533.04,610.52" z_order="0">
    </points>
    <points frame="414" outside="0" occluded="0" keyframe="0" points="536.87,613.56" z_order="0">
    </points>
    <points frame="415" outside="0" occluded="0" keyframe="1" points="540.70,616.60" z_order="0">
    </points>
    <points frame="416" outside="0" occluded="0" keyframe="0" points="538.06,618.18" z_order="0">
    </points>
    <points frame="417" outside="0" occluded="0" keyframe="0" points="535.42,619.76" z_order="0">
    </points>
    <points frame="418" outside="0" occluded="0" keyframe="0" points="532.78,621.34" z_order="0">
    </points>
    <points frame="419" outside="0" occluded="0" keyframe="0" points="530.14,622.92" z_order="0">
    </points>
    <points frame="420" outside="0" occluded="0" keyframe="0" points="527.50,624.50" z_order="0">
    </points>
    <points frame="421" outside="0" occluded="0" keyframe="0" points="524.86,626.08" z_order="0">
    </points>
    <points frame="422" outside="0" occluded="0" keyframe="0" points="522.22,627.66" z_order="0">
    </points>
    <points frame="423" outside="0" occluded="0" keyframe="0" points="519.58,629.24" z_order="0">
    </points>
    <points frame="424" outside="0" occluded="0" keyframe="0" points="516.94,630.82" z_order="0">
    </points>
    <points frame="425" outside="0" occluded="0" keyframe="1" points="514.30,632.40" z_order="0">
    </points>
    <points frame="426" outside="0" occluded="0" keyframe="0" points="514.30,632.40" z_order="0">
    </points>
    <points frame="427" outside="0" occluded="0" keyframe="0" points="514.30,632.40" z_order="0">
    </points>
    <points frame="428" outside="0" occluded="0" keyframe="0" points="514.30,632.40" z_order="0">
    </points>
    <points frame="429" outside="0" occluded="0" keyframe="0" points="514.30,632.40" z_order="0">
    </points>
    <points frame="430" outside="0" occluded="0" keyframe="0" points="514.30,632.40" z_order="0">
    </points>
    <points frame="431" outside="0" occluded="0" keyframe="0" points="514.30,632.40" z_order="0">
    </points>
    <points frame="432" outside="0" occluded="0" keyframe="0" points="514.30,632.40" z_order="0">
    </points>
    <points frame="433" outside="0" occluded="0" keyframe="0" points="514.30,632.40" z_order="0">
    </points>
    <points frame="434" outside="0" occluded="0" keyframe="0" points="514.30,632.40" z_order="0">
    </points>
    <points frame="435" outside="0" occluded="0" keyframe="0" points="514.30,632.40" z_order="0">
    </points>
    <points frame="436" outside="0" occluded="0" keyframe="0" points="514.30,632.40" z_order="0">
    </points>
    <points frame="437" outside="0" occluded="0" keyframe="0" points="514.30,632.40" z_order="0">
    </points>
    <points frame="438" outside="0" occluded="0" keyframe="0" points="514.30,632.40" z_order="0">
    </points>
    <points frame="439" outside="0" occluded="0" keyframe="0" points="514.30,632.40" z_order="0">
    </points>
    <points frame="440" outside="0" occluded="0" keyframe="0" points="514.30,632.40" z_order="0">
    </points>
    <points frame="441" outside="0" occluded="0" keyframe="0" points="514.30,632.40" z_order="0">
    </points>
    <points frame="442" outside="0" occluded="0" keyframe="0" points="514.30,632.40" z_order="0">
    </points>
    <points frame="443" outside="0" occluded="0" keyframe="0" points="514.30,632.40" z_order="0">
    </points>
    <points frame="444" outside="0" occluded="0" keyframe="0" points="514.30,632.40" z_order="0">
    </points>
    <points frame="445" outside="0" occluded="0" keyframe="0" points="514.30,632.40" z_order="0">
    </points>
    <points frame="446" outside="0" occluded="0" keyframe="0" points="514.30,632.40" z_order="0">
    </points>
    <points frame="447" outside="0" occluded="0" keyframe="0" points="514.30,632.40" z_order="0">
    </points>
    <points frame="448" outside="0" occluded="0" keyframe="0" points="514.30,632.40" z_order="0">
    </points>
    <points frame="449" outside="0" occluded="0" keyframe="0" points="514.30,632.40" z_order="0">
    </points>
    <points frame="450" outside="0" occluded="0" keyframe="0" points="514.30,632.40" z_order="0">
    </points>
    <points frame="451" outside="0" occluded="0" keyframe="0" points="514.30,632.40" z_order="0">
    </points>
    <points frame="452" outside="0" occluded="0" keyframe="0" points="514.30,632.40" z_order="0">
    </points>
    <points frame="453" outside="0" occluded="0" keyframe="0" points="514.30,632.40" z_order="0">
    </points>
    <points frame="454" outside="0" occluded="0" keyframe="0" points="514.30,632.40" z_order="0">
    </points>
    <points frame="455" outside="0" occluded="0" keyframe="0" points="514.30,632.40" z_order="0">
    </points>
    <points frame="456" outside="0" occluded="0" keyframe="0" points="514.30,632.40" z_order="0">
    </points>
    <points frame="457" outside="0" occluded="0" keyframe="0" points="514.30,632.40" z_order="0">
    </points>
    <points frame="458" outside="0" occluded="0" keyframe="0" points="514.30,632.40" z_order="0">
    </points>
    <points frame="459" outside="0" occluded="0" keyframe="0" points="514.30,632.40" z_order="0">
    </points>
    <points frame="460" outside="0" occluded="0" keyframe="0" points="514.30,632.40" z_order="0">
    </points>
    <points frame="461" outside="0" occluded="0" keyframe="0" points="514.30,632.40" z_order="0">
    </points>
    <points frame="462" outside="0" occluded="0" keyframe="0" points="514.30,632.40" z_order="0">
    </points>
    <points frame="463" outside="0" occluded="0" keyframe="0" points="514.30,632.40" z_order="0">
    </points>
    <points frame="464" outside="0" occluded="0" keyframe="0" points="514.30,632.40" z_order="0">
    </points>
    <points frame="465" outside="0" occluded="0" keyframe="0" points="514.30,632.40" z_order="0">
    </points>
    <points frame="466" outside="0" occluded="0" keyframe="0" points="514.30,632.40" z_order="0">
    </points>
    <points frame="467" outside="0" occluded="0" keyframe="0" points="514.30,632.40" z_order="0">
    </points>
    <points frame="468" outside="0" occluded="0" keyframe="0" points="514.30,632.40" z_order="0">
    </points>
    <points frame="469" outside="0" occluded="0" keyframe="0" points="514.30,632.40" z_order="0">
    </points>
    <points frame="470" outside="0" occluded="0" keyframe="0" points="514.30,632.40" z_order="0">
    </points>
    <points frame="471" outside="0" occluded="0" keyframe="0" points="514.30,632.40" z_order="0">
    </points>
    <points frame="472" outside="0" occluded="0" keyframe="0" points="514.30,632.40" z_order="0">
    </points>
    <points frame="473" outside="0" occluded="0" keyframe="0" points="514.30,632.40" z_order="0">
    </points>
    <points frame="474" outside="0" occluded="0" keyframe="0" points="514.30,632.40" z_order="0">
    </points>
    <points frame="475" outside="0" occluded="0" keyframe="0" points="514.30,632.40" z_order="0">
    </points>
    <points frame="476" outside="0" occluded="0" keyframe="0" points="514.30,632.40" z_order="0">
    </points>
    <points frame="477" outside="0" occluded="0" keyframe="0" points="514.30,632.40" z_order="0">
    </points>
    <points frame="478" outside="0" occluded="0" keyframe="0" points="514.30,632.40" z_order="0">
    </points>
    <points frame="479" outside="0" occluded="0" keyframe="0" points="514.30,632.40" z_order="0">
    </points>
    <points frame="480" outside="0" occluded="0" keyframe="0" points="514.30,632.40" z_order="0">
    </points>
    <points frame="481" outside="0" occluded="0" keyframe="0" points="514.30,632.40" z_order="0">
    </points>
    <points frame="482" outside="0" occluded="0" keyframe="0" points="514.30,632.40" z_order="0">
    </points>
    <points frame="483" outside="0" occluded="0" keyframe="0" points="514.30,632.40" z_order="0">
    </points>
    <points frame="484" outside="0" occluded="0" keyframe="0" points="514.30,632.40" z_order="0">
    </points>
    <points frame="485" outside="0" occluded="0" keyframe="0" points="514.30,632.40" z_order="0">
    </points>
    <points frame="486" outside="0" occluded="0" keyframe="0" points="514.30,632.40" z_order="0">
    </points>
    <points frame="487" outside="0" occluded="0" keyframe="0" points="514.30,632.40" z_order="0">
    </points>
    <points frame="488" outside="0" occluded="0" keyframe="0" points="514.30,632.40" z_order="0">
    </points>
    <points frame="489" outside="0" occluded="0" keyframe="0" points="514.30,632.40" z_order="0">
    </points>
    <points frame="490" outside="0" occluded="0" keyframe="0" points="514.30,632.40" z_order="0">
    </points>
    <points frame="491" outside="0" occluded="0" keyframe="0" points="514.30,632.40" z_order="0">
    </points>
    <points frame="492" outside="0" occluded="0" keyframe="0" points="514.30,632.40" z_order="0">
    </points>
    <points frame="493" outside="0" occluded="0" keyframe="0" points="514.30,632.40" z_order="0">
    </points>
    <points frame="494" outside="0" occluded="0" keyframe="0" points="514.30,632.40" z_order="0">
    </points>
    <points frame="495" outside="0" occluded="0" keyframe="0" points="514.30,632.40" z_order="0">
    </points>
    <points frame="496" outside="0" occluded="0" keyframe="0" points="514.30,632.40" z_order="0">
    </points>
    <points frame="497" outside="0" occluded="0" keyframe="0" points="514.30,632.40" z_order="0">
    </points>
    <points frame="498" outside="0" occluded="0" keyframe="0" points="514.30,632.40" z_order="0">
    </points>
    <points frame="499" outside="0" occluded="0" keyframe="0" points="514.30,632.40" z_order="0">
    </points>
    <points frame="500" outside="0" occluded="0" keyframe="0" points="514.30,632.40" z_order="0">
    </points>
    <points frame="501" outside="0" occluded="0" keyframe="0" points="514.30,632.40" z_order="0">
    </points>
    <points frame="502" outside="0" occluded="0" keyframe="0" points="514.30,632.40" z_order="0">
    </points>
    <points frame="503" outside="0" occluded="0" keyframe="0" points="514.30,632.40" z_order="0">
    </points>
    <points frame="504" outside="0" occluded="0" keyframe="0" points="514.30,632.40" z_order="0">
    </points>
    <points frame="505" outside="0" occluded="0" keyframe="0" points="514.30,632.40" z_order="0">
    </points>
    <points frame="506" outside="0" occluded="0" keyframe="0" points="514.30,632.40" z_order="0">
    </points>
    <points frame="507" outside="0" occluded="0" keyframe="0" points="514.30,632.40" z_order="0">
    </points>
    <points frame="508" outside="0" occluded="0" keyframe="0" points="514.30,632.40" z_order="0">
    </points>
    <points frame="509" outside="0" occluded="0" keyframe="0" points="514.30,632.40" z_order="0">
    </points>
    <points frame="510" outside="0" occluded="0" keyframe="0" points="514.30,632.40" z_order="0">
    </points>
    <points frame="511" outside="0" occluded="0" keyframe="0" points="514.30,632.40" z_order="0">
    </points>
    <points frame="512" outside="0" occluded="0" keyframe="0" points="514.30,632.40" z_order="0">
    </points>
    <points frame="513" outside="0" occluded="0" keyframe="0" points="514.30,632.40" z_order="0">
    </points>
    <points frame="514" outside="0" occluded="0" keyframe="0" points="514.30,632.40" z_order="0">
    </points>
    <points frame="515" outside="0" occluded="0" keyframe="0" points="514.30,632.40" z_order="0">
    </points>
    <points frame="516" outside="0" occluded="0" keyframe="0" points="514.30,632.40" z_order="0">
    </points>
    <points frame="517" outside="0" occluded="0" keyframe="0" points="514.30,632.40" z_order="0">
    </points>
    <points frame="518" outside="0" occluded="0" keyframe="0" points="514.30,632.40" z_order="0">
    </points>
  </track>
  <track id="1" label="HB" source="manual">
    <points frame="265" outside="0" occluded="0" keyframe="1" points="634.20,503.75" z_order="0">
    </points>
    <points frame="266" outside="0" occluded="0" keyframe="0" points="631.89,503.74" z_order="0">
    </points>
    <points frame="267" outside="0" occluded="0" keyframe="0" points="629.58,503.74" z_order="0">
    </points>
    <points frame="268" outside="0" occluded="0" keyframe="0" points="627.27,503.73" z_order="0">
    </points>
    <points frame="269" outside="0" occluded="0" keyframe="0" points="624.96,503.73" z_order="0">
    </points>
    <points frame="270" outside="0" occluded="0" keyframe="0" points="622.65,503.72" z_order="0">
    </points>
    <points frame="271" outside="0" occluded="0" keyframe="0" points="620.34,503.72" z_order="0">
    </points>
    <points frame="272" outside="0" occluded="0" keyframe="0" points="618.03,503.71" z_order="0">
    </points>
    <points frame="273" outside="0" occluded="0" keyframe="0" points="615.72,503.71" z_order="0">
    </points>
    <points frame="274" outside="0" occluded="0" keyframe="0" points="613.41,503.70" z_order="0">
    </points>
    <points frame="275" outside="0" occluded="0" keyframe="1" points="611.10,503.70" z_order="0">
    </points>
    <points frame="276" outside="0" occluded="0" keyframe="0" points="616.88,505.11" z_order="0">
    </points>
    <points frame="277" outside="0" occluded="0" keyframe="0" points="622.66,506.52" z_order="0">
    </points>
    <points frame="278" outside="0" occluded="0" keyframe="0" points="628.44,507.93" z_order="0">
    </points>
    <points frame="279" outside="0" occluded="0" keyframe="0" points="634.22,509.34" z_order="0">
    </points>
    <points frame="280" outside="0" occluded="0" keyframe="0" points="640.00,510.75" z_order="0">
    </points>
    <points frame="281" outside="0" occluded="0" keyframe="0" points="645.78,512.16" z_order="0">
    </points>
    <points frame="282" outside="0" occluded="0" keyframe="0" points="651.56,513.57" z_order="0">
    </points>
    <points frame="283" outside="0" occluded="0" keyframe="0" points="657.34,514.98" z_order="0">
    </points>
    <points frame="284" outside="0" occluded="0" keyframe="0" points="663.12,516.39" z_order="0">
    </points>
    <points frame="285" outside="0" occluded="0" keyframe="1" points="668.90,517.80" z_order="0">
    </points>
    <points frame="286" outside="0" occluded="0" keyframe="0" points="667.08,521.72" z_order="0">
    </points>
    <points frame="287" outside="0" occluded="0" keyframe="0" points="665.26,525.64" z_order="0">
    </points>
    <points frame="288" outside="0" occluded="0" keyframe="0" points="663.44,529.56" z_order="0">
    </points>
    <points frame="289" outside="0" occluded="0" keyframe="0" points="661.62,533.48" z_order="0">
    </points>
    <points frame="290" outside="0" occluded="0" keyframe="1" points="659.80,537.40" z_order="0">
    </points>
    <points frame="291" outside="0" occluded="0" keyframe="0" points="674.40,546.10" z_order="0">
    </points>
    <points frame="292" outside="0" occluded="0" keyframe="0" points="689.00,554.80" z_order="0">
    </points>
    <points frame="293" outside="0" occluded="0" keyframe="1" points="703.60,563.50" z_order="0">
    </points>
    <points frame="294" outside="0" occluded="0" keyframe="0" points="715.80,571.45" z_order="0">
    </points>
    <points frame="295" outside="0" occluded="0" keyframe="1" points="728.00,579.40" z_order="0">
    </points>
    <points frame="296" outside="0" occluded="0" keyframe="1" points="719.90,563.60" z_order="0">
    </points>
    <points frame="297" outside="0" occluded="0" keyframe="0" points="718.96,565.01" z_order="0">
    </points>
    <points frame="298" outside="0" occluded="0" keyframe="0" points="718.03,566.43" z_order="0">
    </points>
    <points frame="299" outside="0" occluded="0" keyframe="0" points="717.09,567.84" z_order="0">
    </points>
    <points frame="300" outside="0" occluded="0" keyframe="0" points="716.15,569.25" z_order="0">
    </points>
    <points frame="301" outside="0" occluded="0" keyframe="0" points="715.21,570.66" z_order="0">
    </points>
    <points frame="302" outside="0" occluded="0" keyframe="0" points="714.28,572.08" z_order="0">
    </points>
    <points frame="303" outside="0" occluded="0" keyframe="0" points="713.34,573.49" z_order="0">
    </points>
    <points frame="304" outside="0" occluded="0" keyframe="1" points="712.40,574.90" z_order="0">
    </points>
    <points frame="305" outside="0" occluded="0" keyframe="1" points="710.00,522.90" z_order="0">
    </points>
    <points frame="306" outside="0" occluded="0" keyframe="0" points="705.65,546.80" z_order="0">
    </points>
    <points frame="307" outside="0" occluded="0" keyframe="1" points="701.30,570.70" z_order="0">
    </points>
    <points frame="308" outside="0" occluded="0" keyframe="0" points="703.23,570.27" z_order="0">
    </points>
    <points frame="309" outside="0" occluded="0" keyframe="0" points="705.16,569.84" z_order="0">
    </points>
    <points frame="310" outside="0" occluded="0" keyframe="0" points="707.09,569.41" z_order="0">
    </points>
    <points frame="311" outside="0" occluded="0" keyframe="0" points="709.01,568.99" z_order="0">
    </points>
    <points frame="312" outside="0" occluded="0" keyframe="0" points="710.94,568.56" z_order="0">
    </points>
    <points frame="313" outside="0" occluded="0" keyframe="0" points="712.87,568.13" z_order="0">
    </points>
    <points frame="314" outside="0" occluded="0" keyframe="1" points="714.80,567.70" z_order="0">
    </points>
    <points frame="315" outside="0" occluded="0" keyframe="1" points="724.10,530.60" z_order="0">
    </points>
    <points frame="316" outside="0" occluded="0" keyframe="0" points="719.20,563.10" z_order="0">
    </points>
    <points frame="317" outside="0" occluded="0" keyframe="1" points="714.30,595.60" z_order="0">
    </points>
    <points frame="318" outside="0" occluded="0" keyframe="0" points="712.48,588.43" z_order="0">
    </points>
    <points frame="319" outside="0" occluded="0" keyframe="0" points="710.65,581.25" z_order="0">
    </points>
    <points frame="320" outside="0" occluded="0" keyframe="0" points="708.83,574.08" z_order="0">
    </points>
    <points frame="321" outside="0" occluded="0" keyframe="1" points="707.00,566.90" z_order="0">
    </points>
    <points frame="322" outside="0" occluded="0" keyframe="0" points="697.67,554.60" z_order="0">
    </points>
    <points frame="323" outside="0" occluded="0" keyframe="0" points="688.33,542.30" z_order="0">
    </points>
    <points frame="324" outside="0" occluded="0" keyframe="1" points="679.00,530.00" z_order="0">
    </points>
    <points frame="325" outside="0" occluded="0" keyframe="1" points="681.70,528.00" z_order="0">
    </points>
    <points frame="326" outside="0" occluded="0" keyframe="0" points="688.07,535.63" z_order="0">
    </points>
    <points frame="327" outside="0" occluded="0" keyframe="0" points="694.43,543.27" z_order="0">
    </points>
    <points frame="328" outside="0" occluded="0" keyframe="1" points="700.80,550.90" z_order="0">
    </points>
    <points frame="329" outside="0" occluded="0" keyframe="0" points="688.90,547.09" z_order="0">
    </points>
    <points frame="330" outside="0" occluded="0" keyframe="0" points="677.00,543.27" z_order="0">
    </points>
    <points frame="331" outside="0" occluded="0" keyframe="0" points="665.10,539.46" z_order="0">
    </points>
    <points frame="332" outside="0" occluded="0" keyframe="0" points="653.20,535.64" z_order="0">
    </points>
    <points frame="333" outside="0" occluded="0" keyframe="0" points="641.30,531.83" z_order="0">
    </points>
    <points frame="334" outside="0" occluded="0" keyframe="0" points="629.40,528.01" z_order="0">
    </points>
    <points frame="335" outside="0" occluded="0" keyframe="1" points="617.50,524.20" z_order="0">
    </points>
    <points frame="336" outside="0" occluded="0" keyframe="1" points="612.90,529.20" z_order="0">
    </points>
    <points frame="337" outside="0" occluded="0" keyframe="1" points="601.10,530.40" z_order="0">
    </points>
    <points frame="338" outside="0" occluded="0" keyframe="1" points="601.50,526.90" z_order="0">
    </points>
    <points frame="339" outside="0" occluded="0" keyframe="1" points="605.60,523.40" z_order="0">
    </points>
    <points frame="340" outside="0" occluded="0" keyframe="0" points="618.05,526.10" z_order="0">
    </points>
    <points frame="341" outside="0" occluded="0" keyframe="1" points="630.50,528.80" z_order="0">
    </points>
    <points frame="342" outside="0" occluded="0" keyframe="1" points="663.80,554.30" z_order="0">
    </points>
    <points frame="343" outside="0" occluded="0" keyframe="1" points="702.70,581.50" z_order="0">
    </points>
    <points frame="344" outside="0" occluded="0" keyframe="1" points="735.90,586.90" z_order="0">
    </points>
    <points frame="345" outside="0" occluded="0" keyframe="1" points="752.30,591.00" z_order="0">
    </points>
    <points frame="346" outside="0" occluded="0" keyframe="1" points="749.50,594.60" z_order="0">
    </points>
    <points frame="347" outside="0" occluded="0" keyframe="1" points="747.20,593.50" z_order="0">
    </points>
    <points frame="348" outside="0" occluded="0" keyframe="1" points="750.60,591.60" z_order="0">
    </points>
    <points frame="349" outside="0" occluded="0" keyframe="0" points="737.64,585.64" z_order="0">
    </points>
    <points frame="350" outside="0" occluded="0" keyframe="0" points="724.69,579.69" z_order="0">
    </points>
    <points frame="351" outside="0" occluded="0" keyframe="0" points="711.73,573.73" z_order="0">
    </points>
    <points frame="352" outside="0" occluded="0" keyframe="0" points="698.77,567.77" z_order="0">
    </points>
    <points frame="353" outside="0" occluded="0" keyframe="0" points="685.81,561.81" z_order="0">
    </points>
    <points frame="354" outside="0" occluded="0" keyframe="0" points="672.86,555.86" z_order="0">
    </points>
    <points frame="355" outside="0" occluded="0" keyframe="1" points="659.90,549.90" z_order="0">
    </points>
    <points frame="356" outside="0" occluded="0" keyframe="0" points="681.18,554.25" z_order="0">
    </points>
    <points frame="357" outside="0" occluded="0" keyframe="0" points="702.45,558.60" z_order="0">
    </points>
    <points frame="358" outside="0" occluded="0" keyframe="0" points="723.73,562.95" z_order="0">
    </points>
    <points frame="359" outside="0" occluded="0" keyframe="1" points="745.00,567.30" z_order="0">
    </points>
    <points frame="360" outside="0" occluded="0" keyframe="0" points="748.67,570.47" z_order="0">
    </points>
    <points frame="361" outside="0" occluded="0" keyframe="0" points="752.33,573.63" z_order="0">
    </points>
    <points frame="362" outside="0" occluded="0" keyframe="1" points="756.00,576.80" z_order="0">
    </points>
    <points frame="363" outside="0" occluded="0" keyframe="0" points="740.67,573.40" z_order="0">
    </points>
    <points frame="364" outside="0" occluded="0" keyframe="0" points="725.33,570.00" z_order="0">
    </points>
    <points frame="365" outside="0" occluded="0" keyframe="1" points="710.00,566.60" z_order="0">
    </points>
    <points frame="366" outside="0" occluded="0" keyframe="0" points="703.00,555.73" z_order="0">
    </points>
    <points frame="367" outside="0" occluded="0" keyframe="0" points="696.00,544.87" z_order="0">
    </points>
    <points frame="368" outside="0" occluded="0" keyframe="1" points="689.00,534.00" z_order="0">
    </points>
    <points frame="369" outside="0" occluded="0" keyframe="0" points="701.95,543.98" z_order="0">
    </points>
    <points frame="370" outside="0" occluded="0" keyframe="0" points="714.90,553.95" z_order="0">
    </points>
    <points frame="371" outside="0" occluded="0" keyframe="0" points="727.85,563.93" z_order="0">
    </points>
    <points frame="372" outside="0" occluded="0" keyframe="1" points="740.80,573.90" z_order="0">
    </points>
    <points frame="373" outside="0" occluded="0" keyframe="0" points="733.97,571.90" z_order="0">
    </points>
    <points frame="374" outside="0" occluded="0" keyframe="0" points="727.13,569.90" z_order="0">
    </points>
    <points frame="375" outside="0" occluded="0" keyframe="1" points="720.30,567.90" z_order="0">
    </points>
    <points frame="376" outside="0" occluded="0" keyframe="0" points="717.00,560.70" z_order="0">
    </points>
    <points frame="377" outside="0" occluded="0" keyframe="0" points="713.70,553.50" z_order="0">
    </points>
    <points frame="378" outside="0" occluded="0" keyframe="1" points="710.40,546.30" z_order="0">
    </points>
    <points frame="379" outside="0" occluded="0" keyframe="0" points="716.03,551.40" z_order="0">
    </points>
    <points frame="380" outside="0" occluded="0" keyframe="0" points="721.66,556.50" z_order="0">
    </points>
    <points frame="381" outside="0" occluded="0" keyframe="0" points="727.29,561.60" z_order="0">
    </points>
    <points frame="382" outside="0" occluded="0" keyframe="0" points="732.91,566.70" z_order="0">
    </points>
    <points frame="383" outside="0" occluded="0" keyframe="0" points="738.54,571.80" z_order="0">
    </points>
    <points frame="384" outside="0" occluded="0" keyframe="0" points="744.17,576.90" z_order="0">
    </points>
    <points frame="385" outside="0" occluded="0" keyframe="1" points="749.80,582.00" z_order="0">
    </points>
    <points frame="386" outside="0" occluded="0" keyframe="0" points="748.39,581.36" z_order="0">
    </points>
    <points frame="387" outside="0" occluded="0" keyframe="0" points="746.98,580.72" z_order="0">
    </points>
    <points frame="388" outside="0" occluded="0" keyframe="0" points="745.57,580.08" z_order="0">
    </points>
    <points frame="389" outside="0" occluded="0" keyframe="0" points="744.16,579.44" z_order="0">
    </points>
    <points frame="390" outside="0" occluded="0" keyframe="0" points="742.75,578.80" z_order="0">
    </points>
    <points frame="391" outside="0" occluded="0" keyframe="0" points="741.34,578.16" z_order="0">
    </points>
    <points frame="392" outside="0" occluded="0" keyframe="0" points="739.93,577.52" z_order="0">
    </points>
    <points frame="393" outside="0" occluded="0" keyframe="0" points="738.52,576.88" z_order="0">
    </points>
    <points frame="394" outside="0" occluded="0" keyframe="0" points="737.11,576.24" z_order="0">
    </points>
    <points frame="395" outside="0" occluded="0" keyframe="1" points="735.70,575.60" z_order="0">
    </points>
    <points frame="396" outside="0" occluded="0" keyframe="0" points="733.65,574.96" z_order="0">
    </points>
    <points frame="397" outside="0" occluded="0" keyframe="0" points="731.60,574.32" z_order="0">
    </points>
    <points frame="398" outside="0" occluded="0" keyframe="0" points="729.55,573.68" z_order="0">
    </points>
    <points frame="399" outside="0" occluded="0" keyframe="0" points="727.50,573.04" z_order="0">
    </points>
    <points frame="400" outside="0" occluded="0" keyframe="0" points="725.45,572.40" z_order="0">
    </points>
    <points frame="401" outside="0" occluded="0" keyframe="0" points="723.40,571.76" z_order="0">
    </points>
    <points frame="402" outside="0" occluded="0" keyframe="0" points="721.35,571.12" z_order="0">
    </points>
    <points frame="403" outside="0" occluded="0" keyframe="0" points="719.30,570.48" z_order="0">
    </points>
    <points frame="404" outside="0" occluded="0" keyframe="0" points="717.25,569.84" z_order="0">
    </points>
    <points frame="405" outside="0" occluded="0" keyframe="1" points="715.20,569.20" z_order="0">
    </points>
    <points frame="406" outside="0" occluded="0" keyframe="0" points="718.92,571.64" z_order="0">
    </points>
    <points frame="407" outside="0" occluded="0" keyframe="0" points="722.64,574.08" z_order="0">
    </points>
    <points frame="408" outside="0" occluded="0" keyframe="0" points="726.36,576.52" z_order="0">
    </points>
    <points frame="409" outside="0" occluded="0" keyframe="0" points="730.08,578.96" z_order="0">
    </points>
    <points frame="410" outside="0" occluded="0" keyframe="0" points="733.80,581.40" z_order="0">
    </points>
    <points frame="411" outside="0" occluded="0" keyframe="0" points="737.52,583.84" z_order="0">
    </points>
    <points frame="412" outside="0" occluded="0" keyframe="0" points="741.24,586.28" z_order="0">
    </points>
    <points frame="413" outside="0" occluded="0" keyframe="0" points="744.96,588.72" z_order="0">
    </points>
    <points frame="414" outside="0" occluded="0" keyframe="0" points="748.68,591.16" z_order="0">
    </points>
    <points frame="415" outside="0" occluded="0" keyframe="1" points="752.40,593.60" z_order="0">
    </points>
    <points frame="416" outside="0" occluded="0" keyframe="0" points="752.53,593.34" z_order="0">
    </points>
    <points frame="417" outside="0" occluded="0" keyframe="0" points="752.66,593.08" z_order="0">
    </points>
    <points frame="418" outside="0" occluded="0" keyframe="0" points="752.79,592.82" z_order="0">
    </points>
    <points frame="419" outside="0" occluded="0" keyframe="0" points="752.92,592.56" z_order="0">
    </points>
    <points frame="420" outside="0" occluded="0" keyframe="0" points="753.05,592.30" z_order="0">
    </points>
    <points frame="421" outside="0" occluded="0" keyframe="0" points="753.18,592.04" z_order="0">
    </points>
    <points frame="422" outside="0" occluded="0" keyframe="0" points="753.31,591.78" z_order="0">
    </points>
    <points frame="423" outside="0" occluded="0" keyframe="0" points="753.44,591.52" z_order="0">
    </points>
    <points frame="424" outside="0" occluded="0" keyframe="0" points="753.57,591.26" z_order="0">
    </points>
    <points frame="425" outside="0" occluded="0" keyframe="1" points="753.70,591.00" z_order="0">
    </points>
    <points frame="426" outside="0" occluded="0" keyframe="0" points="752.93,589.46" z_order="0">
    </points>
    <points frame="427" outside="0" occluded="0" keyframe="0" points="752.16,587.92" z_order="0">
    </points>
    <points frame="428" outside="0" occluded="0" keyframe="0" points="751.39,586.38" z_order="0">
    </points>
    <points frame="429" outside="0" occluded="0" keyframe="0" points="750.62,584.84" z_order="0">
    </points>
    <points frame="430" outside="0" occluded="0" keyframe="0" points="749.85,583.30" z_order="0">
    </points>
    <points frame="431" outside="0" occluded="0" keyframe="0" points="749.08,581.76" z_order="0">
    </points>
    <points frame="432" outside="0" occluded="0" keyframe="0" points="748.31,580.22" z_order="0">
    </points>
    <points frame="433" outside="0" occluded="0" keyframe="0" points="747.54,578.68" z_order="0">
    </points>
    <points frame="434" outside="0" occluded="0" keyframe="0" points="746.77,577.14" z_order="0">
    </points>
    <points frame="435" outside="0" occluded="0" keyframe="1" points="746.00,575.60" z_order="0">
    </points>
    <points frame="436" outside="0" occluded="0" keyframe="0" points="746.51,576.24" z_order="0">
    </points>
    <points frame="437" outside="0" occluded="0" keyframe="0" points="747.02,576.88" z_order="0">
    </points>
    <points frame="438" outside="0" occluded="0" keyframe="0" points="747.53,577.52" z_order="0">
    </points>
    <points frame="439" outside="0" occluded="0" keyframe="0" points="748.04,578.16" z_order="0">
    </points>
    <points frame="440" outside="0" occluded="0" keyframe="0" points="748.55,578.80" z_order="0">
    </points>
    <points frame="441" outside="0" occluded="0" keyframe="0" points="749.06,579.44" z_order="0">
    </points>
    <points frame="442" outside="0" occluded="0" keyframe="0" points="749.57,580.08" z_order="0">
    </points>
    <points frame="443" outside="0" occluded="0" keyframe="0" points="750.08,580.72" z_order="0">
    </points>
    <points frame="444" outside="0" occluded="0" keyframe="0" points="750.59,581.36" z_order="0">
    </points>
    <points frame="445" outside="0" occluded="0" keyframe="1" points="751.10,582.00" z_order="0">
    </points>
    <points frame="446" outside="0" occluded="0" keyframe="0" points="748.28,579.82" z_order="0">
    </points>
    <points frame="447" outside="0" occluded="0" keyframe="0" points="745.46,577.64" z_order="0">
    </points>
    <points frame="448" outside="0" occluded="0" keyframe="0" points="742.64,575.46" z_order="0">
    </points>
    <points frame="449" outside="0" occluded="0" keyframe="0" points="739.82,573.28" z_order="0">
    </points>
    <points frame="450" outside="0" occluded="0" keyframe="0" points="737.00,571.10" z_order="0">
    </points>
    <points frame="451" outside="0" occluded="0" keyframe="0" points="734.18,568.92" z_order="0">
    </points>
    <points frame="452" outside="0" occluded="0" keyframe="0" points="731.36,566.74" z_order="0">
    </points>
    <points frame="453" outside="0" occluded="0" keyframe="0" points="728.54,564.56" z_order="0">
    </points>
    <points frame="454" outside="0" occluded="0" keyframe="0" points="725.72,562.38" z_order="0">
    </points>
    <points frame="455" outside="0" occluded="0" keyframe="1" points="722.90,560.20" z_order="0">
    </points>
    <points frame="456" outside="0" occluded="0" keyframe="0" points="723.16,560.71" z_order="0">
    </points>
    <points frame="457" outside="0" occluded="0" keyframe="0" points="723.42,561.22" z_order="0">
    </points>
    <points frame="458" outside="0" occluded="0" keyframe="0" points="723.68,561.73" z_order="0">
    </points>
    <points frame="459" outside="0" occluded="0" keyframe="0" points="723.94,562.24" z_order="0">
    </points>
    <points frame="460" outside="0" occluded="0" keyframe="0" points="724.20,562.75" z_order="0">
    </points>
    <points frame="461" outside="0" occluded="0" keyframe="0" points="724.46,563.26" z_order="0">
    </points>
    <points frame="462" outside="0" occluded="0" keyframe="0" points="724.72,563.77" z_order="0">
    </points>
    <points frame="463" outside="0" occluded="0" keyframe="0" points="724.98,564.28" z_order="0">
    </points>
    <points frame="464" outside="0" occluded="0" keyframe="0" points="725.24,564.79" z_order="0">
    </points>
    <points frame="465" outside="0" occluded="0" keyframe="1" points="725.50,565.30" z_order="0">
    </points>
    <points frame="466" outside="0" occluded="0" keyframe="0" points="726.27,565.94" z_order="0">
    </points>
    <points frame="467" outside="0" occluded="0" keyframe="0" points="727.04,566.58" z_order="0">
    </points>
    <points frame="468" outside="0" occluded="0" keyframe="0" points="727.81,567.22" z_order="0">
    </points>
    <points frame="469" outside="0" occluded="0" keyframe="0" points="728.58,567.86" z_order="0">
    </points>
    <points frame="470" outside="0" occluded="0" keyframe="0" points="729.35,568.50" z_order="0">
    </points>
    <points frame="471" outside="0" occluded="0" keyframe="0" points="730.12,569.14" z_order="0">
    </points>
    <points frame="472" outside="0" occluded="0" keyframe="0" points="730.89,569.78" z_order="0">
    </points>
    <points frame="473" outside="0" occluded="0" keyframe="0" points="731.66,570.42" z_order="0">
    </points>
    <points frame="474" outside="0" occluded="0" keyframe="0" points="732.43,571.06" z_order="0">
    </points>
    <points frame="475" outside="0" occluded="0" keyframe="1" points="733.20,571.70" z_order="0">
    </points>
    <points frame="476" outside="0" occluded="0" keyframe="0" points="733.33,571.70" z_order="0">
    </points>
    <points frame="477" outside="0" occluded="0" keyframe="0" points="733.46,571.70" z_order="0">
    </points>
    <points frame="478" outside="0" occluded="0" keyframe="0" points="733.59,571.70" z_order="0">
    </points>
    <points frame="479" outside="0" occluded="0" keyframe="0" points="733.72,571.70" z_order="0">
    </points>
    <points frame="480" outside="0" occluded="0" keyframe="0" points="733.85,571.70" z_order="0">
    </points>
    <points frame="481" outside="0" occluded="0" keyframe="0" points="733.98,571.70" z_order="0">
    </points>
    <points frame="482" outside="0" occluded="0" keyframe="0" points="734.11,571.70" z_order="0">
    </points>
    <points frame="483" outside="0" occluded="0" keyframe="0" points="734.24,571.70" z_order="0">
    </points>
    <points frame="484" outside="0" occluded="0" keyframe="0" points="734.37,571.70" z_order="0">
    </points>
    <points frame="485" outside="0" occluded="0" keyframe="1" points="734.50,571.70" z_order="0">
    </points>
    <points frame="486" outside="0" occluded="0" keyframe="0" points="735.91,572.86" z_order="0">
    </points>
    <points frame="487" outside="0" occluded="0" keyframe="0" points="737.32,574.02" z_order="0">
    </points>
    <points frame="488" outside="0" occluded="0" keyframe="0" points="738.73,575.18" z_order="0">
    </points>
    <points frame="489" outside="0" occluded="0" keyframe="0" points="740.14,576.34" z_order="0">
    </points>
    <points frame="490" outside="0" occluded="0" keyframe="0" points="741.55,577.50" z_order="0">
    </points>
    <points frame="491" outside="0" occluded="0" keyframe="0" points="742.96,578.66" z_order="0">
    </points>
    <points frame="492" outside="0" occluded="0" keyframe="0" points="744.37,579.82" z_order="0">
    </points>
    <points frame="493" outside="0" occluded="0" keyframe="0" points="745.78,580.98" z_order="0">
    </points>
    <points frame="494" outside="0" occluded="0" keyframe="0" points="747.19,582.14" z_order="0">
    </points>
    <points frame="495" outside="0" occluded="0" keyframe="1" points="748.60,583.30" z_order="0">
    </points>
    <points frame="496" outside="0" occluded="0" keyframe="0" points="746.67,582.27" z_order="0">
    </points>
    <points frame="497" outside="0" occluded="0" keyframe="0" points="744.74,581.24" z_order="0">
    </points>
    <points frame="498" outside="0" occluded="0" keyframe="0" points="742.81,580.21" z_order="0">
    </points>
    <points frame="499" outside="0" occluded="0" keyframe="0" points="740.88,579.18" z_order="0">
    </points>
    <points frame="500" outside="0" occluded="0" keyframe="0" points="738.95,578.15" z_order="0">
    </points>
    <points frame="501" outside="0" occluded="0" keyframe="0" points="737.02,577.12" z_order="0">
    </points>
    <points frame="502" outside="0" occluded="0" keyframe="0" points="735.09,576.09" z_order="0">
    </points>
    <points frame="503" outside="0" occluded="0" keyframe="0" points="733.16,575.06" z_order="0">
    </points>
    <points frame="504" outside="0" occluded="0" keyframe="0" points="731.23,574.03" z_order="0">
    </points>
    <points frame="505" outside="0" occluded="0" keyframe="1" points="729.30,573.00" z_order="0">
    </points>
    <points frame="506" outside="0" occluded="0" keyframe="0" points="730.97,574.54" z_order="0">
    </points>
    <points frame="507" outside="0" occluded="0" keyframe="0" points="732.64,576.08" z_order="0">
    </points>
    <points frame="508" outside="0" occluded="0" keyframe="0" points="734.31,577.62" z_order="0">
    </points>
    <points frame="509" outside="0" occluded="0" keyframe="0" points="735.98,579.16" z_order="0">
    </points>
    <points frame="510" outside="0" occluded="0" keyframe="0" points="737.65,580.70" z_order="0">
    </points>
    <points frame="511" outside="0" occluded="0" keyframe="0" points="739.32,582.24" z_order="0">
    </points>
    <points frame="512" outside="0" occluded="0" keyframe="0" points="740.99,583.78" z_order="0">
    </points>
    <points frame="513" outside="0" occluded="0" keyframe="0" points="742.66,585.32" z_order="0">
    </points>
    <points frame="514" outside="0" occluded="0" keyframe="0" points="744.33,586.86" z_order="0">
    </points>
    <points frame="515" outside="0" occluded="0" keyframe="1" points="746.00,588.40" z_order="0">
    </points>
    <points frame="516" outside="0" occluded="0" keyframe="0" points="746.00,588.40" z_order="0">
    </points>
    <points frame="517" outside="0" occluded="0" keyframe="0" points="746.00,588.40" z_order="0">
    </points>
    <points frame="518" outside="0" occluded="0" keyframe="0" points="746.00,588.40" z_order="0">
    </points>
  </track>
</annotations>
